2026-09-26,15:23:00,Temperature,25.29,°C
2026-09-26,15:23:00,Humidity,45.14,%
2026-09-26,15:23:00,AQI,1.0,
2026-09-26,15:23:00,TVOC,35.67,ppb
2026-09-26,15:23:00,eCO2,426.63,ppm
2026-09-26,15:23:00,Broadband,428.4,lux
2026-09-26,15:23:00,Infrared,166.57,lux
2026-09-26,15:23:30,Temperature,25.41,°C
2026-09-26,15:23:30,Humidity,45.22,%
2026-09-26,15:23:30,AQI,1.0,
2026-09-26,15:23:30,TVOC,42.7,ppb
2026-09-26,15:23:30,eCO2,441.87,ppm
2026-09-26,15:23:30,Broadband,394.37,lux
2026-09-26,15:23:30,Infrared,149.9,lux
2026-09-26,15:24:00,Temperature,25.56,°C
2026-09-26,15:24:00,Humidity,45.07,%
2026-09-26,15:24:00,AQI,1.0,
2026-09-26,15:24:00,TVOC,45.6,ppb
2026-09-26,15:24:00,eCO2,447.8,ppm
2026-09-26,15:24:00,Broadband,363.9,lux
2026-09-26,15:24:00,Infrared,136.73,lux
2026-09-26,15:24:30,Temperature,25.64,°C
2026-09-26,15:24:30,Humidity,44.58,%
2026-09-26,15:24:30,AQI,1.0,
2026-09-26,15:24:30,TVOC,33.83,ppb
2026-09-26,15:24:30,eCO2,422.73,ppm
2026-09-26,15:24:30,Broadband,325.33,lux
2026-09-26,15:24:30,Infrared,119.9,lux
2026-09-26,15:25:00,Temperature,25.67,°C
2026-09-26,15:25:00,Humidity,44.18,%
2026-09-26,15:25:00,AQI,1.0,
2026-09-26,15:25:00,TVOC,31.4,ppb
2026-09-26,15:25:00,eCO2,417.43,ppm
2026-09-26,15:25:00,Broadband,306.73,lux
2026-09-26,15:25:00,Infrared,112.0,lux
2026-09-26,15:25:30,Temperature,25.7,°C
2026-09-26,15:25:30,Humidity,43.8,%
2026-09-26,15:25:30,AQI,1.0,
2026-09-26,15:25:30,TVOC,27.6,ppb
2026-09-26,15:25:30,eCO2,409.2,ppm
2026-09-26,15:25:30,Broadband,299.5,lux
2026-09-26,15:25:30,Infrared,109.17,lux
2026-09-26,15:26:00,Temperature,25.74,°C
2026-09-26,15:26:00,Humidity,43.51,%
2026-09-26,15:26:00,AQI,1.0,
2026-09-26,15:26:00,TVOC,33.7,ppb
2026-09-26,15:26:00,eCO2,422.13,ppm
2026-09-26,15:26:00,Broadband,311.73,lux
2026-09-26,15:26:00,Infrared,114.27,lux
2026-09-26,15:26:30,Temperature,25.79,°C
2026-09-26,15:26:30,Humidity,43.28,%
2026-09-26,15:26:30,AQI,1.0,
2026-09-26,15:26:30,TVOC,28.57,ppb
2026-09-26,15:26:30,eCO2,411.67,ppm
2026-09-26,15:26:30,Broadband,289.8,lux
2026-09-26,15:26:30,Infrared,105.37,lux
2026-09-26,15:27:00,Temperature,25.83,°C
2026-09-26,15:27:00,Humidity,43.05,%
2026-09-26,15:27:00,AQI,1.0,
2026-09-26,15:27:00,TVOC,30.83,ppb
2026-09-26,15:27:00,eCO2,416.3,ppm
2026-09-26,15:27:00,Broadband,275.8,lux
2026-09-26,15:27:00,Infrared,99.5,lux
2026-09-26,15:27:30,Temperature,25.85,°C
2026-09-26,15:27:30,Humidity,43.0,%
2026-09-26,15:27:30,AQI,1.0,
2026-09-26,15:27:30,TVOC,34.6,ppb
2026-09-26,15:27:30,eCO2,424.2,ppm
2026-09-26,15:27:30,Broadband,271.3,lux
2026-09-26,15:27:30,Infrared,97.2,lux
2026-09-26,15:28:00,Temperature,25.94,°C
2026-09-26,15:28:00,Humidity,43.04,%
2026-09-26,15:28:00,AQI,1.0,
2026-09-26,15:28:00,TVOC,36.8,ppb
2026-09-26,15:28:00,eCO2,429.07,ppm
2026-09-26,15:28:00,Broadband,269.63,lux
2026-09-26,15:28:00,Infrared,96.3,lux
2026-09-26,15:28:30,Temperature,25.99,°C
2026-09-26,15:28:30,Humidity,42.92,%
2026-09-26,15:28:30,AQI,1.0,
2026-09-26,15:28:30,TVOC,40.83,ppb
2026-09-26,15:28:30,eCO2,437.67,ppm
2026-09-26,15:28:30,Broadband,268.87,lux
2026-09-26,15:28:30,Infrared,96.0,lux
2026-09-26,15:29:00,Temperature,25.98,°C
2026-09-26,15:29:00,Humidity,42.75,%
2026-09-26,15:29:00,AQI,1.0,
2026-09-26,15:29:00,TVOC,38.7,ppb
2026-09-26,15:29:00,eCO2,433.4,ppm
2026-09-26,15:29:00,Broadband,268.0,lux
2026-09-26,15:29:00,Infrared,95.23,lux
2026-09-26,15:29:30,Temperature,25.98,°C
2026-09-26,15:29:30,Humidity,42.56,%
2026-09-26,15:29:30,AQI,1.0,
2026-09-26,15:29:30,TVOC,30.6,ppb
2026-09-26,15:29:30,eCO2,416.3,ppm
2026-09-26,15:29:30,Broadband,267.83,lux
2026-09-26,15:29:30,Infrared,95.37,lux
2026-09-26,15:30:00,Temperature,25.96,°C
2026-09-26,15:30:00,Humidity,42.41,%
2026-09-26,15:30:00,AQI,1.0,
2026-09-26,15:30:00,TVOC,29.77,ppb
2026-09-26,15:30:00,eCO2,414.03,ppm
2026-09-26,15:30:00,Broadband,269.57,lux
2026-09-26,15:30:00,Infrared,96.03,lux
2026-09-26,15:30:30,Temperature,25.98,°C
2026-09-26,15:30:30,Humidity,42.51,%
2026-09-26,15:30:30,AQI,1.0,
2026-09-26,15:30:30,TVOC,39.13,ppb
2026-09-26,15:30:30,eCO2,433.93,ppm
2026-09-26,15:30:30,Broadband,279.87,lux
2026-09-26,15:30:30,Infrared,100.27,lux
2026-09-26,15:31:00,Temperature,25.93,°C
2026-09-26,15:31:00,Humidity,42.66,%
2026-09-26,15:31:00,AQI,1.0,
2026-09-26,15:31:00,TVOC,41.77,ppb
2026-09-26,15:31:00,eCO2,439.93,ppm
2026-09-26,15:31:00,Broadband,320.73,lux
2026-09-26,15:31:00,Infrared,116.7,lux
2026-09-26,15:31:30,Temperature,25.93,°C
2026-09-26,15:31:30,Humidity,42.81,%
2026-09-26,15:31:30,AQI,1.0,
2026-09-26,15:31:30,TVOC,42.77,ppb
2026-09-26,15:31:30,eCO2,441.9,ppm
2026-09-26,15:31:30,Broadband,381.07,lux
2026-09-26,15:31:30,Infrared,140.93,lux
2026-09-26,15:32:00,Temperature,25.96,°C
2026-09-26,15:32:00,Humidity,42.95,%
2026-09-26,15:32:00,AQI,1.0,
2026-09-26,15:32:00,TVOC,48.7,ppb
2026-09-26,15:32:00,eCO2,454.13,ppm
2026-09-26,15:32:00,Broadband,368.63,lux
2026-09-26,15:32:00,Infrared,137.83,lux
2026-09-26,15:32:30,Temperature,26.01,°C
2026-09-26,15:32:30,Humidity,42.91,%
2026-09-26,15:32:30,AQI,1.03,
2026-09-26,15:32:30,TVOC,52.67,ppb
2026-09-26,15:32:30,eCO2,462.07,ppm
2026-09-26,15:32:30,Broadband,324.57,lux
2026-09-26,15:32:30,Infrared,120.63,lux
2026-09-26,15:33:00,Temperature,25.98,°C
2026-09-26,15:33:00,Humidity,42.89,%
2026-09-26,15:33:00,AQI,1.0,
2026-09-26,15:33:00,TVOC,46.2,ppb
2026-09-26,15:33:00,eCO2,448.97,ppm
2026-09-26,15:33:00,Broadband,300.37,lux
2026-09-26,15:33:00,Infrared,109.87,lux
2026-09-26,15:33:30,Temperature,25.98,°C
2026-09-26,15:33:30,Humidity,42.91,%
2026-09-26,15:33:30,AQI,1.0,
2026-09-26,15:33:30,TVOC,46.9,ppb
2026-09-26,15:33:30,eCO2,450.4,ppm
2026-09-26,15:33:30,Broadband,283.6,lux
2026-09-26,15:33:30,Infrared,101.93,lux
2026-09-26,15:34:00,Temperature,26.04,°C
2026-09-26,15:34:00,Humidity,43.01,%
2026-09-26,15:34:00,AQI,1.13,
2026-09-26,15:34:00,TVOC,58.13,ppb
2026-09-26,15:34:00,eCO2,473.17,ppm
2026-09-26,15:34:00,Broadband,273.77,lux
2026-09-26,15:34:00,Infrared,97.17,lux
2026-09-26,15:34:30,Temperature,26.04,°C
2026-09-26,15:34:30,Humidity,43.07,%
2026-09-26,15:34:30,AQI,1.2,
2026-09-26,15:34:30,TVOC,59.2,ppb
2026-09-26,15:34:30,eCO2,474.97,ppm
2026-09-26,15:34:30,Broadband,265.5,lux
2026-09-26,15:34:30,Infrared,93.23,lux
2026-09-26,15:35:00,Temperature,26.06,°C
2026-09-26,15:35:00,Humidity,43.18,%
2026-09-26,15:35:00,AQI,1.5,
2026-09-26,15:35:00,TVOC,65.37,ppb
2026-09-26,15:35:00,eCO2,487.33,ppm
2026-09-26,15:35:00,Broadband,265.17,lux
2026-09-26,15:35:00,Infrared,93.07,lux
2026-09-26,15:35:30,Temperature,26.06,°C
2026-09-26,15:35:30,Humidity,43.15,%
2026-09-26,15:35:30,AQI,1.37,
2026-09-26,15:35:30,TVOC,63.57,ppb
2026-09-26,15:35:30,eCO2,483.63,ppm
2026-09-26,15:35:30,Broadband,266.6,lux
2026-09-26,15:35:30,Infrared,93.93,lux
2026-09-26,15:36:00,Temperature,26.03,°C
2026-09-26,15:36:00,Humidity,43.07,%
2026-09-26,15:36:00,AQI,1.03,
2026-09-26,15:36:00,TVOC,55.6,ppb
2026-09-26,15:36:00,eCO2,468.03,ppm
2026-09-26,15:36:00,Broadband,269.23,lux
2026-09-26,15:36:00,Infrared,94.87,lux
2026-09-26,15:36:30,Temperature,26.01,°C
2026-09-26,15:36:30,Humidity,42.97,%
2026-09-26,15:36:30,AQI,1.0,
2026-09-26,15:36:30,TVOC,53.73,ppb
2026-09-26,15:36:30,eCO2,464.23,ppm
2026-09-26,15:36:30,Broadband,275.5,lux
2026-09-26,15:36:30,Infrared,97.17,lux
2026-09-26,15:37:00,Temperature,25.91,°C
2026-09-26,15:37:00,Humidity,42.97,%
2026-09-26,15:37:00,AQI,1.0,
2026-09-26,15:37:00,TVOC,41.37,ppb
2026-09-26,15:37:00,eCO2,439.0,ppm
2026-09-26,15:37:00,Broadband,281.27,lux
2026-09-26,15:37:00,Infrared,99.23,lux
2026-09-26,15:37:30,Temperature,25.84,°C
2026-09-26,15:37:30,Humidity,43.05,%
2026-09-26,15:37:30,AQI,1.0,
2026-09-26,15:37:30,TVOC,42.07,ppb
2026-09-26,15:37:30,eCO2,440.3,ppm
2026-09-26,15:37:30,Broadband,278.33,lux
2026-09-26,15:37:30,Infrared,97.87,lux
2026-09-26,15:38:00,Temperature,25.83,°C
2026-09-26,15:38:00,Humidity,43.1,%
2026-09-26,15:38:00,AQI,1.0,
2026-09-26,15:38:00,TVOC,37.73,ppb
2026-09-26,15:38:00,eCO2,431.13,ppm
2026-09-26,15:38:00,Broadband,268.57,lux
2026-09-26,15:38:00,Infrared,94.23,lux
2026-09-26,15:38:30,Temperature,25.88,°C
2026-09-26,15:38:30,Humidity,42.88,%
2026-09-26,15:38:30,AQI,1.0,
2026-09-26,15:38:30,TVOC,30.9,ppb
2026-09-26,15:38:30,eCO2,417.4,ppm
2026-09-26,15:38:30,Broadband,287.17,lux
2026-09-26,15:38:30,Infrared,104.3,lux
2026-09-26,15:39:00,Temperature,25.86,°C
2026-09-26,15:39:00,Humidity,42.58,%
2026-09-26,15:39:00,AQI,1.0,
2026-09-26,15:39:00,TVOC,21.73,ppb
2026-09-26,15:39:00,eCO2,400.33,ppm
2026-09-26,15:39:00,Broadband,297.47,lux
2026-09-26,15:39:00,Infrared,107.63,lux
2026-09-26,15:39:30,Temperature,25.86,°C
2026-09-26,15:39:30,Humidity,42.4,%
2026-09-26,15:39:30,AQI,1.0,
2026-09-26,15:39:30,TVOC,23.73,ppb
2026-09-26,15:39:30,eCO2,403.7,ppm
2026-09-26,15:39:30,Broadband,294.47,lux
2026-09-26,15:39:30,Infrared,106.27,lux
2026-09-26,15:40:00,Temperature,25.86,°C
2026-09-26,15:40:00,Humidity,42.21,%
2026-09-26,15:40:00,AQI,1.0,
2026-09-26,15:40:00,TVOC,25.83,ppb
2026-09-26,15:40:00,eCO2,407.57,ppm
2026-09-26,15:40:00,Broadband,270.83,lux
2026-09-26,15:40:00,Infrared,96.83,lux
2026-09-26,15:40:30,Temperature,25.81,°C
2026-09-26,15:40:30,Humidity,42.19,%
2026-09-26,15:40:30,AQI,1.0,
2026-09-26,15:40:30,TVOC,32.6,ppb
2026-09-26,15:40:30,eCO2,419.7,ppm
2026-09-26,15:40:30,Broadband,261.77,lux
2026-09-26,15:40:30,Infrared,93.07,lux
2026-09-26,15:41:00,Temperature,25.81,°C
2026-09-26,15:41:00,Humidity,42.11,%
2026-09-26,15:41:00,AQI,1.0,
2026-09-26,15:41:00,TVOC,41.57,ppb
2026-09-26,15:41:00,eCO2,439.3,ppm
2026-09-26,15:41:00,Broadband,260.23,lux
2026-09-26,15:41:00,Infrared,91.73,lux
2026-09-26,15:41:30,Temperature,25.8,°C
2026-09-26,15:41:30,Humidity,42.09,%
2026-09-26,15:41:30,AQI,1.0,
2026-09-26,15:41:30,TVOC,42.03,ppb
2026-09-26,15:41:30,eCO2,440.37,ppm
2026-09-26,15:41:30,Broadband,256.77,lux
2026-09-26,15:41:30,Infrared,90.1,lux
2026-09-26,15:42:00,Temperature,25.82,°C
2026-09-26,15:42:00,Humidity,42.11,%
2026-09-26,15:42:00,AQI,1.0,
2026-09-26,15:42:00,TVOC,37.57,ppb
2026-09-26,15:42:00,eCO2,430.83,ppm
2026-09-26,15:42:00,Broadband,255.13,lux
2026-09-26,15:42:00,Infrared,89.5,lux
2026-09-26,15:42:52,Temperature,25.82,°C
2026-09-26,15:42:52,Humidity,42.23,%
2026-09-26,15:42:52,AQI,1.13,
2026-09-26,15:42:52,TVOC,39.8,ppb
2026-09-26,15:42:52,eCO2,440.37,ppm
2026-09-26,15:42:52,Broadband,260.07,lux
2026-09-26,15:42:52,Infrared,94.83,lux
2026-09-26,15:43:22,Temperature,25.51,°C
2026-09-26,15:43:22,Humidity,43.21,%
2026-09-26,15:43:22,AQI,1.0,
2026-09-26,15:43:22,TVOC,31.83,ppb
2026-09-26,15:43:22,eCO2,419.93,ppm
2026-09-26,15:43:22,Broadband,242.47,lux
2026-09-26,15:43:22,Infrared,92.77,lux
2026-09-26,15:43:52,Temperature,25.42,°C
2026-09-26,15:43:52,Humidity,44.25,%
2026-09-26,15:43:52,AQI,1.03,
2026-09-26,15:43:52,TVOC,53.93,ppb
2026-09-26,15:43:52,eCO2,464.53,ppm
2026-09-26,15:43:52,Broadband,242.1,lux
2026-09-26,15:43:52,Infrared,92.27,lux
2026-09-26,15:44:22,Temperature,25.52,°C
2026-09-26,15:44:22,Humidity,44.44,%
2026-09-26,15:44:22,AQI,1.0,
2026-09-26,15:44:22,TVOC,42.0,ppb
2026-09-26,15:44:22,eCO2,440.1,ppm
2026-09-26,15:44:22,Broadband,242.4,lux
2026-09-26,15:44:22,Infrared,92.3,lux
2026-09-26,15:44:52,Temperature,25.6,°C
2026-09-26,15:44:52,Humidity,44.62,%
2026-09-26,15:44:52,AQI,1.5,
2026-09-26,15:44:52,TVOC,63.1,ppb
2026-09-26,15:44:52,eCO2,481.77,ppm
2026-09-26,15:44:52,Broadband,238.8,lux
2026-09-26,15:44:52,Infrared,91.67,lux
2026-09-26,15:45:22,Temperature,25.7,°C
2026-09-26,15:45:22,Humidity,44.6,%
2026-09-26,15:45:22,AQI,1.23,
2026-09-26,15:45:22,TVOC,53.6,ppb
2026-09-26,15:45:22,eCO2,463.73,ppm
2026-09-26,15:45:22,Broadband,237.47,lux
2026-09-26,15:45:22,Infrared,91.1,lux
2026-09-26,15:45:52,Temperature,25.75,°C
2026-09-26,15:45:52,Humidity,44.12,%
2026-09-26,15:45:52,AQI,1.0,
2026-09-26,15:45:52,TVOC,46.57,ppb
2026-09-26,15:45:52,eCO2,449.8,ppm
2026-09-26,15:45:52,Broadband,218.93,lux
2026-09-26,15:45:52,Infrared,82.0,lux
2026-09-26,15:46:22,Temperature,25.76,°C
2026-09-26,15:46:22,Humidity,43.79,%
2026-09-26,15:46:22,AQI,1.0,
2026-09-26,15:46:22,TVOC,34.93,ppb
2026-09-26,15:46:22,eCO2,425.03,ppm
2026-09-26,15:46:22,Broadband,219.73,lux
2026-09-26,15:46:22,Infrared,82.0,lux
2026-09-26,15:46:52,Temperature,25.79,°C
2026-09-26,15:46:52,Humidity,43.72,%
2026-09-26,15:46:52,AQI,1.0,
2026-09-26,15:46:52,TVOC,37.03,ppb
2026-09-26,15:46:52,eCO2,429.6,ppm
2026-09-26,15:46:52,Broadband,219.2,lux
2026-09-26,15:46:52,Infrared,82.0,lux
2026-09-26,15:47:22,Temperature,25.84,°C
2026-09-26,15:47:22,Humidity,43.75,%
2026-09-26,15:47:22,AQI,1.0,
2026-09-26,15:47:22,TVOC,36.53,ppb
2026-09-26,15:47:22,eCO2,428.63,ppm
2026-09-26,15:47:22,Broadband,219.0,lux
2026-09-26,15:47:22,Infrared,82.0,lux
2026-09-26,15:47:52,Temperature,25.93,°C
2026-09-26,15:47:52,Humidity,43.62,%
2026-09-26,15:47:52,AQI,1.0,
2026-09-26,15:47:52,TVOC,33.57,ppb
2026-09-26,15:47:52,eCO2,422.2,ppm
2026-09-26,15:47:52,Broadband,219.23,lux
2026-09-26,15:47:52,Infrared,82.0,lux
2026-09-26,15:48:22,Temperature,25.98,°C
2026-09-26,15:48:22,Humidity,43.55,%
2026-09-26,15:48:22,AQI,1.0,
2026-09-26,15:48:22,TVOC,36.57,ppb
2026-09-26,15:48:22,eCO2,428.5,ppm
2026-09-26,15:48:22,Broadband,218.07,lux
2026-09-26,15:48:22,Infrared,82.0,lux
2026-09-26,15:48:52,Temperature,25.94,°C
2026-09-26,15:48:52,Humidity,43.46,%
2026-09-26,15:48:52,AQI,1.0,
2026-09-26,15:48:52,TVOC,36.3,ppb
2026-09-26,15:48:52,eCO2,428.07,ppm
2026-09-26,15:48:52,Broadband,218.0,lux
2026-09-26,15:48:52,Infrared,82.0,lux
2026-09-26,15:49:22,Temperature,25.92,°C
2026-09-26,15:49:22,Humidity,43.55,%
2026-09-26,15:49:22,AQI,1.0,
2026-09-26,15:49:22,TVOC,38.8,ppb
2026-09-26,15:49:22,eCO2,433.6,ppm
2026-09-26,15:49:22,Broadband,217.77,lux
2026-09-26,15:49:22,Infrared,81.5,lux
2026-09-26,15:49:52,Temperature,25.94,°C
2026-09-26,15:49:52,Humidity,43.56,%
2026-09-26,15:49:52,AQI,1.0,
2026-09-26,15:49:52,TVOC,40.37,ppb
2026-09-26,15:49:52,eCO2,436.77,ppm
2026-09-26,15:49:52,Broadband,216.3,lux
2026-09-26,15:49:52,Infrared,80.97,lux
2026-09-26,15:50:22,Temperature,25.96,°C
2026-09-26,15:50:22,Humidity,43.63,%
2026-09-26,15:50:22,AQI,1.0,
2026-09-26,15:50:22,TVOC,44.9,ppb
2026-09-26,15:50:22,eCO2,446.13,ppm
2026-09-26,15:50:22,Broadband,215.57,lux
2026-09-26,15:50:22,Infrared,80.33,lux
2026-09-26,15:50:52,Temperature,25.97,°C
2026-09-26,15:50:52,Humidity,43.65,%
2026-09-26,15:50:52,AQI,1.0,
2026-09-26,15:50:52,TVOC,46.13,ppb
2026-09-26,15:50:52,eCO2,448.77,ppm
2026-09-26,15:50:52,Broadband,214.3,lux
2026-09-26,15:50:52,Infrared,79.93,lux
2026-09-26,15:51:22,Temperature,26.01,°C
2026-09-26,15:51:22,Humidity,43.66,%
2026-09-26,15:51:22,AQI,1.0,
2026-09-26,15:51:22,TVOC,49.0,ppb
2026-09-26,15:51:22,eCO2,454.8,ppm
2026-09-26,15:51:22,Broadband,212.97,lux
2026-09-26,15:51:22,Infrared,79.0,lux
2026-09-26,15:51:52,Temperature,26.01,°C
2026-09-26,15:51:52,Humidity,43.69,%
2026-09-26,15:51:52,AQI,1.0,
2026-09-26,15:51:52,TVOC,49.83,ppb
2026-09-26,15:51:52,eCO2,456.6,ppm
2026-09-26,15:51:52,Broadband,211.57,lux
2026-09-26,15:51:52,Infrared,78.27,lux
2026-09-26,15:52:22,Temperature,26.06,°C
2026-09-26,15:52:22,Humidity,43.68,%
2026-09-26,15:52:22,AQI,1.0,
2026-09-26,15:52:22,TVOC,51.53,ppb
2026-09-26,15:52:22,eCO2,459.97,ppm
2026-09-26,15:52:22,Broadband,210.57,lux
2026-09-26,15:52:22,Infrared,78.0,lux
2026-09-26,15:52:52,Temperature,26.06,°C
2026-09-26,15:52:52,Humidity,43.66,%
2026-09-26,15:52:52,AQI,1.03,
2026-09-26,15:52:52,TVOC,54.77,ppb
2026-09-26,15:52:52,eCO2,466.43,ppm
2026-09-26,15:52:52,Broadband,209.77,lux
2026-09-26,15:52:52,Infrared,77.03,lux
2026-09-26,15:53:22,Temperature,26.04,°C
2026-09-26,15:53:22,Humidity,43.77,%
2026-09-26,15:53:22,AQI,1.77,
2026-09-26,15:53:22,TVOC,93.37,ppb
2026-09-26,15:53:22,eCO2,534.23,ppm
2026-09-26,15:53:22,Broadband,209.07,lux
2026-09-26,15:53:22,Infrared,77.0,lux
2026-09-26,15:53:52,Temperature,26.03,°C
2026-09-26,15:53:52,Humidity,43.9,%
2026-09-26,15:53:52,AQI,1.83,
2026-09-26,15:53:52,TVOC,72.53,ppb
2026-09-26,15:53:52,eCO2,500.6,ppm
2026-09-26,15:53:52,Broadband,208.67,lux
2026-09-26,15:53:52,Infrared,77.0,lux
2026-09-26,15:54:22,Temperature,26.03,°C
2026-09-26,15:54:22,Humidity,43.97,%
2026-09-26,15:54:22,AQI,2.0,
2026-09-26,15:54:22,TVOC,81.1,ppb
2026-09-26,15:54:22,eCO2,516.3,ppm
2026-09-26,15:54:22,Broadband,208.03,lux
2026-09-26,15:54:22,Infrared,76.67,lux
2026-09-26,15:54:52,Temperature,26.01,°C
2026-09-26,15:54:52,Humidity,43.95,%
2026-09-26,15:54:52,AQI,2.0,
2026-09-26,15:54:52,TVOC,88.03,ppb
2026-09-26,15:54:52,eCO2,528.8,ppm
2026-09-26,15:54:52,Broadband,207.6,lux
2026-09-26,15:54:52,Infrared,76.0,lux
2026-09-26,15:55:22,Temperature,26.02,°C
2026-09-26,15:55:22,Humidity,43.98,%
2026-09-26,15:55:22,AQI,2.0,
2026-09-26,15:55:22,TVOC,98.57,ppb
2026-09-26,15:55:22,eCO2,546.7,ppm
2026-09-26,15:55:22,Broadband,206.97,lux
2026-09-26,15:55:22,Infrared,75.97,lux
2026-09-26,15:55:52,Temperature,26.03,°C
2026-09-26,15:55:52,Humidity,43.99,%
2026-09-26,15:55:52,AQI,2.0,
2026-09-26,15:55:52,TVOC,106.87,ppb
2026-09-26,15:55:52,eCO2,560.83,ppm
2026-09-26,15:55:52,Broadband,207.67,lux
2026-09-26,15:55:52,Infrared,76.0,lux
2026-09-26,15:56:22,Temperature,26.06,°C
2026-09-26,15:56:22,Humidity,44.07,%
2026-09-26,15:56:22,AQI,2.0,
2026-09-26,15:56:22,TVOC,122.53,ppb
2026-09-26,15:56:22,eCO2,585.63,ppm
2026-09-26,15:56:22,Broadband,207.1,lux
2026-09-26,15:56:22,Infrared,76.0,lux
2026-09-26,15:56:52,Temperature,26.01,°C
2026-09-26,15:56:52,Humidity,44.09,%
2026-09-26,15:56:52,AQI,2.0,
2026-09-26,15:56:52,TVOC,132.4,ppb
2026-09-26,15:56:52,eCO2,600.73,ppm
2026-09-26,15:56:52,Broadband,207.13,lux
2026-09-26,15:56:52,Infrared,76.0,lux
2026-09-26,15:57:22,Temperature,25.99,°C
2026-09-26,15:57:22,Humidity,44.2,%
2026-09-26,15:57:22,AQI,2.0,
2026-09-26,15:57:22,TVOC,138.7,ppb
2026-09-26,15:57:22,eCO2,610.2,ppm
2026-09-26,15:57:22,Broadband,208.6,lux
2026-09-26,15:57:22,Infrared,76.33,lux
2026-09-26,15:57:52,Temperature,26.03,°C
2026-09-26,15:57:52,Humidity,44.23,%
2026-09-26,15:57:52,AQI,2.0,
2026-09-26,15:57:52,TVOC,145.9,ppb
2026-09-26,15:57:52,eCO2,620.53,ppm
2026-09-26,15:57:52,Broadband,222.93,lux
2026-09-26,15:57:52,Infrared,82.1,lux
2026-09-26,15:58:22,Temperature,26.03,°C
2026-09-26,15:58:22,Humidity,44.44,%
2026-09-26,15:58:22,AQI,2.0,
2026-09-26,15:58:22,TVOC,143.43,ppb
2026-09-26,15:58:22,eCO2,617.2,ppm
2026-09-26,15:58:22,Broadband,229.47,lux
2026-09-26,15:58:22,Infrared,84.63,lux
2026-09-26,15:58:52,Temperature,26.04,°C
2026-09-26,15:58:52,Humidity,44.6,%
2026-09-26,15:58:52,AQI,2.0,
2026-09-26,15:58:52,TVOC,149.93,ppb
2026-09-26,15:58:52,eCO2,626.53,ppm
2026-09-26,15:58:52,Broadband,210.47,lux
2026-09-26,15:58:52,Infrared,78.8,lux
2026-09-26,15:59:22,Temperature,26.14,°C
2026-09-26,15:59:22,Humidity,44.47,%
2026-09-26,15:59:22,AQI,2.0,
2026-09-26,15:59:22,TVOC,154.8,ppb
2026-09-26,15:59:22,eCO2,632.57,ppm
2026-09-26,15:59:22,Broadband,209.2,lux
2026-09-26,15:59:22,Infrared,76.33,lux
2026-09-26,15:59:52,Temperature,26.13,°C
2026-09-26,15:59:52,Humidity,44.28,%
2026-09-26,15:59:52,AQI,2.0,
2026-09-26,15:59:52,TVOC,152.37,ppb
2026-09-26,15:59:52,eCO2,630.07,ppm
2026-09-26,15:59:52,Broadband,208.5,lux
2026-09-26,15:59:52,Infrared,76.0,lux
2026-09-26,16:00:22,Temperature,26.12,°C
2026-09-26,16:00:22,Humidity,44.34,%
2026-09-26,16:00:22,AQI,2.0,
2026-09-26,16:00:22,TVOC,155.47,ppb
2026-09-26,16:00:22,eCO2,634.27,ppm
2026-09-26,16:00:22,Broadband,208.0,lux
2026-09-26,16:00:22,Infrared,76.0,lux
2026-09-26,16:00:52,Temperature,26.07,°C
2026-09-26,16:00:52,Humidity,44.45,%
2026-09-26,16:00:52,AQI,2.0,
2026-09-26,16:00:52,TVOC,159.2,ppb
2026-09-26,16:00:52,eCO2,639.4,ppm
2026-09-26,16:00:52,Broadband,208.0,lux
2026-09-26,16:00:52,Infrared,76.0,lux
2026-09-26,16:01:22,Temperature,26.03,°C
2026-09-26,16:01:22,Humidity,44.61,%
2026-09-26,16:01:22,AQI,2.0,
2026-09-26,16:01:22,TVOC,165.07,ppb
2026-09-26,16:01:22,eCO2,647.27,ppm
2026-09-26,16:01:22,Broadband,208.53,lux
2026-09-26,16:01:22,Infrared,76.0,lux
2026-09-26,16:01:52,Temperature,26.05,°C
2026-09-26,16:01:52,Humidity,44.71,%
2026-09-26,16:01:52,AQI,2.0,
2026-09-26,16:01:52,TVOC,169.47,ppb
2026-09-26,16:01:52,eCO2,653.63,ppm
2026-09-26,16:01:52,Broadband,207.87,lux
2026-09-26,16:01:52,Infrared,75.83,lux
2026-09-26,16:02:22,Temperature,26.09,°C
2026-09-26,16:02:22,Humidity,44.74,%
2026-09-26,16:02:22,AQI,2.0,
2026-09-26,16:02:22,TVOC,175.3,ppb
2026-09-26,16:02:22,eCO2,661.37,ppm
2026-09-26,16:02:22,Broadband,208.9,lux
2026-09-26,16:02:22,Infrared,76.57,lux
2026-09-26,16:02:52,Temperature,26.1,°C
2026-09-26,16:02:52,Humidity,44.75,%
2026-09-26,16:02:52,AQI,2.0,
2026-09-26,16:02:52,TVOC,173.87,ppb
2026-09-26,16:02:52,eCO2,659.33,ppm
2026-09-26,16:02:52,Broadband,207.27,lux
2026-09-26,16:02:52,Infrared,76.77,lux
2026-09-26,16:03:22,Temperature,26.05,°C
2026-09-26,16:03:22,Humidity,44.83,%
2026-09-26,16:03:22,AQI,2.0,
2026-09-26,16:03:22,TVOC,175.8,ppb
2026-09-26,16:03:22,eCO2,662.1,ppm
2026-09-26,16:03:22,Broadband,208.0,lux
2026-09-26,16:03:22,Infrared,77.0,lux
2026-09-26,16:03:52,Temperature,26.02,°C
2026-09-26,16:03:52,Humidity,44.97,%
2026-09-26,16:03:52,AQI,2.0,
2026-09-26,16:03:52,TVOC,186.03,ppb
2026-09-26,16:03:52,eCO2,675.33,ppm
2026-09-26,16:03:52,Broadband,208.3,lux
2026-09-26,16:03:52,Infrared,77.17,lux
2026-09-26,16:04:22,Temperature,26.05,°C
2026-09-26,16:04:22,Humidity,45.05,%
2026-09-26,16:04:22,AQI,2.8,
2026-09-26,16:04:22,TVOC,240.63,ppb
2026-09-26,16:04:22,eCO2,740.47,ppm
2026-09-26,16:04:22,Broadband,208.53,lux
2026-09-26,16:04:22,Infrared,77.0,lux
2026-09-26,16:04:52,Temperature,26.12,°C
2026-09-26,16:04:52,Humidity,45.03,%
2026-09-26,16:04:52,AQI,3.0,
2026-09-26,16:04:52,TVOC,266.57,ppb
2026-09-26,16:04:52,eCO2,769.33,ppm
2026-09-26,16:04:52,Broadband,208.4,lux
2026-09-26,16:04:52,Infrared,76.97,lux
2026-09-26,16:05:22,Temperature,26.15,°C
2026-09-26,16:05:22,Humidity,44.95,%
2026-09-26,16:05:22,AQI,3.0,
2026-09-26,16:05:22,TVOC,261.33,ppb
2026-09-26,16:05:22,eCO2,763.9,ppm
2026-09-26,16:05:22,Broadband,208.07,lux
2026-09-26,16:05:22,Infrared,77.0,lux
2026-09-26,16:05:52,Temperature,26.12,°C
2026-09-26,16:05:52,Humidity,44.97,%
2026-09-26,16:05:52,AQI,3.0,
2026-09-26,16:05:52,TVOC,256.67,ppb
2026-09-26,16:05:52,eCO2,759.0,ppm
2026-09-26,16:05:52,Broadband,207.87,lux
2026-09-26,16:05:52,Infrared,77.0,lux
2026-09-26,16:06:22,Temperature,26.1,°C
2026-09-26,16:06:22,Humidity,45.03,%
2026-09-26,16:06:22,AQI,3.0,
2026-09-26,16:06:22,TVOC,248.53,ppb
2026-09-26,16:06:22,eCO2,749.87,ppm
2026-09-26,16:06:22,Broadband,207.6,lux
2026-09-26,16:06:22,Infrared,77.0,lux
2026-09-26,16:06:52,Temperature,26.12,°C
2026-09-26,16:06:52,Humidity,45.09,%
2026-09-26,16:06:52,AQI,3.0,
2026-09-26,16:06:52,TVOC,251.27,ppb
2026-09-26,16:06:52,eCO2,752.77,ppm
2026-09-26,16:06:52,Broadband,207.0,lux
2026-09-26,16:06:52,Infrared,77.0,lux
2026-09-26,16:07:22,Temperature,26.14,°C
2026-09-26,16:07:22,Humidity,45.11,%
2026-09-26,16:07:22,AQI,3.0,
2026-09-26,16:07:22,TVOC,261.0,ppb
2026-09-26,16:07:22,eCO2,763.4,ppm
2026-09-26,16:07:22,Broadband,207.8,lux
2026-09-26,16:07:22,Infrared,77.1,lux
2026-09-26,16:07:52,Temperature,26.18,°C
2026-09-26,16:07:52,Humidity,45.1,%
2026-09-26,16:07:52,AQI,3.0,
2026-09-26,16:07:52,TVOC,271.73,ppb
2026-09-26,16:07:52,eCO2,774.8,ppm
2026-09-26,16:07:52,Broadband,209.37,lux
2026-09-26,16:07:52,Infrared,78.0,lux
2026-09-26,16:08:22,Temperature,26.17,°C
2026-09-26,16:08:22,Humidity,45.05,%
2026-09-26,16:08:22,AQI,3.0,
2026-09-26,16:08:22,TVOC,267.23,ppb
2026-09-26,16:08:22,eCO2,770.0,ppm
2026-09-26,16:08:22,Broadband,195.23,lux
2026-09-26,16:08:22,Infrared,69.83,lux
2026-09-26,16:08:52,Temperature,26.17,°C
2026-09-26,16:08:52,Humidity,45.07,%
2026-09-26,16:08:52,AQI,3.0,
2026-09-26,16:08:52,TVOC,262.5,ppb
2026-09-26,16:08:52,eCO2,765.17,ppm
2026-09-26,16:08:52,Broadband,189.8,lux
2026-09-26,16:08:52,Infrared,67.73,lux
2026-09-26,16:09:22,Temperature,26.13,°C
2026-09-26,16:09:22,Humidity,45.12,%
2026-09-26,16:09:22,AQI,3.0,
2026-09-26,16:09:22,TVOC,266.6,ppb
2026-09-26,16:09:22,eCO2,769.43,ppm
2026-09-26,16:09:22,Broadband,199.37,lux
2026-09-26,16:09:22,Infrared,72.87,lux
2026-09-26,16:09:52,Temperature,26.15,°C
2026-09-26,16:09:52,Humidity,45.17,%
2026-09-26,16:09:52,AQI,3.0,
2026-09-26,16:09:52,TVOC,265.83,ppb
2026-09-26,16:09:52,eCO2,768.57,ppm
2026-09-26,16:09:52,Broadband,209.43,lux
2026-09-26,16:09:52,Infrared,78.83,lux
2026-09-26,16:10:22,Temperature,26.16,°C
2026-09-26,16:10:22,Humidity,45.27,%
2026-09-26,16:10:22,AQI,2.9,
2026-09-26,16:10:22,TVOC,240.57,ppb
2026-09-26,16:10:22,eCO2,740.9,ppm
2026-09-26,16:10:22,Broadband,215.6,lux
2026-09-26,16:10:22,Infrared,82.23,lux
2026-09-26,16:10:52,Temperature,26.11,°C
2026-09-26,16:10:52,Humidity,45.52,%
2026-09-26,16:10:52,AQI,2.27,
2026-09-26,16:10:52,TVOC,212.77,ppb
2026-09-26,16:10:52,eCO2,708.47,ppm
2026-09-26,16:10:52,Broadband,222.27,lux
2026-09-26,16:10:52,Infrared,85.93,lux
2026-09-26,16:11:22,Temperature,26.1,°C
2026-09-26,16:11:22,Humidity,45.93,%
2026-09-26,16:11:22,AQI,2.8,
2026-09-26,16:11:22,TVOC,229.23,ppb
2026-09-26,16:11:22,eCO2,728.1,ppm
2026-09-26,16:11:22,Broadband,232.03,lux
2026-09-26,16:11:22,Infrared,89.97,lux
2026-09-26,16:11:52,Temperature,26.07,°C
2026-09-26,16:11:52,Humidity,46.18,%
2026-09-26,16:11:52,AQI,3.0,
2026-09-26,16:11:52,TVOC,241.1,ppb
2026-09-26,16:11:52,eCO2,741.6,ppm
2026-09-26,16:11:52,Broadband,242.83,lux
2026-09-26,16:11:52,Infrared,95.37,lux
2026-09-26,16:12:22,Temperature,26.05,°C
2026-09-26,16:12:22,Humidity,46.13,%
2026-09-26,16:12:22,AQI,2.9,
2026-09-26,16:12:22,TVOC,232.53,ppb
2026-09-26,16:12:22,eCO2,731.87,ppm
2026-09-26,16:12:22,Broadband,249.17,lux
2026-09-26,16:12:22,Infrared,98.93,lux
2026-09-26,16:12:52,Temperature,26.04,°C
2026-09-26,16:12:52,Humidity,45.9,%
2026-09-26,16:12:52,AQI,2.77,
2026-09-26,16:12:52,TVOC,229.1,ppb
2026-09-26,16:12:52,eCO2,727.73,ppm
2026-09-26,16:12:52,Broadband,247.9,lux
2026-09-26,16:12:52,Infrared,98.57,lux
2026-09-26,16:13:22,Temperature,26.06,°C
2026-09-26,16:13:22,Humidity,45.82,%
2026-09-26,16:13:22,AQI,2.57,
2026-09-26,16:13:22,TVOC,223.27,ppb
2026-09-26,16:13:22,eCO2,720.8,ppm
2026-09-26,16:13:22,Broadband,239.03,lux
2026-09-26,16:13:22,Infrared,94.8,lux
2026-09-26,16:13:52,Temperature,26.02,°C
2026-09-26,16:13:52,Humidity,45.8,%
2026-09-26,16:13:52,AQI,2.27,
2026-09-26,16:13:52,TVOC,215.8,ppb
2026-09-26,16:13:52,eCO2,712.27,ppm
2026-09-26,16:13:52,Broadband,253.4,lux
2026-09-26,16:13:52,Infrared,101.33,lux
2026-09-26,16:14:22,Temperature,25.99,°C
2026-09-26,16:14:22,Humidity,45.9,%
2026-09-26,16:14:22,AQI,2.13,
2026-09-26,16:14:22,TVOC,212.93,ppb
2026-09-26,16:14:22,eCO2,708.7,ppm
2026-09-26,16:14:22,Broadband,250.57,lux
2026-09-26,16:14:22,Infrared,100.17,lux
2026-09-26,16:14:52,Temperature,25.97,°C
2026-09-26,16:14:52,Humidity,45.93,%
2026-09-26,16:14:52,AQI,2.1,
2026-09-26,16:14:52,TVOC,211.0,ppb
2026-09-26,16:14:52,eCO2,706.63,ppm
2026-09-26,16:14:52,Broadband,245.93,lux
2026-09-26,16:14:52,Infrared,97.77,lux
2026-09-26,16:15:22,Temperature,25.95,°C
2026-09-26,16:15:22,Humidity,46.05,%
2026-09-26,16:15:22,AQI,2.6,
2026-09-26,16:15:22,TVOC,223.4,ppb
2026-09-26,16:15:22,eCO2,721.27,ppm
2026-09-26,16:15:22,Broadband,245.5,lux
2026-09-26,16:15:22,Infrared,98.83,lux
2026-09-26,16:15:52,Temperature,25.95,°C
2026-09-26,16:15:52,Humidity,46.08,%
2026-09-26,16:15:52,AQI,2.53,
2026-09-26,16:15:52,TVOC,218.37,ppb
2026-09-26,16:15:52,eCO2,715.33,ppm
2026-09-26,16:15:52,Broadband,242.37,lux
2026-09-26,16:15:52,Infrared,97.67,lux
2026-09-26,16:16:22,Temperature,25.94,°C
2026-09-26,16:16:22,Humidity,45.88,%
2026-09-26,16:16:22,AQI,2.0,
2026-09-26,16:16:22,TVOC,196.43,ppb
2026-09-26,16:16:22,eCO2,688.43,ppm
2026-09-26,16:16:22,Broadband,241.4,lux
2026-09-26,16:16:22,Infrared,98.0,lux
2026-09-26,16:16:52,Temperature,25.94,°C
2026-09-26,16:16:52,Humidity,45.94,%
2026-09-26,16:16:52,AQI,2.13,
2026-09-26,16:16:52,TVOC,207.87,ppb
2026-09-26,16:16:52,eCO2,702.7,ppm
2026-09-26,16:16:52,Broadband,240.6,lux
2026-09-26,16:16:52,Infrared,97.13,lux
2026-09-26,16:17:22,Temperature,25.98,°C
2026-09-26,16:17:22,Humidity,46.16,%
2026-09-26,16:17:22,AQI,2.77,
2026-09-26,16:17:22,TVOC,223.43,ppb
2026-09-26,16:17:22,eCO2,721.33,ppm
2026-09-26,16:17:22,Broadband,239.87,lux
2026-09-26,16:17:22,Infrared,96.93,lux
2026-09-26,16:17:52,Temperature,25.93,°C
2026-09-26,16:17:52,Humidity,46.36,%
2026-09-26,16:17:52,AQI,2.9,
2026-09-26,16:17:52,TVOC,232.2,ppb
2026-09-26,16:17:52,eCO2,731.53,ppm
2026-09-26,16:17:52,Broadband,239.6,lux
2026-09-26,16:17:52,Infrared,96.77,lux
2026-09-26,16:18:22,Temperature,25.98,°C
2026-09-26,16:18:22,Humidity,46.57,%
2026-09-26,16:18:22,AQI,2.9,
2026-09-26,16:18:22,TVOC,230.7,ppb
2026-09-26,16:18:22,eCO2,729.87,ppm
2026-09-26,16:18:22,Broadband,238.13,lux
2026-09-26,16:18:22,Infrared,96.0,lux
2026-09-26,16:18:52,Temperature,25.96,°C
2026-09-26,16:18:52,Humidity,46.54,%
2026-09-26,16:18:52,AQI,2.77,
2026-09-26,16:18:52,TVOC,228.13,ppb
2026-09-26,16:18:52,eCO2,725.9,ppm
2026-09-26,16:18:52,Broadband,238.57,lux
2026-09-26,16:18:52,Infrared,96.3,lux
2026-09-26,16:19:22,Temperature,25.97,°C
2026-09-26,16:19:22,Humidity,46.76,%
2026-09-26,16:19:22,AQI,2.87,
2026-09-26,16:19:22,TVOC,231.47,ppb
2026-09-26,16:19:22,eCO2,730.6,ppm
2026-09-26,16:19:22,Broadband,239.03,lux
2026-09-26,16:19:22,Infrared,96.33,lux
2026-09-26,16:19:52,Temperature,25.98,°C
2026-09-26,16:19:52,Humidity,46.58,%
2026-09-26,16:19:52,AQI,2.77,
2026-09-26,16:19:52,TVOC,226.2,ppb
2026-09-26,16:19:52,eCO2,724.57,ppm
2026-09-26,16:19:52,Broadband,212.93,lux
2026-09-26,16:19:52,Infrared,81.1,lux
2026-09-26,16:20:22,Temperature,25.98,°C
2026-09-26,16:20:22,Humidity,46.59,%
2026-09-26,16:20:22,AQI,2.87,
2026-09-26,16:20:22,TVOC,236.2,ppb
2026-09-26,16:20:22,eCO2,735.87,ppm
2026-09-26,16:20:22,Broadband,242.07,lux
2026-09-26,16:20:22,Infrared,95.33,lux
2026-09-26,16:20:52,Temperature,25.94,°C
2026-09-26,16:20:52,Humidity,46.69,%
2026-09-26,16:20:52,AQI,2.63,
2026-09-26,16:20:52,TVOC,225.87,ppb
2026-09-26,16:20:52,eCO2,724.1,ppm
2026-09-26,16:20:52,Broadband,238.87,lux
2026-09-26,16:20:52,Infrared,92.87,lux
2026-09-26,16:21:22,Temperature,25.95,°C
2026-09-26,16:21:22,Humidity,46.34,%
2026-09-26,16:21:22,AQI,2.37,
2026-09-26,16:21:22,TVOC,214.93,ppb
2026-09-26,16:21:22,eCO2,711.17,ppm
2026-09-26,16:21:22,Broadband,261.33,lux
2026-09-26,16:21:22,Infrared,105.8,lux
2026-09-26,16:21:52,Temperature,25.99,°C
2026-09-26,16:21:52,Humidity,46.06,%
2026-09-26,16:21:52,AQI,2.13,
2026-09-26,16:21:52,TVOC,207.77,ppb
2026-09-26,16:21:52,eCO2,702.47,ppm
2026-09-26,16:21:52,Broadband,251.33,lux
2026-09-26,16:21:52,Infrared,102.33,lux
2026-09-26,16:22:22,Temperature,25.98,°C
2026-09-26,16:22:22,Humidity,46.75,%
2026-09-26,16:22:22,AQI,2.33,
2026-09-26,16:22:22,TVOC,213.13,ppb
2026-09-26,16:22:22,eCO2,708.97,ppm
2026-09-26,16:22:22,Broadband,245.33,lux
2026-09-26,16:22:22,Infrared,99.23,lux
2026-09-26,16:22:52,Temperature,25.95,°C
2026-09-26,16:22:52,Humidity,46.72,%
2026-09-26,16:22:52,AQI,2.1,
2026-09-26,16:22:52,TVOC,208.73,ppb
2026-09-26,16:22:52,eCO2,703.57,ppm
2026-09-26,16:22:52,Broadband,246.1,lux
2026-09-26,16:22:52,Infrared,99.8,lux
2026-09-26,16:23:22,Temperature,25.93,°C
2026-09-26,16:23:22,Humidity,46.79,%
2026-09-26,16:23:22,AQI,2.0,
2026-09-26,16:23:22,TVOC,204.8,ppb
2026-09-26,16:23:22,eCO2,698.9,ppm
2026-09-26,16:23:22,Broadband,247.57,lux
2026-09-26,16:23:22,Infrared,100.13,lux
2026-09-26,16:23:52,Temperature,25.93,°C
2026-09-26,16:23:52,Humidity,46.78,%
2026-09-26,16:23:52,AQI,2.0,
2026-09-26,16:23:52,TVOC,202.73,ppb
2026-09-26,16:23:52,eCO2,696.43,ppm
2026-09-26,16:23:52,Broadband,248.0,lux
2026-09-26,16:23:52,Infrared,100.4,lux
2026-09-26,16:24:22,Temperature,25.88,°C
2026-09-26,16:24:22,Humidity,46.98,%
2026-09-26,16:24:22,AQI,2.0,
2026-09-26,16:24:22,TVOC,199.0,ppb
2026-09-26,16:24:22,eCO2,691.93,ppm
2026-09-26,16:24:22,Broadband,246.7,lux
2026-09-26,16:24:22,Infrared,100.0,lux
2026-09-26,16:24:52,Temperature,25.91,°C
2026-09-26,16:24:52,Humidity,46.94,%
2026-09-26,16:24:52,AQI,2.0,
2026-09-26,16:24:52,TVOC,202.3,ppb
2026-09-26,16:24:52,eCO2,695.9,ppm
2026-09-26,16:24:52,Broadband,245.47,lux
2026-09-26,16:24:52,Infrared,99.27,lux
2026-09-26,16:25:22,Temperature,25.9,°C
2026-09-26,16:25:22,Humidity,46.71,%
2026-09-26,16:25:22,AQI,2.07,
2026-09-26,16:25:22,TVOC,202.33,ppb
2026-09-26,16:25:22,eCO2,695.93,ppm
2026-09-26,16:25:22,Broadband,244.37,lux
2026-09-26,16:25:22,Infrared,99.0,lux
2026-09-26,16:25:52,Temperature,25.94,°C
2026-09-26,16:25:52,Humidity,46.33,%
2026-09-26,16:25:52,AQI,2.0,
2026-09-26,16:25:52,TVOC,196.1,ppb
2026-09-26,16:25:52,eCO2,688.23,ppm
2026-09-26,16:25:52,Broadband,243.13,lux
2026-09-26,16:25:52,Infrared,98.27,lux
2026-09-26,16:26:22,Temperature,25.95,°C
2026-09-26,16:26:22,Humidity,46.23,%
2026-09-26,16:26:22,AQI,2.03,
2026-09-26,16:26:22,TVOC,201.03,ppb
2026-09-26,16:26:22,eCO2,694.37,ppm
2026-09-26,16:26:22,Broadband,241.03,lux
2026-09-26,16:26:22,Infrared,97.43,lux
2026-09-26,16:26:52,Temperature,25.94,°C
2026-09-26,16:26:52,Humidity,46.38,%
2026-09-26,16:26:52,AQI,2.0,
2026-09-26,16:26:52,TVOC,199.53,ppb
2026-09-26,16:26:52,eCO2,692.5,ppm
2026-09-26,16:26:52,Broadband,238.2,lux
2026-09-26,16:26:52,Infrared,96.03,lux
2026-09-26,16:27:22,Temperature,25.89,°C
2026-09-26,16:27:22,Humidity,46.45,%
2026-09-26,16:27:22,AQI,2.0,
2026-09-26,16:27:22,TVOC,180.63,ppb
2026-09-26,16:27:22,eCO2,668.4,ppm
2026-09-26,16:27:22,Broadband,236.17,lux
2026-09-26,16:27:22,Infrared,94.97,lux
2026-09-26,16:27:52,Temperature,25.94,°C
2026-09-26,16:27:52,Humidity,46.26,%
2026-09-26,16:27:52,AQI,2.0,
2026-09-26,16:27:52,TVOC,173.1,ppb
2026-09-26,16:27:52,eCO2,658.2,ppm
2026-09-26,16:27:52,Broadband,234.73,lux
2026-09-26,16:27:52,Infrared,94.27,lux
2026-09-26,16:28:22,Temperature,25.9,°C
2026-09-26,16:28:22,Humidity,46.22,%
2026-09-26,16:28:22,AQI,2.0,
2026-09-26,16:28:22,TVOC,167.2,ppb
2026-09-26,16:28:22,eCO2,650.43,ppm
2026-09-26,16:28:22,Broadband,233.33,lux
2026-09-26,16:28:22,Infrared,93.8,lux
2026-09-26,16:28:52,Temperature,25.91,°C
2026-09-26,16:28:52,Humidity,46.09,%
2026-09-26,16:28:52,AQI,2.0,
2026-09-26,16:28:52,TVOC,160.17,ppb
2026-09-26,16:28:52,eCO2,640.83,ppm
2026-09-26,16:28:52,Broadband,232.37,lux
2026-09-26,16:28:52,Infrared,93.0,lux
2026-09-26,16:29:22,Temperature,25.89,°C
2026-09-26,16:29:22,Humidity,46.01,%
2026-09-26,16:29:22,AQI,2.0,
2026-09-26,16:29:22,TVOC,149.47,ppb
2026-09-26,16:29:22,eCO2,625.67,ppm
2026-09-26,16:29:22,Broadband,231.07,lux
2026-09-26,16:29:22,Infrared,92.6,lux
2026-09-26,16:29:52,Temperature,25.88,°C
2026-09-26,16:29:52,Humidity,46.0,%
2026-09-26,16:29:52,AQI,2.0,
2026-09-26,16:29:52,TVOC,153.87,ppb
2026-09-26,16:29:52,eCO2,631.97,ppm
2026-09-26,16:29:52,Broadband,230.43,lux
2026-09-26,16:29:52,Infrared,92.0,lux
2026-09-26,16:30:22,Temperature,25.84,°C
2026-09-26,16:30:22,Humidity,46.06,%
2026-09-26,16:30:22,AQI,2.0,
2026-09-26,16:30:22,TVOC,148.03,ppb
2026-09-26,16:30:22,eCO2,623.87,ppm
2026-09-26,16:30:22,Broadband,230.2,lux
2026-09-26,16:30:22,Infrared,92.0,lux
2026-09-26,16:30:52,Temperature,25.83,°C
2026-09-26,16:30:52,Humidity,46.23,%
2026-09-26,16:30:52,AQI,2.0,
2026-09-26,16:30:52,TVOC,154.8,ppb
2026-09-26,16:30:52,eCO2,633.13,ppm
2026-09-26,16:30:52,Broadband,230.2,lux
2026-09-26,16:30:52,Infrared,91.9,lux
2026-09-26,16:31:22,Temperature,25.87,°C
2026-09-26,16:31:22,Humidity,46.32,%
2026-09-26,16:31:22,AQI,2.0,
2026-09-26,16:31:22,TVOC,149.1,ppb
2026-09-26,16:31:22,eCO2,625.27,ppm
2026-09-26,16:31:22,Broadband,230.83,lux
2026-09-26,16:31:22,Infrared,92.0,lux
2026-09-26,16:31:52,Temperature,25.89,°C
2026-09-26,16:31:52,Humidity,46.11,%
2026-09-26,16:31:52,AQI,2.0,
2026-09-26,16:31:52,TVOC,149.03,ppb
2026-09-26,16:31:52,eCO2,625.2,ppm
2026-09-26,16:31:52,Broadband,231.0,lux
2026-09-26,16:31:52,Infrared,92.0,lux
2026-09-26,16:32:22,Temperature,25.88,°C
2026-09-26,16:32:22,Humidity,45.86,%
2026-09-26,16:32:22,AQI,2.0,
2026-09-26,16:32:22,TVOC,128.0,ppb
2026-09-26,16:32:22,eCO2,593.93,ppm
2026-09-26,16:32:22,Broadband,231.0,lux
2026-09-26,16:32:22,Infrared,92.0,lux
2026-09-26,16:32:52,Temperature,25.89,°C
2026-09-26,16:32:52,Humidity,45.59,%
2026-09-26,16:32:52,AQI,2.0,
2026-09-26,16:32:52,TVOC,125.87,ppb
2026-09-26,16:32:52,eCO2,590.23,ppm
2026-09-26,16:32:52,Broadband,231.5,lux
2026-09-26,16:32:52,Infrared,92.0,lux
2026-09-26,16:33:22,Temperature,25.85,°C
2026-09-26,16:33:22,Humidity,45.5,%
2026-09-26,16:33:22,AQI,2.0,
2026-09-26,16:33:22,TVOC,113.37,ppb
2026-09-26,16:33:22,eCO2,571.03,ppm
2026-09-26,16:33:22,Broadband,231.27,lux
2026-09-26,16:33:22,Infrared,91.97,lux
2026-09-26,16:33:52,Temperature,25.86,°C
2026-09-26,16:33:52,Humidity,45.91,%
2026-09-26,16:33:52,AQI,2.0,
2026-09-26,16:33:52,TVOC,127.4,ppb
2026-09-26,16:33:52,eCO2,592.93,ppm
2026-09-26,16:33:52,Broadband,230.93,lux
2026-09-26,16:33:52,Infrared,91.93,lux
2026-09-26,16:34:22,Temperature,25.87,°C
2026-09-26,16:34:22,Humidity,46.27,%
2026-09-26,16:34:22,AQI,2.0,
2026-09-26,16:34:22,TVOC,153.77,ppb
2026-09-26,16:34:22,eCO2,631.73,ppm
2026-09-26,16:34:22,Broadband,229.3,lux
2026-09-26,16:34:22,Infrared,90.97,lux
2026-09-26,16:34:52,Temperature,25.84,°C
2026-09-26,16:34:52,Humidity,46.5,%
2026-09-26,16:34:52,AQI,2.0,
2026-09-26,16:34:52,TVOC,159.73,ppb
2026-09-26,16:34:52,eCO2,640.2,ppm
2026-09-26,16:34:52,Broadband,227.13,lux
2026-09-26,16:34:52,Infrared,89.93,lux
2026-09-26,16:35:22,Temperature,25.83,°C
2026-09-26,16:35:22,Humidity,46.82,%
2026-09-26,16:35:22,AQI,2.0,
2026-09-26,16:35:22,TVOC,158.0,ppb
2026-09-26,16:35:22,eCO2,637.77,ppm
2026-09-26,16:35:22,Broadband,224.8,lux
2026-09-26,16:35:22,Infrared,88.8,lux
2026-09-26,16:35:52,Temperature,25.8,°C
2026-09-26,16:35:52,Humidity,46.89,%
2026-09-26,16:35:52,AQI,2.0,
2026-09-26,16:35:52,TVOC,172.23,ppb
2026-09-26,16:35:52,eCO2,657.0,ppm
2026-09-26,16:35:52,Broadband,225.13,lux
2026-09-26,16:35:52,Infrared,90.97,lux
2026-09-26,16:36:22,Temperature,25.77,°C
2026-09-26,16:36:22,Humidity,46.55,%
2026-09-26,16:36:22,AQI,2.0,
2026-09-26,16:36:22,TVOC,158.4,ppb
2026-09-26,16:36:22,eCO2,638.47,ppm
2026-09-26,16:36:22,Broadband,222.83,lux
2026-09-26,16:36:22,Infrared,87.57,lux
2026-09-26,16:36:52,Temperature,25.85,°C
2026-09-26,16:36:52,Humidity,46.41,%
2026-09-26,16:36:52,AQI,2.0,
2026-09-26,16:36:52,TVOC,157.3,ppb
2026-09-26,16:36:52,eCO2,636.8,ppm
2026-09-26,16:36:52,Broadband,220.63,lux
2026-09-26,16:36:52,Infrared,86.57,lux
2026-09-26,16:37:22,Temperature,25.87,°C
2026-09-26,16:37:22,Humidity,46.32,%
2026-09-26,16:37:22,AQI,2.0,
2026-09-26,16:37:22,TVOC,160.5,ppb
2026-09-26,16:37:22,eCO2,641.33,ppm
2026-09-26,16:37:22,Broadband,219.57,lux
2026-09-26,16:37:22,Infrared,86.0,lux
2026-09-26,16:37:52,Temperature,25.78,°C
2026-09-26,16:37:52,Humidity,46.45,%
2026-09-26,16:37:52,AQI,2.0,
2026-09-26,16:37:52,TVOC,166.47,ppb
2026-09-26,16:37:52,eCO2,649.57,ppm
2026-09-26,16:37:52,Broadband,219.0,lux
2026-09-26,16:37:52,Infrared,86.0,lux
2026-09-26,16:38:22,Temperature,25.78,°C
2026-09-26,16:38:22,Humidity,46.65,%
2026-09-26,16:38:22,AQI,2.0,
2026-09-26,16:38:22,TVOC,149.4,ppb
2026-09-26,16:38:22,eCO2,625.53,ppm
2026-09-26,16:38:22,Broadband,218.43,lux
2026-09-26,16:38:22,Infrared,85.03,lux
2026-09-26,16:38:52,Temperature,25.82,°C
2026-09-26,16:38:52,Humidity,46.84,%
2026-09-26,16:38:52,AQI,2.0,
2026-09-26,16:38:52,TVOC,147.17,ppb
2026-09-26,16:38:52,eCO2,622.53,ppm
2026-09-26,16:38:52,Broadband,220.2,lux
2026-09-26,16:38:52,Infrared,85.87,lux
2026-09-26,16:39:22,Temperature,25.87,°C
2026-09-26,16:39:22,Humidity,46.86,%
2026-09-26,16:39:22,AQI,2.0,
2026-09-26,16:39:22,TVOC,157.73,ppb
2026-09-26,16:39:22,eCO2,637.5,ppm
2026-09-26,16:39:22,Broadband,219.93,lux
2026-09-26,16:39:22,Infrared,86.0,lux
2026-09-26,16:39:52,Temperature,25.92,°C
2026-09-26,16:39:52,Humidity,46.73,%
2026-09-26,16:39:52,AQI,2.0,
2026-09-26,16:39:52,TVOC,157.83,ppb
2026-09-26,16:39:52,eCO2,637.67,ppm
2026-09-26,16:39:52,Broadband,221.83,lux
2026-09-26,16:39:52,Infrared,87.2,lux
2026-09-26,16:40:22,Temperature,25.91,°C
2026-09-26,16:40:22,Humidity,46.7,%
2026-09-26,16:40:22,AQI,2.0,
2026-09-26,16:40:22,TVOC,160.1,ppb
2026-09-26,16:40:22,eCO2,640.77,ppm
2026-09-26,16:40:22,Broadband,226.77,lux
2026-09-26,16:40:22,Infrared,89.53,lux
2026-09-26,16:40:52,Temperature,25.92,°C
2026-09-26,16:40:52,Humidity,46.65,%
2026-09-26,16:40:52,AQI,2.0,
2026-09-26,16:40:52,TVOC,158.6,ppb
2026-09-26,16:40:52,eCO2,638.6,ppm
2026-09-26,16:40:52,Broadband,226.5,lux
2026-09-26,16:40:52,Infrared,89.13,lux
2026-09-26,16:41:22,Temperature,25.84,°C
2026-09-26,16:41:22,Humidity,46.99,%
2026-09-26,16:41:22,AQI,2.0,
2026-09-26,16:41:22,TVOC,161.57,ppb
2026-09-26,16:41:22,eCO2,642.73,ppm
2026-09-26,16:41:22,Broadband,227.0,lux
2026-09-26,16:41:22,Infrared,89.5,lux
2026-09-26,16:41:52,Temperature,25.83,°C
2026-09-26,16:41:52,Humidity,47.1,%
2026-09-26,16:41:52,AQI,2.0,
2026-09-26,16:41:52,TVOC,152.47,ppb
2026-09-26,16:41:52,eCO2,630.1,ppm
2026-09-26,16:41:52,Broadband,228.33,lux
2026-09-26,16:41:52,Infrared,90.0,lux
2026-09-26,16:42:22,Temperature,25.85,°C
2026-09-26,16:42:22,Humidity,47.16,%
2026-09-26,16:42:22,AQI,2.0,
2026-09-26,16:42:22,TVOC,157.93,ppb
2026-09-26,16:42:22,eCO2,637.63,ppm
2026-09-26,16:42:22,Broadband,230.0,lux
2026-09-26,16:42:22,Infrared,90.3,lux
2026-09-26,16:42:52,Temperature,25.89,°C
2026-09-26,16:42:52,Humidity,47.02,%
2026-09-26,16:42:52,AQI,2.0,
2026-09-26,16:42:52,TVOC,158.0,ppb
2026-09-26,16:42:52,eCO2,637.8,ppm
2026-09-26,16:42:52,Broadband,241.9,lux
2026-09-26,16:42:52,Infrared,95.27,lux
2026-09-26,16:43:22,Temperature,25.91,°C
2026-09-26,16:43:22,Humidity,47.02,%
2026-09-26,16:43:22,AQI,2.0,
2026-09-26,16:43:22,TVOC,157.93,ppb
2026-09-26,16:43:22,eCO2,637.9,ppm
2026-09-26,16:43:22,Broadband,263.03,lux
2026-09-26,16:43:22,Infrared,104.13,lux
2026-09-26,16:43:52,Temperature,25.9,°C
2026-09-26,16:43:52,Humidity,47.13,%
2026-09-26,16:43:52,AQI,2.0,
2026-09-26,16:43:52,TVOC,165.27,ppb
2026-09-26,16:43:52,eCO2,647.7,ppm
2026-09-26,16:43:52,Broadband,261.2,lux
2026-09-26,16:43:52,Infrared,103.63,lux
2026-09-26,16:44:22,Temperature,25.91,°C
2026-09-26,16:44:22,Humidity,47.1,%
2026-09-26,16:44:22,AQI,2.0,
2026-09-26,16:44:22,TVOC,159.77,ppb
2026-09-26,16:44:22,eCO2,640.17,ppm
2026-09-26,16:44:22,Broadband,259.43,lux
2026-09-26,16:44:22,Infrared,102.53,lux
2026-09-26,16:44:52,Temperature,25.91,°C
2026-09-26,16:44:52,Humidity,46.98,%
2026-09-26,16:44:52,AQI,2.0,
2026-09-26,16:44:52,TVOC,155.33,ppb
2026-09-26,16:44:52,eCO2,634.07,ppm
2026-09-26,16:44:52,Broadband,246.23,lux
2026-09-26,16:44:52,Infrared,96.77,lux
2026-09-26,16:45:22,Temperature,25.83,°C
2026-09-26,16:45:22,Humidity,47.27,%
2026-09-26,16:45:22,AQI,2.0,
2026-09-26,16:45:22,TVOC,162.6,ppb
2026-09-26,16:45:22,eCO2,644.13,ppm
2026-09-26,16:45:22,Broadband,232.53,lux
2026-09-26,16:45:22,Infrared,91.07,lux
2026-09-26,16:45:52,Temperature,25.85,°C
2026-09-26,16:45:52,Humidity,47.2,%
2026-09-26,16:45:52,AQI,2.0,
2026-09-26,16:45:52,TVOC,151.13,ppb
2026-09-26,16:45:52,eCO2,628.03,ppm
2026-09-26,16:45:52,Broadband,228.9,lux
2026-09-26,16:45:52,Infrared,89.57,lux
2026-09-26,16:46:22,Temperature,25.82,°C
2026-09-26,16:46:22,Humidity,47.11,%
2026-09-26,16:46:22,AQI,2.0,
2026-09-26,16:46:22,TVOC,149.5,ppb
2026-09-26,16:46:22,eCO2,625.9,ppm
2026-09-26,16:46:22,Broadband,228.83,lux
2026-09-26,16:46:22,Infrared,89.27,lux
2026-09-26,16:46:52,Temperature,25.74,°C
2026-09-26,16:46:52,Humidity,47.26,%
2026-09-26,16:46:52,AQI,2.0,
2026-09-26,16:46:52,TVOC,146.83,ppb
2026-09-26,16:46:52,eCO2,622.0,ppm
2026-09-26,16:46:52,Broadband,208.03,lux
2026-09-26,16:46:52,Infrared,74.0,lux
2026-09-26,16:47:22,Temperature,25.76,°C
2026-09-26,16:47:22,Humidity,47.19,%
2026-09-26,16:47:22,AQI,2.0,
2026-09-26,16:47:22,TVOC,140.03,ppb
2026-09-26,16:47:22,eCO2,612.03,ppm
2026-09-26,16:47:22,Broadband,244.03,lux
2026-09-26,16:47:22,Infrared,93.1,lux
2026-09-26,16:47:52,Temperature,25.73,°C
2026-09-26,16:47:52,Humidity,47.3,%
2026-09-26,16:47:52,AQI,2.0,
2026-09-26,16:47:52,TVOC,146.17,ppb
2026-09-26,16:47:52,eCO2,621.07,ppm
2026-09-26,16:47:52,Broadband,258.3,lux
2026-09-26,16:47:52,Infrared,101.77,lux
2026-09-26,16:48:22,Temperature,25.75,°C
2026-09-26,16:48:22,Humidity,47.43,%
2026-09-26,16:48:22,AQI,2.0,
2026-09-26,16:48:22,TVOC,145.37,ppb
2026-09-26,16:48:22,eCO2,619.93,ppm
2026-09-26,16:48:22,Broadband,267.1,lux
2026-09-26,16:48:22,Infrared,106.97,lux
2026-09-26,16:48:52,Temperature,25.8,°C
2026-09-26,16:48:52,Humidity,47.33,%
2026-09-26,16:48:52,AQI,2.0,
2026-09-26,16:48:52,TVOC,143.6,ppb
2026-09-26,16:48:52,eCO2,617.2,ppm
2026-09-26,16:48:52,Broadband,293.2,lux
2026-09-26,16:48:52,Infrared,118.97,lux
2026-09-26,16:49:22,Temperature,25.78,°C
2026-09-26,16:49:22,Humidity,47.48,%
2026-09-26,16:49:22,AQI,2.0,
2026-09-26,16:49:22,TVOC,150.13,ppb
2026-09-26,16:49:22,eCO2,626.73,ppm
2026-09-26,16:49:22,Broadband,311.73,lux
2026-09-26,16:49:22,Infrared,126.63,lux
2026-09-26,16:49:52,Temperature,25.73,°C
2026-09-26,16:49:52,Humidity,47.75,%
2026-09-26,16:49:52,AQI,2.0,
2026-09-26,16:49:52,TVOC,148.57,ppb
2026-09-26,16:49:52,eCO2,624.5,ppm
2026-09-26,16:49:52,Broadband,296.4,lux
2026-09-26,16:49:52,Infrared,120.23,lux
2026-09-26,16:50:22,Temperature,25.75,°C
2026-09-26,16:50:22,Humidity,47.6,%
2026-09-26,16:50:22,AQI,2.0,
2026-09-26,16:50:22,TVOC,148.67,ppb
2026-09-26,16:50:22,eCO2,624.73,ppm
2026-09-26,16:50:22,Broadband,257.87,lux
2026-09-26,16:50:22,Infrared,103.1,lux
2026-09-26,16:50:52,Temperature,25.71,°C
2026-09-26,16:50:52,Humidity,47.05,%
2026-09-26,16:50:52,AQI,2.0,
2026-09-26,16:50:52,TVOC,138.87,ppb
2026-09-26,16:50:52,eCO2,610.33,ppm
2026-09-26,16:50:52,Broadband,249.33,lux
2026-09-26,16:50:52,Infrared,98.77,lux
2026-09-26,16:51:22,Temperature,25.65,°C
2026-09-26,16:51:22,Humidity,46.82,%
2026-09-26,16:51:22,AQI,2.0,
2026-09-26,16:51:22,TVOC,135.13,ppb
2026-09-26,16:51:22,eCO2,604.93,ppm
2026-09-26,16:51:22,Broadband,242.6,lux
2026-09-26,16:51:22,Infrared,96.17,lux
2026-09-26,16:51:52,Temperature,25.71,°C
2026-09-26,16:51:52,Humidity,46.8,%
2026-09-26,16:51:52,AQI,2.0,
2026-09-26,16:51:52,TVOC,135.03,ppb
2026-09-26,16:51:52,eCO2,604.47,ppm
2026-09-26,16:51:52,Broadband,235.0,lux
2026-09-26,16:51:52,Infrared,93.47,lux
2026-09-26,16:52:22,Temperature,25.8,°C
2026-09-26,16:52:22,Humidity,46.71,%
2026-09-26,16:52:22,AQI,2.0,
2026-09-26,16:52:22,TVOC,135.7,ppb
2026-09-26,16:52:22,eCO2,605.7,ppm
2026-09-26,16:52:22,Broadband,239.8,lux
2026-09-26,16:52:22,Infrared,96.13,lux
2026-09-26,16:52:52,Temperature,25.79,°C
2026-09-26,16:52:52,Humidity,46.78,%
2026-09-26,16:52:52,AQI,2.0,
2026-09-26,16:52:52,TVOC,139.37,ppb
2026-09-26,16:52:52,eCO2,610.9,ppm
2026-09-26,16:52:52,Broadband,249.5,lux
2026-09-26,16:52:52,Infrared,100.9,lux
2026-09-26,16:53:22,Temperature,25.83,°C
2026-09-26,16:53:22,Humidity,46.96,%
2026-09-26,16:53:22,AQI,2.0,
2026-09-26,16:53:22,TVOC,142.37,ppb
2026-09-26,16:53:22,eCO2,615.3,ppm
2026-09-26,16:53:22,Broadband,261.07,lux
2026-09-26,16:53:22,Infrared,105.7,lux
2026-09-26,16:53:52,Temperature,25.87,°C
2026-09-26,16:53:52,Humidity,46.79,%
2026-09-26,16:53:52,AQI,2.0,
2026-09-26,16:53:52,TVOC,141.17,ppb
2026-09-26,16:53:52,eCO2,613.7,ppm
2026-09-26,16:53:52,Broadband,280.67,lux
2026-09-26,16:53:52,Infrared,113.63,lux
2026-09-26,16:54:22,Temperature,25.9,°C
2026-09-26,16:54:22,Humidity,46.67,%
2026-09-26,16:54:22,AQI,2.0,
2026-09-26,16:54:22,TVOC,135.2,ppb
2026-09-26,16:54:22,eCO2,604.8,ppm
2026-09-26,16:54:22,Broadband,291.13,lux
2026-09-26,16:54:22,Infrared,117.53,lux
2026-09-26,16:54:52,Temperature,25.93,°C
2026-09-26,16:54:52,Humidity,46.64,%
2026-09-26,16:54:52,AQI,2.0,
2026-09-26,16:54:52,TVOC,139.33,ppb
2026-09-26,16:54:52,eCO2,610.9,ppm
2026-09-26,16:54:52,Broadband,269.73,lux
2026-09-26,16:54:52,Infrared,108.27,lux
2026-09-26,16:55:22,Temperature,25.95,°C
2026-09-26,16:55:22,Humidity,46.56,%
2026-09-26,16:55:22,AQI,2.0,
2026-09-26,16:55:22,TVOC,139.4,ppb
2026-09-26,16:55:22,eCO2,611.17,ppm
2026-09-26,16:55:22,Broadband,241.23,lux
2026-09-26,16:55:22,Infrared,96.33,lux
2026-09-26,16:55:52,Temperature,26.0,°C
2026-09-26,16:55:52,Humidity,46.53,%
2026-09-26,16:55:52,AQI,2.0,
2026-09-26,16:55:52,TVOC,141.1,ppb
2026-09-26,16:55:52,eCO2,613.63,ppm
2026-09-26,16:55:52,Broadband,219.27,lux
2026-09-26,16:55:52,Infrared,86.5,lux
2026-09-26,16:56:22,Temperature,26.01,°C
2026-09-26,16:56:22,Humidity,46.49,%
2026-09-26,16:56:22,AQI,2.0,
2026-09-26,16:56:22,TVOC,137.63,ppb
2026-09-26,16:56:22,eCO2,608.57,ppm
2026-09-26,16:56:22,Broadband,215.23,lux
2026-09-26,16:56:22,Infrared,84.73,lux
2026-09-26,16:56:52,Temperature,25.98,°C
2026-09-26,16:56:52,Humidity,47.11,%
2026-09-26,16:56:52,AQI,2.0,
2026-09-26,16:56:52,TVOC,153.97,ppb
2026-09-26,16:56:52,eCO2,632.13,ppm
2026-09-26,16:56:52,Broadband,205.93,lux
2026-09-26,16:56:52,Infrared,80.0,lux
2026-09-26,16:57:22,Temperature,25.97,°C
2026-09-26,16:57:22,Humidity,47.63,%
2026-09-26,16:57:22,AQI,2.0,
2026-09-26,16:57:22,TVOC,156.67,ppb
2026-09-26,16:57:22,eCO2,636.0,ppm
2026-09-26,16:57:22,Broadband,200.7,lux
2026-09-26,16:57:22,Infrared,77.33,lux
2026-09-26,16:57:52,Temperature,25.94,°C
2026-09-26,16:57:52,Humidity,47.79,%
2026-09-26,16:57:52,AQI,2.0,
2026-09-26,16:57:52,TVOC,161.17,ppb
2026-09-26,16:57:52,eCO2,642.0,ppm
2026-09-26,16:57:52,Broadband,198.57,lux
2026-09-26,16:57:52,Infrared,76.3,lux
2026-09-26,16:58:22,Temperature,25.97,°C
2026-09-26,16:58:22,Humidity,47.46,%
2026-09-26,16:58:22,AQI,2.0,
2026-09-26,16:58:22,TVOC,145.47,ppb
2026-09-26,16:58:22,eCO2,620.1,ppm
2026-09-26,16:58:22,Broadband,196.47,lux
2026-09-26,16:58:22,Infrared,75.2,lux
2026-09-26,16:58:52,Temperature,25.99,°C
2026-09-26,16:58:52,Humidity,47.12,%
2026-09-26,16:58:52,AQI,2.0,
2026-09-26,16:58:52,TVOC,142.8,ppb
2026-09-26,16:58:52,eCO2,616.07,ppm
2026-09-26,16:58:52,Broadband,195.47,lux
2026-09-26,16:58:52,Infrared,75.03,lux
2026-09-26,16:59:22,Temperature,25.97,°C
2026-09-26,16:59:22,Humidity,47.09,%
2026-09-26,16:59:22,AQI,2.0,
2026-09-26,16:59:22,TVOC,140.2,ppb
2026-09-26,16:59:22,eCO2,612.23,ppm
2026-09-26,16:59:22,Broadband,194.4,lux
2026-09-26,16:59:22,Infrared,74.33,lux
2026-09-26,16:59:52,Temperature,25.95,°C
2026-09-26,16:59:52,Humidity,47.36,%
2026-09-26,16:59:52,AQI,2.0,
2026-09-26,16:59:52,TVOC,149.2,ppb
2026-09-26,16:59:52,eCO2,625.27,ppm
2026-09-26,16:59:52,Broadband,193.57,lux
2026-09-26,16:59:52,Infrared,73.9,lux
2026-09-26,17:00:22,Temperature,25.97,°C
2026-09-26,17:00:22,Humidity,47.31,%
2026-09-26,17:00:22,AQI,2.0,
2026-09-26,17:00:22,TVOC,140.07,ppb
2026-09-26,17:00:22,eCO2,612.03,ppm
2026-09-26,17:00:22,Broadband,190.47,lux
2026-09-26,17:00:22,Infrared,72.37,lux
2026-09-26,17:00:52,Temperature,25.9,°C
2026-09-26,17:00:52,Humidity,48.04,%
2026-09-26,17:00:52,AQI,2.0,
2026-09-26,17:00:52,TVOC,169.5,ppb
2026-09-26,17:00:52,eCO2,653.33,ppm
2026-09-26,17:00:52,Broadband,187.83,lux
2026-09-26,17:00:52,Infrared,71.07,lux
2026-09-26,17:01:22,Temperature,25.95,°C
2026-09-26,17:01:22,Humidity,48.28,%
2026-09-26,17:01:22,AQI,2.0,
2026-09-26,17:01:22,TVOC,160.17,ppb
2026-09-26,17:01:22,eCO2,640.57,ppm
2026-09-26,17:01:22,Broadband,186.03,lux
2026-09-26,17:01:22,Infrared,70.13,lux
2026-09-26,17:01:52,Temperature,25.95,°C
2026-09-26,17:01:52,Humidity,48.22,%
2026-09-26,17:01:52,AQI,2.0,
2026-09-26,17:01:52,TVOC,156.53,ppb
2026-09-26,17:01:52,eCO2,635.73,ppm
2026-09-26,17:01:52,Broadband,184.23,lux
2026-09-26,17:01:52,Infrared,69.2,lux
2026-09-26,17:02:22,Temperature,25.98,°C
2026-09-26,17:02:22,Humidity,48.04,%
2026-09-26,17:02:22,AQI,2.0,
2026-09-26,17:02:22,TVOC,148.03,ppb
2026-09-26,17:02:22,eCO2,623.87,ppm
2026-09-26,17:02:22,Broadband,182.77,lux
2026-09-26,17:02:22,Infrared,68.8,lux
2026-09-26,17:02:52,Temperature,25.94,°C
2026-09-26,17:02:52,Humidity,48.35,%
2026-09-26,17:02:52,AQI,2.0,
2026-09-26,17:02:52,TVOC,165.4,ppb
2026-09-26,17:02:52,eCO2,648.03,ppm
2026-09-26,17:02:52,Broadband,181.83,lux
2026-09-26,17:02:52,Infrared,68.37,lux
2026-09-26,17:03:22,Temperature,25.94,°C
2026-09-26,17:03:22,Humidity,48.4,%
2026-09-26,17:03:22,AQI,2.0,
2026-09-26,17:03:22,TVOC,154.27,ppb
2026-09-26,17:03:22,eCO2,632.53,ppm
2026-09-26,17:03:22,Broadband,180.97,lux
2026-09-26,17:03:22,Infrared,67.97,lux
2026-09-26,17:03:52,Temperature,25.91,°C
2026-09-26,17:03:52,Humidity,48.66,%
2026-09-26,17:03:52,AQI,2.0,
2026-09-26,17:03:52,TVOC,166.8,ppb
2026-09-26,17:03:52,eCO2,649.8,ppm
2026-09-26,17:03:52,Broadband,180.97,lux
2026-09-26,17:03:52,Infrared,67.97,lux
2026-09-26,17:04:22,Temperature,25.94,°C
2026-09-26,17:04:22,Humidity,48.55,%
2026-09-26,17:04:22,AQI,2.0,
2026-09-26,17:04:22,TVOC,163.63,ppb
2026-09-26,17:04:22,eCO2,645.47,ppm
2026-09-26,17:04:22,Broadband,177.2,lux
2026-09-26,17:04:22,Infrared,65.33,lux
2026-09-26,17:04:52,Temperature,25.91,°C
2026-09-26,17:04:52,Humidity,48.57,%
2026-09-26,17:04:52,AQI,2.0,
2026-09-26,17:04:52,TVOC,154.53,ppb
2026-09-26,17:04:52,eCO2,632.77,ppm
2026-09-26,17:04:52,Broadband,181.43,lux
2026-09-26,17:04:52,Infrared,67.9,lux
2026-09-26,17:05:22,Temperature,25.93,°C
2026-09-26,17:05:22,Humidity,48.72,%
2026-09-26,17:05:22,AQI,2.0,
2026-09-26,17:05:22,TVOC,151.43,ppb
2026-09-26,17:05:22,eCO2,628.43,ppm
2026-09-26,17:05:22,Broadband,184.73,lux
2026-09-26,17:05:22,Infrared,69.8,lux
2026-09-26,17:05:52,Temperature,25.94,°C
2026-09-26,17:05:52,Humidity,48.61,%
2026-09-26,17:05:52,AQI,2.0,
2026-09-26,17:05:52,TVOC,153.1,ppb
2026-09-26,17:05:52,eCO2,630.8,ppm
2026-09-26,17:05:52,Broadband,182.33,lux
2026-09-26,17:05:52,Infrared,69.0,lux
2026-09-26,17:06:22,Temperature,25.94,°C
2026-09-26,17:06:22,Humidity,48.44,%
2026-09-26,17:06:22,AQI,2.0,
2026-09-26,17:06:22,TVOC,156.7,ppb
2026-09-26,17:06:22,eCO2,636.07,ppm
2026-09-26,17:06:22,Broadband,180.77,lux
2026-09-26,17:06:22,Infrared,67.83,lux
2026-09-26,17:06:52,Temperature,25.92,°C
2026-09-26,17:06:52,Humidity,49.07,%
2026-09-26,17:06:52,AQI,2.0,
2026-09-26,17:06:52,TVOC,177.3,ppb
2026-09-26,17:06:52,eCO2,663.67,ppm
2026-09-26,17:06:52,Broadband,178.2,lux
2026-09-26,17:06:52,Infrared,66.3,lux
2026-09-26,17:07:22,Temperature,25.92,°C
2026-09-26,17:07:22,Humidity,49.29,%
2026-09-26,17:07:22,AQI,2.0,
2026-09-26,17:07:22,TVOC,173.2,ppb
2026-09-26,17:07:22,eCO2,658.5,ppm
2026-09-26,17:07:22,Broadband,178.2,lux
2026-09-26,17:07:22,Infrared,66.13,lux
2026-09-26,17:07:52,Temperature,25.92,°C
2026-09-26,17:07:52,Humidity,49.2,%
2026-09-26,17:07:52,AQI,2.0,
2026-09-26,17:07:52,TVOC,171.4,ppb
2026-09-26,17:07:52,eCO2,656.1,ppm
2026-09-26,17:07:52,Broadband,178.3,lux
2026-09-26,17:07:52,Infrared,66.2,lux
2026-09-26,17:08:22,Temperature,25.95,°C
2026-09-26,17:08:22,Humidity,48.87,%
2026-09-26,17:08:22,AQI,2.0,
2026-09-26,17:08:22,TVOC,156.6,ppb
2026-09-26,17:08:22,eCO2,635.77,ppm
2026-09-26,17:08:22,Broadband,177.97,lux
2026-09-26,17:08:22,Infrared,66.0,lux
2026-09-26,17:08:52,Temperature,25.95,°C
2026-09-26,17:08:52,Humidity,48.78,%
2026-09-26,17:08:52,AQI,2.0,
2026-09-26,17:08:52,TVOC,162.97,ppb
2026-09-26,17:08:52,eCO2,644.33,ppm
2026-09-26,17:08:52,Broadband,170.73,lux
2026-09-26,17:08:52,Infrared,61.83,lux
2026-09-26,17:09:22,Temperature,25.94,°C
2026-09-26,17:09:22,Humidity,48.54,%
2026-09-26,17:09:22,AQI,2.0,
2026-09-26,17:09:22,TVOC,143.6,ppb
2026-09-26,17:09:22,eCO2,617.23,ppm
2026-09-26,17:09:22,Broadband,136.47,lux
2026-09-26,17:09:22,Infrared,40.3,lux
2026-09-26,17:09:52,Temperature,25.93,°C
2026-09-26,17:09:52,Humidity,48.54,%
2026-09-26,17:09:52,AQI,2.0,
2026-09-26,17:09:52,TVOC,157.33,ppb
2026-09-26,17:09:52,eCO2,636.67,ppm
2026-09-26,17:09:52,Broadband,130.4,lux
2026-09-26,17:09:52,Infrared,36.97,lux
2026-09-26,17:10:22,Temperature,25.91,°C
2026-09-26,17:10:22,Humidity,48.77,%
2026-09-26,17:10:22,AQI,2.0,
2026-09-26,17:10:22,TVOC,151.77,ppb
2026-09-26,17:10:22,eCO2,628.6,ppm
2026-09-26,17:10:22,Broadband,128.77,lux
2026-09-26,17:10:22,Infrared,36.0,lux
2026-09-26,17:10:52,Temperature,25.96,°C
2026-09-26,17:10:52,Humidity,48.08,%
2026-09-26,17:10:52,AQI,2.0,
2026-09-26,17:10:52,TVOC,135.57,ppb
2026-09-26,17:10:52,eCO2,605.57,ppm
2026-09-26,17:10:52,Broadband,128.0,lux
2026-09-26,17:10:52,Infrared,36.0,lux
2026-09-26,17:11:22,Temperature,25.97,°C
2026-09-26,17:11:22,Humidity,48.08,%
2026-09-26,17:11:22,AQI,2.0,
2026-09-26,17:11:22,TVOC,140.5,ppb
2026-09-26,17:11:22,eCO2,612.63,ppm
2026-09-26,17:11:22,Broadband,128.0,lux
2026-09-26,17:11:22,Infrared,36.0,lux
2026-09-26,17:11:52,Temperature,25.98,°C
2026-09-26,17:11:52,Humidity,48.03,%
2026-09-26,17:11:52,AQI,2.0,
2026-09-26,17:11:52,TVOC,139.3,ppb
2026-09-26,17:11:52,eCO2,611.03,ppm
2026-09-26,17:11:52,Broadband,128.0,lux
2026-09-26,17:11:52,Infrared,36.0,lux
2026-09-26,17:12:22,Temperature,25.95,°C
2026-09-26,17:12:22,Humidity,47.7,%
2026-09-26,17:12:22,AQI,2.0,
2026-09-26,17:12:22,TVOC,138.43,ppb
2026-09-26,17:12:22,eCO2,609.6,ppm
2026-09-26,17:12:22,Broadband,128.67,lux
2026-09-26,17:12:22,Infrared,36.3,lux
2026-09-26,17:12:52,Temperature,25.93,°C
2026-09-26,17:12:52,Humidity,47.57,%
2026-09-26,17:12:52,AQI,2.0,
2026-09-26,17:12:52,TVOC,132.0,ppb
2026-09-26,17:12:52,eCO2,600.1,ppm
2026-09-26,17:12:52,Broadband,144.77,lux
2026-09-26,17:12:52,Infrared,46.53,lux
2026-09-26,17:13:22,Temperature,25.92,°C
2026-09-26,17:13:22,Humidity,47.55,%
2026-09-26,17:13:22,AQI,2.0,
2026-09-26,17:13:22,TVOC,132.37,ppb
2026-09-26,17:13:22,eCO2,600.63,ppm
2026-09-26,17:13:22,Broadband,162.9,lux
2026-09-26,17:13:22,Infrared,58.27,lux
2026-09-26,17:13:52,Temperature,25.92,°C
2026-09-26,17:13:52,Humidity,47.61,%
2026-09-26,17:13:52,AQI,2.0,
2026-09-26,17:13:52,TVOC,137.37,ppb
2026-09-26,17:13:52,eCO2,608.0,ppm
2026-09-26,17:13:52,Broadband,168.53,lux
2026-09-26,17:13:52,Infrared,61.77,lux
2026-09-26,17:14:22,Temperature,25.95,°C
2026-09-26,17:14:22,Humidity,47.85,%
2026-09-26,17:14:22,AQI,2.0,
2026-09-26,17:14:22,TVOC,145.93,ppb
2026-09-26,17:14:22,eCO2,620.77,ppm
2026-09-26,17:14:22,Broadband,170.07,lux
2026-09-26,17:14:22,Infrared,63.0,lux
2026-09-26,17:14:52,Temperature,25.99,°C
2026-09-26,17:14:52,Humidity,47.74,%
2026-09-26,17:14:52,AQI,2.0,
2026-09-26,17:14:52,TVOC,148.2,ppb
2026-09-26,17:14:52,eCO2,623.9,ppm
2026-09-26,17:14:52,Broadband,170.43,lux
2026-09-26,17:14:52,Infrared,63.0,lux
2026-09-26,17:15:22,Temperature,26.01,°C
2026-09-26,17:15:22,Humidity,47.58,%
2026-09-26,17:15:22,AQI,2.0,
2026-09-26,17:15:22,TVOC,132.07,ppb
2026-09-26,17:15:22,eCO2,600.2,ppm
2026-09-26,17:15:22,Broadband,170.0,lux
2026-09-26,17:15:22,Infrared,63.0,lux
2026-09-26,17:15:52,Temperature,25.99,°C
2026-09-26,17:15:52,Humidity,47.66,%
2026-09-26,17:15:52,AQI,2.0,
2026-09-26,17:15:52,TVOC,139.77,ppb
2026-09-26,17:15:52,eCO2,611.67,ppm
2026-09-26,17:15:52,Broadband,170.0,lux
2026-09-26,17:15:52,Infrared,63.0,lux
2026-09-26,17:16:22,Temperature,25.98,°C
2026-09-26,17:16:22,Humidity,47.59,%
2026-09-26,17:16:22,AQI,2.0,
2026-09-26,17:16:22,TVOC,140.13,ppb
2026-09-26,17:16:22,eCO2,612.33,ppm
2026-09-26,17:16:22,Broadband,170.23,lux
2026-09-26,17:16:22,Infrared,63.03,lux
2026-09-26,17:16:52,Temperature,25.97,°C
2026-09-26,17:16:52,Humidity,47.6,%
2026-09-26,17:16:52,AQI,2.0,
2026-09-26,17:16:52,TVOC,138.8,ppb
2026-09-26,17:16:52,eCO2,610.2,ppm
2026-09-26,17:16:52,Broadband,172.73,lux
2026-09-26,17:16:52,Infrared,64.53,lux
2026-09-26,17:17:22,Temperature,25.95,°C
2026-09-26,17:17:22,Humidity,47.79,%
2026-09-26,17:17:22,AQI,2.0,
2026-09-26,17:17:22,TVOC,145.9,ppb
2026-09-26,17:17:22,eCO2,620.57,ppm
2026-09-26,17:17:22,Broadband,176.9,lux
2026-09-26,17:17:22,Infrared,66.5,lux
2026-09-26,17:17:52,Temperature,26.0,°C
2026-09-26,17:17:52,Humidity,47.74,%
2026-09-26,17:17:52,AQI,2.0,
2026-09-26,17:17:52,TVOC,147.0,ppb
2026-09-26,17:17:52,eCO2,622.23,ppm
2026-09-26,17:17:52,Broadband,187.17,lux
2026-09-26,17:17:52,Infrared,71.33,lux
2026-09-26,17:18:22,Temperature,25.96,°C
2026-09-26,17:18:22,Humidity,47.77,%
2026-09-26,17:18:22,AQI,2.0,
2026-09-26,17:18:22,TVOC,143.0,ppb
2026-09-26,17:18:22,eCO2,616.27,ppm
2026-09-26,17:18:22,Broadband,190.13,lux
2026-09-26,17:18:22,Infrared,73.1,lux
2026-09-26,17:18:52,Temperature,25.99,°C
2026-09-26,17:18:52,Humidity,47.87,%
2026-09-26,17:18:52,AQI,2.0,
2026-09-26,17:18:52,TVOC,141.07,ppb
2026-09-26,17:18:52,eCO2,613.63,ppm
2026-09-26,17:18:52,Broadband,191.23,lux
2026-09-26,17:18:52,Infrared,73.53,lux
2026-09-26,17:19:22,Temperature,26.01,°C
2026-09-26,17:19:22,Humidity,47.88,%
2026-09-26,17:19:22,AQI,2.0,
2026-09-26,17:19:22,TVOC,148.93,ppb
2026-09-26,17:19:22,eCO2,625.07,ppm
2026-09-26,17:19:22,Broadband,181.83,lux
2026-09-26,17:19:22,Infrared,69.43,lux
2026-09-26,17:19:52,Temperature,25.99,°C
2026-09-26,17:19:52,Humidity,47.83,%
2026-09-26,17:19:52,AQI,2.0,
2026-09-26,17:19:52,TVOC,146.03,ppb
2026-09-26,17:19:52,eCO2,620.67,ppm
2026-09-26,17:19:52,Broadband,176.87,lux
2026-09-26,17:19:52,Infrared,67.0,lux
2026-09-26,17:20:22,Temperature,25.99,°C
2026-09-26,17:20:22,Humidity,47.82,%
2026-09-26,17:20:22,AQI,2.0,
2026-09-26,17:20:22,TVOC,145.97,ppb
2026-09-26,17:20:22,eCO2,620.63,ppm
2026-09-26,17:20:22,Broadband,172.03,lux
2026-09-26,17:20:22,Infrared,64.87,lux
2026-09-26,17:20:52,Temperature,25.99,°C
2026-09-26,17:20:52,Humidity,47.88,%
2026-09-26,17:20:52,AQI,2.0,
2026-09-26,17:20:52,TVOC,149.37,ppb
2026-09-26,17:20:52,eCO2,625.6,ppm
2026-09-26,17:20:52,Broadband,170.03,lux
2026-09-26,17:20:52,Infrared,63.93,lux
2026-09-26,17:21:22,Temperature,26.0,°C
2026-09-26,17:21:22,Humidity,47.99,%
2026-09-26,17:21:22,AQI,2.0,
2026-09-26,17:21:22,TVOC,150.67,ppb
2026-09-26,17:21:22,eCO2,627.37,ppm
2026-09-26,17:21:22,Broadband,170.0,lux
2026-09-26,17:21:22,Infrared,63.83,lux
2026-09-26,17:21:52,Temperature,26.04,°C
2026-09-26,17:21:52,Humidity,47.87,%
2026-09-26,17:21:52,AQI,2.0,
2026-09-26,17:21:52,TVOC,145.1,ppb
2026-09-26,17:21:52,eCO2,619.67,ppm
2026-09-26,17:21:52,Broadband,169.33,lux
2026-09-26,17:21:52,Infrared,63.0,lux
2026-09-26,17:22:22,Temperature,26.01,°C
2026-09-26,17:22:22,Humidity,47.91,%
2026-09-26,17:22:22,AQI,2.0,
2026-09-26,17:22:22,TVOC,148.4,ppb
2026-09-26,17:22:22,eCO2,624.23,ppm
2026-09-26,17:22:22,Broadband,168.63,lux
2026-09-26,17:22:22,Infrared,63.0,lux
2026-09-26,17:22:52,Temperature,26.0,°C
2026-09-26,17:22:52,Humidity,48.05,%
2026-09-26,17:22:52,AQI,2.0,
2026-09-26,17:22:52,TVOC,156.67,ppb
2026-09-26,17:22:52,eCO2,635.97,ppm
2026-09-26,17:22:52,Broadband,169.0,lux
2026-09-26,17:22:52,Infrared,63.0,lux
2026-09-26,17:23:22,Temperature,25.99,°C
2026-09-26,17:23:22,Humidity,48.12,%
2026-09-26,17:23:22,AQI,2.0,
2026-09-26,17:23:22,TVOC,156.43,ppb
2026-09-26,17:23:22,eCO2,635.67,ppm
2026-09-26,17:23:22,Broadband,168.73,lux
2026-09-26,17:23:22,Infrared,63.0,lux
2026-09-26,17:23:52,Temperature,26.03,°C
2026-09-26,17:23:52,Humidity,48.16,%
2026-09-26,17:23:52,AQI,2.0,
2026-09-26,17:23:52,TVOC,156.43,ppb
2026-09-26,17:23:52,eCO2,635.47,ppm
2026-09-26,17:23:52,Broadband,168.0,lux
2026-09-26,17:23:52,Infrared,63.0,lux
2026-09-26,17:24:22,Temperature,26.04,°C
2026-09-26,17:24:22,Humidity,48.0,%
2026-09-26,17:24:22,AQI,2.0,
2026-09-26,17:24:22,TVOC,148.63,ppb
2026-09-26,17:24:22,eCO2,624.6,ppm
2026-09-26,17:24:22,Broadband,167.13,lux
2026-09-26,17:24:22,Infrared,63.0,lux
2026-09-26,17:24:52,Temperature,26.05,°C
2026-09-26,17:24:52,Humidity,47.97,%
2026-09-26,17:24:52,AQI,2.0,
2026-09-26,17:24:52,TVOC,150.67,ppb
2026-09-26,17:24:52,eCO2,627.57,ppm
2026-09-26,17:24:52,Broadband,168.07,lux
2026-09-26,17:24:52,Infrared,63.07,lux
2026-09-26,17:25:22,Temperature,26.05,°C
2026-09-26,17:25:22,Humidity,48.06,%
2026-09-26,17:25:22,AQI,2.0,
2026-09-26,17:25:22,TVOC,150.93,ppb
2026-09-26,17:25:22,eCO2,628.03,ppm
2026-09-26,17:25:22,Broadband,169.27,lux
2026-09-26,17:25:22,Infrared,63.47,lux
2026-09-26,17:25:52,Temperature,26.05,°C
2026-09-26,17:25:52,Humidity,48.19,%
2026-09-26,17:25:52,AQI,2.0,
2026-09-26,17:25:52,TVOC,153.2,ppb
2026-09-26,17:25:52,eCO2,631.2,ppm
2026-09-26,17:25:52,Broadband,169.2,lux
2026-09-26,17:25:52,Infrared,63.33,lux
2026-09-26,17:26:22,Temperature,26.04,°C
2026-09-26,17:26:22,Humidity,48.14,%
2026-09-26,17:26:22,AQI,2.0,
2026-09-26,17:26:22,TVOC,157.0,ppb
2026-09-26,17:26:22,eCO2,636.37,ppm
2026-09-26,17:26:22,Broadband,167.63,lux
2026-09-26,17:26:22,Infrared,62.63,lux
2026-09-26,17:26:52,Temperature,26.04,°C
2026-09-26,17:26:52,Humidity,48.15,%
2026-09-26,17:26:52,AQI,2.0,
2026-09-26,17:26:52,TVOC,161.73,ppb
2026-09-26,17:26:52,eCO2,643.1,ppm
2026-09-26,17:26:52,Broadband,166.5,lux
2026-09-26,17:26:52,Infrared,62.0,lux
2026-09-26,17:27:22,Temperature,26.05,°C
2026-09-26,17:27:22,Humidity,48.46,%
2026-09-26,17:27:22,AQI,2.0,
2026-09-26,17:27:22,TVOC,175.8,ppb
2026-09-26,17:27:22,eCO2,661.9,ppm
2026-09-26,17:27:22,Broadband,166.0,lux
2026-09-26,17:27:22,Infrared,62.0,lux
2026-09-26,17:27:52,Temperature,26.05,°C
2026-09-26,17:27:52,Humidity,48.58,%
2026-09-26,17:27:52,AQI,2.0,
2026-09-26,17:27:52,TVOC,179.5,ppb
2026-09-26,17:27:52,eCO2,667.0,ppm
2026-09-26,17:27:52,Broadband,165.43,lux
2026-09-26,17:27:52,Infrared,62.0,lux
2026-09-26,17:28:22,Temperature,26.03,°C
2026-09-26,17:28:22,Humidity,48.52,%
2026-09-26,17:28:22,AQI,2.0,
2026-09-26,17:28:22,TVOC,171.87,ppb
2026-09-26,17:28:22,eCO2,656.63,ppm
2026-09-26,17:28:22,Broadband,166.4,lux
2026-09-26,17:28:22,Infrared,62.0,lux
2026-09-26,17:28:52,Temperature,26.03,°C
2026-09-26,17:28:52,Humidity,48.58,%
2026-09-26,17:28:52,AQI,2.0,
2026-09-26,17:28:52,TVOC,171.9,ppb
2026-09-26,17:28:52,eCO2,656.87,ppm
2026-09-26,17:28:52,Broadband,167.3,lux
2026-09-26,17:28:52,Infrared,62.33,lux
2026-09-26,17:29:22,Temperature,26.03,°C
2026-09-26,17:29:22,Humidity,48.74,%
2026-09-26,17:29:22,AQI,2.0,
2026-09-26,17:29:22,TVOC,177.83,ppb
2026-09-26,17:29:22,eCO2,664.57,ppm
2026-09-26,17:29:22,Broadband,170.67,lux
2026-09-26,17:29:22,Infrared,64.07,lux
2026-09-26,17:29:52,Temperature,26.03,°C
2026-09-26,17:29:52,Humidity,48.63,%
2026-09-26,17:29:52,AQI,2.0,
2026-09-26,17:29:52,TVOC,170.33,ppb
2026-09-26,17:29:52,eCO2,654.87,ppm
2026-09-26,17:29:52,Broadband,179.43,lux
2026-09-26,17:29:52,Infrared,68.17,lux
2026-09-26,17:30:22,Temperature,26.05,°C
2026-09-26,17:30:22,Humidity,48.53,%
2026-09-26,17:30:22,AQI,2.0,
2026-09-26,17:30:22,TVOC,164.63,ppb
2026-09-26,17:30:22,eCO2,647.0,ppm
2026-09-26,17:30:22,Broadband,177.43,lux
2026-09-26,17:30:22,Infrared,66.93,lux
2026-09-26,17:30:52,Temperature,26.08,°C
2026-09-26,17:30:52,Humidity,48.5,%
2026-09-26,17:30:52,AQI,2.0,
2026-09-26,17:30:52,TVOC,165.83,ppb
2026-09-26,17:30:52,eCO2,648.7,ppm
2026-09-26,17:30:52,Broadband,163.77,lux
2026-09-26,17:30:52,Infrared,60.9,lux
2026-09-26,17:31:22,Temperature,26.07,°C
2026-09-26,17:31:22,Humidity,48.5,%
2026-09-26,17:31:22,AQI,2.0,
2026-09-26,17:31:22,TVOC,171.5,ppb
2026-09-26,17:31:22,eCO2,656.37,ppm
2026-09-26,17:31:22,Broadband,158.37,lux
2026-09-26,17:31:22,Infrared,58.53,lux
2026-09-26,17:31:52,Temperature,26.06,°C
2026-09-26,17:31:52,Humidity,48.52,%
2026-09-26,17:31:52,AQI,2.0,
2026-09-26,17:31:52,TVOC,169.6,ppb
2026-09-26,17:31:52,eCO2,653.7,ppm
2026-09-26,17:31:52,Broadband,156.8,lux
2026-09-26,17:31:52,Infrared,57.93,lux
2026-09-26,17:32:22,Temperature,26.05,°C
2026-09-26,17:32:22,Humidity,48.59,%
2026-09-26,17:32:22,AQI,2.0,
2026-09-26,17:32:22,TVOC,175.1,ppb
2026-09-26,17:32:22,eCO2,660.97,ppm
2026-09-26,17:32:22,Broadband,154.37,lux
2026-09-26,17:32:22,Infrared,56.83,lux
2026-09-26,17:32:52,Temperature,26.06,°C
2026-09-26,17:32:52,Humidity,48.74,%
2026-09-26,17:32:52,AQI,2.0,
2026-09-26,17:32:52,TVOC,179.53,ppb
2026-09-26,17:32:52,eCO2,667.0,ppm
2026-09-26,17:32:52,Broadband,152.63,lux
2026-09-26,17:32:52,Infrared,56.0,lux
2026-09-26,17:33:22,Temperature,26.03,°C
2026-09-26,17:33:22,Humidity,48.94,%
2026-09-26,17:33:22,AQI,2.0,
2026-09-26,17:33:22,TVOC,189.3,ppb
2026-09-26,17:33:22,eCO2,679.57,ppm
2026-09-26,17:33:22,Broadband,151.13,lux
2026-09-26,17:33:22,Infrared,55.17,lux
2026-09-26,17:33:52,Temperature,26.03,°C
2026-09-26,17:33:52,Humidity,49.03,%
2026-09-26,17:33:52,AQI,2.0,
2026-09-26,17:33:52,TVOC,181.5,ppb
2026-09-26,17:33:52,eCO2,669.5,ppm
2026-09-26,17:33:52,Broadband,151.37,lux
2026-09-26,17:33:52,Infrared,55.53,lux
2026-09-26,17:34:22,Temperature,26.03,°C
2026-09-26,17:34:22,Humidity,49.09,%
2026-09-26,17:34:22,AQI,2.0,
2026-09-26,17:34:22,TVOC,185.13,ppb
2026-09-26,17:34:22,eCO2,674.2,ppm
2026-09-26,17:34:22,Broadband,150.63,lux
2026-09-26,17:34:22,Infrared,55.0,lux
2026-09-26,17:34:52,Temperature,26.03,°C
2026-09-26,17:34:52,Humidity,49.16,%
2026-09-26,17:34:52,AQI,2.0,
2026-09-26,17:34:52,TVOC,185.97,ppb
2026-09-26,17:34:52,eCO2,675.3,ppm
2026-09-26,17:34:52,Broadband,149.07,lux
2026-09-26,17:34:52,Infrared,54.4,lux
2026-09-26,17:35:22,Temperature,26.03,°C
2026-09-26,17:35:22,Humidity,49.16,%
2026-09-26,17:35:22,AQI,2.0,
2026-09-26,17:35:22,TVOC,187.13,ppb
2026-09-26,17:35:22,eCO2,676.8,ppm
2026-09-26,17:35:22,Broadband,148.53,lux
2026-09-26,17:35:22,Infrared,54.2,lux
2026-09-26,17:35:52,Temperature,26.03,°C
2026-09-26,17:35:52,Humidity,49.17,%
2026-09-26,17:35:52,AQI,2.0,
2026-09-26,17:35:52,TVOC,189.13,ppb
2026-09-26,17:35:52,eCO2,679.1,ppm
2026-09-26,17:35:52,Broadband,147.27,lux
2026-09-26,17:35:52,Infrared,53.87,lux
2026-09-26,17:36:22,Temperature,26.06,°C
2026-09-26,17:36:22,Humidity,49.27,%
2026-09-26,17:36:22,AQI,2.0,
2026-09-26,17:36:22,TVOC,197.33,ppb
2026-09-26,17:36:22,eCO2,689.8,ppm
2026-09-26,17:36:22,Broadband,146.37,lux
2026-09-26,17:36:22,Infrared,53.03,lux
2026-09-26,17:36:52,Temperature,26.09,°C
2026-09-26,17:36:52,Humidity,49.2,%
2026-09-26,17:36:52,AQI,2.0,
2026-09-26,17:36:52,TVOC,186.57,ppb
2026-09-26,17:36:52,eCO2,676.3,ppm
2026-09-26,17:36:52,Broadband,146.0,lux
2026-09-26,17:36:52,Infrared,53.0,lux
2026-09-26,17:37:22,Temperature,26.06,°C
2026-09-26,17:37:22,Humidity,49.21,%
2026-09-26,17:37:22,AQI,2.0,
2026-09-26,17:37:22,TVOC,190.17,ppb
2026-09-26,17:37:22,eCO2,680.67,ppm
2026-09-26,17:37:22,Broadband,144.43,lux
2026-09-26,17:37:22,Infrared,52.3,lux
2026-09-26,17:37:52,Temperature,26.03,°C
2026-09-26,17:37:52,Humidity,49.15,%
2026-09-26,17:37:52,AQI,2.0,
2026-09-26,17:37:52,TVOC,185.0,ppb
2026-09-26,17:37:52,eCO2,674.2,ppm
2026-09-26,17:37:52,Broadband,142.43,lux
2026-09-26,17:37:52,Infrared,51.2,lux
2026-09-26,17:38:22,Temperature,26.02,°C
2026-09-26,17:38:22,Humidity,49.27,%
2026-09-26,17:38:22,AQI,2.0,
2026-09-26,17:38:22,TVOC,185.53,ppb
2026-09-26,17:38:22,eCO2,674.6,ppm
2026-09-26,17:38:22,Broadband,139.6,lux
2026-09-26,17:38:22,Infrared,49.43,lux
2026-09-26,17:38:52,Temperature,26.02,°C
2026-09-26,17:38:52,Humidity,49.26,%
2026-09-26,17:38:52,AQI,2.0,
2026-09-26,17:38:52,TVOC,189.33,ppb
2026-09-26,17:38:52,eCO2,679.77,ppm
2026-09-26,17:38:52,Broadband,133.53,lux
2026-09-26,17:38:52,Infrared,45.6,lux
2026-09-26,17:39:22,Temperature,26.04,°C
2026-09-26,17:39:22,Humidity,49.21,%
2026-09-26,17:39:22,AQI,2.0,
2026-09-26,17:39:22,TVOC,187.63,ppb
2026-09-26,17:39:22,eCO2,677.27,ppm
2026-09-26,17:39:22,Broadband,124.83,lux
2026-09-26,17:39:22,Infrared,40.13,lux
2026-09-26,17:39:52,Temperature,26.04,°C
2026-09-26,17:39:52,Humidity,49.19,%
2026-09-26,17:39:52,AQI,2.0,
2026-09-26,17:39:52,TVOC,186.63,ppb
2026-09-26,17:39:52,eCO2,676.17,ppm
2026-09-26,17:39:52,Broadband,122.8,lux
2026-09-26,17:39:52,Infrared,39.03,lux
2026-09-26,17:40:22,Temperature,26.08,°C
2026-09-26,17:40:22,Humidity,49.1,%
2026-09-26,17:40:22,AQI,2.0,
2026-09-26,17:40:22,TVOC,184.77,ppb
2026-09-26,17:40:22,eCO2,673.77,ppm
2026-09-26,17:40:22,Broadband,124.8,lux
2026-09-26,17:40:22,Infrared,40.47,lux
2026-09-26,17:40:52,Temperature,26.09,°C
2026-09-26,17:40:52,Humidity,49.1,%
2026-09-26,17:40:52,AQI,2.0,
2026-09-26,17:40:52,TVOC,189.7,ppb
2026-09-26,17:40:52,eCO2,680.1,ppm
2026-09-26,17:40:52,Broadband,135.47,lux
2026-09-26,17:40:52,Infrared,47.53,lux
2026-09-26,17:41:22,Temperature,26.08,°C
2026-09-26,17:41:22,Humidity,49.13,%
2026-09-26,17:41:22,AQI,2.0,
2026-09-26,17:41:22,TVOC,187.27,ppb
2026-09-26,17:41:22,eCO2,676.97,ppm
2026-09-26,17:41:22,Broadband,140.7,lux
2026-09-26,17:41:22,Infrared,51.1,lux
2026-09-26,17:41:52,Temperature,26.08,°C
2026-09-26,17:41:52,Humidity,49.11,%
2026-09-26,17:41:52,AQI,2.0,
2026-09-26,17:41:52,TVOC,188.63,ppb
2026-09-26,17:41:52,eCO2,678.87,ppm
2026-09-26,17:41:52,Broadband,140.87,lux
2026-09-26,17:41:52,Infrared,51.5,lux
2026-09-26,17:42:22,Temperature,26.07,°C
2026-09-26,17:42:22,Humidity,49.4,%
2026-09-26,17:42:22,AQI,2.0,
2026-09-26,17:42:22,TVOC,192.47,ppb
2026-09-26,17:42:22,eCO2,683.5,ppm
2026-09-26,17:42:22,Broadband,140.1,lux
2026-09-26,17:42:22,Infrared,51.33,lux
2026-09-26,17:42:52,Temperature,26.06,°C
2026-09-26,17:42:52,Humidity,49.34,%
2026-09-26,17:42:52,AQI,2.0,
2026-09-26,17:42:52,TVOC,196.4,ppb
2026-09-26,17:42:52,eCO2,688.5,ppm
2026-09-26,17:42:52,Broadband,140.97,lux
2026-09-26,17:42:52,Infrared,52.0,lux
2026-09-26,17:43:22,Temperature,26.03,°C
2026-09-26,17:43:22,Humidity,49.48,%
2026-09-26,17:43:22,AQI,2.0,
2026-09-26,17:43:22,TVOC,194.63,ppb
2026-09-26,17:43:22,eCO2,686.2,ppm
2026-09-26,17:43:22,Broadband,140.0,lux
2026-09-26,17:43:22,Infrared,51.23,lux
2026-09-26,17:43:52,Temperature,26.06,°C
2026-09-26,17:43:52,Humidity,49.51,%
2026-09-26,17:43:52,AQI,2.0,
2026-09-26,17:43:52,TVOC,195.8,ppb
2026-09-26,17:43:52,eCO2,687.87,ppm
2026-09-26,17:43:52,Broadband,139.0,lux
2026-09-26,17:43:52,Infrared,51.0,lux
2026-09-26,17:44:22,Temperature,26.04,°C
2026-09-26,17:44:22,Humidity,49.65,%
2026-09-26,17:44:22,AQI,2.03,
2026-09-26,17:44:22,TVOC,200.33,ppb
2026-09-26,17:44:22,eCO2,693.43,ppm
2026-09-26,17:44:22,Broadband,138.23,lux
2026-09-26,17:44:22,Infrared,51.0,lux
2026-09-26,17:44:52,Temperature,26.04,°C
2026-09-26,17:44:52,Humidity,49.98,%
2026-09-26,17:44:52,AQI,2.17,
2026-09-26,17:44:52,TVOC,210.97,ppb
2026-09-26,17:44:52,eCO2,706.6,ppm
2026-09-26,17:44:52,Broadband,137.53,lux
2026-09-26,17:44:52,Infrared,50.37,lux
2026-09-26,17:45:22,Temperature,26.08,°C
2026-09-26,17:45:22,Humidity,49.85,%
2026-09-26,17:45:22,AQI,2.1,
2026-09-26,17:45:22,TVOC,205.8,ppb
2026-09-26,17:45:22,eCO2,700.2,ppm
2026-09-26,17:45:22,Broadband,136.77,lux
2026-09-26,17:45:22,Infrared,50.0,lux
2026-09-26,17:45:52,Temperature,26.08,°C
2026-09-26,17:45:52,Humidity,49.73,%
2026-09-26,17:45:52,AQI,2.0,
2026-09-26,17:45:52,TVOC,201.23,ppb
2026-09-26,17:45:52,eCO2,694.7,ppm
2026-09-26,17:45:52,Broadband,136.0,lux
2026-09-26,17:45:52,Infrared,50.0,lux
2026-09-26,17:46:22,Temperature,26.05,°C
2026-09-26,17:46:22,Humidity,49.69,%
2026-09-26,17:46:22,AQI,2.0,
2026-09-26,17:46:22,TVOC,206.97,ppb
2026-09-26,17:46:22,eCO2,701.73,ppm
2026-09-26,17:46:22,Broadband,135.07,lux
2026-09-26,17:46:22,Infrared,49.47,lux
2026-09-26,17:46:52,Temperature,26.05,°C
2026-09-26,17:46:52,Humidity,49.78,%
2026-09-26,17:46:52,AQI,2.0,
2026-09-26,17:46:52,TVOC,205.43,ppb
2026-09-26,17:46:52,eCO2,699.7,ppm
2026-09-26,17:46:52,Broadband,134.33,lux
2026-09-26,17:46:52,Infrared,49.0,lux
2026-09-26,17:47:22,Temperature,26.05,°C
2026-09-26,17:47:22,Humidity,49.85,%
2026-09-26,17:47:22,AQI,2.07,
2026-09-26,17:47:22,TVOC,209.33,ppb
2026-09-26,17:47:22,eCO2,704.47,ppm
2026-09-26,17:47:22,Broadband,133.4,lux
2026-09-26,17:47:22,Infrared,48.93,lux
2026-09-26,17:47:52,Temperature,26.07,°C
2026-09-26,17:47:52,Humidity,49.8,%
2026-09-26,17:47:52,AQI,2.17,
2026-09-26,17:47:52,TVOC,209.5,ppb
2026-09-26,17:47:52,eCO2,704.67,ppm
2026-09-26,17:47:52,Broadband,132.87,lux
2026-09-26,17:47:52,Infrared,48.4,lux
2026-09-26,17:48:22,Temperature,26.09,°C
2026-09-26,17:48:22,Humidity,49.94,%
2026-09-26,17:48:22,AQI,2.13,
2026-09-26,17:48:22,TVOC,212.27,ppb
2026-09-26,17:48:22,eCO2,708.07,ppm
2026-09-26,17:48:22,Broadband,132.0,lux
2026-09-26,17:48:22,Infrared,48.0,lux
2026-09-26,17:48:52,Temperature,26.09,°C
2026-09-26,17:48:52,Humidity,49.84,%
2026-09-26,17:48:52,AQI,2.2,
2026-09-26,17:48:52,TVOC,212.87,ppb
2026-09-26,17:48:52,eCO2,708.8,ppm
2026-09-26,17:48:52,Broadband,131.3,lux
2026-09-26,17:48:52,Infrared,48.0,lux
2026-09-26,17:49:22,Temperature,26.09,°C
2026-09-26,17:49:22,Humidity,49.88,%
2026-09-26,17:49:22,AQI,2.17,
2026-09-26,17:49:22,TVOC,212.13,ppb
2026-09-26,17:49:22,eCO2,707.97,ppm
2026-09-26,17:49:22,Broadband,130.47,lux
2026-09-26,17:49:22,Infrared,47.4,lux
2026-09-26,17:49:52,Temperature,26.05,°C
2026-09-26,17:49:52,Humidity,50.03,%
2026-09-26,17:49:52,AQI,2.23,
2026-09-26,17:49:52,TVOC,215.03,ppb
2026-09-26,17:49:52,eCO2,711.37,ppm
2026-09-26,17:49:52,Broadband,129.8,lux
2026-09-26,17:49:52,Infrared,47.0,lux
2026-09-26,17:50:22,Temperature,26.02,°C
2026-09-26,17:50:22,Humidity,50.16,%
2026-09-26,17:50:22,AQI,2.47,
2026-09-26,17:50:22,TVOC,218.63,ppb
2026-09-26,17:50:22,eCO2,715.6,ppm
2026-09-26,17:50:22,Broadband,128.97,lux
2026-09-26,17:50:22,Infrared,47.0,lux
2026-09-26,17:50:52,Temperature,26.0,°C
2026-09-26,17:50:52,Humidity,50.19,%
2026-09-26,17:50:52,AQI,2.6,
2026-09-26,17:50:52,TVOC,220.23,ppb
2026-09-26,17:50:52,eCO2,717.5,ppm
2026-09-26,17:50:52,Broadband,128.9,lux
2026-09-26,17:50:52,Infrared,47.0,lux
2026-09-26,17:51:22,Temperature,26.0,°C
2026-09-26,17:51:22,Humidity,50.35,%
2026-09-26,17:51:22,AQI,2.53,
2026-09-26,17:51:22,TVOC,220.33,ppb
2026-09-26,17:51:22,eCO2,717.67,ppm
2026-09-26,17:51:22,Broadband,128.0,lux
2026-09-26,17:51:22,Infrared,47.0,lux
2026-09-26,17:51:52,Temperature,26.0,°C
2026-09-26,17:51:52,Humidity,50.28,%
2026-09-26,17:51:52,AQI,2.57,
2026-09-26,17:51:52,TVOC,220.6,ppb
2026-09-26,17:51:52,eCO2,718.07,ppm
2026-09-26,17:51:52,Broadband,127.57,lux
2026-09-26,17:51:52,Infrared,46.2,lux
2026-09-26,17:52:22,Temperature,25.98,°C
2026-09-26,17:52:22,Humidity,50.36,%
2026-09-26,17:52:22,AQI,2.5,
2026-09-26,17:52:22,TVOC,220.53,ppb
2026-09-26,17:52:22,eCO2,717.93,ppm
2026-09-26,17:52:22,Broadband,126.97,lux
2026-09-26,17:52:22,Infrared,46.0,lux
2026-09-26,17:52:52,Temperature,25.96,°C
2026-09-26,17:52:52,Humidity,50.54,%
2026-09-26,17:52:52,AQI,2.7,
2026-09-26,17:52:52,TVOC,222.8,ppb
2026-09-26,17:52:52,eCO2,720.5,ppm
2026-09-26,17:52:52,Broadband,126.6,lux
2026-09-26,17:52:52,Infrared,46.0,lux
2026-09-26,17:53:22,Temperature,25.97,°C
2026-09-26,17:53:22,Humidity,50.5,%
2026-09-26,17:53:22,AQI,2.7,
2026-09-26,17:53:22,TVOC,225.13,ppb
2026-09-26,17:53:22,eCO2,723.3,ppm
2026-09-26,17:53:22,Broadband,126.0,lux
2026-09-26,17:53:22,Infrared,46.0,lux
2026-09-26,17:53:52,Temperature,25.98,°C
2026-09-26,17:53:52,Humidity,50.49,%
2026-09-26,17:53:52,AQI,2.8,
2026-09-26,17:53:52,TVOC,228.53,ppb
2026-09-26,17:53:52,eCO2,727.17,ppm
2026-09-26,17:53:52,Broadband,126.0,lux
2026-09-26,17:53:52,Infrared,46.0,lux
2026-09-26,17:54:22,Temperature,25.99,°C
2026-09-26,17:54:22,Humidity,50.62,%
2026-09-26,17:54:22,AQI,2.9,
2026-09-26,17:54:22,TVOC,229.37,ppb
2026-09-26,17:54:22,eCO2,728.27,ppm
2026-09-26,17:54:22,Broadband,125.03,lux
2026-09-26,17:54:22,Infrared,46.0,lux
2026-09-26,17:54:52,Temperature,25.99,°C
2026-09-26,17:54:52,Humidity,50.72,%
2026-09-26,17:54:52,AQI,2.93,
2026-09-26,17:54:52,TVOC,228.77,ppb
2026-09-26,17:54:52,eCO2,727.53,ppm
2026-09-26,17:54:52,Broadband,125.0,lux
2026-09-26,17:54:52,Infrared,46.0,lux
2026-09-26,17:55:22,Temperature,25.98,°C
2026-09-26,17:55:22,Humidity,50.7,%
2026-09-26,17:55:22,AQI,2.97,
2026-09-26,17:55:22,TVOC,231.1,ppb
2026-09-26,17:55:22,eCO2,730.33,ppm
2026-09-26,17:55:22,Broadband,124.03,lux
2026-09-26,17:55:22,Infrared,45.47,lux
2026-09-26,17:55:52,Temperature,25.98,°C
2026-09-26,17:55:52,Humidity,50.92,%
2026-09-26,17:55:52,AQI,2.93,
2026-09-26,17:55:52,TVOC,233.83,ppb
2026-09-26,17:55:52,eCO2,733.47,ppm
2026-09-26,17:55:52,Broadband,124.1,lux
2026-09-26,17:55:52,Infrared,45.17,lux
2026-09-26,17:56:22,Temperature,25.97,°C
2026-09-26,17:56:22,Humidity,51.0,%
2026-09-26,17:56:22,AQI,3.0,
2026-09-26,17:56:22,TVOC,234.13,ppb
2026-09-26,17:56:22,eCO2,733.87,ppm
2026-09-26,17:56:22,Broadband,123.0,lux
2026-09-26,17:56:22,Infrared,45.0,lux
2026-09-26,17:56:52,Temperature,26.0,°C
2026-09-26,17:56:52,Humidity,51.07,%
2026-09-26,17:56:52,AQI,3.0,
2026-09-26,17:56:52,TVOC,237.0,ppb
2026-09-26,17:56:52,eCO2,737.03,ppm
2026-09-26,17:56:52,Broadband,121.77,lux
2026-09-26,17:56:52,Infrared,44.3,lux
2026-09-26,17:57:22,Temperature,26.01,°C
2026-09-26,17:57:22,Humidity,51.04,%
2026-09-26,17:57:22,AQI,2.97,
2026-09-26,17:57:22,TVOC,237.47,ppb
2026-09-26,17:57:22,eCO2,737.57,ppm
2026-09-26,17:57:22,Broadband,118.17,lux
2026-09-26,17:57:22,Infrared,42.07,lux
2026-09-26,17:57:52,Temperature,26.02,°C
2026-09-26,17:57:52,Humidity,50.94,%
2026-09-26,17:57:52,AQI,2.97,
2026-09-26,17:57:52,TVOC,237.57,ppb
2026-09-26,17:57:52,eCO2,737.67,ppm
2026-09-26,17:57:52,Broadband,118.37,lux
2026-09-26,17:57:52,Infrared,42.47,lux
2026-09-26,17:58:22,Temperature,26.02,°C
2026-09-26,17:58:22,Humidity,50.93,%
2026-09-26,17:58:22,AQI,2.9,
2026-09-26,17:58:22,TVOC,231.0,ppb
2026-09-26,17:58:22,eCO2,730.03,ppm
2026-09-26,17:58:22,Broadband,119.0,lux
2026-09-26,17:58:22,Infrared,43.0,lux
2026-09-26,17:58:52,Temperature,26.05,°C
2026-09-26,17:58:52,Humidity,51.05,%
2026-09-26,17:58:52,AQI,2.9,
2026-09-26,17:58:52,TVOC,227.93,ppb
2026-09-26,17:58:52,eCO2,726.63,ppm
2026-09-26,17:58:52,Broadband,119.0,lux
2026-09-26,17:58:52,Infrared,43.0,lux
2026-09-26,17:59:22,Temperature,26.02,°C
2026-09-26,17:59:22,Humidity,50.84,%
2026-09-26,17:59:22,AQI,2.9,
2026-09-26,17:59:22,TVOC,232.2,ppb
2026-09-26,17:59:22,eCO2,731.6,ppm
2026-09-26,17:59:22,Broadband,118.93,lux
2026-09-26,17:59:22,Infrared,43.0,lux
2026-09-26,17:59:52,Temperature,25.99,°C
2026-09-26,17:59:52,Humidity,50.89,%
2026-09-26,17:59:52,AQI,2.93,
2026-09-26,17:59:52,TVOC,234.07,ppb
2026-09-26,17:59:52,eCO2,733.63,ppm
2026-09-26,17:59:52,Broadband,118.17,lux
2026-09-26,17:59:52,Infrared,42.73,lux
2026-09-26,18:00:22,Temperature,26.0,°C
2026-09-26,18:00:22,Humidity,51.14,%
2026-09-26,18:00:22,AQI,3.0,
2026-09-26,18:00:22,TVOC,231.33,ppb
2026-09-26,18:00:22,eCO2,730.4,ppm
2026-09-26,18:00:22,Broadband,114.4,lux
2026-09-26,18:00:22,Infrared,40.63,lux
2026-09-26,18:00:52,Temperature,26.0,°C
2026-09-26,18:00:52,Humidity,50.97,%
2026-09-26,18:00:52,AQI,2.97,
2026-09-26,18:00:52,TVOC,233.07,ppb
2026-09-26,18:00:52,eCO2,732.5,ppm
2026-09-26,18:00:52,Broadband,111.27,lux
2026-09-26,18:00:52,Infrared,38.8,lux
2026-09-26,18:01:22,Temperature,25.97,°C
2026-09-26,18:01:22,Humidity,50.9,%
2026-09-26,18:01:22,AQI,2.9,
2026-09-26,18:01:22,TVOC,228.0,ppb
2026-09-26,18:01:22,eCO2,726.73,ppm
2026-09-26,18:01:22,Broadband,109.1,lux
2026-09-26,18:01:22,Infrared,37.23,lux
2026-09-26,18:01:52,Temperature,25.96,°C
2026-09-26,18:01:52,Humidity,51.0,%
2026-09-26,18:01:52,AQI,2.93,
2026-09-26,18:01:52,TVOC,231.5,ppb
2026-09-26,18:01:52,eCO2,730.87,ppm
2026-09-26,18:01:52,Broadband,109.23,lux
2026-09-26,18:01:52,Infrared,37.83,lux
2026-09-26,18:02:22,Temperature,25.95,°C
2026-09-26,18:02:22,Humidity,51.15,%
2026-09-26,18:02:22,AQI,2.93,
2026-09-26,18:02:22,TVOC,231.67,ppb
2026-09-26,18:02:22,eCO2,730.87,ppm
2026-09-26,18:02:22,Broadband,112.93,lux
2026-09-26,18:02:22,Infrared,40.4,lux
2026-09-26,18:02:52,Temperature,25.96,°C
2026-09-26,18:02:52,Humidity,51.12,%
2026-09-26,18:02:52,AQI,2.97,
2026-09-26,18:02:52,TVOC,231.77,ppb
2026-09-26,18:02:52,eCO2,730.87,ppm
2026-09-26,18:02:52,Broadband,115.9,lux
2026-09-26,18:02:52,Infrared,42.73,lux
2026-09-26,18:03:22,Temperature,26.0,°C
2026-09-26,18:03:22,Humidity,51.0,%
2026-09-26,18:03:22,AQI,2.97,
2026-09-26,18:03:22,TVOC,235.07,ppb
2026-09-26,18:03:22,eCO2,734.67,ppm
2026-09-26,18:03:22,Broadband,116.27,lux
2026-09-26,18:03:22,Infrared,43.0,lux
2026-09-26,18:03:52,Temperature,25.99,°C
2026-09-26,18:03:52,Humidity,50.85,%
2026-09-26,18:03:52,AQI,2.93,
2026-09-26,18:03:52,TVOC,231.73,ppb
2026-09-26,18:03:52,eCO2,730.73,ppm
2026-09-26,18:03:52,Broadband,116.1,lux
2026-09-26,18:03:52,Infrared,43.0,lux
2026-09-26,18:04:22,Temperature,26.0,°C
2026-09-26,18:04:22,Humidity,50.98,%
2026-09-26,18:04:22,AQI,2.9,
2026-09-26,18:04:22,TVOC,234.93,ppb
2026-09-26,18:04:22,eCO2,734.57,ppm
2026-09-26,18:04:22,Broadband,115.97,lux
2026-09-26,18:04:22,Infrared,43.0,lux
2026-09-26,18:04:52,Temperature,25.98,°C
2026-09-26,18:04:52,Humidity,50.95,%
2026-09-26,18:04:52,AQI,2.87,
2026-09-26,18:04:52,TVOC,231.2,ppb
2026-09-26,18:04:52,eCO2,730.37,ppm
2026-09-26,18:04:52,Broadband,116.0,lux
2026-09-26,18:04:52,Infrared,43.0,lux
2026-09-26,18:05:22,Temperature,25.97,°C
2026-09-26,18:05:22,Humidity,51.03,%
2026-09-26,18:05:22,AQI,2.93,
2026-09-26,18:05:22,TVOC,231.17,ppb
2026-09-26,18:05:22,eCO2,730.37,ppm
2026-09-26,18:05:22,Broadband,115.93,lux
2026-09-26,18:05:22,Infrared,43.0,lux
2026-09-26,18:05:52,Temperature,25.94,°C
2026-09-26,18:05:52,Humidity,51.0,%
2026-09-26,18:05:52,AQI,2.8,
2026-09-26,18:05:52,TVOC,228.97,ppb
2026-09-26,18:05:52,eCO2,727.8,ppm
2026-09-26,18:05:52,Broadband,116.0,lux
2026-09-26,18:05:52,Infrared,43.0,lux
2026-09-26,18:06:22,Temperature,25.96,°C
2026-09-26,18:06:22,Humidity,51.13,%
2026-09-26,18:06:22,AQI,2.93,
2026-09-26,18:06:22,TVOC,230.9,ppb
2026-09-26,18:06:22,eCO2,730.07,ppm
2026-09-26,18:06:22,Broadband,115.83,lux
2026-09-26,18:06:22,Infrared,43.73,lux
2026-09-26,18:06:52,Temperature,25.95,°C
2026-09-26,18:06:52,Humidity,51.07,%
2026-09-26,18:06:52,AQI,2.93,
2026-09-26,18:06:52,TVOC,230.9,ppb
2026-09-26,18:06:52,eCO2,729.93,ppm
2026-09-26,18:06:52,Broadband,115.7,lux
2026-09-26,18:06:52,Infrared,44.0,lux
2026-09-26,18:07:22,Temperature,25.95,°C
2026-09-26,18:07:22,Humidity,51.14,%
2026-09-26,18:07:22,AQI,3.0,
2026-09-26,18:07:22,TVOC,232.3,ppb
2026-09-26,18:07:22,eCO2,731.53,ppm
2026-09-26,18:07:22,Broadband,115.03,lux
2026-09-26,18:07:22,Infrared,44.0,lux
2026-09-26,18:07:52,Temperature,25.96,°C
2026-09-26,18:07:52,Humidity,51.24,%
2026-09-26,18:07:52,AQI,2.93,
2026-09-26,18:07:52,TVOC,229.83,ppb
2026-09-26,18:07:52,eCO2,728.83,ppm
2026-09-26,18:07:52,Broadband,115.0,lux
2026-09-26,18:07:52,Infrared,43.73,lux
2026-09-26,18:08:22,Temperature,25.95,°C
2026-09-26,18:08:22,Humidity,51.19,%
2026-09-26,18:08:22,AQI,3.0,
2026-09-26,18:08:22,TVOC,229.27,ppb
2026-09-26,18:08:22,eCO2,728.1,ppm
2026-09-26,18:08:22,Broadband,114.47,lux
2026-09-26,18:08:22,Infrared,43.37,lux
2026-09-26,18:08:52,Temperature,25.96,°C
2026-09-26,18:08:52,Humidity,51.2,%
2026-09-26,18:08:52,AQI,2.9,
2026-09-26,18:08:52,TVOC,229.37,ppb
2026-09-26,18:08:52,eCO2,728.2,ppm
2026-09-26,18:08:52,Broadband,114.0,lux
2026-09-26,18:08:52,Infrared,43.0,lux
2026-09-26,18:09:22,Temperature,25.95,°C
2026-09-26,18:09:22,Humidity,51.17,%
2026-09-26,18:09:22,AQI,2.9,
2026-09-26,18:09:22,TVOC,226.9,ppb
2026-09-26,18:09:22,eCO2,725.4,ppm
2026-09-26,18:09:22,Broadband,114.0,lux
2026-09-26,18:09:22,Infrared,43.0,lux
2026-09-26,18:09:52,Temperature,25.95,°C
2026-09-26,18:09:52,Humidity,51.22,%
2026-09-26,18:09:52,AQI,2.87,
2026-09-26,18:09:52,TVOC,225.63,ppb
2026-09-26,18:09:52,eCO2,723.83,ppm
2026-09-26,18:09:52,Broadband,113.6,lux
2026-09-26,18:09:52,Infrared,43.63,lux
2026-09-26,18:10:22,Temperature,25.93,°C
2026-09-26,18:10:22,Humidity,51.18,%
2026-09-26,18:10:22,AQI,2.8,
2026-09-26,18:10:22,TVOC,226.47,ppb
2026-09-26,18:10:22,eCO2,724.77,ppm
2026-09-26,18:10:22,Broadband,113.2,lux
2026-09-26,18:10:22,Infrared,43.9,lux
2026-09-26,18:10:52,Temperature,25.93,°C
2026-09-26,18:10:52,Humidity,51.2,%
2026-09-26,18:10:52,AQI,2.87,
2026-09-26,18:10:52,TVOC,226.73,ppb
2026-09-26,18:10:52,eCO2,725.23,ppm
2026-09-26,18:10:52,Broadband,113.0,lux
2026-09-26,18:10:52,Infrared,43.63,lux
2026-09-26,18:11:22,Temperature,25.94,°C
2026-09-26,18:11:22,Humidity,51.22,%
2026-09-26,18:11:22,AQI,2.73,
2026-09-26,18:11:22,TVOC,224.8,ppb
2026-09-26,18:11:22,eCO2,722.9,ppm
2026-09-26,18:11:22,Broadband,112.17,lux
2026-09-26,18:11:22,Infrared,43.0,lux
2026-09-26,18:11:52,Temperature,25.93,°C
2026-09-26,18:11:52,Humidity,51.2,%
2026-09-26,18:11:52,AQI,2.73,
2026-09-26,18:11:52,TVOC,222.63,ppb
2026-09-26,18:11:52,eCO2,720.33,ppm
2026-09-26,18:11:52,Broadband,111.37,lux
2026-09-26,18:11:52,Infrared,43.0,lux
2026-09-26,18:12:22,Temperature,25.92,°C
2026-09-26,18:12:22,Humidity,51.22,%
2026-09-26,18:12:22,AQI,2.7,
2026-09-26,18:12:22,TVOC,222.53,ppb
2026-09-26,18:12:22,eCO2,720.23,ppm
2026-09-26,18:12:22,Broadband,110.3,lux
2026-09-26,18:12:22,Infrared,43.0,lux
2026-09-26,18:12:52,Temperature,25.88,°C
2026-09-26,18:12:52,Humidity,51.22,%
2026-09-26,18:12:52,AQI,2.43,
2026-09-26,18:12:52,TVOC,217.0,ppb
2026-09-26,18:12:52,eCO2,713.57,ppm
2026-09-26,18:12:52,Broadband,109.63,lux
2026-09-26,18:12:52,Infrared,42.37,lux
2026-09-26,18:13:22,Temperature,25.86,°C
2026-09-26,18:13:22,Humidity,51.04,%
2026-09-26,18:13:22,AQI,2.0,
2026-09-26,18:13:22,TVOC,196.5,ppb
2026-09-26,18:13:22,eCO2,688.6,ppm
2026-09-26,18:13:22,Broadband,109.0,lux
2026-09-26,18:13:22,Infrared,42.0,lux
2026-09-26,18:13:52,Temperature,25.84,°C
2026-09-26,18:13:52,Humidity,50.97,%
2026-09-26,18:13:52,AQI,2.0,
2026-09-26,18:13:52,TVOC,203.7,ppb
2026-09-26,18:13:52,eCO2,697.7,ppm
2026-09-26,18:13:52,Broadband,109.0,lux
2026-09-26,18:13:52,Infrared,42.13,lux
2026-09-26,18:14:22,Temperature,25.84,°C
2026-09-26,18:14:22,Humidity,50.96,%
2026-09-26,18:14:22,AQI,2.0,
2026-09-26,18:14:22,TVOC,203.47,ppb
2026-09-26,18:14:22,eCO2,697.33,ppm
2026-09-26,18:14:22,Broadband,108.87,lux
2026-09-26,18:14:22,Infrared,42.0,lux
2026-09-26,18:14:52,Temperature,25.8,°C
2026-09-26,18:14:52,Humidity,51.03,%
2026-09-26,18:14:52,AQI,2.0,
2026-09-26,18:14:52,TVOC,197.93,ppb
2026-09-26,18:14:52,eCO2,690.47,ppm
2026-09-26,18:14:52,Broadband,108.0,lux
2026-09-26,18:14:52,Infrared,42.0,lux
2026-09-26,18:15:22,Temperature,25.78,°C
2026-09-26,18:15:22,Humidity,50.85,%
2026-09-26,18:15:22,AQI,2.0,
2026-09-26,18:15:22,TVOC,184.63,ppb
2026-09-26,18:15:22,eCO2,673.53,ppm
2026-09-26,18:15:22,Broadband,108.0,lux
2026-09-26,18:15:22,Infrared,42.0,lux
2026-09-26,18:15:52,Temperature,25.75,°C
2026-09-26,18:15:52,Humidity,50.78,%
2026-09-26,18:15:52,AQI,2.0,
2026-09-26,18:15:52,TVOC,175.83,ppb
2026-09-26,18:15:52,eCO2,662.13,ppm
2026-09-26,18:15:52,Broadband,107.5,lux
2026-09-26,18:15:52,Infrared,42.0,lux
2026-09-26,18:16:22,Temperature,25.76,°C
2026-09-26,18:16:22,Humidity,50.77,%
2026-09-26,18:16:22,AQI,2.0,
2026-09-26,18:16:22,TVOC,170.47,ppb
2026-09-26,18:16:22,eCO2,654.87,ppm
2026-09-26,18:16:22,Broadband,107.0,lux
2026-09-26,18:16:22,Infrared,42.0,lux
2026-09-26,18:16:52,Temperature,25.79,°C
2026-09-26,18:16:52,Humidity,50.87,%
2026-09-26,18:16:52,AQI,2.0,
2026-09-26,18:16:52,TVOC,178.87,ppb
2026-09-26,18:16:52,eCO2,666.2,ppm
2026-09-26,18:16:52,Broadband,108.6,lux
2026-09-26,18:16:52,Infrared,42.83,lux
2026-09-26,18:17:22,Temperature,25.83,°C
2026-09-26,18:17:22,Humidity,50.88,%
2026-09-26,18:17:22,AQI,2.03,
2026-09-26,18:17:22,TVOC,192.8,ppb
2026-09-26,18:17:22,eCO2,684.07,ppm
2026-09-26,18:17:22,Broadband,114.03,lux
2026-09-26,18:17:22,Infrared,45.47,lux
2026-09-26,18:17:52,Temperature,25.85,°C
2026-09-26,18:17:52,Humidity,50.97,%
2026-09-26,18:17:52,AQI,2.0,
2026-09-26,18:17:52,TVOC,198.2,ppb
2026-09-26,18:17:52,eCO2,690.73,ppm
2026-09-26,18:17:52,Broadband,115.0,lux
2026-09-26,18:17:52,Infrared,46.33,lux
2026-09-26,18:18:22,Temperature,25.83,°C
2026-09-26,18:18:22,Humidity,50.99,%
2026-09-26,18:18:22,AQI,2.0,
2026-09-26,18:18:22,TVOC,195.1,ppb
2026-09-26,18:18:22,eCO2,686.97,ppm
2026-09-26,18:18:22,Broadband,113.73,lux
2026-09-26,18:18:22,Infrared,45.83,lux
2026-09-26,18:18:52,Temperature,25.81,°C
2026-09-26,18:18:52,Humidity,50.98,%
2026-09-26,18:18:52,AQI,2.0,
2026-09-26,18:18:52,TVOC,196.8,ppb
2026-09-26,18:18:52,eCO2,689.1,ppm
2026-09-26,18:18:52,Broadband,109.07,lux
2026-09-26,18:18:52,Infrared,43.53,lux
2026-09-26,18:19:22,Temperature,25.82,°C
2026-09-26,18:19:22,Humidity,50.99,%
2026-09-26,18:19:22,AQI,2.0,
2026-09-26,18:19:22,TVOC,195.27,ppb
2026-09-26,18:19:22,eCO2,687.23,ppm
2026-09-26,18:19:22,Broadband,108.1,lux
2026-09-26,18:19:22,Infrared,43.03,lux
2026-09-26,18:19:52,Temperature,25.82,°C
2026-09-26,18:19:52,Humidity,51.05,%
2026-09-26,18:19:52,AQI,2.0,
2026-09-26,18:19:52,TVOC,199.67,ppb
2026-09-26,18:19:52,eCO2,692.57,ppm
2026-09-26,18:19:52,Broadband,109.73,lux
2026-09-26,18:19:52,Infrared,44.0,lux
2026-09-26,18:20:22,Temperature,25.8,°C
2026-09-26,18:20:22,Humidity,51.05,%
2026-09-26,18:20:22,AQI,2.0,
2026-09-26,18:20:22,TVOC,198.83,ppb
2026-09-26,18:20:22,eCO2,691.7,ppm
2026-09-26,18:20:22,Broadband,107.47,lux
2026-09-26,18:20:22,Infrared,42.97,lux
2026-09-26,18:20:52,Temperature,25.79,°C
2026-09-26,18:20:52,Humidity,51.08,%
2026-09-26,18:20:52,AQI,2.0,
2026-09-26,18:20:52,TVOC,196.77,ppb
2026-09-26,18:20:52,eCO2,688.97,ppm
2026-09-26,18:20:52,Broadband,104.9,lux
2026-09-26,18:20:52,Infrared,41.7,lux
2026-09-26,18:21:22,Temperature,25.78,°C
2026-09-26,18:21:22,Humidity,50.95,%
2026-09-26,18:21:22,AQI,2.0,
2026-09-26,18:21:22,TVOC,183.33,ppb
2026-09-26,18:21:22,eCO2,671.93,ppm
2026-09-26,18:21:22,Broadband,101.2,lux
2026-09-26,18:21:22,Infrared,39.8,lux
2026-09-26,18:21:52,Temperature,25.76,°C
2026-09-26,18:21:52,Humidity,50.75,%
2026-09-26,18:21:52,AQI,2.0,
2026-09-26,18:21:52,TVOC,172.87,ppb
2026-09-26,18:21:52,eCO2,657.9,ppm
2026-09-26,18:21:52,Broadband,97.7,lux
2026-09-26,18:21:52,Infrared,38.1,lux
2026-09-26,18:22:22,Temperature,25.73,°C
2026-09-26,18:22:22,Humidity,50.77,%
2026-09-26,18:22:22,AQI,2.0,
2026-09-26,18:22:22,TVOC,177.67,ppb
2026-09-26,18:22:22,eCO2,664.5,ppm
2026-09-26,18:22:22,Broadband,93.2,lux
2026-09-26,18:22:22,Infrared,35.83,lux
2026-09-26,18:22:52,Temperature,25.77,°C
2026-09-26,18:22:52,Humidity,50.74,%
2026-09-26,18:22:52,AQI,2.0,
2026-09-26,18:22:52,TVOC,171.07,ppb
2026-09-26,18:22:52,eCO2,655.57,ppm
2026-09-26,18:22:52,Broadband,87.3,lux
2026-09-26,18:22:52,Infrared,32.8,lux
2026-09-26,18:23:22,Temperature,25.78,°C
2026-09-26,18:23:22,Humidity,50.86,%
2026-09-26,18:23:22,AQI,2.0,
2026-09-26,18:23:22,TVOC,166.03,ppb
2026-09-26,18:23:22,eCO2,648.97,ppm
2026-09-26,18:23:22,Broadband,81.7,lux
2026-09-26,18:23:22,Infrared,30.0,lux
2026-09-26,18:23:52,Temperature,25.79,°C
2026-09-26,18:23:52,Humidity,50.86,%
2026-09-26,18:23:52,AQI,2.0,
2026-09-26,18:23:52,TVOC,179.17,ppb
2026-09-26,18:23:52,eCO2,666.43,ppm
2026-09-26,18:23:52,Broadband,77.3,lux
2026-09-26,18:23:52,Infrared,28.23,lux
2026-09-26,18:24:22,Temperature,25.83,°C
2026-09-26,18:24:22,Humidity,50.98,%
2026-09-26,18:24:22,AQI,2.0,
2026-09-26,18:24:22,TVOC,186.3,ppb
2026-09-26,18:24:22,eCO2,675.77,ppm
2026-09-26,18:24:22,Broadband,75.83,lux
2026-09-26,18:24:22,Infrared,28.33,lux
2026-09-26,18:24:52,Temperature,25.83,°C
2026-09-26,18:24:52,Humidity,50.93,%
2026-09-26,18:24:52,AQI,2.0,
2026-09-26,18:24:52,TVOC,188.73,ppb
2026-09-26,18:24:52,eCO2,678.6,ppm
2026-09-26,18:24:52,Broadband,70.17,lux
2026-09-26,18:24:52,Infrared,25.63,lux
2026-09-26,18:25:22,Temperature,25.8,°C
2026-09-26,18:25:22,Humidity,51.22,%
2026-09-26,18:25:22,AQI,2.0,
2026-09-26,18:25:22,TVOC,188.03,ppb
2026-09-26,18:25:22,eCO2,677.93,ppm
2026-09-26,18:25:22,Broadband,70.63,lux
2026-09-26,18:25:22,Infrared,25.0,lux
2026-09-26,18:25:52,Temperature,25.88,°C
2026-09-26,18:25:52,Humidity,51.2,%
2026-09-26,18:25:52,AQI,2.0,
2026-09-26,18:25:52,TVOC,193.43,ppb
2026-09-26,18:25:52,eCO2,684.63,ppm
2026-09-26,18:25:52,Broadband,69.6,lux
2026-09-26,18:25:52,Infrared,24.73,lux
2026-09-26,18:26:22,Temperature,25.86,°C
2026-09-26,18:26:22,Humidity,51.08,%
2026-09-26,18:26:22,AQI,2.0,
2026-09-26,18:26:22,TVOC,189.3,ppb
2026-09-26,18:26:22,eCO2,679.7,ppm
2026-09-26,18:26:22,Broadband,68.6,lux
2026-09-26,18:26:22,Infrared,24.0,lux
2026-09-26,18:26:52,Temperature,25.86,°C
2026-09-26,18:26:52,Humidity,51.13,%
2026-09-26,18:26:52,AQI,2.0,
2026-09-26,18:26:52,TVOC,187.53,ppb
2026-09-26,18:26:52,eCO2,677.17,ppm
2026-09-26,18:26:52,Broadband,67.6,lux
2026-09-26,18:26:52,Infrared,24.0,lux
2026-09-26,18:27:22,Temperature,25.89,°C
2026-09-26,18:27:22,Humidity,51.04,%
2026-09-26,18:27:22,AQI,2.0,
2026-09-26,18:27:22,TVOC,188.57,ppb
2026-09-26,18:27:22,eCO2,678.8,ppm
2026-09-26,18:27:22,Broadband,66.67,lux
2026-09-26,18:27:22,Infrared,23.8,lux
2026-09-26,18:27:52,Temperature,25.88,°C
2026-09-26,18:27:52,Humidity,50.98,%
2026-09-26,18:27:52,AQI,2.0,
2026-09-26,18:27:52,TVOC,190.07,ppb
2026-09-26,18:27:52,eCO2,680.6,ppm
2026-09-26,18:27:52,Broadband,65.73,lux
2026-09-26,18:27:52,Infrared,23.0,lux
2026-09-26,18:28:22,Temperature,25.85,°C
2026-09-26,18:28:22,Humidity,50.99,%
2026-09-26,18:28:22,AQI,2.0,
2026-09-26,18:28:22,TVOC,194.57,ppb
2026-09-26,18:28:22,eCO2,686.27,ppm
2026-09-26,18:28:22,Broadband,64.77,lux
2026-09-26,18:28:22,Infrared,23.0,lux
2026-09-26,18:28:52,Temperature,25.85,°C
2026-09-26,18:28:52,Humidity,50.99,%
2026-09-26,18:28:52,AQI,2.0,
2026-09-26,18:28:52,TVOC,183.0,ppb
2026-09-26,18:28:52,eCO2,671.23,ppm
2026-09-26,18:28:52,Broadband,63.8,lux
2026-09-26,18:28:52,Infrared,23.0,lux
2026-09-26,18:29:22,Temperature,25.84,°C
2026-09-26,18:29:22,Humidity,51.02,%
2026-09-26,18:29:22,AQI,2.0,
2026-09-26,18:29:22,TVOC,186.1,ppb
2026-09-26,18:29:22,eCO2,675.43,ppm
2026-09-26,18:29:22,Broadband,62.83,lux
2026-09-26,18:29:22,Infrared,22.13,lux
2026-09-26,18:29:52,Temperature,25.78,°C
2026-09-26,18:29:52,Humidity,51.17,%
2026-09-26,18:29:52,AQI,2.0,
2026-09-26,18:29:52,TVOC,185.23,ppb
2026-09-26,18:29:52,eCO2,674.4,ppm
2026-09-26,18:29:52,Broadband,61.87,lux
2026-09-26,18:29:52,Infrared,22.0,lux
2026-09-26,18:30:22,Temperature,25.79,°C
2026-09-26,18:30:22,Humidity,51.21,%
2026-09-26,18:30:22,AQI,2.0,
2026-09-26,18:30:22,TVOC,181.03,ppb
2026-09-26,18:30:22,eCO2,668.93,ppm
2026-09-26,18:30:22,Broadband,60.87,lux
2026-09-26,18:30:22,Infrared,22.0,lux
2026-09-26,18:30:52,Temperature,25.78,°C
2026-09-26,18:30:52,Humidity,51.31,%
2026-09-26,18:30:52,AQI,2.0,
2026-09-26,18:30:52,TVOC,179.67,ppb
2026-09-26,18:30:52,eCO2,666.77,ppm
2026-09-26,18:30:52,Broadband,59.9,lux
2026-09-26,18:30:52,Infrared,21.3,lux
2026-09-26,18:31:22,Temperature,25.82,°C
2026-09-26,18:31:22,Humidity,51.22,%
2026-09-26,18:31:22,AQI,2.0,
2026-09-26,18:31:22,TVOC,183.77,ppb
2026-09-26,18:31:22,eCO2,672.43,ppm
2026-09-26,18:31:22,Broadband,58.93,lux
2026-09-26,18:31:22,Infrared,21.0,lux
2026-09-26,18:31:52,Temperature,25.82,°C
2026-09-26,18:31:52,Humidity,51.2,%
2026-09-26,18:31:52,AQI,2.0,
2026-09-26,18:31:52,TVOC,183.73,ppb
2026-09-26,18:31:52,eCO2,672.47,ppm
2026-09-26,18:31:52,Broadband,57.97,lux
2026-09-26,18:31:52,Infrared,21.0,lux
2026-09-26,18:32:22,Temperature,25.83,°C
2026-09-26,18:32:22,Humidity,51.06,%
2026-09-26,18:32:22,AQI,2.0,
2026-09-26,18:32:22,TVOC,180.17,ppb
2026-09-26,18:32:22,eCO2,667.63,ppm
2026-09-26,18:32:22,Broadband,57.0,lux
2026-09-26,18:32:22,Infrared,20.67,lux
2026-09-26,18:32:52,Temperature,25.82,°C
2026-09-26,18:32:52,Humidity,51.03,%
2026-09-26,18:32:52,AQI,2.0,
2026-09-26,18:32:52,TVOC,181.07,ppb
2026-09-26,18:32:52,eCO2,668.93,ppm
2026-09-26,18:32:52,Broadband,56.03,lux
2026-09-26,18:32:52,Infrared,20.0,lux
2026-09-26,18:33:22,Temperature,25.82,°C
2026-09-26,18:33:22,Humidity,50.96,%
2026-09-26,18:33:22,AQI,2.0,
2026-09-26,18:33:22,TVOC,175.2,ppb
2026-09-26,18:33:22,eCO2,661.3,ppm
2026-09-26,18:33:22,Broadband,55.07,lux
2026-09-26,18:33:22,Infrared,20.0,lux
2026-09-26,18:33:52,Temperature,25.79,°C
2026-09-26,18:33:52,Humidity,50.96,%
2026-09-26,18:33:52,AQI,2.0,
2026-09-26,18:33:52,TVOC,173.43,ppb
2026-09-26,18:33:52,eCO2,658.77,ppm
2026-09-26,18:33:52,Broadband,54.07,lux
2026-09-26,18:33:52,Infrared,20.0,lux
2026-09-26,18:34:22,Temperature,25.75,°C
2026-09-26,18:34:22,Humidity,50.92,%
2026-09-26,18:34:22,AQI,2.0,
2026-09-26,18:34:22,TVOC,175.43,ppb
2026-09-26,18:34:22,eCO2,661.47,ppm
2026-09-26,18:34:22,Broadband,53.1,lux
2026-09-26,18:34:22,Infrared,19.0,lux
2026-09-26,18:34:52,Temperature,25.74,°C
2026-09-26,18:34:52,Humidity,50.92,%
2026-09-26,18:34:52,AQI,2.0,
2026-09-26,18:34:52,TVOC,179.33,ppb
2026-09-26,18:34:52,eCO2,666.6,ppm
2026-09-26,18:34:52,Broadband,52.1,lux
2026-09-26,18:34:52,Infrared,19.0,lux
2026-09-26,18:35:22,Temperature,25.76,°C
2026-09-26,18:35:22,Humidity,50.91,%
2026-09-26,18:35:22,AQI,2.0,
2026-09-26,18:35:22,TVOC,175.2,ppb
2026-09-26,18:35:22,eCO2,661.23,ppm
2026-09-26,18:35:22,Broadband,51.13,lux
2026-09-26,18:35:22,Infrared,19.0,lux
2026-09-26,18:35:52,Temperature,25.74,°C
2026-09-26,18:35:52,Humidity,50.87,%
2026-09-26,18:35:52,AQI,2.0,
2026-09-26,18:35:52,TVOC,168.4,ppb
2026-09-26,18:35:52,eCO2,652.1,ppm
2026-09-26,18:35:52,Broadband,50.13,lux
2026-09-26,18:35:52,Infrared,18.13,lux
2026-09-26,18:36:22,Temperature,25.7,°C
2026-09-26,18:36:22,Humidity,50.87,%
2026-09-26,18:36:22,AQI,2.0,
2026-09-26,18:36:22,TVOC,157.67,ppb
2026-09-26,18:36:22,eCO2,637.4,ppm
2026-09-26,18:36:22,Broadband,49.17,lux
2026-09-26,18:36:22,Infrared,18.0,lux
2026-09-26,18:36:52,Temperature,25.66,°C
2026-09-26,18:36:52,Humidity,50.98,%
2026-09-26,18:36:52,AQI,2.0,
2026-09-26,18:36:52,TVOC,153.73,ppb
2026-09-26,18:36:52,eCO2,632.0,ppm
2026-09-26,18:36:52,Broadband,48.2,lux
2026-09-26,18:36:52,Infrared,18.0,lux
2026-09-26,18:37:22,Temperature,25.75,°C
2026-09-26,18:37:22,Humidity,51.01,%
2026-09-26,18:37:22,AQI,2.0,
2026-09-26,18:37:22,TVOC,164.23,ppb
2026-09-26,18:37:22,eCO2,646.4,ppm
2026-09-26,18:37:22,Broadband,47.23,lux
2026-09-26,18:37:22,Infrared,17.37,lux
2026-09-26,18:37:52,Temperature,25.8,°C
2026-09-26,18:37:52,Humidity,50.85,%
2026-09-26,18:37:52,AQI,2.0,
2026-09-26,18:37:52,TVOC,164.23,ppb
2026-09-26,18:37:52,eCO2,646.5,ppm
2026-09-26,18:37:52,Broadband,46.23,lux
2026-09-26,18:37:52,Infrared,17.0,lux
2026-09-26,18:38:22,Temperature,25.78,°C
2026-09-26,18:38:22,Humidity,50.79,%
2026-09-26,18:38:22,AQI,2.0,
2026-09-26,18:38:22,TVOC,166.63,ppb
2026-09-26,18:38:22,eCO2,649.77,ppm
2026-09-26,18:38:22,Broadband,45.2,lux
2026-09-26,18:38:22,Infrared,17.0,lux
2026-09-26,18:38:52,Temperature,25.77,°C
2026-09-26,18:38:52,Humidity,50.81,%
2026-09-26,18:38:52,AQI,2.0,
2026-09-26,18:38:52,TVOC,158.2,ppb
2026-09-26,18:38:52,eCO2,638.03,ppm
2026-09-26,18:38:52,Broadband,44.2,lux
2026-09-26,18:38:52,Infrared,16.3,lux
2026-09-26,18:39:22,Temperature,25.83,°C
2026-09-26,18:39:22,Humidity,50.74,%
2026-09-26,18:39:22,AQI,2.0,
2026-09-26,18:39:22,TVOC,155.93,ppb
2026-09-26,18:39:22,eCO2,635.07,ppm
2026-09-26,18:39:22,Broadband,43.17,lux
2026-09-26,18:39:22,Infrared,16.0,lux
2026-09-26,18:39:52,Temperature,25.84,°C
2026-09-26,18:39:52,Humidity,50.82,%
2026-09-26,18:39:52,AQI,2.0,
2026-09-26,18:39:52,TVOC,168.03,ppb
2026-09-26,18:39:52,eCO2,651.9,ppm
2026-09-26,18:39:52,Broadband,42.1,lux
2026-09-26,18:39:52,Infrared,15.87,lux
2026-09-26,18:40:22,Temperature,25.81,°C
2026-09-26,18:40:22,Humidity,50.81,%
2026-09-26,18:40:22,AQI,2.0,
2026-09-26,18:40:22,TVOC,172.97,ppb
2026-09-26,18:40:22,eCO2,658.17,ppm
2026-09-26,18:40:22,Broadband,40.93,lux
2026-09-26,18:40:22,Infrared,15.0,lux
2026-09-26,18:40:52,Temperature,25.81,°C
2026-09-26,18:40:52,Humidity,50.96,%
2026-09-26,18:40:52,AQI,2.0,
2026-09-26,18:40:52,TVOC,173.1,ppb
2026-09-26,18:40:52,eCO2,658.37,ppm
2026-09-26,18:40:52,Broadband,39.83,lux
2026-09-26,18:40:52,Infrared,15.0,lux
2026-09-26,18:41:22,Temperature,25.77,°C
2026-09-26,18:41:22,Humidity,51.03,%
2026-09-26,18:41:22,AQI,2.0,
2026-09-26,18:41:22,TVOC,172.9,ppb
2026-09-26,18:41:22,eCO2,658.17,ppm
2026-09-26,18:41:22,Broadband,38.77,lux
2026-09-26,18:41:22,Infrared,14.3,lux
2026-09-26,18:41:52,Temperature,25.79,°C
2026-09-26,18:41:52,Humidity,51.05,%
2026-09-26,18:41:52,AQI,2.0,
2026-09-26,18:41:52,TVOC,172.47,ppb
2026-09-26,18:41:52,eCO2,657.6,ppm
2026-09-26,18:41:52,Broadband,37.73,lux
2026-09-26,18:41:52,Infrared,14.0,lux
2026-09-26,18:42:22,Temperature,25.82,°C
2026-09-26,18:42:22,Humidity,50.92,%
2026-09-26,18:42:22,AQI,2.0,
2026-09-26,18:42:22,TVOC,175.43,ppb
2026-09-26,18:42:22,eCO2,661.37,ppm
2026-09-26,18:42:22,Broadband,36.7,lux
2026-09-26,18:42:22,Infrared,13.93,lux
2026-09-26,18:42:52,Temperature,25.83,°C
2026-09-26,18:42:52,Humidity,50.92,%
2026-09-26,18:42:52,AQI,2.0,
2026-09-26,18:42:52,TVOC,172.63,ppb
2026-09-26,18:42:52,eCO2,657.77,ppm
2026-09-26,18:42:52,Broadband,35.6,lux
2026-09-26,18:42:52,Infrared,13.0,lux
2026-09-26,18:43:22,Temperature,25.87,°C
2026-09-26,18:43:22,Humidity,51.11,%
2026-09-26,18:43:22,AQI,2.0,
2026-09-26,18:43:22,TVOC,162.37,ppb
2026-09-26,18:43:22,eCO2,643.9,ppm
2026-09-26,18:43:22,Broadband,34.5,lux
2026-09-26,18:43:22,Infrared,13.0,lux
2026-09-26,18:43:52,Temperature,25.84,°C
2026-09-26,18:43:52,Humidity,51.13,%
2026-09-26,18:43:52,AQI,2.0,
2026-09-26,18:43:52,TVOC,169.13,ppb
2026-09-26,18:43:52,eCO2,653.27,ppm
2026-09-26,18:43:52,Broadband,33.37,lux
2026-09-26,18:43:52,Infrared,12.13,lux
2026-09-26,18:44:22,Temperature,25.83,°C
2026-09-26,18:44:22,Humidity,51.16,%
2026-09-26,18:44:22,AQI,2.0,
2026-09-26,18:44:22,TVOC,166.23,ppb
2026-09-26,18:44:22,eCO2,649.1,ppm
2026-09-26,18:44:22,Broadband,32.23,lux
2026-09-26,18:44:22,Infrared,12.0,lux
2026-09-26,18:44:52,Temperature,25.85,°C
2026-09-26,18:44:52,Humidity,51.18,%
2026-09-26,18:44:52,AQI,2.0,
2026-09-26,18:44:52,TVOC,165.0,ppb
2026-09-26,18:44:52,eCO2,647.43,ppm
2026-09-26,18:44:52,Broadband,31.13,lux
2026-09-26,18:44:52,Infrared,11.33,lux
2026-09-26,18:45:22,Temperature,25.79,°C
2026-09-26,18:45:22,Humidity,51.16,%
2026-09-26,18:45:22,AQI,2.0,
2026-09-26,18:45:22,TVOC,168.2,ppb
2026-09-26,18:45:22,eCO2,651.8,ppm
2026-09-26,18:45:22,Broadband,30.1,lux
2026-09-26,18:45:22,Infrared,11.0,lux
2026-09-26,18:45:52,Temperature,25.8,°C
2026-09-26,18:45:52,Humidity,51.07,%
2026-09-26,18:45:52,AQI,2.0,
2026-09-26,18:45:52,TVOC,170.27,ppb
2026-09-26,18:45:52,eCO2,654.87,ppm
2026-09-26,18:45:52,Broadband,29.1,lux
2026-09-26,18:45:52,Infrared,10.9,lux
2026-09-26,18:46:22,Temperature,25.78,°C
2026-09-26,18:46:22,Humidity,51.15,%
2026-09-26,18:46:22,AQI,2.0,
2026-09-26,18:46:22,TVOC,166.93,ppb
2026-09-26,18:46:22,eCO2,650.07,ppm
2026-09-26,18:46:22,Broadband,28.13,lux
2026-09-26,18:46:22,Infrared,10.0,lux
2026-09-26,18:46:52,Temperature,25.78,°C
2026-09-26,18:46:52,Humidity,51.09,%
2026-09-26,18:46:52,AQI,2.0,
2026-09-26,18:46:52,TVOC,172.2,ppb
2026-09-26,18:46:52,eCO2,657.23,ppm
2026-09-26,18:46:52,Broadband,27.2,lux
2026-09-26,18:46:52,Infrared,10.0,lux
2026-09-26,18:47:22,Temperature,25.76,°C
2026-09-26,18:47:22,Humidity,51.04,%
2026-09-26,18:47:22,AQI,2.0,
2026-09-26,18:47:22,TVOC,169.07,ppb
2026-09-26,18:47:22,eCO2,653.07,ppm
2026-09-26,18:47:22,Broadband,26.3,lux
2026-09-26,18:47:22,Infrared,9.7,lux
2026-09-26,18:47:52,Temperature,25.79,°C
2026-09-26,18:47:52,Humidity,50.97,%
2026-09-26,18:47:52,AQI,2.0,
2026-09-26,18:47:52,TVOC,171.0,ppb
2026-09-26,18:47:52,eCO2,655.67,ppm
2026-09-26,18:47:52,Broadband,25.4,lux
2026-09-26,18:47:52,Infrared,9.0,lux
2026-09-26,18:48:22,Temperature,25.77,°C
2026-09-26,18:48:22,Humidity,50.9,%
2026-09-26,18:48:22,AQI,2.0,
2026-09-26,18:48:22,TVOC,169.77,ppb
2026-09-26,18:48:22,eCO2,653.97,ppm
2026-09-26,18:48:22,Broadband,24.57,lux
2026-09-26,18:48:22,Infrared,9.0,lux
2026-09-26,18:48:52,Temperature,25.77,°C
2026-09-26,18:48:52,Humidity,50.93,%
2026-09-26,18:48:52,AQI,2.0,
2026-09-26,18:48:52,TVOC,170.57,ppb
2026-09-26,18:48:52,eCO2,655.03,ppm
2026-09-26,18:48:52,Broadband,23.73,lux
2026-09-26,18:48:52,Infrared,8.77,lux
2026-09-26,18:49:22,Temperature,25.81,°C
2026-09-26,18:49:22,Humidity,50.99,%
2026-09-26,18:49:22,AQI,2.0,
2026-09-26,18:49:22,TVOC,167.33,ppb
2026-09-26,18:49:22,eCO2,650.83,ppm
2026-09-26,18:49:22,Broadband,23.0,lux
2026-09-26,18:49:22,Infrared,8.0,lux
2026-09-26,18:49:52,Temperature,25.79,°C
2026-09-26,18:49:52,Humidity,50.94,%
2026-09-26,18:49:52,AQI,2.0,
2026-09-26,18:49:52,TVOC,165.07,ppb
2026-09-26,18:49:52,eCO2,647.5,ppm
2026-09-26,18:49:52,Broadband,22.0,lux
2026-09-26,18:49:52,Infrared,8.0,lux
2026-09-26,18:50:22,Temperature,25.76,°C
2026-09-26,18:50:22,Humidity,50.99,%
2026-09-26,18:50:22,AQI,2.0,
2026-09-26,18:50:22,TVOC,162.87,ppb
2026-09-26,18:50:22,eCO2,644.67,ppm
2026-09-26,18:50:22,Broadband,21.27,lux
2026-09-26,18:50:22,Infrared,8.0,lux
2026-09-26,18:50:52,Temperature,25.76,°C
2026-09-26,18:50:52,Humidity,50.97,%
2026-09-26,18:50:52,AQI,2.0,
2026-09-26,18:50:52,TVOC,159.47,ppb
2026-09-26,18:50:52,eCO2,639.87,ppm
2026-09-26,18:50:52,Broadband,20.6,lux
2026-09-26,18:50:52,Infrared,7.27,lux
2026-09-26,18:51:22,Temperature,25.69,°C
2026-09-26,18:51:22,Humidity,50.99,%
2026-09-26,18:51:22,AQI,2.0,
2026-09-26,18:51:22,TVOC,156.47,ppb
2026-09-26,18:51:22,eCO2,635.77,ppm
2026-09-26,18:51:22,Broadband,20.0,lux
2026-09-26,18:51:22,Infrared,7.0,lux
2026-09-26,18:51:52,Temperature,25.65,°C
2026-09-26,18:51:52,Humidity,51.08,%
2026-09-26,18:51:52,AQI,2.0,
2026-09-26,18:51:52,TVOC,151.23,ppb
2026-09-26,18:51:52,eCO2,628.43,ppm
2026-09-26,18:51:52,Broadband,19.03,lux
2026-09-26,18:51:52,Infrared,7.0,lux
2026-09-26,18:52:22,Temperature,25.66,°C
2026-09-26,18:52:22,Humidity,51.14,%
2026-09-26,18:52:22,AQI,2.0,
2026-09-26,18:52:22,TVOC,153.57,ppb
2026-09-26,18:52:22,eCO2,631.53,ppm
2026-09-26,18:52:22,Broadband,18.5,lux
2026-09-26,18:52:22,Infrared,7.0,lux
2026-09-26,18:52:52,Temperature,25.69,°C
2026-09-26,18:52:52,Humidity,51.15,%
2026-09-26,18:52:52,AQI,2.0,
2026-09-26,18:52:52,TVOC,156.97,ppb
2026-09-26,18:52:52,eCO2,636.27,ppm
2026-09-26,18:52:52,Broadband,18.0,lux
2026-09-26,18:52:52,Infrared,6.53,lux
2026-09-26,18:53:22,Temperature,25.78,°C
2026-09-26,18:53:22,Humidity,51.04,%
2026-09-26,18:53:22,AQI,2.0,
2026-09-26,18:53:22,TVOC,149.7,ppb
2026-09-26,18:53:22,eCO2,626.13,ppm
2026-09-26,18:53:22,Broadband,17.1,lux
2026-09-26,18:53:22,Infrared,6.0,lux
2026-09-26,18:53:52,Temperature,25.75,°C
2026-09-26,18:53:52,Humidity,50.94,%
2026-09-26,18:53:52,AQI,2.0,
2026-09-26,18:53:52,TVOC,153.23,ppb
2026-09-26,18:53:52,eCO2,631.23,ppm
2026-09-26,18:53:52,Broadband,16.83,lux
2026-09-26,18:53:52,Infrared,6.0,lux
2026-09-26,18:54:22,Temperature,25.75,°C
2026-09-26,18:54:22,Humidity,51.1,%
2026-09-26,18:54:22,AQI,2.0,
2026-09-26,18:54:22,TVOC,153.87,ppb
2026-09-26,18:54:22,eCO2,631.87,ppm
2026-09-26,18:54:22,Broadband,16.0,lux
2026-09-26,18:54:22,Infrared,6.0,lux
2026-09-26,18:54:52,Temperature,25.84,°C
2026-09-26,18:54:52,Humidity,51.12,%
2026-09-26,18:54:52,AQI,2.0,
2026-09-26,18:54:52,TVOC,152.23,ppb
2026-09-26,18:54:52,eCO2,629.77,ppm
2026-09-26,18:54:52,Broadband,15.57,lux
2026-09-26,18:54:52,Infrared,6.0,lux
2026-09-26,18:55:22,Temperature,25.83,°C
2026-09-26,18:55:22,Humidity,51.0,%
2026-09-26,18:55:22,AQI,2.0,
2026-09-26,18:55:22,TVOC,154.97,ppb
2026-09-26,18:55:22,eCO2,633.53,ppm
2026-09-26,18:55:22,Broadband,15.0,lux
2026-09-26,18:55:22,Infrared,6.0,lux
2026-09-26,18:55:52,Temperature,25.81,°C
2026-09-26,18:55:52,Humidity,50.84,%
2026-09-26,18:55:52,AQI,2.0,
2026-09-26,18:55:52,TVOC,162.3,ppb
2026-09-26,18:55:52,eCO2,643.83,ppm
2026-09-26,18:55:52,Broadband,14.43,lux
2026-09-26,18:55:52,Infrared,5.1,lux
2026-09-26,18:56:22,Temperature,25.78,°C
2026-09-26,18:56:22,Humidity,50.83,%
2026-09-26,18:56:22,AQI,2.0,
2026-09-26,18:56:22,TVOC,157.67,ppb
2026-09-26,18:56:22,eCO2,637.47,ppm
2026-09-26,18:56:22,Broadband,14.0,lux
2026-09-26,18:56:22,Infrared,5.0,lux
2026-09-26,18:56:52,Temperature,25.76,°C
2026-09-26,18:56:52,Humidity,50.84,%
2026-09-26,18:56:52,AQI,2.0,
2026-09-26,18:56:52,TVOC,159.37,ppb
2026-09-26,18:56:52,eCO2,639.83,ppm
2026-09-26,18:56:52,Broadband,13.43,lux
2026-09-26,18:56:52,Infrared,5.0,lux
2026-09-26,18:57:22,Temperature,25.73,°C
2026-09-26,18:57:22,Humidity,50.91,%
2026-09-26,18:57:22,AQI,2.0,
2026-09-26,18:57:22,TVOC,160.2,ppb
2026-09-26,18:57:22,eCO2,641.07,ppm
2026-09-26,18:57:22,Broadband,13.0,lux
2026-09-26,18:57:22,Infrared,5.0,lux
2026-09-26,18:57:52,Temperature,25.75,°C
2026-09-26,18:57:52,Humidity,50.96,%
2026-09-26,18:57:52,AQI,2.0,
2026-09-26,18:57:52,TVOC,165.37,ppb
2026-09-26,18:57:52,eCO2,648.1,ppm
2026-09-26,18:57:52,Broadband,12.5,lux
2026-09-26,18:57:52,Infrared,5.0,lux
2026-09-26,18:58:22,Temperature,25.76,°C
2026-09-26,18:58:22,Humidity,50.96,%
2026-09-26,18:58:22,AQI,2.0,
2026-09-26,18:58:22,TVOC,165.7,ppb
2026-09-26,18:58:22,eCO2,648.33,ppm
2026-09-26,18:58:22,Broadband,12.0,lux
2026-09-26,18:58:22,Infrared,5.0,lux
2026-09-26,18:58:52,Temperature,25.8,°C
2026-09-26,18:58:52,Humidity,51.02,%
2026-09-26,18:58:52,AQI,2.0,
2026-09-26,18:58:52,TVOC,165.2,ppb
2026-09-26,18:58:52,eCO2,647.8,ppm
2026-09-26,18:58:52,Broadband,11.7,lux
2026-09-26,18:58:52,Infrared,4.73,lux
2026-09-26,18:59:22,Temperature,25.82,°C
2026-09-26,18:59:22,Humidity,51.02,%
2026-09-26,18:59:22,AQI,2.0,
2026-09-26,18:59:22,TVOC,166.2,ppb
2026-09-26,18:59:22,eCO2,649.07,ppm
2026-09-26,18:59:22,Broadband,11.0,lux
2026-09-26,18:59:22,Infrared,4.0,lux
2026-09-26,18:59:52,Temperature,25.73,°C
2026-09-26,18:59:52,Humidity,51.07,%
2026-09-26,18:59:52,AQI,2.0,
2026-09-26,18:59:52,TVOC,167.93,ppb
2026-09-26,18:59:52,eCO2,651.43,ppm
2026-09-26,18:59:52,Broadband,10.5,lux
2026-09-26,18:59:52,Infrared,4.23,lux
2026-09-26,19:00:22,Temperature,25.67,°C
2026-09-26,19:00:22,Humidity,51.11,%
2026-09-26,19:00:22,AQI,2.0,
2026-09-26,19:00:22,TVOC,169.23,ppb
2026-09-26,19:00:22,eCO2,653.2,ppm
2026-09-26,19:00:22,Broadband,10.2,lux
2026-09-26,19:00:22,Infrared,4.03,lux
2026-09-26,19:00:52,Temperature,25.62,°C
2026-09-26,19:00:52,Humidity,51.22,%
2026-09-26,19:00:52,AQI,2.0,
2026-09-26,19:00:52,TVOC,167.57,ppb
2026-09-26,19:00:52,eCO2,651.0,ppm
2026-09-26,19:00:52,Broadband,9.93,lux
2026-09-26,19:00:52,Infrared,4.0,lux
2026-09-26,19:01:22,Temperature,25.67,°C
2026-09-26,19:01:22,Humidity,51.37,%
2026-09-26,19:01:22,AQI,2.0,
2026-09-26,19:01:22,TVOC,172.13,ppb
2026-09-26,19:01:22,eCO2,657.23,ppm
2026-09-26,19:01:22,Broadband,9.33,lux
2026-09-26,19:01:22,Infrared,4.0,lux
2026-09-26,19:01:52,Temperature,25.67,°C
2026-09-26,19:01:52,Humidity,51.33,%
2026-09-26,19:01:52,AQI,2.0,
2026-09-26,19:01:52,TVOC,174.13,ppb
2026-09-26,19:01:52,eCO2,659.67,ppm
2026-09-26,19:01:52,Broadband,9.0,lux
2026-09-26,19:01:52,Infrared,4.0,lux
2026-09-26,19:02:22,Temperature,25.75,°C
2026-09-26,19:02:22,Humidity,51.33,%
2026-09-26,19:02:22,AQI,2.0,
2026-09-26,19:02:22,TVOC,179.1,ppb
2026-09-26,19:02:22,eCO2,666.37,ppm
2026-09-26,19:02:22,Broadband,8.83,lux
2026-09-26,19:02:22,Infrared,3.8,lux
2026-09-26,19:02:52,Temperature,25.8,°C
2026-09-26,19:02:52,Humidity,51.25,%
2026-09-26,19:02:52,AQI,2.0,
2026-09-26,19:02:52,TVOC,188.33,ppb
2026-09-26,19:02:52,eCO2,678.33,ppm
2026-09-26,19:02:52,Broadband,8.0,lux
2026-09-26,19:02:52,Infrared,3.0,lux
2026-09-26,19:03:22,Temperature,25.83,°C
2026-09-26,19:03:22,Humidity,51.28,%
2026-09-26,19:03:22,AQI,2.0,
2026-09-26,19:03:22,TVOC,191.17,ppb
2026-09-26,19:03:22,eCO2,682.07,ppm
2026-09-26,19:03:22,Broadband,8.0,lux
2026-09-26,19:03:22,Infrared,3.0,lux
2026-09-26,19:03:52,Temperature,25.82,°C
2026-09-26,19:03:52,Humidity,51.18,%
2026-09-26,19:03:52,AQI,2.0,
2026-09-26,19:03:52,TVOC,195.07,ppb
2026-09-26,19:03:52,eCO2,686.93,ppm
2026-09-26,19:03:52,Broadband,7.57,lux
2026-09-26,19:03:52,Infrared,3.0,lux
2026-09-26,19:04:22,Temperature,25.76,°C
2026-09-26,19:04:22,Humidity,51.64,%
2026-09-26,19:04:22,AQI,2.67,
2026-09-26,19:04:22,TVOC,225.77,ppb
2026-09-26,19:04:22,eCO2,723.57,ppm
2026-09-26,19:04:22,Broadband,7.0,lux
2026-09-26,19:04:22,Infrared,3.0,lux
2026-09-26,19:04:52,Temperature,25.67,°C
2026-09-26,19:04:52,Humidity,52.63,%
2026-09-26,19:04:52,AQI,3.0,
2026-09-26,19:04:52,TVOC,244.9,ppb
2026-09-26,19:04:52,eCO2,745.83,ppm
2026-09-26,19:04:52,Broadband,7.0,lux
2026-09-26,19:04:52,Infrared,3.0,lux
2026-09-26,19:05:22,Temperature,25.62,°C
2026-09-26,19:05:22,Humidity,53.31,%
2026-09-26,19:05:22,AQI,3.0,
2026-09-26,19:05:22,TVOC,263.33,ppb
2026-09-26,19:05:22,eCO2,766.13,ppm
2026-09-26,19:05:22,Broadband,6.5,lux
2026-09-26,19:05:22,Infrared,3.0,lux
2026-09-26,19:05:52,Temperature,25.57,°C
2026-09-26,19:05:52,Humidity,53.59,%
2026-09-26,19:05:52,AQI,3.0,
2026-09-26,19:05:52,TVOC,268.57,ppb
2026-09-26,19:05:52,eCO2,771.6,ppm
2026-09-26,19:05:52,Broadband,6.0,lux
2026-09-26,19:05:52,Infrared,3.0,lux
2026-09-26,19:06:22,Temperature,25.53,°C
2026-09-26,19:06:22,Humidity,53.83,%
2026-09-26,19:06:22,AQI,3.0,
2026-09-26,19:06:22,TVOC,265.5,ppb
2026-09-26,19:06:22,eCO2,768.03,ppm
2026-09-26,19:06:22,Broadband,6.0,lux
2026-09-26,19:06:22,Infrared,2.7,lux
2026-09-26,19:06:52,Temperature,25.54,°C
2026-09-26,19:06:52,Humidity,53.79,%
2026-09-26,19:06:52,AQI,3.0,
2026-09-26,19:06:52,TVOC,261.27,ppb
2026-09-26,19:06:52,eCO2,763.77,ppm
2026-09-26,19:06:52,Broadband,5.7,lux
2026-09-26,19:06:52,Infrared,2.0,lux
2026-09-26,19:07:22,Temperature,25.57,°C
2026-09-26,19:07:22,Humidity,53.79,%
2026-09-26,19:07:22,AQI,3.0,
2026-09-26,19:07:22,TVOC,259.57,ppb
2026-09-26,19:07:22,eCO2,761.87,ppm
2026-09-26,19:07:22,Broadband,5.0,lux
2026-09-26,19:07:22,Infrared,2.0,lux
2026-09-26,19:07:52,Temperature,25.6,°C
2026-09-26,19:07:52,Humidity,53.79,%
2026-09-26,19:07:52,AQI,3.0,
2026-09-26,19:07:52,TVOC,253.67,ppb
2026-09-26,19:07:52,eCO2,755.37,ppm
2026-09-26,19:07:52,Broadband,5.0,lux
2026-09-26,19:07:52,Infrared,2.0,lux
2026-09-26,19:08:22,Temperature,25.7,°C
2026-09-26,19:08:22,Humidity,53.29,%
2026-09-26,19:08:22,AQI,3.0,
2026-09-26,19:08:22,TVOC,238.47,ppb
2026-09-26,19:08:22,eCO2,738.57,ppm
2026-09-26,19:08:22,Broadband,5.0,lux
2026-09-26,19:08:22,Infrared,2.0,lux
2026-09-26,19:08:52,Temperature,25.7,°C
2026-09-26,19:08:52,Humidity,53.21,%
2026-09-26,19:08:52,AQI,3.0,
2026-09-26,19:08:52,TVOC,238.47,ppb
2026-09-26,19:08:52,eCO2,738.6,ppm
2026-09-26,19:08:52,Broadband,4.33,lux
2026-09-26,19:08:52,Infrared,2.0,lux
2026-09-26,19:09:22,Temperature,25.72,°C
2026-09-26,19:09:22,Humidity,53.16,%
2026-09-26,19:09:22,AQI,3.0,
2026-09-26,19:09:22,TVOC,236.03,ppb
2026-09-26,19:09:22,eCO2,735.83,ppm
2026-09-26,19:09:22,Broadband,4.0,lux
2026-09-26,19:09:22,Infrared,2.0,lux
2026-09-26,19:09:52,Temperature,25.73,°C
2026-09-26,19:09:52,Humidity,52.99,%
2026-09-26,19:09:52,AQI,2.73,
2026-09-26,19:09:52,TVOC,224.33,ppb
2026-09-26,19:09:52,eCO2,722.47,ppm
2026-09-26,19:09:52,Broadband,4.0,lux
2026-09-26,19:09:52,Infrared,2.0,lux
2026-09-26,19:10:22,Temperature,25.72,°C
2026-09-26,19:10:22,Humidity,53.06,%
2026-09-26,19:10:22,AQI,2.47,
2026-09-26,19:10:22,TVOC,220.8,ppb
2026-09-26,19:10:22,eCO2,718.17,ppm
2026-09-26,19:10:22,Broadband,4.0,lux
2026-09-26,19:10:22,Infrared,2.0,lux
2026-09-26,19:10:52,Temperature,25.71,°C
2026-09-26,19:10:52,Humidity,53.02,%
2026-09-26,19:10:52,AQI,2.1,
2026-09-26,19:10:52,TVOC,214.2,ppb
2026-09-26,19:10:52,eCO2,710.3,ppm
2026-09-26,19:10:52,Broadband,3.67,lux
2026-09-26,19:10:52,Infrared,2.0,lux
2026-09-26,19:11:22,Temperature,25.67,°C
2026-09-26,19:11:22,Humidity,53.06,%
2026-09-26,19:11:22,AQI,2.03,
2026-09-26,19:11:22,TVOC,206.47,ppb
2026-09-26,19:11:22,eCO2,701.03,ppm
2026-09-26,19:11:22,Broadband,3.0,lux
2026-09-26,19:11:22,Infrared,1.53,lux
2026-09-26,19:11:52,Temperature,25.69,°C
2026-09-26,19:11:52,Humidity,52.88,%
2026-09-26,19:11:52,AQI,2.1,
2026-09-26,19:11:52,TVOC,208.67,ppb
2026-09-26,19:11:52,eCO2,703.87,ppm
2026-09-26,19:11:52,Broadband,3.0,lux
2026-09-26,19:11:52,Infrared,1.0,lux
2026-09-26,19:12:22,Temperature,25.67,°C
2026-09-26,19:12:22,Humidity,52.83,%
2026-09-26,19:12:22,AQI,2.0,
2026-09-26,19:12:22,TVOC,198.23,ppb
2026-09-26,19:12:22,eCO2,690.77,ppm
2026-09-26,19:12:22,Broadband,3.0,lux
2026-09-26,19:12:22,Infrared,1.0,lux
2026-09-26,19:12:52,Temperature,25.67,°C
2026-09-26,19:12:52,Humidity,52.8,%
2026-09-26,19:12:52,AQI,2.0,
2026-09-26,19:12:52,TVOC,193.23,ppb
2026-09-26,19:12:52,eCO2,684.53,ppm
2026-09-26,19:12:52,Broadband,3.0,lux
2026-09-26,19:12:52,Infrared,1.0,lux
2026-09-26,19:13:22,Temperature,25.7,°C
2026-09-26,19:13:22,Humidity,52.6,%
2026-09-26,19:13:22,AQI,2.03,
2026-09-26,19:13:22,TVOC,200.53,ppb
2026-09-26,19:13:22,eCO2,693.77,ppm
2026-09-26,19:13:22,Broadband,3.0,lux
2026-09-26,19:13:22,Infrared,1.0,lux
2026-09-26,19:13:52,Temperature,25.69,°C
2026-09-26,19:13:52,Humidity,52.49,%
2026-09-26,19:13:52,AQI,2.0,
2026-09-26,19:13:52,TVOC,190.9,ppb
2026-09-26,19:13:52,eCO2,681.57,ppm
2026-09-26,19:13:52,Broadband,2.0,lux
2026-09-26,19:13:52,Infrared,1.0,lux
2026-09-26,19:14:22,Temperature,25.7,°C
2026-09-26,19:14:22,Humidity,52.37,%
2026-09-26,19:14:22,AQI,2.0,
2026-09-26,19:14:22,TVOC,186.93,ppb
2026-09-26,19:14:22,eCO2,676.43,ppm
2026-09-26,19:14:22,Broadband,2.0,lux
2026-09-26,19:14:22,Infrared,1.0,lux
2026-09-26,19:14:52,Temperature,25.69,°C
2026-09-26,19:14:52,Humidity,52.28,%
2026-09-26,19:14:52,AQI,2.0,
2026-09-26,19:14:52,TVOC,189.33,ppb
2026-09-26,19:14:52,eCO2,679.63,ppm
2026-09-26,19:14:52,Broadband,2.0,lux
2026-09-26,19:14:52,Infrared,1.0,lux
2026-09-26,19:15:22,Temperature,25.67,°C
2026-09-26,19:15:22,Humidity,52.23,%
2026-09-26,19:15:22,AQI,2.0,
2026-09-26,19:15:22,TVOC,177.97,ppb
2026-09-26,19:15:22,eCO2,664.83,ppm
2026-09-26,19:15:22,Broadband,2.0,lux
2026-09-26,19:15:22,Infrared,1.0,lux
2026-09-26,19:15:52,Temperature,25.68,°C
2026-09-26,19:15:52,Humidity,52.2,%
2026-09-26,19:15:52,AQI,2.0,
2026-09-26,19:15:52,TVOC,177.3,ppb
2026-09-26,19:15:52,eCO2,663.7,ppm
2026-09-26,19:15:52,Broadband,2.0,lux
2026-09-26,19:15:52,Infrared,1.0,lux
2026-09-26,19:16:22,Temperature,25.7,°C
2026-09-26,19:16:22,Humidity,52.11,%
2026-09-26,19:16:22,AQI,2.0,
2026-09-26,19:16:22,TVOC,178.8,ppb
2026-09-26,19:16:22,eCO2,665.97,ppm
2026-09-26,19:16:22,Broadband,2.0,lux
2026-09-26,19:16:22,Infrared,1.0,lux
2026-09-26,19:16:52,Temperature,25.71,°C
2026-09-26,19:16:52,Humidity,51.97,%
2026-09-26,19:16:52,AQI,2.0,
2026-09-26,19:16:52,TVOC,181.4,ppb
2026-09-26,19:16:52,eCO2,669.47,ppm
2026-09-26,19:16:52,Broadband,2.0,lux
2026-09-26,19:16:52,Infrared,1.0,lux
2026-09-26,19:17:22,Temperature,25.72,°C
2026-09-26,19:17:22,Humidity,51.91,%
2026-09-26,19:17:22,AQI,2.0,
2026-09-26,19:17:22,TVOC,178.3,ppb
2026-09-26,19:17:22,eCO2,665.47,ppm
2026-09-26,19:17:22,Broadband,1.5,lux
2026-09-26,19:17:22,Infrared,1.0,lux
2026-09-26,19:17:52,Temperature,25.72,°C
2026-09-26,19:17:52,Humidity,51.83,%
2026-09-26,19:17:52,AQI,2.0,
2026-09-26,19:17:52,TVOC,166.33,ppb
2026-09-26,19:17:52,eCO2,649.4,ppm
2026-09-26,19:17:52,Broadband,1.0,lux
2026-09-26,19:17:52,Infrared,1.0,lux
2026-09-26,19:18:22,Temperature,25.72,°C
2026-09-26,19:18:22,Humidity,51.77,%
2026-09-26,19:18:22,AQI,2.0,
2026-09-26,19:18:22,TVOC,168.0,ppb
2026-09-26,19:18:22,eCO2,651.5,ppm
2026-09-26,19:18:22,Broadband,1.0,lux
2026-09-26,19:18:22,Infrared,1.0,lux
2026-09-26,19:18:52,Temperature,25.69,°C
2026-09-26,19:18:52,Humidity,51.75,%
2026-09-26,19:18:52,AQI,2.0,
2026-09-26,19:18:52,TVOC,138.47,ppb
2026-09-26,19:18:52,eCO2,609.77,ppm
2026-09-26,19:18:52,Broadband,1.0,lux
2026-09-26,19:18:52,Infrared,1.0,lux
2026-09-26,19:19:22,Temperature,25.63,°C
2026-09-26,19:19:22,Humidity,51.84,%
2026-09-26,19:19:22,AQI,2.0,
2026-09-26,19:19:22,TVOC,138.8,ppb
2026-09-26,19:19:22,eCO2,610.07,ppm
2026-09-26,19:19:22,Broadband,1.0,lux
2026-09-26,19:19:22,Infrared,0.9,lux
2026-09-26,19:19:52,Temperature,25.65,°C
2026-09-26,19:19:52,Humidity,51.86,%
2026-09-26,19:19:52,AQI,2.0,
2026-09-26,19:19:52,TVOC,140.77,ppb
2026-09-26,19:19:52,eCO2,613.13,ppm
2026-09-26,19:19:52,Broadband,1.0,lux
2026-09-26,19:19:52,Infrared,0.0,lux
2026-09-26,19:20:22,Temperature,25.67,°C
2026-09-26,19:20:22,Humidity,51.78,%
2026-09-26,19:20:22,AQI,2.0,
2026-09-26,19:20:22,TVOC,154.33,ppb
2026-09-26,19:20:22,eCO2,632.73,ppm
2026-09-26,19:20:22,Broadband,1.0,lux
2026-09-26,19:20:22,Infrared,0.0,lux
2026-09-26,19:20:52,Temperature,25.66,°C
2026-09-26,19:20:52,Humidity,51.71,%
2026-09-26,19:20:52,AQI,2.0,
2026-09-26,19:20:52,TVOC,136.6,ppb
2026-09-26,19:20:52,eCO2,606.97,ppm
2026-09-26,19:20:52,Broadband,1.0,lux
2026-09-26,19:20:52,Infrared,0.0,lux
2026-09-26,19:21:22,Temperature,25.71,°C
2026-09-26,19:21:22,Humidity,51.66,%
2026-09-26,19:21:22,AQI,2.0,
2026-09-26,19:21:22,TVOC,152.07,ppb
2026-09-26,19:21:22,eCO2,629.43,ppm
2026-09-26,19:21:22,Broadband,1.0,lux
2026-09-26,19:21:22,Infrared,0.0,lux
2026-09-26,19:21:52,Temperature,25.71,°C
2026-09-26,19:21:52,Humidity,51.54,%
2026-09-26,19:21:52,AQI,2.0,
2026-09-26,19:21:52,TVOC,145.83,ppb
2026-09-26,19:21:52,eCO2,620.43,ppm
2026-09-26,19:21:52,Broadband,1.0,lux
2026-09-26,19:21:52,Infrared,0.0,lux
2026-09-26,19:22:22,Temperature,25.73,°C
2026-09-26,19:22:22,Humidity,51.43,%
2026-09-26,19:22:22,AQI,2.0,
2026-09-26,19:22:22,TVOC,140.93,ppb
2026-09-26,19:22:22,eCO2,613.33,ppm
2026-09-26,19:22:22,Broadband,1.0,lux
2026-09-26,19:22:22,Infrared,0.0,lux
2026-09-26,19:22:51,Temperature,25.74,°C
2026-09-26,19:22:51,Humidity,51.3,%
2026-09-26,19:22:51,AQI,2.0,
2026-09-26,19:22:51,TVOC,137.73,ppb
2026-09-26,19:22:51,eCO2,608.73,ppm
2026-09-26,19:22:51,Broadband,1.0,lux
2026-09-26,19:22:51,Infrared,0.0,lux
2026-09-26,19:23:21,Temperature,25.69,°C
2026-09-26,19:23:21,Humidity,51.22,%
2026-09-26,19:23:21,AQI,2.0,
2026-09-26,19:23:21,TVOC,114.67,ppb
2026-09-26,19:23:21,eCO2,573.1,ppm
2026-09-26,19:23:21,Broadband,1.0,lux
2026-09-26,19:23:21,Infrared,0.0,lux
2026-09-26,19:23:51,Temperature,25.66,°C
2026-09-26,19:23:51,Humidity,51.28,%
2026-09-26,19:23:51,AQI,2.0,
2026-09-26,19:23:51,TVOC,114.6,ppb
2026-09-26,19:23:51,eCO2,572.87,ppm
2026-09-26,19:23:51,Broadband,1.0,lux
2026-09-26,19:23:51,Infrared,0.0,lux
2026-09-26,19:24:21,Temperature,25.64,°C
2026-09-26,19:24:21,Humidity,51.27,%
2026-09-26,19:24:21,AQI,2.0,
2026-09-26,19:24:21,TVOC,113.0,ppb
2026-09-26,19:24:21,eCO2,570.67,ppm
2026-09-26,19:24:21,Broadband,0.5,lux
2026-09-26,19:24:21,Infrared,0.0,lux
2026-09-26,19:24:51,Temperature,25.66,°C
2026-09-26,19:24:51,Humidity,51.28,%
2026-09-26,19:24:51,AQI,2.0,
2026-09-26,19:24:51,TVOC,122.87,ppb
2026-09-26,19:24:51,eCO2,586.2,ppm
2026-09-26,19:24:51,Broadband,0.0,lux
2026-09-26,19:24:51,Infrared,0.0,lux
2026-09-26,19:25:21,Temperature,25.67,°C
2026-09-26,19:25:21,Humidity,51.26,%
2026-09-26,19:25:21,AQI,2.0,
2026-09-26,19:25:21,TVOC,119.93,ppb
2026-09-26,19:25:21,eCO2,581.47,ppm
2026-09-26,19:25:21,Broadband,0.0,lux
2026-09-26,19:25:21,Infrared,0.0,lux
2026-09-26,19:25:51,Temperature,25.69,°C
2026-09-26,19:25:51,Humidity,51.24,%
2026-09-26,19:25:51,AQI,2.0,
2026-09-26,19:25:51,TVOC,124.2,ppb
2026-09-26,19:25:51,eCO2,588.17,ppm
2026-09-26,19:25:51,Broadband,0.0,lux
2026-09-26,19:25:51,Infrared,0.0,lux
2026-09-26,19:26:21,Temperature,25.7,°C
2026-09-26,19:26:21,Humidity,51.16,%
2026-09-26,19:26:21,AQI,2.0,
2026-09-26,19:26:21,TVOC,122.4,ppb
2026-09-26,19:26:21,eCO2,585.53,ppm
2026-09-26,19:26:21,Broadband,0.0,lux
2026-09-26,19:26:21,Infrared,0.0,lux
2026-09-26,19:26:51,Temperature,25.7,°C
2026-09-26,19:26:51,Humidity,51.07,%
2026-09-26,19:26:51,AQI,2.0,
2026-09-26,19:26:51,TVOC,113.03,ppb
2026-09-26,19:26:51,eCO2,570.57,ppm
2026-09-26,19:26:51,Broadband,0.0,lux
2026-09-26,19:26:51,Infrared,0.0,lux
2026-09-26,19:27:21,Temperature,25.72,°C
2026-09-26,19:27:21,Humidity,51.04,%
2026-09-26,19:27:21,AQI,2.0,
2026-09-26,19:27:21,TVOC,118.0,ppb
2026-09-26,19:27:21,eCO2,578.63,ppm
2026-09-26,19:27:21,Broadband,0.0,lux
2026-09-26,19:27:21,Infrared,0.0,lux
2026-09-26,19:27:51,Temperature,25.74,°C
2026-09-26,19:27:51,Humidity,51.01,%
2026-09-26,19:27:51,AQI,2.0,
2026-09-26,19:27:51,TVOC,118.6,ppb
2026-09-26,19:27:51,eCO2,579.5,ppm
2026-09-26,19:27:51,Broadband,0.0,lux
2026-09-26,19:27:51,Infrared,0.0,lux
2026-09-26,19:28:21,Temperature,25.72,°C
2026-09-26,19:28:21,Humidity,50.91,%
2026-09-26,19:28:21,AQI,2.0,
2026-09-26,19:28:21,TVOC,113.3,ppb
2026-09-26,19:28:21,eCO2,571.13,ppm
2026-09-26,19:28:21,Broadband,0.0,lux
2026-09-26,19:28:21,Infrared,0.0,lux
2026-09-26,19:28:51,Temperature,25.73,°C
2026-09-26,19:28:51,Humidity,50.88,%
2026-09-26,19:28:51,AQI,2.0,
2026-09-26,19:28:51,TVOC,111.33,ppb
2026-09-26,19:28:51,eCO2,567.93,ppm
2026-09-26,19:28:51,Broadband,0.0,lux
2026-09-26,19:28:51,Infrared,0.0,lux
2026-09-26,19:29:21,Temperature,25.69,°C
2026-09-26,19:29:21,Humidity,50.83,%
2026-09-26,19:29:21,AQI,2.0,
2026-09-26,19:29:21,TVOC,101.73,ppb
2026-09-26,19:29:21,eCO2,552.03,ppm
2026-09-26,19:29:21,Broadband,0.0,lux
2026-09-26,19:29:21,Infrared,0.0,lux
2026-09-26,19:29:51,Temperature,25.69,°C
2026-09-26,19:29:51,Humidity,50.86,%
2026-09-26,19:29:51,AQI,2.0,
2026-09-26,19:29:51,TVOC,105.5,ppb
2026-09-26,19:29:51,eCO2,557.83,ppm
2026-09-26,19:29:51,Broadband,0.0,lux
2026-09-26,19:29:51,Infrared,0.0,lux
2026-09-26,19:30:21,Temperature,25.72,°C
2026-09-26,19:30:21,Humidity,50.86,%
2026-09-26,19:30:21,AQI,2.0,
2026-09-26,19:30:21,TVOC,105.13,ppb
2026-09-26,19:30:21,eCO2,557.67,ppm
2026-09-26,19:30:21,Broadband,0.0,lux
2026-09-26,19:30:21,Infrared,0.0,lux
2026-09-26,19:30:51,Temperature,25.73,°C
2026-09-26,19:30:51,Humidity,50.8,%
2026-09-26,19:30:51,AQI,2.0,
2026-09-26,19:30:51,TVOC,93.67,ppb
2026-09-26,19:30:51,eCO2,538.37,ppm
2026-09-26,19:30:51,Broadband,0.0,lux
2026-09-26,19:30:51,Infrared,0.0,lux
2026-09-26,19:31:21,Temperature,25.74,°C
2026-09-26,19:31:21,Humidity,50.73,%
2026-09-26,19:31:21,AQI,2.0,
2026-09-26,19:31:21,TVOC,89.63,ppb
2026-09-26,19:31:21,eCO2,531.4,ppm
2026-09-26,19:31:21,Broadband,0.0,lux
2026-09-26,19:31:21,Infrared,0.0,lux
2026-09-26,19:31:51,Temperature,25.71,°C
2026-09-26,19:31:51,Humidity,50.67,%
2026-09-26,19:31:51,AQI,2.0,
2026-09-26,19:31:51,TVOC,93.6,ppb
2026-09-26,19:31:51,eCO2,538.37,ppm
2026-09-26,19:31:51,Broadband,0.0,lux
2026-09-26,19:31:51,Infrared,0.0,lux
2026-09-26,19:32:21,Temperature,25.68,°C
2026-09-26,19:32:21,Humidity,50.61,%
2026-09-26,19:32:21,AQI,2.0,
2026-09-26,19:32:21,TVOC,93.77,ppb
2026-09-26,19:32:21,eCO2,538.77,ppm
2026-09-26,19:32:21,Broadband,0.0,lux
2026-09-26,19:32:21,Infrared,0.0,lux
2026-09-26,19:32:51,Temperature,25.7,°C
2026-09-26,19:32:51,Humidity,50.69,%
2026-09-26,19:32:51,AQI,2.0,
2026-09-26,19:32:51,TVOC,93.8,ppb
2026-09-26,19:32:51,eCO2,538.43,ppm
2026-09-26,19:32:51,Broadband,0.0,lux
2026-09-26,19:32:51,Infrared,0.0,lux
2026-09-26,19:33:21,Temperature,25.73,°C
2026-09-26,19:33:21,Humidity,50.65,%
2026-09-26,19:33:21,AQI,2.0,
2026-09-26,19:33:21,TVOC,91.5,ppb
2026-09-26,19:33:21,eCO2,534.73,ppm
2026-09-26,19:33:21,Broadband,0.0,lux
2026-09-26,19:33:21,Infrared,0.0,lux
2026-09-26,19:33:51,Temperature,25.72,°C
2026-09-26,19:33:51,Humidity,50.51,%
2026-09-26,19:33:51,AQI,2.0,
2026-09-26,19:33:51,TVOC,86.47,ppb
2026-09-26,19:33:51,eCO2,525.9,ppm
2026-09-26,19:33:51,Broadband,0.0,lux
2026-09-26,19:33:51,Infrared,0.0,lux
2026-09-26,19:34:21,Temperature,25.74,°C
2026-09-26,19:34:21,Humidity,50.56,%
2026-09-26,19:34:21,AQI,2.0,
2026-09-26,19:34:21,TVOC,94.27,ppb
2026-09-26,19:34:21,eCO2,539.47,ppm
2026-09-26,19:34:21,Broadband,0.0,lux
2026-09-26,19:34:21,Infrared,0.0,lux
2026-09-26,19:34:51,Temperature,25.74,°C
2026-09-26,19:34:51,Humidity,50.5,%
2026-09-26,19:34:51,AQI,2.0,
2026-09-26,19:34:51,TVOC,89.33,ppb
2026-09-26,19:34:51,eCO2,530.97,ppm
2026-09-26,19:34:51,Broadband,0.0,lux
2026-09-26,19:34:51,Infrared,0.0,lux
2026-09-26,19:35:21,Temperature,25.76,°C
2026-09-26,19:35:21,Humidity,50.44,%
2026-09-26,19:35:21,AQI,2.0,
2026-09-26,19:35:21,TVOC,86.37,ppb
2026-09-26,19:35:21,eCO2,525.63,ppm
2026-09-26,19:35:21,Broadband,0.0,lux
2026-09-26,19:35:21,Infrared,0.0,lux
2026-09-26,19:35:51,Temperature,25.75,°C
2026-09-26,19:35:51,Humidity,50.42,%
2026-09-26,19:35:51,AQI,2.0,
2026-09-26,19:35:51,TVOC,84.8,ppb
2026-09-26,19:35:51,eCO2,522.87,ppm
2026-09-26,19:35:51,Broadband,0.0,lux
2026-09-26,19:35:51,Infrared,0.0,lux
2026-09-26,19:36:21,Temperature,25.75,°C
2026-09-26,19:36:21,Humidity,50.36,%
2026-09-26,19:36:21,AQI,2.0,
2026-09-26,19:36:21,TVOC,84.0,ppb
2026-09-26,19:36:21,eCO2,521.57,ppm
2026-09-26,19:36:21,Broadband,0.0,lux
2026-09-26,19:36:21,Infrared,0.0,lux
2026-09-26,19:36:51,Temperature,25.77,°C
2026-09-26,19:36:51,Humidity,50.34,%
2026-09-26,19:36:51,AQI,2.0,
2026-09-26,19:36:51,TVOC,77.6,ppb
2026-09-26,19:36:51,eCO2,510.07,ppm
2026-09-26,19:36:51,Broadband,0.0,lux
2026-09-26,19:36:51,Infrared,0.0,lux
2026-09-26,19:37:21,Temperature,25.75,°C
2026-09-26,19:37:21,Humidity,50.34,%
2026-09-26,19:37:21,AQI,2.0,
2026-09-26,19:37:21,TVOC,80.57,ppb
2026-09-26,19:37:21,eCO2,515.47,ppm
2026-09-26,19:37:21,Broadband,0.0,lux
2026-09-26,19:37:21,Infrared,0.0,lux
2026-09-26,19:37:51,Temperature,25.74,°C
2026-09-26,19:37:51,Humidity,50.34,%
2026-09-26,19:37:51,AQI,2.0,
2026-09-26,19:37:51,TVOC,79.33,ppb
2026-09-26,19:37:51,eCO2,513.23,ppm
2026-09-26,19:37:51,Broadband,0.0,lux
2026-09-26,19:37:51,Infrared,0.0,lux
2026-09-26,19:38:21,Temperature,25.75,°C
2026-09-26,19:38:21,Humidity,50.37,%
2026-09-26,19:38:21,AQI,2.0,
2026-09-26,19:38:21,TVOC,79.47,ppb
2026-09-26,19:38:21,eCO2,513.53,ppm
2026-09-26,19:38:21,Broadband,0.0,lux
2026-09-26,19:38:21,Infrared,0.0,lux
2026-09-26,19:38:51,Temperature,25.75,°C
2026-09-26,19:38:51,Humidity,50.28,%
2026-09-26,19:38:51,AQI,1.93,
2026-09-26,19:38:51,TVOC,74.57,ppb
2026-09-26,19:38:51,eCO2,504.7,ppm
2026-09-26,19:38:51,Broadband,0.0,lux
2026-09-26,19:38:51,Infrared,0.0,lux
2026-09-26,19:39:21,Temperature,25.74,°C
2026-09-26,19:39:21,Humidity,50.21,%
2026-09-26,19:39:21,AQI,1.87,
2026-09-26,19:39:21,TVOC,69.73,ppb
2026-09-26,19:39:21,eCO2,495.5,ppm
2026-09-26,19:39:21,Broadband,0.0,lux
2026-09-26,19:39:21,Infrared,0.0,lux
2026-09-26,19:39:51,Temperature,25.75,°C
2026-09-26,19:39:51,Humidity,50.24,%
2026-09-26,19:39:51,AQI,1.87,
2026-09-26,19:39:51,TVOC,69.8,ppb
2026-09-26,19:39:51,eCO2,495.47,ppm
2026-09-26,19:39:51,Broadband,0.0,lux
2026-09-26,19:39:51,Infrared,0.0,lux
2026-09-26,19:40:21,Temperature,25.76,°C
2026-09-26,19:40:21,Humidity,50.23,%
2026-09-26,19:40:21,AQI,1.7,
2026-09-26,19:40:21,TVOC,68.13,ppb
2026-09-26,19:40:21,eCO2,492.7,ppm
2026-09-26,19:40:21,Broadband,0.0,lux
2026-09-26,19:40:21,Infrared,0.0,lux
2026-09-26,19:40:51,Temperature,25.78,°C
2026-09-26,19:40:51,Humidity,50.16,%
2026-09-26,19:40:51,AQI,1.53,
2026-09-26,19:40:51,TVOC,65.3,ppb
2026-09-26,19:40:51,eCO2,487.0,ppm
2026-09-26,19:40:51,Broadband,0.0,lux
2026-09-26,19:40:51,Infrared,0.0,lux
2026-09-26,19:41:21,Temperature,25.8,°C
2026-09-26,19:41:21,Humidity,50.09,%
2026-09-26,19:41:21,AQI,1.4,
2026-09-26,19:41:21,TVOC,62.63,ppb
2026-09-26,19:41:21,eCO2,481.63,ppm
2026-09-26,19:41:21,Broadband,0.0,lux
2026-09-26,19:41:21,Infrared,0.0,lux
2026-09-26,19:41:51,Temperature,25.81,°C
2026-09-26,19:41:51,Humidity,50.0,%
2026-09-26,19:41:51,AQI,1.1,
2026-09-26,19:41:51,TVOC,57.53,ppb
2026-09-26,19:41:51,eCO2,471.97,ppm
2026-09-26,19:41:51,Broadband,0.0,lux
2026-09-26,19:41:51,Infrared,0.0,lux
2026-09-26,19:42:21,Temperature,25.77,°C
2026-09-26,19:42:21,Humidity,49.94,%
2026-09-26,19:42:21,AQI,1.0,
2026-09-26,19:42:21,TVOC,57.1,ppb
2026-09-26,19:42:21,eCO2,471.33,ppm
2026-09-26,19:42:21,Broadband,0.4,lux
2026-09-26,19:42:21,Infrared,0.2,lux
2026-09-26,19:42:51,Temperature,25.78,°C
2026-09-26,19:42:51,Humidity,49.96,%
2026-09-26,19:42:51,AQI,1.17,
2026-09-26,19:42:51,TVOC,60.77,ppb
2026-09-26,19:42:51,eCO2,478.4,ppm
2026-09-26,19:42:51,Broadband,5.07,lux
2026-09-26,19:42:51,Infrared,2.0,lux
2026-09-26,19:43:21,Temperature,25.8,°C
2026-09-26,19:43:21,Humidity,49.96,%
2026-09-26,19:43:21,AQI,1.03,
2026-09-26,19:43:21,TVOC,59.77,ppb
2026-09-26,19:43:21,eCO2,476.3,ppm
2026-09-26,19:43:21,Broadband,6.6,lux
2026-09-26,19:43:21,Infrared,1.8,lux
2026-09-26,19:43:51,Temperature,25.67,°C
2026-09-26,19:43:51,Humidity,50.01,%
2026-09-26,19:43:51,AQI,1.0,
2026-09-26,19:43:51,TVOC,40.3,ppb
2026-09-26,19:43:51,eCO2,436.1,ppm
2026-09-26,19:43:51,Broadband,6.97,lux
2026-09-26,19:43:51,Infrared,1.93,lux
2026-09-26,19:44:21,Temperature,25.57,°C
2026-09-26,19:44:21,Humidity,50.18,%
2026-09-26,19:44:21,AQI,1.0,
2026-09-26,19:44:21,TVOC,41.73,ppb
2026-09-26,19:44:21,eCO2,439.57,ppm
2026-09-26,19:44:21,Broadband,7.0,lux
2026-09-26,19:44:21,Infrared,2.0,lux
2026-09-26,19:44:51,Temperature,25.57,°C
2026-09-26,19:44:51,Humidity,50.33,%
2026-09-26,19:44:51,AQI,1.0,
2026-09-26,19:44:51,TVOC,42.53,ppb
2026-09-26,19:44:51,eCO2,441.53,ppm
2026-09-26,19:44:51,Broadband,7.0,lux
2026-09-26,19:44:51,Infrared,2.0,lux
2026-09-26,19:45:21,Temperature,25.62,°C
2026-09-26,19:45:21,Humidity,50.22,%
2026-09-26,19:45:21,AQI,1.0,
2026-09-26,19:45:21,TVOC,37.17,ppb
2026-09-26,19:45:21,eCO2,429.83,ppm
2026-09-26,19:45:21,Broadband,7.73,lux
2026-09-26,19:45:21,Infrared,2.0,lux
2026-09-26,19:45:51,Temperature,25.64,°C
2026-09-26,19:45:51,Humidity,50.12,%
2026-09-26,19:45:51,AQI,1.0,
2026-09-26,19:45:51,TVOC,40.07,ppb
2026-09-26,19:45:51,eCO2,436.2,ppm
2026-09-26,19:45:51,Broadband,8.0,lux
2026-09-26,19:45:51,Infrared,1.4,lux
2026-09-26,19:46:21,Temperature,25.67,°C
2026-09-26,19:46:21,Humidity,50.15,%
2026-09-26,19:46:21,AQI,1.0,
2026-09-26,19:46:21,TVOC,44.0,ppb
2026-09-26,19:46:21,eCO2,444.33,ppm
2026-09-26,19:46:21,Broadband,8.0,lux
2026-09-26,19:46:21,Infrared,1.0,lux
2026-09-26,19:46:51,Temperature,25.68,°C
2026-09-26,19:46:51,Humidity,49.97,%
2026-09-26,19:46:51,AQI,1.0,
2026-09-26,19:46:51,TVOC,46.37,ppb
2026-09-26,19:46:51,eCO2,449.43,ppm
2026-09-26,19:46:51,Broadband,8.0,lux
2026-09-26,19:46:51,Infrared,1.0,lux
2026-09-26,19:47:21,Temperature,25.62,°C
2026-09-26,19:47:21,Humidity,49.88,%
2026-09-26,19:47:21,AQI,1.0,
2026-09-26,19:47:21,TVOC,38.3,ppb
2026-09-26,19:47:21,eCO2,432.2,ppm
2026-09-26,19:47:21,Broadband,8.0,lux
2026-09-26,19:47:21,Infrared,1.0,lux
2026-09-26,19:47:51,Temperature,25.69,°C
2026-09-26,19:47:51,Humidity,49.95,%
2026-09-26,19:47:51,AQI,1.0,
2026-09-26,19:47:51,TVOC,43.4,ppb
2026-09-26,19:47:51,eCO2,443.17,ppm
2026-09-26,19:47:51,Broadband,8.0,lux
2026-09-26,19:47:51,Infrared,1.0,lux
2026-09-26,19:48:21,Temperature,25.7,°C
2026-09-26,19:48:21,Humidity,49.82,%
2026-09-26,19:48:21,AQI,1.0,
2026-09-26,19:48:21,TVOC,45.27,ppb
2026-09-26,19:48:21,eCO2,447.07,ppm
2026-09-26,19:48:21,Broadband,8.0,lux
2026-09-26,19:48:21,Infrared,1.0,lux
2026-09-26,19:48:51,Temperature,25.68,°C
2026-09-26,19:48:51,Humidity,49.73,%
2026-09-26,19:48:51,AQI,1.0,
2026-09-26,19:48:51,TVOC,44.73,ppb
2026-09-26,19:48:51,eCO2,446.0,ppm
2026-09-26,19:48:51,Broadband,8.0,lux
2026-09-26,19:48:51,Infrared,1.0,lux
2026-09-26,19:49:21,Temperature,25.68,°C
2026-09-26,19:49:21,Humidity,49.78,%
2026-09-26,19:49:21,AQI,1.0,
2026-09-26,19:49:21,TVOC,40.9,ppb
2026-09-26,19:49:21,eCO2,437.93,ppm
2026-09-26,19:49:21,Broadband,8.0,lux
2026-09-26,19:49:21,Infrared,1.0,lux
2026-09-26,19:49:51,Temperature,25.68,°C
2026-09-26,19:49:51,Humidity,49.7,%
2026-09-26,19:49:51,AQI,1.0,
2026-09-26,19:49:51,TVOC,42.17,ppb
2026-09-26,19:49:51,eCO2,440.43,ppm
2026-09-26,19:49:51,Broadband,8.0,lux
2026-09-26,19:49:51,Infrared,1.0,lux
2026-09-26,19:50:21,Temperature,25.72,°C
2026-09-26,19:50:21,Humidity,49.69,%
2026-09-26,19:50:21,AQI,1.0,
2026-09-26,19:50:21,TVOC,45.3,ppb
2026-09-26,19:50:21,eCO2,447.03,ppm
2026-09-26,19:50:21,Broadband,8.0,lux
2026-09-26,19:50:21,Infrared,1.0,lux
2026-09-26,19:50:51,Temperature,25.69,°C
2026-09-26,19:50:51,Humidity,49.57,%
2026-09-26,19:50:51,AQI,1.0,
2026-09-26,19:50:51,TVOC,43.27,ppb
2026-09-26,19:50:51,eCO2,443.0,ppm
2026-09-26,19:50:51,Broadband,8.0,lux
2026-09-26,19:50:51,Infrared,1.0,lux
2026-09-26,19:51:21,Temperature,25.68,°C
2026-09-26,19:51:21,Humidity,49.67,%
2026-09-26,19:51:21,AQI,1.0,
2026-09-26,19:51:21,TVOC,42.23,ppb
2026-09-26,19:51:21,eCO2,440.63,ppm
2026-09-26,19:51:21,Broadband,8.0,lux
2026-09-26,19:51:21,Infrared,1.0,lux
2026-09-26,19:51:51,Temperature,25.67,°C
2026-09-26,19:51:51,Humidity,49.57,%
2026-09-26,19:51:51,AQI,1.0,
2026-09-26,19:51:51,TVOC,42.4,ppb
2026-09-26,19:51:51,eCO2,441.23,ppm
2026-09-26,19:51:51,Broadband,8.0,lux
2026-09-26,19:51:51,Infrared,1.0,lux
2026-09-26,19:52:21,Temperature,25.68,°C
2026-09-26,19:52:21,Humidity,49.6,%
2026-09-26,19:52:21,AQI,1.0,
2026-09-26,19:52:21,TVOC,36.6,ppb
2026-09-26,19:52:21,eCO2,428.67,ppm
2026-09-26,19:52:21,Broadband,8.0,lux
2026-09-26,19:52:21,Infrared,1.0,lux
2026-09-26,19:52:51,Temperature,25.68,°C
2026-09-26,19:52:51,Humidity,49.5,%
2026-09-26,19:52:51,AQI,1.0,
2026-09-26,19:52:51,TVOC,39.3,ppb
2026-09-26,19:52:51,eCO2,434.53,ppm
2026-09-26,19:52:51,Broadband,8.0,lux
2026-09-26,19:52:51,Infrared,1.0,lux
2026-09-26,19:53:21,Temperature,25.66,°C
2026-09-26,19:53:21,Humidity,49.5,%
2026-09-26,19:53:21,AQI,1.0,
2026-09-26,19:53:21,TVOC,39.17,ppb
2026-09-26,19:53:21,eCO2,434.1,ppm
2026-09-26,19:53:21,Broadband,8.0,lux
2026-09-26,19:53:21,Infrared,1.0,lux
2026-09-26,19:53:51,Temperature,25.66,°C
2026-09-26,19:53:51,Humidity,49.35,%
2026-09-26,19:53:51,AQI,1.0,
2026-09-26,19:53:51,TVOC,38.87,ppb
2026-09-26,19:53:51,eCO2,433.77,ppm
2026-09-26,19:53:51,Broadband,8.0,lux
2026-09-26,19:53:51,Infrared,1.0,lux
2026-09-26,19:54:21,Temperature,25.66,°C
2026-09-26,19:54:21,Humidity,49.37,%
2026-09-26,19:54:21,AQI,1.0,
2026-09-26,19:54:21,TVOC,38.4,ppb
2026-09-26,19:54:21,eCO2,432.7,ppm
2026-09-26,19:54:21,Broadband,8.0,lux
2026-09-26,19:54:21,Infrared,1.0,lux
2026-09-26,19:54:51,Temperature,25.65,°C
2026-09-26,19:54:51,Humidity,49.47,%
2026-09-26,19:54:51,AQI,1.0,
2026-09-26,19:54:51,TVOC,35.33,ppb
2026-09-26,19:54:51,eCO2,425.87,ppm
2026-09-26,19:54:51,Broadband,8.0,lux
2026-09-26,19:54:51,Infrared,1.0,lux
2026-09-26,19:55:21,Temperature,25.64,°C
2026-09-26,19:55:21,Humidity,49.43,%
2026-09-26,19:55:21,AQI,1.0,
2026-09-26,19:55:21,TVOC,35.43,ppb
2026-09-26,19:55:21,eCO2,425.93,ppm
2026-09-26,19:55:21,Broadband,8.0,lux
2026-09-26,19:55:21,Infrared,1.0,lux
2026-09-26,19:55:51,Temperature,25.66,°C
2026-09-26,19:55:51,Humidity,49.46,%
2026-09-26,19:55:51,AQI,1.0,
2026-09-26,19:55:51,TVOC,34.6,ppb
2026-09-26,19:55:51,eCO2,424.3,ppm
2026-09-26,19:55:51,Broadband,8.0,lux
2026-09-26,19:55:51,Infrared,1.0,lux
2026-09-26,19:56:21,Temperature,25.69,°C
2026-09-26,19:56:21,Humidity,49.37,%
2026-09-26,19:56:21,AQI,1.0,
2026-09-26,19:56:21,TVOC,34.67,ppb
2026-09-26,19:56:21,eCO2,424.47,ppm
2026-09-26,19:56:21,Broadband,8.0,lux
2026-09-26,19:56:21,Infrared,1.0,lux
2026-09-26,19:56:51,Temperature,25.67,°C
2026-09-26,19:56:51,Humidity,49.31,%
2026-09-26,19:56:51,AQI,1.0,
2026-09-26,19:56:51,TVOC,33.3,ppb
2026-09-26,19:56:51,eCO2,421.37,ppm
2026-09-26,19:56:51,Broadband,8.0,lux
2026-09-26,19:56:51,Infrared,1.0,lux
2026-09-26,19:57:21,Temperature,25.69,°C
2026-09-26,19:57:21,Humidity,49.28,%
2026-09-26,19:57:21,AQI,1.0,
2026-09-26,19:57:21,TVOC,29.93,ppb
2026-09-26,19:57:21,eCO2,414.53,ppm
2026-09-26,19:57:21,Broadband,8.0,lux
2026-09-26,19:57:21,Infrared,1.0,lux
2026-09-26,19:57:51,Temperature,25.69,°C
2026-09-26,19:57:51,Humidity,49.18,%
2026-09-26,19:57:51,AQI,1.0,
2026-09-26,19:57:51,TVOC,30.23,ppb
2026-09-26,19:57:51,eCO2,414.83,ppm
2026-09-26,19:57:51,Broadband,8.0,lux
2026-09-26,19:57:51,Infrared,1.0,lux
2026-09-26,19:58:21,Temperature,25.68,°C
2026-09-26,19:58:21,Humidity,49.16,%
2026-09-26,19:58:21,AQI,1.0,
2026-09-26,19:58:21,TVOC,30.7,ppb
2026-09-26,19:58:21,eCO2,415.97,ppm
2026-09-26,19:58:21,Broadband,8.0,lux
2026-09-26,19:58:21,Infrared,1.0,lux
2026-09-26,19:58:51,Temperature,25.62,°C
2026-09-26,19:58:51,Humidity,48.97,%
2026-09-26,19:58:51,AQI,1.0,
2026-09-26,19:58:51,TVOC,25.0,ppb
2026-09-26,19:58:51,eCO2,405.53,ppm
2026-09-26,19:58:51,Broadband,8.0,lux
2026-09-26,19:58:51,Infrared,1.0,lux
2026-09-26,19:59:21,Temperature,25.64,°C
2026-09-26,19:59:21,Humidity,49.17,%
2026-09-26,19:59:21,AQI,1.0,
2026-09-26,19:59:21,TVOC,26.03,ppb
2026-09-26,19:59:21,eCO2,406.8,ppm
2026-09-26,19:59:21,Broadband,8.0,lux
2026-09-26,19:59:21,Infrared,1.0,lux
2026-09-26,19:59:51,Temperature,25.66,°C
2026-09-26,19:59:51,Humidity,49.0,%
2026-09-26,19:59:51,AQI,1.0,
2026-09-26,19:59:51,TVOC,22.13,ppb
2026-09-26,19:59:51,eCO2,402.43,ppm
2026-09-26,19:59:51,Broadband,8.0,lux
2026-09-26,19:59:51,Infrared,1.0,lux
2026-09-26,20:00:21,Temperature,25.6,°C
2026-09-26,20:00:21,Humidity,49.09,%
2026-09-26,20:00:21,AQI,1.0,
2026-09-26,20:00:21,TVOC,24.57,ppb
2026-09-26,20:00:21,eCO2,404.43,ppm
2026-09-26,20:00:21,Broadband,8.0,lux
2026-09-26,20:00:21,Infrared,1.0,lux
2026-09-26,20:00:51,Temperature,25.64,°C
2026-09-26,20:00:51,Humidity,49.17,%
2026-09-26,20:00:51,AQI,1.0,
2026-09-26,20:00:51,TVOC,25.27,ppb
2026-09-26,20:00:51,eCO2,405.0,ppm
2026-09-26,20:00:51,Broadband,8.0,lux
2026-09-26,20:00:51,Infrared,1.0,lux
2026-09-26,20:01:21,Temperature,25.64,°C
2026-09-26,20:01:21,Humidity,49.01,%
2026-09-26,20:01:21,AQI,1.0,
2026-09-26,20:01:21,TVOC,20.07,ppb
2026-09-26,20:01:21,eCO2,400.63,ppm
2026-09-26,20:01:21,Broadband,8.0,lux
2026-09-26,20:01:21,Infrared,1.0,lux
2026-09-26,20:01:51,Temperature,25.65,°C
2026-09-26,20:01:51,Humidity,48.96,%
2026-09-26,20:01:51,AQI,1.0,
2026-09-26,20:01:51,TVOC,16.83,ppb
2026-09-26,20:01:51,eCO2,400.23,ppm
2026-09-26,20:01:51,Broadband,8.0,lux
2026-09-26,20:01:51,Infrared,1.0,lux
2026-09-26,20:02:21,Temperature,25.65,°C
2026-09-26,20:02:21,Humidity,48.85,%
2026-09-26,20:02:21,AQI,1.0,
2026-09-26,20:02:21,TVOC,17.2,ppb
2026-09-26,20:02:21,eCO2,400.4,ppm
2026-09-26,20:02:21,Broadband,8.0,lux
2026-09-26,20:02:21,Infrared,1.0,lux
2026-09-26,20:02:51,Temperature,25.63,°C
2026-09-26,20:02:51,Humidity,48.74,%
2026-09-26,20:02:51,AQI,1.0,
2026-09-26,20:02:51,TVOC,14.6,ppb
2026-09-26,20:02:51,eCO2,400.0,ppm
2026-09-26,20:02:51,Broadband,8.0,lux
2026-09-26,20:02:51,Infrared,1.0,lux
2026-09-26,20:03:21,Temperature,25.63,°C
2026-09-26,20:03:21,Humidity,48.9,%
2026-09-26,20:03:21,AQI,1.0,
2026-09-26,20:03:21,TVOC,16.67,ppb
2026-09-26,20:03:21,eCO2,400.0,ppm
2026-09-26,20:03:21,Broadband,8.0,lux
2026-09-26,20:03:21,Infrared,1.0,lux
2026-09-26,20:03:51,Temperature,25.65,°C
2026-09-26,20:03:51,Humidity,48.83,%
2026-09-26,20:03:51,AQI,1.0,
2026-09-26,20:03:51,TVOC,17.0,ppb
2026-09-26,20:03:51,eCO2,400.0,ppm
2026-09-26,20:03:51,Broadband,8.0,lux
2026-09-26,20:03:51,Infrared,1.0,lux
2026-09-26,20:04:21,Temperature,25.63,°C
2026-09-26,20:04:21,Humidity,48.79,%
2026-09-26,20:04:21,AQI,1.0,
2026-09-26,20:04:21,TVOC,16.63,ppb
2026-09-26,20:04:21,eCO2,400.2,ppm
2026-09-26,20:04:21,Broadband,8.0,lux
2026-09-26,20:04:21,Infrared,1.0,lux
2026-09-26,20:04:51,Temperature,25.63,°C
2026-09-26,20:04:51,Humidity,48.8,%
2026-09-26,20:04:51,AQI,1.0,
2026-09-26,20:04:51,TVOC,13.5,ppb
2026-09-26,20:04:51,eCO2,400.0,ppm
2026-09-26,20:04:51,Broadband,8.0,lux
2026-09-26,20:04:51,Infrared,1.0,lux
2026-09-26,20:05:21,Temperature,25.59,°C
2026-09-26,20:05:21,Humidity,48.64,%
2026-09-26,20:05:21,AQI,1.0,
2026-09-26,20:05:21,TVOC,9.93,ppb
2026-09-26,20:05:21,eCO2,400.0,ppm
2026-09-26,20:05:21,Broadband,8.0,lux
2026-09-26,20:05:21,Infrared,1.0,lux
2026-09-26,20:05:51,Temperature,25.58,°C
2026-09-26,20:05:51,Humidity,48.79,%
2026-09-26,20:05:51,AQI,1.0,
2026-09-26,20:05:51,TVOC,9.23,ppb
2026-09-26,20:05:51,eCO2,400.0,ppm
2026-09-26,20:05:51,Broadband,8.0,lux
2026-09-26,20:05:51,Infrared,1.0,lux
2026-09-26,20:06:21,Temperature,25.58,°C
2026-09-26,20:06:21,Humidity,48.86,%
2026-09-26,20:06:21,AQI,1.0,
2026-09-26,20:06:21,TVOC,13.13,ppb
2026-09-26,20:06:21,eCO2,400.0,ppm
2026-09-26,20:06:21,Broadband,8.0,lux
2026-09-26,20:06:21,Infrared,1.0,lux
2026-09-26,20:06:51,Temperature,25.6,°C
2026-09-26,20:06:51,Humidity,48.79,%
2026-09-26,20:06:51,AQI,1.0,
2026-09-26,20:06:51,TVOC,10.37,ppb
2026-09-26,20:06:51,eCO2,400.0,ppm
2026-09-26,20:06:51,Broadband,8.0,lux
2026-09-26,20:06:51,Infrared,1.0,lux
2026-09-26,20:07:21,Temperature,25.62,°C
2026-09-26,20:07:21,Humidity,48.61,%
2026-09-26,20:07:21,AQI,1.0,
2026-09-26,20:07:21,TVOC,9.17,ppb
2026-09-26,20:07:21,eCO2,400.0,ppm
2026-09-26,20:07:21,Broadband,8.0,lux
2026-09-26,20:07:21,Infrared,1.0,lux
2026-09-26,20:07:51,Temperature,25.62,°C
2026-09-26,20:07:51,Humidity,48.62,%
2026-09-26,20:07:51,AQI,1.0,
2026-09-26,20:07:51,TVOC,9.4,ppb
2026-09-26,20:07:51,eCO2,400.0,ppm
2026-09-26,20:07:51,Broadband,8.0,lux
2026-09-26,20:07:51,Infrared,1.0,lux
2026-09-26,20:08:21,Temperature,25.6,°C
2026-09-26,20:08:21,Humidity,48.6,%
2026-09-26,20:08:21,AQI,1.0,
2026-09-26,20:08:21,TVOC,8.57,ppb
2026-09-26,20:08:21,eCO2,400.0,ppm
2026-09-26,20:08:21,Broadband,8.0,lux
2026-09-26,20:08:21,Infrared,1.0,lux
2026-09-26,20:08:51,Temperature,25.61,°C
2026-09-26,20:08:51,Humidity,48.53,%
2026-09-26,20:08:51,AQI,1.0,
2026-09-26,20:08:51,TVOC,10.9,ppb
2026-09-26,20:08:51,eCO2,400.0,ppm
2026-09-26,20:08:51,Broadband,8.0,lux
2026-09-26,20:08:51,Infrared,1.0,lux
2026-09-26,20:09:21,Temperature,25.59,°C
2026-09-26,20:09:21,Humidity,48.54,%
2026-09-26,20:09:21,AQI,1.0,
2026-09-26,20:09:21,TVOC,9.53,ppb
2026-09-26,20:09:21,eCO2,400.0,ppm
2026-09-26,20:09:21,Broadband,7.9,lux
2026-09-26,20:09:21,Infrared,1.0,lux
2026-09-26,20:09:51,Temperature,25.45,°C
2026-09-26,20:09:51,Humidity,48.59,%
2026-09-26,20:09:51,AQI,1.0,
2026-09-26,20:09:51,TVOC,5.67,ppb
2026-09-26,20:09:51,eCO2,400.0,ppm
2026-09-26,20:09:51,Broadband,7.13,lux
2026-09-26,20:09:51,Infrared,1.0,lux
2026-09-26,20:10:21,Temperature,25.38,°C
2026-09-26,20:10:21,Humidity,48.92,%
2026-09-26,20:10:21,AQI,1.0,
2026-09-26,20:10:21,TVOC,12.73,ppb
2026-09-26,20:10:21,eCO2,400.33,ppm
2026-09-26,20:10:21,Broadband,7.0,lux
2026-09-26,20:10:21,Infrared,1.0,lux
2026-09-26,20:10:51,Temperature,25.37,°C
2026-09-26,20:10:51,Humidity,49.1,%
2026-09-26,20:10:51,AQI,1.0,
2026-09-26,20:10:51,TVOC,11.43,ppb
2026-09-26,20:10:51,eCO2,400.0,ppm
2026-09-26,20:10:51,Broadband,7.0,lux
2026-09-26,20:10:51,Infrared,1.0,lux
2026-09-26,20:11:21,Temperature,25.48,°C
2026-09-26,20:11:21,Humidity,48.93,%
2026-09-26,20:11:21,AQI,1.0,
2026-09-26,20:11:21,TVOC,8.03,ppb
2026-09-26,20:11:21,eCO2,400.0,ppm
2026-09-26,20:11:21,Broadband,7.0,lux
2026-09-26,20:11:21,Infrared,1.0,lux
2026-09-26,20:11:51,Temperature,25.5,°C
2026-09-26,20:11:51,Humidity,48.72,%
2026-09-26,20:11:51,AQI,1.0,
2026-09-26,20:11:51,TVOC,12.97,ppb
2026-09-26,20:11:51,eCO2,400.0,ppm
2026-09-26,20:11:51,Broadband,6.3,lux
2026-09-26,20:11:51,Infrared,0.87,lux
2026-09-26,20:12:21,Temperature,25.44,°C
2026-09-26,20:12:21,Humidity,48.9,%
2026-09-26,20:12:21,AQI,1.0,
2026-09-26,20:12:21,TVOC,17.57,ppb
2026-09-26,20:12:21,eCO2,400.47,ppm
2026-09-26,20:12:21,Broadband,0.0,lux
2026-09-26,20:12:21,Infrared,0.0,lux
2026-09-26,20:12:51,Temperature,25.5,°C
2026-09-26,20:12:51,Humidity,48.88,%
2026-09-26,20:12:51,AQI,1.0,
2026-09-26,20:12:51,TVOC,19.63,ppb
2026-09-26,20:12:51,eCO2,402.13,ppm
2026-09-26,20:12:51,Broadband,0.0,lux
2026-09-26,20:12:51,Infrared,0.0,lux
2026-09-26,20:13:21,Temperature,25.49,°C
2026-09-26,20:13:21,Humidity,48.47,%
2026-09-26,20:13:21,AQI,1.0,
2026-09-26,20:13:21,TVOC,11.67,ppb
2026-09-26,20:13:21,eCO2,400.0,ppm
2026-09-26,20:13:21,Broadband,0.0,lux
2026-09-26,20:13:21,Infrared,0.0,lux
2026-09-26,20:13:51,Temperature,25.52,°C
2026-09-26,20:13:51,Humidity,48.45,%
2026-09-26,20:13:51,AQI,1.0,
2026-09-26,20:13:51,TVOC,19.33,ppb
2026-09-26,20:13:51,eCO2,400.13,ppm
2026-09-26,20:13:51,Broadband,0.0,lux
2026-09-26,20:13:51,Infrared,0.0,lux
2026-09-26,20:14:21,Temperature,25.54,°C
2026-09-26,20:14:21,Humidity,48.29,%
2026-09-26,20:14:21,AQI,1.0,
2026-09-26,20:14:21,TVOC,20.67,ppb
2026-09-26,20:14:21,eCO2,400.6,ppm
2026-09-26,20:14:21,Broadband,0.0,lux
2026-09-26,20:14:21,Infrared,0.0,lux
2026-09-26,20:14:51,Temperature,25.52,°C
2026-09-26,20:14:51,Humidity,48.08,%
2026-09-26,20:14:51,AQI,1.0,
2026-09-26,20:14:51,TVOC,18.07,ppb
2026-09-26,20:14:51,eCO2,400.87,ppm
2026-09-26,20:14:51,Broadband,0.0,lux
2026-09-26,20:14:51,Infrared,0.0,lux
2026-09-26,20:15:21,Temperature,25.52,°C
2026-09-26,20:15:21,Humidity,48.08,%
2026-09-26,20:15:21,AQI,1.0,
2026-09-26,20:15:21,TVOC,16.7,ppb
2026-09-26,20:15:21,eCO2,400.0,ppm
2026-09-26,20:15:21,Broadband,0.0,lux
2026-09-26,20:15:21,Infrared,0.0,lux
2026-09-26,20:15:51,Temperature,25.54,°C
2026-09-26,20:15:51,Humidity,48.09,%
2026-09-26,20:15:51,AQI,1.0,
2026-09-26,20:15:51,TVOC,18.1,ppb
2026-09-26,20:15:51,eCO2,400.0,ppm
2026-09-26,20:15:51,Broadband,0.0,lux
2026-09-26,20:15:51,Infrared,0.0,lux
2026-09-26,20:16:21,Temperature,25.57,°C
2026-09-26,20:16:21,Humidity,48.05,%
2026-09-26,20:16:21,AQI,1.0,
2026-09-26,20:16:21,TVOC,15.47,ppb
2026-09-26,20:16:21,eCO2,400.0,ppm
2026-09-26,20:16:21,Broadband,0.0,lux
2026-09-26,20:16:21,Infrared,0.0,lux
2026-09-26,20:16:51,Temperature,25.54,°C
2026-09-26,20:16:51,Humidity,47.95,%
2026-09-26,20:16:51,AQI,1.0,
2026-09-26,20:16:51,TVOC,12.37,ppb
2026-09-26,20:16:51,eCO2,400.4,ppm
2026-09-26,20:16:51,Broadband,0.0,lux
2026-09-26,20:16:51,Infrared,0.0,lux
2026-09-26,20:17:21,Temperature,25.53,°C
2026-09-26,20:17:21,Humidity,47.97,%
2026-09-26,20:17:21,AQI,1.0,
2026-09-26,20:17:21,TVOC,12.87,ppb
2026-09-26,20:17:21,eCO2,400.0,ppm
2026-09-26,20:17:21,Broadband,0.0,lux
2026-09-26,20:17:21,Infrared,0.0,lux
2026-09-26,20:17:51,Temperature,25.51,°C
2026-09-26,20:17:51,Humidity,47.89,%
2026-09-26,20:17:51,AQI,1.0,
2026-09-26,20:17:51,TVOC,9.0,ppb
2026-09-26,20:17:51,eCO2,400.0,ppm
2026-09-26,20:17:51,Broadband,0.0,lux
2026-09-26,20:17:51,Infrared,0.0,lux
2026-09-26,20:18:21,Temperature,25.52,°C
2026-09-26,20:18:21,Humidity,47.87,%
2026-09-26,20:18:21,AQI,1.0,
2026-09-26,20:18:21,TVOC,10.97,ppb
2026-09-26,20:18:21,eCO2,400.0,ppm
2026-09-26,20:18:21,Broadband,0.0,lux
2026-09-26,20:18:21,Infrared,0.0,lux
2026-09-26,20:18:51,Temperature,25.54,°C
2026-09-26,20:18:51,Humidity,47.93,%
2026-09-26,20:18:51,AQI,1.0,
2026-09-26,20:18:51,TVOC,12.33,ppb
2026-09-26,20:18:51,eCO2,400.0,ppm
2026-09-26,20:18:51,Broadband,0.0,lux
2026-09-26,20:18:51,Infrared,0.0,lux
2026-09-26,20:19:21,Temperature,25.51,°C
2026-09-26,20:19:21,Humidity,47.83,%
2026-09-26,20:19:21,AQI,1.0,
2026-09-26,20:19:21,TVOC,11.33,ppb
2026-09-26,20:19:21,eCO2,400.0,ppm
2026-09-26,20:19:21,Broadband,0.0,lux
2026-09-26,20:19:21,Infrared,0.0,lux
2026-09-26,20:19:51,Temperature,25.5,°C
2026-09-26,20:19:51,Humidity,47.91,%
2026-09-26,20:19:51,AQI,1.0,
2026-09-26,20:19:51,TVOC,11.8,ppb
2026-09-26,20:19:51,eCO2,400.0,ppm
2026-09-26,20:19:51,Broadband,0.0,lux
2026-09-26,20:19:51,Infrared,0.0,lux
2026-09-26,20:20:21,Temperature,25.5,°C
2026-09-26,20:20:21,Humidity,47.88,%
2026-09-26,20:20:21,AQI,1.0,
2026-09-26,20:20:21,TVOC,10.2,ppb
2026-09-26,20:20:21,eCO2,400.0,ppm
2026-09-26,20:20:21,Broadband,0.0,lux
2026-09-26,20:20:21,Infrared,0.0,lux
2026-09-26,20:20:51,Temperature,25.5,°C
2026-09-26,20:20:51,Humidity,47.87,%
2026-09-26,20:20:51,AQI,1.0,
2026-09-26,20:20:51,TVOC,10.8,ppb
2026-09-26,20:20:51,eCO2,400.0,ppm
2026-09-26,20:20:51,Broadband,0.0,lux
2026-09-26,20:20:51,Infrared,0.0,lux
2026-09-26,20:21:21,Temperature,25.51,°C
2026-09-26,20:21:21,Humidity,47.93,%
2026-09-26,20:21:21,AQI,1.0,
2026-09-26,20:21:21,TVOC,10.77,ppb
2026-09-26,20:21:21,eCO2,400.0,ppm
2026-09-26,20:21:21,Broadband,0.0,lux
2026-09-26,20:21:21,Infrared,0.0,lux
2026-09-26,20:21:51,Temperature,25.49,°C
2026-09-26,20:21:51,Humidity,47.76,%
2026-09-26,20:21:51,AQI,1.0,
2026-09-26,20:21:51,TVOC,7.4,ppb
2026-09-26,20:21:51,eCO2,400.0,ppm
2026-09-26,20:21:51,Broadband,0.0,lux
2026-09-26,20:21:51,Infrared,0.0,lux
2026-09-26,20:22:21,Temperature,25.49,°C
2026-09-26,20:22:21,Humidity,47.78,%
2026-09-26,20:22:21,AQI,1.0,
2026-09-26,20:22:21,TVOC,7.67,ppb
2026-09-26,20:22:21,eCO2,400.0,ppm
2026-09-26,20:22:21,Broadband,0.0,lux
2026-09-26,20:22:21,Infrared,0.0,lux
2026-09-26,20:22:51,Temperature,25.49,°C
2026-09-26,20:22:51,Humidity,47.89,%
2026-09-26,20:22:51,AQI,1.0,
2026-09-26,20:22:51,TVOC,7.13,ppb
2026-09-26,20:22:51,eCO2,400.0,ppm
2026-09-26,20:22:51,Broadband,0.0,lux
2026-09-26,20:22:51,Infrared,0.0,lux
2026-09-26,20:23:21,Temperature,25.51,°C
2026-09-26,20:23:21,Humidity,47.79,%
2026-09-26,20:23:21,AQI,1.0,
2026-09-26,20:23:21,TVOC,5.37,ppb
2026-09-26,20:23:21,eCO2,400.0,ppm
2026-09-26,20:23:21,Broadband,0.0,lux
2026-09-26,20:23:21,Infrared,0.0,lux
2026-09-26,20:23:51,Temperature,25.49,°C
2026-09-26,20:23:51,Humidity,47.72,%
2026-09-26,20:23:51,AQI,1.0,
2026-09-26,20:23:51,TVOC,5.67,ppb
2026-09-26,20:23:51,eCO2,400.0,ppm
2026-09-26,20:23:51,Broadband,0.0,lux
2026-09-26,20:23:51,Infrared,0.0,lux
2026-09-26,20:24:21,Temperature,25.47,°C
2026-09-26,20:24:21,Humidity,47.71,%
2026-09-26,20:24:21,AQI,1.0,
2026-09-26,20:24:21,TVOC,3.77,ppb
2026-09-26,20:24:21,eCO2,400.0,ppm
2026-09-26,20:24:21,Broadband,0.0,lux
2026-09-26,20:24:21,Infrared,0.0,lux
2026-09-26,20:24:51,Temperature,25.45,°C
2026-09-26,20:24:51,Humidity,47.74,%
2026-09-26,20:24:51,AQI,1.0,
2026-09-26,20:24:51,TVOC,4.6,ppb
2026-09-26,20:24:51,eCO2,400.0,ppm
2026-09-26,20:24:51,Broadband,0.0,lux
2026-09-26,20:24:51,Infrared,0.0,lux
2026-09-26,20:25:21,Temperature,25.47,°C
2026-09-26,20:25:21,Humidity,47.78,%
2026-09-26,20:25:21,AQI,1.0,
2026-09-26,20:25:21,TVOC,4.97,ppb
2026-09-26,20:25:21,eCO2,400.0,ppm
2026-09-26,20:25:21,Broadband,0.0,lux
2026-09-26,20:25:21,Infrared,0.0,lux
2026-09-26,20:25:51,Temperature,25.47,°C
2026-09-26,20:25:51,Humidity,47.75,%
2026-09-26,20:25:51,AQI,1.0,
2026-09-26,20:25:51,TVOC,3.37,ppb
2026-09-26,20:25:51,eCO2,400.0,ppm
2026-09-26,20:25:51,Broadband,0.0,lux
2026-09-26,20:25:51,Infrared,0.0,lux
2026-09-26,20:26:21,Temperature,25.45,°C
2026-09-26,20:26:21,Humidity,47.74,%
2026-09-26,20:26:21,AQI,1.0,
2026-09-26,20:26:21,TVOC,3.37,ppb
2026-09-26,20:26:21,eCO2,400.0,ppm
2026-09-26,20:26:21,Broadband,0.0,lux
2026-09-26,20:26:21,Infrared,0.0,lux
2026-09-26,20:26:51,Temperature,25.45,°C
2026-09-26,20:26:51,Humidity,47.85,%
2026-09-26,20:26:51,AQI,1.0,
2026-09-26,20:26:51,TVOC,3.8,ppb
2026-09-26,20:26:51,eCO2,400.0,ppm
2026-09-26,20:26:51,Broadband,0.0,lux
2026-09-26,20:26:51,Infrared,0.0,lux
2026-09-26,20:27:21,Temperature,25.45,°C
2026-09-26,20:27:21,Humidity,47.78,%
2026-09-26,20:27:21,AQI,1.0,
2026-09-26,20:27:21,TVOC,5.57,ppb
2026-09-26,20:27:21,eCO2,400.0,ppm
2026-09-26,20:27:21,Broadband,0.0,lux
2026-09-26,20:27:21,Infrared,0.0,lux
2026-09-26,20:27:51,Temperature,25.45,°C
2026-09-26,20:27:51,Humidity,47.75,%
2026-09-26,20:27:51,AQI,1.0,
2026-09-26,20:27:51,TVOC,3.93,ppb
2026-09-26,20:27:51,eCO2,400.0,ppm
2026-09-26,20:27:51,Broadband,0.0,lux
2026-09-26,20:27:51,Infrared,0.0,lux
2026-09-26,20:28:21,Temperature,25.47,°C
2026-09-26,20:28:21,Humidity,47.81,%
2026-09-26,20:28:21,AQI,1.0,
2026-09-26,20:28:21,TVOC,3.43,ppb
2026-09-26,20:28:21,eCO2,400.0,ppm
2026-09-26,20:28:21,Broadband,0.0,lux
2026-09-26,20:28:21,Infrared,0.0,lux
2026-09-26,20:28:51,Temperature,25.47,°C
2026-09-26,20:28:51,Humidity,47.77,%
2026-09-26,20:28:51,AQI,1.0,
2026-09-26,20:28:51,TVOC,4.3,ppb
2026-09-26,20:28:51,eCO2,400.0,ppm
2026-09-26,20:28:51,Broadband,0.0,lux
2026-09-26,20:28:51,Infrared,0.0,lux
2026-09-26,20:29:21,Temperature,25.49,°C
2026-09-26,20:29:21,Humidity,47.75,%
2026-09-26,20:29:21,AQI,1.0,
2026-09-26,20:29:21,TVOC,4.0,ppb
2026-09-26,20:29:21,eCO2,400.0,ppm
2026-09-26,20:29:21,Broadband,0.0,lux
2026-09-26,20:29:21,Infrared,0.0,lux
2026-09-26,20:29:51,Temperature,25.44,°C
2026-09-26,20:29:51,Humidity,47.59,%
2026-09-26,20:29:51,AQI,1.0,
2026-09-26,20:29:51,TVOC,2.87,ppb
2026-09-26,20:29:51,eCO2,400.0,ppm
2026-09-26,20:29:51,Broadband,0.0,lux
2026-09-26,20:29:51,Infrared,0.0,lux
2026-09-26,20:30:21,Temperature,25.43,°C
2026-09-26,20:30:21,Humidity,47.66,%
2026-09-26,20:30:21,AQI,1.0,
2026-09-26,20:30:21,TVOC,6.5,ppb
2026-09-26,20:30:21,eCO2,400.0,ppm
2026-09-26,20:30:21,Broadband,0.0,lux
2026-09-26,20:30:21,Infrared,0.0,lux
2026-09-26,20:30:51,Temperature,25.45,°C
2026-09-26,20:30:51,Humidity,47.71,%
2026-09-26,20:30:51,AQI,1.0,
2026-09-26,20:30:51,TVOC,4.23,ppb
2026-09-26,20:30:51,eCO2,400.0,ppm
2026-09-26,20:30:51,Broadband,0.0,lux
2026-09-26,20:30:51,Infrared,0.0,lux
2026-09-26,20:31:21,Temperature,25.47,°C
2026-09-26,20:31:21,Humidity,47.61,%
2026-09-26,20:31:21,AQI,1.0,
2026-09-26,20:31:21,TVOC,4.07,ppb
2026-09-26,20:31:21,eCO2,400.0,ppm
2026-09-26,20:31:21,Broadband,0.0,lux
2026-09-26,20:31:21,Infrared,0.0,lux
2026-09-26,20:31:51,Temperature,25.47,°C
2026-09-26,20:31:51,Humidity,47.57,%
2026-09-26,20:31:51,AQI,1.0,
2026-09-26,20:31:51,TVOC,6.47,ppb
2026-09-26,20:31:51,eCO2,400.0,ppm
2026-09-26,20:31:51,Broadband,0.0,lux
2026-09-26,20:31:51,Infrared,0.0,lux
2026-09-26,20:32:21,Temperature,25.5,°C
2026-09-26,20:32:21,Humidity,47.57,%
2026-09-26,20:32:21,AQI,1.0,
2026-09-26,20:32:21,TVOC,5.97,ppb
2026-09-26,20:32:21,eCO2,400.0,ppm
2026-09-26,20:32:21,Broadband,0.0,lux
2026-09-26,20:32:21,Infrared,0.0,lux
2026-09-26,20:32:51,Temperature,25.49,°C
2026-09-26,20:32:51,Humidity,47.47,%
2026-09-26,20:32:51,AQI,1.0,
2026-09-26,20:32:51,TVOC,5.57,ppb
2026-09-26,20:32:51,eCO2,400.0,ppm
2026-09-26,20:32:51,Broadband,0.0,lux
2026-09-26,20:32:51,Infrared,0.0,lux
2026-09-26,20:33:21,Temperature,25.48,°C
2026-09-26,20:33:21,Humidity,47.44,%
2026-09-26,20:33:21,AQI,1.0,
2026-09-26,20:33:21,TVOC,7.83,ppb
2026-09-26,20:33:21,eCO2,400.0,ppm
2026-09-26,20:33:21,Broadband,0.0,lux
2026-09-26,20:33:21,Infrared,0.0,lux
2026-09-26,20:33:51,Temperature,25.47,°C
2026-09-26,20:33:51,Humidity,47.55,%
2026-09-26,20:33:51,AQI,1.0,
2026-09-26,20:33:51,TVOC,7.3,ppb
2026-09-26,20:33:51,eCO2,400.0,ppm
2026-09-26,20:33:51,Broadband,0.0,lux
2026-09-26,20:33:51,Infrared,0.0,lux
2026-09-26,20:34:21,Temperature,25.49,°C
2026-09-26,20:34:21,Humidity,47.61,%
2026-09-26,20:34:21,AQI,1.0,
2026-09-26,20:34:21,TVOC,9.27,ppb
2026-09-26,20:34:21,eCO2,400.0,ppm
2026-09-26,20:34:21,Broadband,0.0,lux
2026-09-26,20:34:21,Infrared,0.0,lux
2026-09-26,20:34:51,Temperature,25.48,°C
2026-09-26,20:34:51,Humidity,47.46,%
2026-09-26,20:34:51,AQI,1.0,
2026-09-26,20:34:51,TVOC,14.03,ppb
2026-09-26,20:34:51,eCO2,400.0,ppm
2026-09-26,20:34:51,Broadband,0.0,lux
2026-09-26,20:34:51,Infrared,0.0,lux
2026-09-26,20:35:21,Temperature,25.45,°C
2026-09-26,20:35:21,Humidity,47.46,%
2026-09-26,20:35:21,AQI,1.0,
2026-09-26,20:35:21,TVOC,13.0,ppb
2026-09-26,20:35:21,eCO2,400.0,ppm
2026-09-26,20:35:21,Broadband,0.0,lux
2026-09-26,20:35:21,Infrared,0.0,lux
2026-09-26,20:35:51,Temperature,25.47,°C
2026-09-26,20:35:51,Humidity,47.35,%
2026-09-26,20:35:51,AQI,1.0,
2026-09-26,20:35:51,TVOC,13.67,ppb
2026-09-26,20:35:51,eCO2,400.17,ppm
2026-09-26,20:35:51,Broadband,0.0,lux
2026-09-26,20:35:51,Infrared,0.0,lux
2026-09-26,20:36:21,Temperature,25.45,°C
2026-09-26,20:36:21,Humidity,47.31,%
2026-09-26,20:36:21,AQI,1.0,
2026-09-26,20:36:21,TVOC,14.67,ppb
2026-09-26,20:36:21,eCO2,400.03,ppm
2026-09-26,20:36:21,Broadband,0.0,lux
2026-09-26,20:36:21,Infrared,0.0,lux
2026-09-26,20:36:51,Temperature,25.49,°C
2026-09-26,20:36:51,Humidity,47.36,%
2026-09-26,20:36:51,AQI,1.0,
2026-09-26,20:36:51,TVOC,15.63,ppb
2026-09-26,20:36:51,eCO2,400.1,ppm
2026-09-26,20:36:51,Broadband,0.0,lux
2026-09-26,20:36:51,Infrared,0.0,lux
2026-09-26,20:37:21,Temperature,25.48,°C
2026-09-26,20:37:21,Humidity,47.34,%
2026-09-26,20:37:21,AQI,1.0,
2026-09-26,20:37:21,TVOC,16.77,ppb
2026-09-26,20:37:21,eCO2,400.77,ppm
2026-09-26,20:37:21,Broadband,0.0,lux
2026-09-26,20:37:21,Infrared,0.0,lux
2026-09-26,20:37:51,Temperature,25.47,°C
2026-09-26,20:37:51,Humidity,47.22,%
2026-09-26,20:37:51,AQI,1.0,
2026-09-26,20:37:51,TVOC,17.53,ppb
2026-09-26,20:37:51,eCO2,401.13,ppm
2026-09-26,20:37:51,Broadband,0.0,lux
2026-09-26,20:37:51,Infrared,0.0,lux
2026-09-26,20:38:21,Temperature,25.46,°C
2026-09-26,20:38:21,Humidity,47.22,%
2026-09-26,20:38:21,AQI,1.0,
2026-09-26,20:38:21,TVOC,18.1,ppb
2026-09-26,20:38:21,eCO2,400.2,ppm
2026-09-26,20:38:21,Broadband,0.0,lux
2026-09-26,20:38:21,Infrared,0.0,lux
2026-09-26,20:38:51,Temperature,25.49,°C
2026-09-26,20:38:51,Humidity,47.3,%
2026-09-26,20:38:51,AQI,1.0,
2026-09-26,20:38:51,TVOC,16.8,ppb
2026-09-26,20:38:51,eCO2,400.17,ppm
2026-09-26,20:38:51,Broadband,0.0,lux
2026-09-26,20:38:51,Infrared,0.0,lux
2026-09-26,20:39:21,Temperature,25.5,°C
2026-09-26,20:39:21,Humidity,47.3,%
2026-09-26,20:39:21,AQI,1.0,
2026-09-26,20:39:21,TVOC,15.73,ppb
2026-09-26,20:39:21,eCO2,400.03,ppm
2026-09-26,20:39:21,Broadband,0.0,lux
2026-09-26,20:39:21,Infrared,0.0,lux
2026-09-26,20:39:51,Temperature,25.49,°C
2026-09-26,20:39:51,Humidity,47.26,%
2026-09-26,20:39:51,AQI,1.0,
2026-09-26,20:39:51,TVOC,18.47,ppb
2026-09-26,20:39:51,eCO2,400.9,ppm
2026-09-26,20:39:51,Broadband,0.0,lux
2026-09-26,20:39:51,Infrared,0.0,lux
2026-09-26,20:40:21,Temperature,25.49,°C
2026-09-26,20:40:21,Humidity,47.22,%
2026-09-26,20:40:21,AQI,1.0,
2026-09-26,20:40:21,TVOC,19.87,ppb
2026-09-26,20:40:21,eCO2,400.93,ppm
2026-09-26,20:40:21,Broadband,0.0,lux
2026-09-26,20:40:21,Infrared,0.0,lux
2026-09-26,20:40:51,Temperature,25.49,°C
2026-09-26,20:40:51,Humidity,47.22,%
2026-09-26,20:40:51,AQI,1.0,
2026-09-26,20:40:51,TVOC,20.07,ppb
2026-09-26,20:40:51,eCO2,400.43,ppm
2026-09-26,20:40:51,Broadband,0.0,lux
2026-09-26,20:40:51,Infrared,0.0,lux
2026-09-26,20:41:21,Temperature,25.5,°C
2026-09-26,20:41:21,Humidity,47.25,%
2026-09-26,20:41:21,AQI,1.0,
2026-09-26,20:41:21,TVOC,23.0,ppb
2026-09-26,20:41:21,eCO2,402.43,ppm
2026-09-26,20:41:21,Broadband,0.0,lux
2026-09-26,20:41:21,Infrared,0.0,lux
2026-09-26,20:41:51,Temperature,25.47,°C
2026-09-26,20:41:51,Humidity,47.21,%
2026-09-26,20:41:51,AQI,1.0,
2026-09-26,20:41:51,TVOC,17.0,ppb
2026-09-26,20:41:51,eCO2,400.0,ppm
2026-09-26,20:41:51,Broadband,0.0,lux
2026-09-26,20:41:51,Infrared,0.0,lux
2026-09-26,20:42:21,Temperature,25.43,°C
2026-09-26,20:42:21,Humidity,47.26,%
2026-09-26,20:42:21,AQI,1.0,
2026-09-26,20:42:21,TVOC,20.97,ppb
2026-09-26,20:42:21,eCO2,400.73,ppm
2026-09-26,20:42:21,Broadband,0.0,lux
2026-09-26,20:42:21,Infrared,0.0,lux
2026-09-26,20:42:51,Temperature,25.46,°C
2026-09-26,20:42:51,Humidity,47.23,%
2026-09-26,20:42:51,AQI,1.0,
2026-09-26,20:42:51,TVOC,21.57,ppb
2026-09-26,20:42:51,eCO2,401.17,ppm
2026-09-26,20:42:51,Broadband,0.0,lux
2026-09-26,20:42:51,Infrared,0.0,lux
2026-09-26,20:43:21,Temperature,25.47,°C
2026-09-26,20:43:21,Humidity,47.21,%
2026-09-26,20:43:21,AQI,1.0,
2026-09-26,20:43:21,TVOC,24.9,ppb
2026-09-26,20:43:21,eCO2,404.07,ppm
2026-09-26,20:43:21,Broadband,0.0,lux
2026-09-26,20:43:21,Infrared,0.0,lux
2026-09-26,20:43:51,Temperature,25.49,°C
2026-09-26,20:43:51,Humidity,47.13,%
2026-09-26,20:43:51,AQI,1.0,
2026-09-26,20:43:51,TVOC,23.6,ppb
2026-09-26,20:43:51,eCO2,403.47,ppm
2026-09-26,20:43:51,Broadband,0.0,lux
2026-09-26,20:43:51,Infrared,0.0,lux
2026-09-26,20:44:21,Temperature,25.49,°C
2026-09-26,20:44:21,Humidity,47.08,%
2026-09-26,20:44:21,AQI,1.0,
2026-09-26,20:44:21,TVOC,23.6,ppb
2026-09-26,20:44:21,eCO2,403.23,ppm
2026-09-26,20:44:21,Broadband,0.0,lux
2026-09-26,20:44:21,Infrared,0.0,lux
2026-09-26,20:44:51,Temperature,25.49,°C
2026-09-26,20:44:51,Humidity,47.04,%
2026-09-26,20:44:51,AQI,1.0,
2026-09-26,20:44:51,TVOC,25.73,ppb
2026-09-26,20:44:51,eCO2,405.9,ppm
2026-09-26,20:44:51,Broadband,0.0,lux
2026-09-26,20:44:51,Infrared,0.0,lux
2026-09-26,20:45:21,Temperature,25.46,°C
2026-09-26,20:45:21,Humidity,47.06,%
2026-09-26,20:45:21,AQI,1.0,
2026-09-26,20:45:21,TVOC,25.1,ppb
2026-09-26,20:45:21,eCO2,404.9,ppm
2026-09-26,20:45:21,Broadband,0.0,lux
2026-09-26,20:45:21,Infrared,0.0,lux
2026-09-26,20:45:51,Temperature,25.45,°C
2026-09-26,20:45:51,Humidity,47.07,%
2026-09-26,20:45:51,AQI,1.0,
2026-09-26,20:45:51,TVOC,28.13,ppb
2026-09-26,20:45:51,eCO2,410.23,ppm
2026-09-26,20:45:51,Broadband,0.0,lux
2026-09-26,20:45:51,Infrared,0.0,lux
2026-09-26,20:46:21,Temperature,25.47,°C
2026-09-26,20:46:21,Humidity,47.13,%
2026-09-26,20:46:21,AQI,1.0,
2026-09-26,20:46:21,TVOC,27.23,ppb
2026-09-26,20:46:21,eCO2,408.77,ppm
2026-09-26,20:46:21,Broadband,0.0,lux
2026-09-26,20:46:21,Infrared,0.0,lux
2026-09-26,20:46:51,Temperature,25.47,°C
2026-09-26,20:46:51,Humidity,47.12,%
2026-09-26,20:46:51,AQI,1.0,
2026-09-26,20:46:51,TVOC,28.83,ppb
2026-09-26,20:46:51,eCO2,411.6,ppm
2026-09-26,20:46:51,Broadband,0.0,lux
2026-09-26,20:46:51,Infrared,0.0,lux
2026-09-26,20:47:21,Temperature,25.42,°C
2026-09-26,20:47:21,Humidity,46.96,%
2026-09-26,20:47:21,AQI,1.0,
2026-09-26,20:47:21,TVOC,28.3,ppb
2026-09-26,20:47:21,eCO2,410.73,ppm
2026-09-26,20:47:21,Broadband,0.0,lux
2026-09-26,20:47:21,Infrared,0.0,lux
2026-09-26,20:47:51,Temperature,25.41,°C
2026-09-26,20:47:51,Humidity,47.1,%
2026-09-26,20:47:51,AQI,1.0,
2026-09-26,20:47:51,TVOC,29.5,ppb
2026-09-26,20:47:51,eCO2,413.33,ppm
2026-09-26,20:47:51,Broadband,0.0,lux
2026-09-26,20:47:51,Infrared,0.0,lux
2026-09-26,20:48:21,Temperature,25.35,°C
2026-09-26,20:48:21,Humidity,47.21,%
2026-09-26,20:48:21,AQI,1.0,
2026-09-26,20:48:21,TVOC,25.77,ppb
2026-09-26,20:48:21,eCO2,405.7,ppm
2026-09-26,20:48:21,Broadband,0.0,lux
2026-09-26,20:48:21,Infrared,0.0,lux
2026-09-26,20:48:51,Temperature,25.38,°C
2026-09-26,20:48:51,Humidity,47.26,%
2026-09-26,20:48:51,AQI,1.0,
2026-09-26,20:48:51,TVOC,27.33,ppb
2026-09-26,20:48:51,eCO2,408.97,ppm
2026-09-26,20:48:51,Broadband,0.0,lux
2026-09-26,20:48:51,Infrared,0.0,lux
2026-09-26,20:49:21,Temperature,25.45,°C
2026-09-26,20:49:21,Humidity,47.17,%
2026-09-26,20:49:21,AQI,1.0,
2026-09-26,20:49:21,TVOC,27.9,ppb
2026-09-26,20:49:21,eCO2,409.73,ppm
2026-09-26,20:49:21,Broadband,0.0,lux
2026-09-26,20:49:21,Infrared,0.0,lux
2026-09-26,20:49:51,Temperature,25.45,°C
2026-09-26,20:49:51,Humidity,47.04,%
2026-09-26,20:49:51,AQI,1.0,
2026-09-26,20:49:51,TVOC,28.73,ppb
2026-09-26,20:49:51,eCO2,411.7,ppm
2026-09-26,20:49:51,Broadband,0.0,lux
2026-09-26,20:49:51,Infrared,0.0,lux
2026-09-26,20:50:21,Temperature,25.42,°C
2026-09-26,20:50:21,Humidity,46.97,%
2026-09-26,20:50:21,AQI,1.0,
2026-09-26,20:50:21,TVOC,28.37,ppb
2026-09-26,20:50:21,eCO2,410.93,ppm
2026-09-26,20:50:21,Broadband,0.0,lux
2026-09-26,20:50:21,Infrared,0.0,lux
2026-09-26,20:50:51,Temperature,25.4,°C
2026-09-26,20:50:51,Humidity,46.99,%
2026-09-26,20:50:51,AQI,1.0,
2026-09-26,20:50:51,TVOC,28.27,ppb
2026-09-26,20:50:51,eCO2,410.93,ppm
2026-09-26,20:50:51,Broadband,0.0,lux
2026-09-26,20:50:51,Infrared,0.0,lux
2026-09-26,20:51:21,Temperature,25.43,°C
2026-09-26,20:51:21,Humidity,46.99,%
2026-09-26,20:51:21,AQI,1.0,
2026-09-26,20:51:21,TVOC,24.8,ppb
2026-09-26,20:51:21,eCO2,405.33,ppm
2026-09-26,20:51:21,Broadband,0.0,lux
2026-09-26,20:51:21,Infrared,0.0,lux
2026-09-26,20:51:51,Temperature,25.47,°C
2026-09-26,20:51:51,Humidity,46.94,%
2026-09-26,20:51:51,AQI,1.0,
2026-09-26,20:51:51,TVOC,28.43,ppb
2026-09-26,20:51:51,eCO2,410.9,ppm
2026-09-26,20:51:51,Broadband,0.0,lux
2026-09-26,20:51:51,Infrared,0.0,lux
2026-09-26,20:52:21,Temperature,25.48,°C
2026-09-26,20:52:21,Humidity,46.93,%
2026-09-26,20:52:21,AQI,1.0,
2026-09-26,20:52:21,TVOC,28.47,ppb
2026-09-26,20:52:21,eCO2,411.1,ppm
2026-09-26,20:52:21,Broadband,0.0,lux
2026-09-26,20:52:21,Infrared,0.0,lux
2026-09-26,20:52:51,Temperature,25.45,°C
2026-09-26,20:52:51,Humidity,46.92,%
2026-09-26,20:52:51,AQI,1.0,
2026-09-26,20:52:51,TVOC,27.13,ppb
2026-09-26,20:52:51,eCO2,409.5,ppm
2026-09-26,20:52:51,Broadband,0.0,lux
2026-09-26,20:52:51,Infrared,0.0,lux
2026-09-26,20:53:21,Temperature,25.44,°C
2026-09-26,20:53:21,Humidity,46.85,%
2026-09-26,20:53:21,AQI,1.0,
2026-09-26,20:53:21,TVOC,25.1,ppb
2026-09-26,20:53:21,eCO2,406.27,ppm
2026-09-26,20:53:21,Broadband,0.0,lux
2026-09-26,20:53:21,Infrared,0.0,lux
2026-09-26,20:53:51,Temperature,25.45,°C
2026-09-26,20:53:51,Humidity,46.79,%
2026-09-26,20:53:51,AQI,1.0,
2026-09-26,20:53:51,TVOC,24.33,ppb
2026-09-26,20:53:51,eCO2,404.33,ppm
2026-09-26,20:53:51,Broadband,0.0,lux
2026-09-26,20:53:51,Infrared,0.0,lux
2026-09-26,20:54:21,Temperature,25.43,°C
2026-09-26,20:54:21,Humidity,46.74,%
2026-09-26,20:54:21,AQI,1.0,
2026-09-26,20:54:21,TVOC,25.1,ppb
2026-09-26,20:54:21,eCO2,405.57,ppm
2026-09-26,20:54:21,Broadband,0.0,lux
2026-09-26,20:54:21,Infrared,0.0,lux
2026-09-26,20:54:51,Temperature,25.38,°C
2026-09-26,20:54:51,Humidity,46.83,%
2026-09-26,20:54:51,AQI,1.0,
2026-09-26,20:54:51,TVOC,24.57,ppb
2026-09-26,20:54:51,eCO2,404.57,ppm
2026-09-26,20:54:51,Broadband,0.0,lux
2026-09-26,20:54:51,Infrared,0.0,lux
2026-09-26,20:55:21,Temperature,25.42,°C
2026-09-26,20:55:21,Humidity,46.9,%
2026-09-26,20:55:21,AQI,1.0,
2026-09-26,20:55:21,TVOC,25.9,ppb
2026-09-26,20:55:21,eCO2,405.87,ppm
2026-09-26,20:55:21,Broadband,0.0,lux
2026-09-26,20:55:21,Infrared,0.0,lux
2026-09-26,20:55:51,Temperature,25.42,°C
2026-09-26,20:55:51,Humidity,46.85,%
2026-09-26,20:55:51,AQI,1.0,
2026-09-26,20:55:51,TVOC,23.3,ppb
2026-09-26,20:55:51,eCO2,403.3,ppm
2026-09-26,20:55:51,Broadband,0.0,lux
2026-09-26,20:55:51,Infrared,0.0,lux
2026-09-26,20:56:21,Temperature,25.42,°C
2026-09-26,20:56:21,Humidity,46.79,%
2026-09-26,20:56:21,AQI,1.0,
2026-09-26,20:56:21,TVOC,24.97,ppb
2026-09-26,20:56:21,eCO2,406.33,ppm
2026-09-26,20:56:21,Broadband,0.0,lux
2026-09-26,20:56:21,Infrared,0.0,lux
2026-09-26,20:56:51,Temperature,25.43,°C
2026-09-26,20:56:51,Humidity,46.72,%
2026-09-26,20:56:51,AQI,1.0,
2026-09-26,20:56:51,TVOC,24.5,ppb
2026-09-26,20:56:51,eCO2,404.03,ppm
2026-09-26,20:56:51,Broadband,0.0,lux
2026-09-26,20:56:51,Infrared,0.0,lux
2026-09-26,20:57:21,Temperature,25.38,°C
2026-09-26,20:57:21,Humidity,46.82,%
2026-09-26,20:57:21,AQI,1.0,
2026-09-26,20:57:21,TVOC,23.87,ppb
2026-09-26,20:57:21,eCO2,403.8,ppm
2026-09-26,20:57:21,Broadband,0.0,lux
2026-09-26,20:57:21,Infrared,0.0,lux
2026-09-26,20:57:51,Temperature,25.4,°C
2026-09-26,20:57:51,Humidity,46.87,%
2026-09-26,20:57:51,AQI,1.0,
2026-09-26,20:57:51,TVOC,22.1,ppb
2026-09-26,20:57:51,eCO2,401.7,ppm
2026-09-26,20:57:51,Broadband,0.0,lux
2026-09-26,20:57:51,Infrared,0.0,lux
2026-09-26,20:58:21,Temperature,25.44,°C
2026-09-26,20:58:21,Humidity,46.79,%
2026-09-26,20:58:21,AQI,1.0,
2026-09-26,20:58:21,TVOC,20.77,ppb
2026-09-26,20:58:21,eCO2,401.73,ppm
2026-09-26,20:58:21,Broadband,0.0,lux
2026-09-26,20:58:21,Infrared,0.0,lux
2026-09-26,20:58:51,Temperature,25.47,°C
2026-09-26,20:58:51,Humidity,46.7,%
2026-09-26,20:58:51,AQI,1.0,
2026-09-26,20:58:51,TVOC,21.33,ppb
2026-09-26,20:58:51,eCO2,400.97,ppm
2026-09-26,20:58:51,Broadband,0.0,lux
2026-09-26,20:58:51,Infrared,0.0,lux
2026-09-26,20:59:21,Temperature,25.46,°C
2026-09-26,20:59:21,Humidity,46.67,%
2026-09-26,20:59:21,AQI,1.0,
2026-09-26,20:59:21,TVOC,20.23,ppb
2026-09-26,20:59:21,eCO2,400.67,ppm
2026-09-26,20:59:21,Broadband,0.0,lux
2026-09-26,20:59:21,Infrared,0.0,lux
2026-09-26,20:59:51,Temperature,25.42,°C
2026-09-26,20:59:51,Humidity,46.61,%
2026-09-26,20:59:51,AQI,1.0,
2026-09-26,20:59:51,TVOC,19.4,ppb
2026-09-26,20:59:51,eCO2,400.03,ppm
2026-09-26,20:59:51,Broadband,0.0,lux
2026-09-26,20:59:51,Infrared,0.0,lux
2026-09-26,21:00:21,Temperature,25.36,°C
2026-09-26,21:00:21,Humidity,46.63,%
2026-09-26,21:00:21,AQI,1.0,
2026-09-26,21:00:21,TVOC,16.17,ppb
2026-09-26,21:00:21,eCO2,400.1,ppm
2026-09-26,21:00:21,Broadband,0.0,lux
2026-09-26,21:00:21,Infrared,0.0,lux
2026-09-26,21:00:51,Temperature,25.37,°C
2026-09-26,21:00:51,Humidity,46.68,%
2026-09-26,21:00:51,AQI,1.0,
2026-09-26,21:00:51,TVOC,15.53,ppb
2026-09-26,21:00:51,eCO2,400.0,ppm
2026-09-26,21:00:51,Broadband,0.0,lux
2026-09-26,21:00:51,Infrared,0.0,lux
2026-09-26,21:01:21,Temperature,25.36,°C
2026-09-26,21:01:21,Humidity,46.73,%
2026-09-26,21:01:21,AQI,1.0,
2026-09-26,21:01:21,TVOC,16.5,ppb
2026-09-26,21:01:21,eCO2,400.0,ppm
2026-09-26,21:01:21,Broadband,0.6,lux
2026-09-26,21:01:21,Infrared,0.3,lux
2026-09-26,21:01:51,Temperature,25.41,°C
2026-09-26,21:01:51,Humidity,46.7,%
2026-09-26,21:01:51,AQI,1.0,
2026-09-26,21:01:51,TVOC,15.7,ppb
2026-09-26,21:01:51,eCO2,400.0,ppm
2026-09-26,21:01:51,Broadband,4.33,lux
2026-09-26,21:01:51,Infrared,1.17,lux
2026-09-26,21:02:21,Temperature,25.4,°C
2026-09-26,21:02:21,Humidity,46.68,%
2026-09-26,21:02:21,AQI,1.0,
2026-09-26,21:02:21,TVOC,17.1,ppb
2026-09-26,21:02:21,eCO2,400.47,ppm
2026-09-26,21:02:21,Broadband,5.67,lux
2026-09-26,21:02:21,Infrared,1.07,lux
2026-09-26,21:02:51,Temperature,25.39,°C
2026-09-26,21:02:51,Humidity,46.67,%
2026-09-26,21:02:51,AQI,1.0,
2026-09-26,21:02:51,TVOC,18.13,ppb
2026-09-26,21:02:51,eCO2,400.13,ppm
2026-09-26,21:02:51,Broadband,7.0,lux
2026-09-26,21:02:51,Infrared,1.77,lux
2026-09-26,21:03:21,Temperature,25.36,°C
2026-09-26,21:03:21,Humidity,46.59,%
2026-09-26,21:03:21,AQI,1.0,
2026-09-26,21:03:21,TVOC,9.97,ppb
2026-09-26,21:03:21,eCO2,400.1,ppm
2026-09-26,21:03:21,Broadband,7.0,lux
2026-09-26,21:03:21,Infrared,1.3,lux
2026-09-26,21:03:51,Temperature,25.3,°C
2026-09-26,21:03:51,Humidity,46.49,%
2026-09-26,21:03:51,AQI,1.0,
2026-09-26,21:03:51,TVOC,14.27,ppb
2026-09-26,21:03:51,eCO2,400.0,ppm
2026-09-26,21:03:51,Broadband,7.47,lux
2026-09-26,21:03:51,Infrared,1.0,lux
2026-09-26,21:04:21,Temperature,25.3,°C
2026-09-26,21:04:21,Humidity,46.7,%
2026-09-26,21:04:21,AQI,1.0,
2026-09-26,21:04:21,TVOC,18.27,ppb
2026-09-26,21:04:21,eCO2,400.47,ppm
2026-09-26,21:04:21,Broadband,8.0,lux
2026-09-26,21:04:21,Infrared,1.0,lux
2026-09-26,21:04:51,Temperature,25.32,°C
2026-09-26,21:04:51,Humidity,46.75,%
2026-09-26,21:04:51,AQI,1.1,
2026-09-26,21:04:51,TVOC,27.5,ppb
2026-09-26,21:04:51,eCO2,413.27,ppm
2026-09-26,21:04:51,Broadband,7.33,lux
2026-09-26,21:04:51,Infrared,1.0,lux
2026-09-26,21:05:21,Temperature,25.22,°C
2026-09-26,21:05:21,Humidity,46.82,%
2026-09-26,21:05:21,AQI,1.0,
2026-09-26,21:05:21,TVOC,16.97,ppb
2026-09-26,21:05:21,eCO2,406.07,ppm
2026-09-26,21:05:21,Broadband,7.0,lux
2026-09-26,21:05:21,Infrared,1.0,lux
2026-09-26,21:05:51,Temperature,25.21,°C
2026-09-26,21:05:51,Humidity,46.9,%
2026-09-26,21:05:51,AQI,1.0,
2026-09-26,21:05:51,TVOC,15.57,ppb
2026-09-26,21:05:51,eCO2,400.0,ppm
2026-09-26,21:05:51,Broadband,7.73,lux
2026-09-26,21:05:51,Infrared,1.0,lux
2026-09-26,21:06:21,Temperature,25.24,°C
2026-09-26,21:06:21,Humidity,46.93,%
2026-09-26,21:06:21,AQI,1.0,
2026-09-26,21:06:21,TVOC,20.57,ppb
2026-09-26,21:06:21,eCO2,401.23,ppm
2026-09-26,21:06:21,Broadband,8.0,lux
2026-09-26,21:06:21,Infrared,1.0,lux
2026-09-26,21:06:51,Temperature,25.19,°C
2026-09-26,21:06:51,Humidity,47.05,%
2026-09-26,21:06:51,AQI,1.0,
2026-09-26,21:06:51,TVOC,30.57,ppb
2026-09-26,21:06:51,eCO2,415.57,ppm
2026-09-26,21:06:51,Broadband,8.0,lux
2026-09-26,21:06:51,Infrared,1.0,lux
2026-09-26,21:07:21,Temperature,25.15,°C
2026-09-26,21:07:21,Humidity,47.24,%
2026-09-26,21:07:21,AQI,1.0,
2026-09-26,21:07:21,TVOC,32.07,ppb
2026-09-26,21:07:21,eCO2,418.7,ppm
2026-09-26,21:07:21,Broadband,7.7,lux
2026-09-26,21:07:21,Infrared,1.0,lux
2026-09-26,21:07:51,Temperature,25.14,°C
2026-09-26,21:07:51,Humidity,47.34,%
2026-09-26,21:07:51,AQI,1.0,
2026-09-26,21:07:51,TVOC,32.67,ppb
2026-09-26,21:07:51,eCO2,420.17,ppm
2026-09-26,21:07:51,Broadband,7.0,lux
2026-09-26,21:07:51,Infrared,1.0,lux
2026-09-26,21:08:21,Temperature,25.17,°C
2026-09-26,21:08:21,Humidity,47.35,%
2026-09-26,21:08:21,AQI,1.0,
2026-09-26,21:08:21,TVOC,35.67,ppb
2026-09-26,21:08:21,eCO2,426.4,ppm
2026-09-26,21:08:21,Broadband,7.0,lux
2026-09-26,21:08:21,Infrared,1.0,lux
2026-09-26,21:08:51,Temperature,25.16,°C
2026-09-26,21:08:51,Humidity,47.39,%
2026-09-26,21:08:51,AQI,1.0,
2026-09-26,21:08:51,TVOC,35.9,ppb
2026-09-26,21:08:51,eCO2,427.07,ppm
2026-09-26,21:08:51,Broadband,7.0,lux
2026-09-26,21:08:51,Infrared,1.0,lux
2026-09-26,21:09:21,Temperature,25.2,°C
2026-09-26,21:09:21,Humidity,47.41,%
2026-09-26,21:09:21,AQI,1.0,
2026-09-26,21:09:21,TVOC,38.6,ppb
2026-09-26,21:09:21,eCO2,433.03,ppm
2026-09-26,21:09:21,Broadband,7.0,lux
2026-09-26,21:09:21,Infrared,1.0,lux
2026-09-26,21:09:51,Temperature,25.19,°C
2026-09-26,21:09:51,Humidity,47.42,%
2026-09-26,21:09:51,AQI,1.23,
2026-09-26,21:09:51,TVOC,58.43,ppb
2026-09-26,21:09:51,eCO2,471.9,ppm
2026-09-26,21:09:51,Broadband,7.0,lux
2026-09-26,21:09:51,Infrared,1.0,lux
2026-09-26,21:10:21,Temperature,25.15,°C
2026-09-26,21:10:21,Humidity,47.51,%
2026-09-26,21:10:21,AQI,2.6,
2026-09-26,21:10:21,TVOC,304.63,ppb
2026-09-26,21:10:21,eCO2,741.1,ppm
2026-09-26,21:10:21,Broadband,7.0,lux
2026-09-26,21:10:21,Infrared,1.0,lux
2026-09-26,21:10:51,Temperature,25.12,°C
2026-09-26,21:10:51,Humidity,47.61,%
2026-09-26,21:10:51,AQI,4.0,
2026-09-26,21:10:51,TVOC,1606.87,ppb
2026-09-26,21:10:51,eCO2,1135.7,ppm
2026-09-26,21:10:51,Broadband,7.97,lux
2026-09-26,21:10:51,Infrared,1.0,lux
2026-09-26,21:11:21,Temperature,25.12,°C
2026-09-26,21:11:21,Humidity,47.74,%
2026-09-26,21:11:21,AQI,4.0,
2026-09-26,21:11:21,TVOC,1626.97,ppb
2026-09-26,21:11:21,eCO2,1140.73,ppm
2026-09-26,21:11:21,Broadband,7.07,lux
2026-09-26,21:11:21,Infrared,1.0,lux
2026-09-26,21:11:51,Temperature,25.11,°C
2026-09-26,21:11:51,Humidity,47.81,%
2026-09-26,21:11:51,AQI,4.0,
2026-09-26,21:11:51,TVOC,923.73,ppb
2026-09-26,21:11:51,eCO2,982.23,ppm
2026-09-26,21:11:51,Broadband,7.53,lux
2026-09-26,21:11:51,Infrared,1.0,lux
2026-09-26,21:12:21,Temperature,25.1,°C
2026-09-26,21:12:21,Humidity,47.87,%
2026-09-26,21:12:21,AQI,3.43,
2026-09-26,21:12:21,TVOC,648.67,ppb
2026-09-26,21:12:21,eCO2,909.47,ppm
2026-09-26,21:12:21,Broadband,7.9,lux
2026-09-26,21:12:21,Infrared,1.0,lux
2026-09-26,21:12:51,Temperature,25.11,°C
2026-09-26,21:12:51,Humidity,47.97,%
2026-09-26,21:12:51,AQI,3.0,
2026-09-26,21:12:51,TVOC,544.47,ppb
2026-09-26,21:12:51,eCO2,879.4,ppm
2026-09-26,21:12:51,Broadband,8.0,lux
2026-09-26,21:12:51,Infrared,1.0,lux
2026-09-26,21:13:21,Temperature,25.08,°C
2026-09-26,21:13:21,Humidity,48.03,%
2026-09-26,21:13:21,AQI,3.0,
2026-09-26,21:13:21,TVOC,466.2,ppb
2026-09-26,21:13:21,eCO2,855.7,ppm
2026-09-26,21:13:21,Broadband,8.0,lux
2026-09-26,21:13:21,Infrared,1.0,lux
2026-09-26,21:13:51,Temperature,25.07,°C
2026-09-26,21:13:51,Humidity,48.11,%
2026-09-26,21:13:51,AQI,3.0,
2026-09-26,21:13:51,TVOC,388.83,ppb
2026-09-26,21:13:51,eCO2,831.0,ppm
2026-09-26,21:13:51,Broadband,8.0,lux
2026-09-26,21:13:51,Infrared,1.0,lux
2026-09-26,21:14:21,Temperature,25.04,°C
2026-09-26,21:14:21,Humidity,48.23,%
2026-09-26,21:14:21,AQI,3.0,
2026-09-26,21:14:21,TVOC,347.3,ppb
2026-09-26,21:14:21,eCO2,817.07,ppm
2026-09-26,21:14:21,Broadband,8.0,lux
2026-09-26,21:14:21,Infrared,1.0,lux
2026-09-26,21:14:51,Temperature,25.06,°C
2026-09-26,21:14:51,Humidity,48.23,%
2026-09-26,21:14:51,AQI,3.0,
2026-09-26,21:14:51,TVOC,313.7,ppb
2026-09-26,21:14:51,eCO2,803.2,ppm
2026-09-26,21:14:51,Broadband,8.0,lux
2026-09-26,21:14:51,Infrared,1.0,lux
2026-09-26,21:15:21,Temperature,25.06,°C
2026-09-26,21:15:21,Humidity,48.3,%
2026-09-26,21:15:21,AQI,3.0,
2026-09-26,21:15:21,TVOC,314.37,ppb
2026-09-26,21:15:21,eCO2,805.2,ppm
2026-09-26,21:15:21,Broadband,8.0,lux
2026-09-26,21:15:21,Infrared,1.0,lux
2026-09-26,21:15:51,Temperature,25.06,°C
2026-09-26,21:15:51,Humidity,48.35,%
2026-09-26,21:15:51,AQI,3.0,
2026-09-26,21:15:51,TVOC,322.8,ppb
2026-09-26,21:15:51,eCO2,808.87,ppm
2026-09-26,21:15:51,Broadband,7.5,lux
2026-09-26,21:15:51,Infrared,1.0,lux
2026-09-26,21:16:21,Temperature,25.1,°C
2026-09-26,21:16:21,Humidity,48.41,%
2026-09-26,21:16:21,AQI,3.0,
2026-09-26,21:16:21,TVOC,314.5,ppb
2026-09-26,21:16:21,eCO2,803.73,ppm
2026-09-26,21:16:21,Broadband,8.0,lux
2026-09-26,21:16:21,Infrared,1.0,lux
2026-09-26,21:16:51,Temperature,25.11,°C
2026-09-26,21:16:51,Humidity,48.44,%
2026-09-26,21:16:51,AQI,3.0,
2026-09-26,21:16:51,TVOC,340.43,ppb
2026-09-26,21:16:51,eCO2,814.87,ppm
2026-09-26,21:16:51,Broadband,8.0,lux
2026-09-26,21:16:51,Infrared,1.0,lux
2026-09-26,21:17:21,Temperature,25.12,°C
2026-09-26,21:17:21,Humidity,48.5,%
2026-09-26,21:17:21,AQI,3.0,
2026-09-26,21:17:21,TVOC,321.57,ppb
2026-09-26,21:17:21,eCO2,808.47,ppm
2026-09-26,21:17:21,Broadband,7.97,lux
2026-09-26,21:17:21,Infrared,1.0,lux
2026-09-26,21:17:51,Temperature,25.14,°C
2026-09-26,21:17:51,Humidity,48.54,%
2026-09-26,21:17:51,AQI,3.0,
2026-09-26,21:17:51,TVOC,317.97,ppb
2026-09-26,21:17:51,eCO2,807.23,ppm
2026-09-26,21:17:51,Broadband,7.77,lux
2026-09-26,21:17:51,Infrared,1.0,lux
2026-09-26,21:18:21,Temperature,25.12,°C
2026-09-26,21:18:21,Humidity,48.56,%
2026-09-26,21:18:21,AQI,3.0,
2026-09-26,21:18:21,TVOC,320.63,ppb
2026-09-26,21:18:21,eCO2,808.13,ppm
2026-09-26,21:18:21,Broadband,7.03,lux
2026-09-26,21:18:21,Infrared,0.97,lux
2026-09-26,21:18:51,Temperature,25.12,°C
2026-09-26,21:18:51,Humidity,48.62,%
2026-09-26,21:18:51,AQI,3.0,
2026-09-26,21:18:51,TVOC,327.93,ppb
2026-09-26,21:18:51,eCO2,810.7,ppm
2026-09-26,21:18:51,Broadband,0.0,lux
2026-09-26,21:18:51,Infrared,0.0,lux
2026-09-26,21:19:21,Temperature,25.21,°C
2026-09-26,21:19:21,Humidity,48.56,%
2026-09-26,21:19:21,AQI,3.0,
2026-09-26,21:19:21,TVOC,305.77,ppb
2026-09-26,21:19:21,eCO2,802.27,ppm
2026-09-26,21:19:21,Broadband,0.0,lux
2026-09-26,21:19:21,Infrared,0.0,lux
2026-09-26,21:19:51,Temperature,25.22,°C
2026-09-26,21:19:51,Humidity,48.72,%
2026-09-26,21:19:51,AQI,3.0,
2026-09-26,21:19:51,TVOC,301.8,ppb
2026-09-26,21:19:51,eCO2,800.73,ppm
2026-09-26,21:19:51,Broadband,0.0,lux
2026-09-26,21:19:51,Infrared,0.0,lux
2026-09-26,21:20:21,Temperature,25.2,°C
2026-09-26,21:20:21,Humidity,48.64,%
2026-09-26,21:20:21,AQI,3.0,
2026-09-26,21:20:21,TVOC,314.9,ppb
2026-09-26,21:20:21,eCO2,806.0,ppm
2026-09-26,21:20:21,Broadband,0.0,lux
2026-09-26,21:20:21,Infrared,0.0,lux
2026-09-26,21:20:51,Temperature,25.28,°C
2026-09-26,21:20:51,Humidity,48.53,%
2026-09-26,21:20:51,AQI,3.0,
2026-09-26,21:20:51,TVOC,312.63,ppb
2026-09-26,21:20:51,eCO2,805.33,ppm
2026-09-26,21:20:51,Broadband,0.0,lux
2026-09-26,21:20:51,Infrared,0.0,lux
2026-09-26,21:21:21,Temperature,25.25,°C
2026-09-26,21:21:21,Humidity,48.42,%
2026-09-26,21:21:21,AQI,3.0,
2026-09-26,21:21:21,TVOC,309.5,ppb
2026-09-26,21:21:21,eCO2,804.2,ppm
2026-09-26,21:21:21,Broadband,0.0,lux
2026-09-26,21:21:21,Infrared,0.0,lux
2026-09-26,21:21:51,Temperature,25.28,°C
2026-09-26,21:21:51,Humidity,48.51,%
2026-09-26,21:21:51,AQI,3.0,
2026-09-26,21:21:51,TVOC,283.13,ppb
2026-09-26,21:21:51,eCO2,785.93,ppm
2026-09-26,21:21:51,Broadband,0.0,lux
2026-09-26,21:21:51,Infrared,0.0,lux
2026-09-26,21:22:21,Temperature,25.28,°C
2026-09-26,21:22:21,Humidity,48.54,%
2026-09-26,21:22:21,AQI,3.0,
2026-09-26,21:22:21,TVOC,286.7,ppb
2026-09-26,21:22:21,eCO2,789.87,ppm
2026-09-26,21:22:21,Broadband,0.0,lux
2026-09-26,21:22:21,Infrared,0.0,lux
2026-09-26,21:22:51,Temperature,25.29,°C
2026-09-26,21:22:51,Humidity,48.6,%
2026-09-26,21:22:51,AQI,3.0,
2026-09-26,21:22:51,TVOC,275.77,ppb
2026-09-26,21:22:51,eCO2,779.13,ppm
2026-09-26,21:22:51,Broadband,0.0,lux
2026-09-26,21:22:51,Infrared,0.0,lux
2026-09-26,21:23:21,Temperature,25.29,°C
2026-09-26,21:23:21,Humidity,48.56,%
2026-09-26,21:23:21,AQI,3.0,
2026-09-26,21:23:21,TVOC,274.67,ppb
2026-09-26,21:23:21,eCO2,778.03,ppm
2026-09-26,21:23:21,Broadband,0.0,lux
2026-09-26,21:23:21,Infrared,0.0,lux
2026-09-26,21:23:51,Temperature,25.27,°C
2026-09-26,21:23:51,Humidity,48.59,%
2026-09-26,21:23:51,AQI,3.0,
2026-09-26,21:23:51,TVOC,269.47,ppb
2026-09-26,21:23:51,eCO2,772.37,ppm
2026-09-26,21:23:51,Broadband,0.0,lux
2026-09-26,21:23:51,Infrared,0.0,lux
2026-09-26,21:24:21,Temperature,25.31,°C
2026-09-26,21:24:21,Humidity,48.62,%
2026-09-26,21:24:21,AQI,3.0,
2026-09-26,21:24:21,TVOC,253.4,ppb
2026-09-26,21:24:21,eCO2,755.03,ppm
2026-09-26,21:24:21,Broadband,0.0,lux
2026-09-26,21:24:21,Infrared,0.0,lux
2026-09-26,21:24:51,Temperature,25.33,°C
2026-09-26,21:24:51,Humidity,48.59,%
2026-09-26,21:24:51,AQI,3.0,
2026-09-26,21:24:51,TVOC,256.37,ppb
2026-09-26,21:24:51,eCO2,758.37,ppm
2026-09-26,21:24:51,Broadband,0.0,lux
2026-09-26,21:24:51,Infrared,0.0,lux
2026-09-26,21:25:21,Temperature,25.33,°C
2026-09-26,21:25:21,Humidity,48.49,%
2026-09-26,21:25:21,AQI,3.0,
2026-09-26,21:25:21,TVOC,261.17,ppb
2026-09-26,21:25:21,eCO2,763.6,ppm
2026-09-26,21:25:21,Broadband,0.0,lux
2026-09-26,21:25:21,Infrared,0.0,lux
2026-09-26,21:25:51,Temperature,25.31,°C
2026-09-26,21:25:51,Humidity,48.48,%
2026-09-26,21:25:51,AQI,2.97,
2026-09-26,21:25:51,TVOC,245.27,ppb
2026-09-26,21:25:51,eCO2,746.17,ppm
2026-09-26,21:25:51,Broadband,0.0,lux
2026-09-26,21:25:51,Infrared,0.0,lux
2026-09-26,21:26:21,Temperature,25.31,°C
2026-09-26,21:26:21,Humidity,48.54,%
2026-09-26,21:26:21,AQI,3.0,
2026-09-26,21:26:21,TVOC,241.07,ppb
2026-09-26,21:26:21,eCO2,741.6,ppm
2026-09-26,21:26:21,Broadband,0.0,lux
2026-09-26,21:26:21,Infrared,0.0,lux
2026-09-26,21:26:51,Temperature,25.32,°C
2026-09-26,21:26:51,Humidity,48.49,%
2026-09-26,21:26:51,AQI,2.97,
2026-09-26,21:26:51,TVOC,233.27,ppb
2026-09-26,21:26:51,eCO2,732.73,ppm
2026-09-26,21:26:51,Broadband,0.0,lux
2026-09-26,21:26:51,Infrared,0.0,lux
2026-09-26,21:27:21,Temperature,25.31,°C
2026-09-26,21:27:21,Humidity,48.49,%
2026-09-26,21:27:21,AQI,2.83,
2026-09-26,21:27:21,TVOC,228.97,ppb
2026-09-26,21:27:21,eCO2,727.87,ppm
2026-09-26,21:27:21,Broadband,0.0,lux
2026-09-26,21:27:21,Infrared,0.0,lux
2026-09-26,21:27:51,Temperature,25.33,°C
2026-09-26,21:27:51,Humidity,48.48,%
2026-09-26,21:27:51,AQI,2.77,
2026-09-26,21:27:51,TVOC,224.93,ppb
2026-09-26,21:27:51,eCO2,723.27,ppm
2026-09-26,21:27:51,Broadband,0.0,lux
2026-09-26,21:27:51,Infrared,0.0,lux
2026-09-26,21:28:21,Temperature,25.34,°C
2026-09-26,21:28:21,Humidity,48.44,%
2026-09-26,21:28:21,AQI,2.6,
2026-09-26,21:28:21,TVOC,222.9,ppb
2026-09-26,21:28:21,eCO2,720.4,ppm
2026-09-26,21:28:21,Broadband,0.0,lux
2026-09-26,21:28:21,Infrared,0.0,lux
2026-09-26,21:28:51,Temperature,25.34,°C
2026-09-26,21:28:51,Humidity,48.42,%
2026-09-26,21:28:51,AQI,2.43,
2026-09-26,21:28:51,TVOC,217.2,ppb
2026-09-26,21:28:51,eCO2,714.13,ppm
2026-09-26,21:28:51,Broadband,0.0,lux
2026-09-26,21:28:51,Infrared,0.0,lux
2026-09-26,21:29:21,Temperature,25.33,°C
2026-09-26,21:29:21,Humidity,48.4,%
2026-09-26,21:29:21,AQI,2.1,
2026-09-26,21:29:21,TVOC,196.53,ppb
2026-09-26,21:29:21,eCO2,688.37,ppm
2026-09-26,21:29:21,Broadband,0.0,lux
2026-09-26,21:29:21,Infrared,0.0,lux
2026-09-26,21:29:51,Temperature,25.33,°C
2026-09-26,21:29:51,Humidity,48.39,%
2026-09-26,21:29:51,AQI,2.43,
2026-09-26,21:29:51,TVOC,217.53,ppb
2026-09-26,21:29:51,eCO2,714.37,ppm
2026-09-26,21:29:51,Broadband,0.0,lux
2026-09-26,21:29:51,Infrared,0.0,lux
2026-09-26,21:30:21,Temperature,25.35,°C
2026-09-26,21:30:21,Humidity,48.36,%
2026-09-26,21:30:21,AQI,2.0,
2026-09-26,21:30:21,TVOC,196.93,ppb
2026-09-26,21:30:21,eCO2,689.17,ppm
2026-09-26,21:30:21,Broadband,0.0,lux
2026-09-26,21:30:21,Infrared,0.0,lux
2026-09-26,21:30:51,Temperature,25.36,°C
2026-09-26,21:30:51,Humidity,48.3,%
2026-09-26,21:30:51,AQI,2.07,
2026-09-26,21:30:51,TVOC,199.83,ppb
2026-09-26,21:30:51,eCO2,692.57,ppm
2026-09-26,21:30:51,Broadband,0.0,lux
2026-09-26,21:30:51,Infrared,0.0,lux
2026-09-26,21:31:21,Temperature,25.34,°C
2026-09-26,21:31:21,Humidity,48.27,%
2026-09-26,21:31:21,AQI,2.0,
2026-09-26,21:31:21,TVOC,191.2,ppb
2026-09-26,21:31:21,eCO2,681.9,ppm
2026-09-26,21:31:21,Broadband,0.0,lux
2026-09-26,21:31:21,Infrared,0.0,lux
2026-09-26,21:31:51,Temperature,25.35,°C
2026-09-26,21:31:51,Humidity,48.23,%
2026-09-26,21:31:51,AQI,2.0,
2026-09-26,21:31:51,TVOC,172.83,ppb
2026-09-26,21:31:51,eCO2,657.97,ppm
2026-09-26,21:31:51,Broadband,0.0,lux
2026-09-26,21:31:51,Infrared,0.0,lux
2026-09-26,21:32:21,Temperature,25.35,°C
2026-09-26,21:32:21,Humidity,48.19,%
2026-09-26,21:32:21,AQI,2.0,
2026-09-26,21:32:21,TVOC,157.07,ppb
2026-09-26,21:32:21,eCO2,636.43,ppm
2026-09-26,21:32:21,Broadband,0.0,lux
2026-09-26,21:32:21,Infrared,0.0,lux
2026-09-26,21:32:51,Temperature,25.35,°C
2026-09-26,21:32:51,Humidity,48.17,%
2026-09-26,21:32:51,AQI,2.0,
2026-09-26,21:32:51,TVOC,151.7,ppb
2026-09-26,21:32:51,eCO2,629.07,ppm
2026-09-26,21:32:51,Broadband,0.0,lux
2026-09-26,21:32:51,Infrared,0.0,lux
2026-09-26,21:33:21,Temperature,25.32,°C
2026-09-26,21:33:21,Humidity,48.2,%
2026-09-26,21:33:21,AQI,2.0,
2026-09-26,21:33:21,TVOC,166.2,ppb
2026-09-26,21:33:21,eCO2,649.07,ppm
2026-09-26,21:33:21,Broadband,0.0,lux
2026-09-26,21:33:21,Infrared,0.0,lux
2026-09-26,21:33:51,Temperature,25.32,°C
2026-09-26,21:33:51,Humidity,48.2,%
2026-09-26,21:33:51,AQI,2.0,
2026-09-26,21:33:51,TVOC,170.8,ppb
2026-09-26,21:33:51,eCO2,655.4,ppm
2026-09-26,21:33:51,Broadband,0.0,lux
2026-09-26,21:33:51,Infrared,0.0,lux
2026-09-26,21:34:21,Temperature,25.34,°C
2026-09-26,21:34:21,Humidity,48.15,%
2026-09-26,21:34:21,AQI,2.0,
2026-09-26,21:34:21,TVOC,160.7,ppb
2026-09-26,21:34:21,eCO2,641.73,ppm
2026-09-26,21:34:21,Broadband,0.0,lux
2026-09-26,21:34:21,Infrared,0.0,lux
2026-09-26,21:34:51,Temperature,25.35,°C
2026-09-26,21:34:51,Humidity,48.09,%
2026-09-26,21:34:51,AQI,2.0,
2026-09-26,21:34:51,TVOC,168.97,ppb
2026-09-26,21:34:51,eCO2,652.73,ppm
2026-09-26,21:34:51,Broadband,0.0,lux
2026-09-26,21:34:51,Infrared,0.0,lux
2026-09-26,21:35:21,Temperature,25.36,°C
2026-09-26,21:35:21,Humidity,48.07,%
2026-09-26,21:35:21,AQI,2.0,
2026-09-26,21:35:21,TVOC,164.43,ppb
2026-09-26,21:35:21,eCO2,646.7,ppm
2026-09-26,21:35:21,Broadband,0.0,lux
2026-09-26,21:35:21,Infrared,0.0,lux
2026-09-26,21:35:51,Temperature,25.35,°C
2026-09-26,21:35:51,Humidity,48.05,%
2026-09-26,21:35:51,AQI,2.0,
2026-09-26,21:35:51,TVOC,167.63,ppb
2026-09-26,21:35:51,eCO2,651.27,ppm
2026-09-26,21:35:51,Broadband,0.0,lux
2026-09-26,21:35:51,Infrared,0.0,lux
2026-09-26,21:36:21,Temperature,25.33,°C
2026-09-26,21:36:21,Humidity,48.07,%
2026-09-26,21:36:21,AQI,2.0,
2026-09-26,21:36:21,TVOC,163.93,ppb
2026-09-26,21:36:21,eCO2,646.03,ppm
2026-09-26,21:36:21,Broadband,0.0,lux
2026-09-26,21:36:21,Infrared,0.0,lux
2026-09-26,21:36:51,Temperature,25.3,°C
2026-09-26,21:36:51,Humidity,48.06,%
2026-09-26,21:36:51,AQI,2.0,
2026-09-26,21:36:51,TVOC,154.17,ppb
2026-09-26,21:36:51,eCO2,632.4,ppm
2026-09-26,21:36:51,Broadband,0.0,lux
2026-09-26,21:36:51,Infrared,0.0,lux
2026-09-26,21:37:21,Temperature,25.27,°C
2026-09-26,21:37:21,Humidity,48.08,%
2026-09-26,21:37:21,AQI,2.0,
2026-09-26,21:37:21,TVOC,144.87,ppb
2026-09-26,21:37:21,eCO2,619.37,ppm
2026-09-26,21:37:21,Broadband,0.0,lux
2026-09-26,21:37:21,Infrared,0.0,lux
2026-09-26,21:37:51,Temperature,25.27,°C
2026-09-26,21:37:51,Humidity,48.07,%
2026-09-26,21:37:51,AQI,2.0,
2026-09-26,21:37:51,TVOC,143.3,ppb
2026-09-26,21:37:51,eCO2,616.87,ppm
2026-09-26,21:37:51,Broadband,0.0,lux
2026-09-26,21:37:51,Infrared,0.0,lux
2026-09-26,21:38:21,Temperature,25.28,°C
2026-09-26,21:38:21,Humidity,48.04,%
2026-09-26,21:38:21,AQI,2.0,
2026-09-26,21:38:21,TVOC,139.83,ppb
2026-09-26,21:38:21,eCO2,611.8,ppm
2026-09-26,21:38:21,Broadband,0.0,lux
2026-09-26,21:38:21,Infrared,0.0,lux
2026-09-26,21:38:51,Temperature,25.3,°C
2026-09-26,21:38:51,Humidity,48.02,%
2026-09-26,21:38:51,AQI,2.0,
2026-09-26,21:38:51,TVOC,145.03,ppb
2026-09-26,21:38:51,eCO2,619.4,ppm
2026-09-26,21:38:51,Broadband,0.0,lux
2026-09-26,21:38:51,Infrared,0.0,lux
2026-09-26,21:39:21,Temperature,25.32,°C
2026-09-26,21:39:21,Humidity,47.97,%
2026-09-26,21:39:21,AQI,2.0,
2026-09-26,21:39:21,TVOC,147.47,ppb
2026-09-26,21:39:21,eCO2,622.93,ppm
2026-09-26,21:39:21,Broadband,0.0,lux
2026-09-26,21:39:21,Infrared,0.0,lux
2026-09-26,21:39:51,Temperature,25.33,°C
2026-09-26,21:39:51,Humidity,47.94,%
2026-09-26,21:39:51,AQI,2.0,
2026-09-26,21:39:51,TVOC,139.77,ppb
2026-09-26,21:39:51,eCO2,611.6,ppm
2026-09-26,21:39:51,Broadband,0.0,lux
2026-09-26,21:39:51,Infrared,0.0,lux
2026-09-26,21:40:21,Temperature,25.34,°C
2026-09-26,21:40:21,Humidity,47.92,%
2026-09-26,21:40:21,AQI,2.0,
2026-09-26,21:40:21,TVOC,137.23,ppb
2026-09-26,21:40:21,eCO2,607.9,ppm
2026-09-26,21:40:21,Broadband,0.0,lux
2026-09-26,21:40:21,Infrared,0.0,lux
2026-09-26,21:40:51,Temperature,25.36,°C
2026-09-26,21:40:51,Humidity,47.9,%
2026-09-26,21:40:51,AQI,2.0,
2026-09-26,21:40:51,TVOC,136.37,ppb
2026-09-26,21:40:51,eCO2,606.63,ppm
2026-09-26,21:40:51,Broadband,0.0,lux
2026-09-26,21:40:51,Infrared,0.0,lux
2026-09-26,21:41:21,Temperature,25.33,°C
2026-09-26,21:41:21,Humidity,47.89,%
2026-09-26,21:41:21,AQI,2.0,
2026-09-26,21:41:21,TVOC,132.87,ppb
2026-09-26,21:41:21,eCO2,601.4,ppm
2026-09-26,21:41:21,Broadband,0.0,lux
2026-09-26,21:41:21,Infrared,0.0,lux
2026-09-26,21:41:51,Temperature,25.33,°C
2026-09-26,21:41:51,Humidity,47.84,%
2026-09-26,21:41:51,AQI,2.0,
2026-09-26,21:41:51,TVOC,129.0,ppb
2026-09-26,21:41:51,eCO2,595.53,ppm
2026-09-26,21:41:51,Broadband,0.0,lux
2026-09-26,21:41:51,Infrared,0.0,lux
2026-09-26,21:42:21,Temperature,25.32,°C
2026-09-26,21:42:21,Humidity,47.79,%
2026-09-26,21:42:21,AQI,2.0,
2026-09-26,21:42:21,TVOC,123.5,ppb
2026-09-26,21:42:21,eCO2,587.27,ppm
2026-09-26,21:42:21,Broadband,0.0,lux
2026-09-26,21:42:21,Infrared,0.0,lux
2026-09-26,21:42:51,Temperature,25.31,°C
2026-09-26,21:42:51,Humidity,47.83,%
2026-09-26,21:42:51,AQI,2.0,
2026-09-26,21:42:51,TVOC,136.2,ppb
2026-09-26,21:42:51,eCO2,606.37,ppm
2026-09-26,21:42:51,Broadband,0.0,lux
2026-09-26,21:42:51,Infrared,0.0,lux
2026-09-26,21:43:21,Temperature,25.33,°C
2026-09-26,21:43:21,Humidity,47.81,%
2026-09-26,21:43:21,AQI,2.0,
2026-09-26,21:43:21,TVOC,151.77,ppb
2026-09-26,21:43:21,eCO2,628.83,ppm
2026-09-26,21:43:21,Broadband,0.0,lux
2026-09-26,21:43:21,Infrared,0.0,lux
2026-09-26,21:43:51,Temperature,25.32,°C
2026-09-26,21:43:51,Humidity,47.77,%
2026-09-26,21:43:51,AQI,2.0,
2026-09-26,21:43:51,TVOC,172.7,ppb
2026-09-26,21:43:51,eCO2,658.0,ppm
2026-09-26,21:43:51,Broadband,0.0,lux
2026-09-26,21:43:51,Infrared,0.0,lux
2026-09-26,21:44:21,Temperature,25.33,°C
2026-09-26,21:44:21,Humidity,47.7,%
2026-09-26,21:44:21,AQI,2.0,
2026-09-26,21:44:21,TVOC,196.2,ppb
2026-09-26,21:44:21,eCO2,688.03,ppm
2026-09-26,21:44:21,Broadband,0.0,lux
2026-09-26,21:44:21,Infrared,0.0,lux
2026-09-26,21:44:51,Temperature,25.34,°C
2026-09-26,21:44:51,Humidity,47.62,%
2026-09-26,21:44:51,AQI,2.17,
2026-09-26,21:44:51,TVOC,210.77,ppb
2026-09-26,21:44:51,eCO2,706.2,ppm
2026-09-26,21:44:51,Broadband,0.0,lux
2026-09-26,21:44:51,Infrared,0.0,lux
2026-09-26,21:45:21,Temperature,25.33,°C
2026-09-26,21:45:21,Humidity,47.65,%
2026-09-26,21:45:21,AQI,2.0,
2026-09-26,21:45:21,TVOC,204.57,ppb
2026-09-26,21:45:21,eCO2,698.93,ppm
2026-09-26,21:45:21,Broadband,0.0,lux
2026-09-26,21:45:21,Infrared,0.0,lux
2026-09-26,21:45:51,Temperature,25.31,°C
2026-09-26,21:45:51,Humidity,47.67,%
2026-09-26,21:45:51,AQI,2.07,
2026-09-26,21:45:51,TVOC,195.27,ppb
2026-09-26,21:45:51,eCO2,687.07,ppm
2026-09-26,21:45:51,Broadband,0.0,lux
2026-09-26,21:45:51,Infrared,0.0,lux
2026-09-26,21:46:21,Temperature,25.34,°C
2026-09-26,21:46:21,Humidity,47.65,%
2026-09-26,21:46:21,AQI,2.0,
2026-09-26,21:46:21,TVOC,196.77,ppb
2026-09-26,21:46:21,eCO2,688.77,ppm
2026-09-26,21:46:21,Broadband,0.0,lux
2026-09-26,21:46:21,Infrared,0.0,lux
2026-09-26,21:46:51,Temperature,25.34,°C
2026-09-26,21:46:51,Humidity,47.55,%
2026-09-26,21:46:51,AQI,2.0,
2026-09-26,21:46:51,TVOC,182.43,ppb
2026-09-26,21:46:51,eCO2,670.73,ppm
2026-09-26,21:46:51,Broadband,0.0,lux
2026-09-26,21:46:51,Infrared,0.0,lux
2026-09-26,21:47:21,Temperature,25.34,°C
2026-09-26,21:47:21,Humidity,47.54,%
2026-09-26,21:47:21,AQI,2.0,
2026-09-26,21:47:21,TVOC,174.33,ppb
2026-09-26,21:47:21,eCO2,660.03,ppm
2026-09-26,21:47:21,Broadband,0.0,lux
2026-09-26,21:47:21,Infrared,0.0,lux
2026-09-26,21:47:51,Temperature,25.35,°C
2026-09-26,21:47:51,Humidity,47.53,%
2026-09-26,21:47:51,AQI,2.0,
2026-09-26,21:47:51,TVOC,170.1,ppb
2026-09-26,21:47:51,eCO2,654.33,ppm
2026-09-26,21:47:51,Broadband,0.0,lux
2026-09-26,21:47:51,Infrared,0.0,lux
2026-09-26,21:48:21,Temperature,25.32,°C
2026-09-26,21:48:21,Humidity,47.54,%
2026-09-26,21:48:21,AQI,2.0,
2026-09-26,21:48:21,TVOC,176.9,ppb
2026-09-26,21:48:21,eCO2,663.37,ppm
2026-09-26,21:48:21,Broadband,0.0,lux
2026-09-26,21:48:21,Infrared,0.0,lux
2026-09-26,21:48:51,Temperature,25.32,°C
2026-09-26,21:48:51,Humidity,47.54,%
2026-09-26,21:48:51,AQI,2.0,
2026-09-26,21:48:51,TVOC,183.37,ppb
2026-09-26,21:48:51,eCO2,672.0,ppm
2026-09-26,21:48:51,Broadband,0.0,lux
2026-09-26,21:48:51,Infrared,0.0,lux
2026-09-26,21:49:21,Temperature,25.33,°C
2026-09-26,21:49:21,Humidity,47.5,%
2026-09-26,21:49:21,AQI,2.0,
2026-09-26,21:49:21,TVOC,179.6,ppb
2026-09-26,21:49:21,eCO2,666.97,ppm
2026-09-26,21:49:21,Broadband,0.0,lux
2026-09-26,21:49:21,Infrared,0.0,lux
2026-09-26,21:49:51,Temperature,25.32,°C
2026-09-26,21:49:51,Humidity,47.5,%
2026-09-26,21:49:51,AQI,2.0,
2026-09-26,21:49:51,TVOC,187.2,ppb
2026-09-26,21:49:51,eCO2,676.87,ppm
2026-09-26,21:49:51,Broadband,0.0,lux
2026-09-26,21:49:51,Infrared,0.0,lux
2026-09-26,21:50:21,Temperature,25.31,°C
2026-09-26,21:50:21,Humidity,47.45,%
2026-09-26,21:50:21,AQI,2.0,
2026-09-26,21:50:21,TVOC,192.43,ppb
2026-09-26,21:50:21,eCO2,683.47,ppm
2026-09-26,21:50:21,Broadband,0.0,lux
2026-09-26,21:50:21,Infrared,0.0,lux
2026-09-26,21:50:51,Temperature,25.31,°C
2026-09-26,21:50:51,Humidity,47.48,%
2026-09-26,21:50:51,AQI,2.0,
2026-09-26,21:50:51,TVOC,188.5,ppb
2026-09-26,21:50:51,eCO2,678.47,ppm
2026-09-26,21:50:51,Broadband,0.0,lux
2026-09-26,21:50:51,Infrared,0.0,lux
2026-09-26,21:51:21,Temperature,25.29,°C
2026-09-26,21:51:21,Humidity,47.46,%
2026-09-26,21:51:21,AQI,2.03,
2026-09-26,21:51:21,TVOC,196.57,ppb
2026-09-26,21:51:21,eCO2,688.83,ppm
2026-09-26,21:51:21,Broadband,0.0,lux
2026-09-26,21:51:21,Infrared,0.0,lux
2026-09-26,21:51:51,Temperature,25.29,°C
2026-09-26,21:51:51,Humidity,47.44,%
2026-09-26,21:51:51,AQI,2.0,
2026-09-26,21:51:51,TVOC,198.3,ppb
2026-09-26,21:51:51,eCO2,691.0,ppm
2026-09-26,21:51:51,Broadband,0.0,lux
2026-09-26,21:51:51,Infrared,0.0,lux
2026-09-26,21:52:21,Temperature,25.3,°C
2026-09-26,21:52:21,Humidity,47.44,%
2026-09-26,21:52:21,AQI,2.0,
2026-09-26,21:52:21,TVOC,202.07,ppb
2026-09-26,21:52:21,eCO2,695.67,ppm
2026-09-26,21:52:21,Broadband,0.0,lux
2026-09-26,21:52:21,Infrared,0.0,lux
2026-09-26,21:52:51,Temperature,25.29,°C
2026-09-26,21:52:51,Humidity,47.46,%
2026-09-26,21:52:51,AQI,2.1,
2026-09-26,21:52:51,TVOC,206.53,ppb
2026-09-26,21:52:51,eCO2,701.03,ppm
2026-09-26,21:52:51,Broadband,0.0,lux
2026-09-26,21:52:51,Infrared,0.0,lux
2026-09-26,21:53:21,Temperature,25.33,°C
2026-09-26,21:53:21,Humidity,47.41,%
2026-09-26,21:53:21,AQI,2.03,
2026-09-26,21:53:21,TVOC,210.37,ppb
2026-09-26,21:53:21,eCO2,705.9,ppm
2026-09-26,21:53:21,Broadband,0.0,lux
2026-09-26,21:53:21,Infrared,0.0,lux
2026-09-26,21:53:51,Temperature,25.32,°C
2026-09-26,21:53:51,Humidity,47.41,%
2026-09-26,21:53:51,AQI,2.1,
2026-09-26,21:53:51,TVOC,210.03,ppb
2026-09-26,21:53:51,eCO2,705.47,ppm
2026-09-26,21:53:51,Broadband,0.0,lux
2026-09-26,21:53:51,Infrared,0.0,lux
2026-09-26,21:54:21,Temperature,25.3,°C
2026-09-26,21:54:21,Humidity,47.45,%
2026-09-26,21:54:21,AQI,2.1,
2026-09-26,21:54:21,TVOC,211.93,ppb
2026-09-26,21:54:21,eCO2,707.83,ppm
2026-09-26,21:54:21,Broadband,0.0,lux
2026-09-26,21:54:21,Infrared,0.0,lux
2026-09-26,21:54:51,Temperature,25.32,°C
2026-09-26,21:54:51,Humidity,47.45,%
2026-09-26,21:54:51,AQI,2.17,
2026-09-26,21:54:51,TVOC,215.93,ppb
2026-09-26,21:54:51,eCO2,712.37,ppm
2026-09-26,21:54:51,Broadband,0.0,lux
2026-09-26,21:54:51,Infrared,0.0,lux
2026-09-26,21:55:21,Temperature,25.33,°C
2026-09-26,21:55:21,Humidity,47.39,%
2026-09-26,21:55:21,AQI,2.17,
2026-09-26,21:55:21,TVOC,215.4,ppb
2026-09-26,21:55:21,eCO2,711.77,ppm
2026-09-26,21:55:21,Broadband,0.0,lux
2026-09-26,21:55:21,Infrared,0.0,lux
2026-09-26,21:55:51,Temperature,25.32,°C
2026-09-26,21:55:51,Humidity,47.37,%
2026-09-26,21:55:51,AQI,2.53,
2026-09-26,21:55:51,TVOC,218.87,ppb
2026-09-26,21:55:51,eCO2,715.37,ppm
2026-09-26,21:55:51,Broadband,0.0,lux
2026-09-26,21:55:51,Infrared,0.0,lux
2026-09-26,21:56:21,Temperature,25.3,°C
2026-09-26,21:56:21,Humidity,47.35,%
2026-09-26,21:56:21,AQI,2.47,
2026-09-26,21:56:21,TVOC,219.7,ppb
2026-09-26,21:56:21,eCO2,717.0,ppm
2026-09-26,21:56:21,Broadband,0.0,lux
2026-09-26,21:56:21,Infrared,0.0,lux
2026-09-26,21:56:51,Temperature,25.29,°C
2026-09-26,21:56:51,Humidity,47.3,%
2026-09-26,21:56:51,AQI,2.83,
2026-09-26,21:56:51,TVOC,225.1,ppb
2026-09-26,21:56:51,eCO2,723.37,ppm
2026-09-26,21:56:51,Broadband,0.0,lux
2026-09-26,21:56:51,Infrared,0.0,lux
2026-09-26,21:57:21,Temperature,25.29,°C
2026-09-26,21:57:21,Humidity,47.27,%
2026-09-26,21:57:21,AQI,2.9,
2026-09-26,21:57:21,TVOC,226.0,ppb
2026-09-26,21:57:21,eCO2,724.4,ppm
2026-09-26,21:57:21,Broadband,0.0,lux
2026-09-26,21:57:21,Infrared,0.0,lux
2026-09-26,21:57:51,Temperature,25.26,°C
2026-09-26,21:57:51,Humidity,47.33,%
2026-09-26,21:57:51,AQI,2.67,
2026-09-26,21:57:51,TVOC,223.23,ppb
2026-09-26,21:57:51,eCO2,721.13,ppm
2026-09-26,21:57:51,Broadband,0.0,lux
2026-09-26,21:57:51,Infrared,0.0,lux
2026-09-26,21:58:21,Temperature,25.28,°C
2026-09-26,21:58:21,Humidity,47.32,%
2026-09-26,21:58:21,AQI,2.67,
2026-09-26,21:58:21,TVOC,222.17,ppb
2026-09-26,21:58:21,eCO2,719.9,ppm
2026-09-26,21:58:21,Broadband,0.0,lux
2026-09-26,21:58:21,Infrared,0.0,lux
2026-09-26,21:58:51,Temperature,25.27,°C
2026-09-26,21:58:51,Humidity,47.36,%
2026-09-26,21:58:51,AQI,2.47,
2026-09-26,21:58:51,TVOC,218.87,ppb
2026-09-26,21:58:51,eCO2,716.03,ppm
2026-09-26,21:58:51,Broadband,0.0,lux
2026-09-26,21:58:51,Infrared,0.0,lux
2026-09-26,21:59:21,Temperature,25.29,°C
2026-09-26,21:59:21,Humidity,47.32,%
2026-09-26,21:59:21,AQI,2.43,
2026-09-26,21:59:21,TVOC,219.1,ppb
2026-09-26,21:59:21,eCO2,716.27,ppm
2026-09-26,21:59:21,Broadband,0.0,lux
2026-09-26,21:59:21,Infrared,0.0,lux
2026-09-26,21:59:51,Temperature,25.3,°C
2026-09-26,21:59:51,Humidity,47.28,%
2026-09-26,21:59:51,AQI,2.33,
2026-09-26,21:59:51,TVOC,216.03,ppb
2026-09-26,21:59:51,eCO2,712.53,ppm
2026-09-26,21:59:51,Broadband,0.0,lux
2026-09-26,21:59:51,Infrared,0.0,lux
2026-09-26,22:00:21,Temperature,25.28,°C
2026-09-26,22:00:21,Humidity,47.21,%
2026-09-26,22:00:21,AQI,2.03,
2026-09-26,22:00:21,TVOC,209.4,ppb
2026-09-26,22:00:21,eCO2,704.47,ppm
2026-09-26,22:00:21,Broadband,0.0,lux
2026-09-26,22:00:21,Infrared,0.0,lux
2026-09-26,22:00:51,Temperature,25.26,°C
2026-09-26,22:00:51,Humidity,47.21,%
2026-09-26,22:00:51,AQI,2.1,
2026-09-26,22:00:51,TVOC,208.63,ppb
2026-09-26,22:00:51,eCO2,703.7,ppm
2026-09-26,22:00:51,Broadband,0.0,lux
2026-09-26,22:00:51,Infrared,0.0,lux
2026-09-26,22:01:21,Temperature,25.27,°C
2026-09-26,22:01:21,Humidity,47.22,%
2026-09-26,22:01:21,AQI,2.17,
2026-09-26,22:01:21,TVOC,211.07,ppb
2026-09-26,22:01:21,eCO2,706.6,ppm
2026-09-26,22:01:21,Broadband,0.0,lux
2026-09-26,22:01:21,Infrared,0.0,lux
2026-09-26,22:01:51,Temperature,25.28,°C
2026-09-26,22:01:51,Humidity,47.2,%
2026-09-26,22:01:51,AQI,2.03,
2026-09-26,22:01:51,TVOC,207.27,ppb
2026-09-26,22:01:51,eCO2,701.9,ppm
2026-09-26,22:01:51,Broadband,0.0,lux
2026-09-26,22:01:51,Infrared,0.0,lux
2026-09-26,22:02:21,Temperature,25.26,°C
2026-09-26,22:02:21,Humidity,47.19,%
2026-09-26,22:02:21,AQI,2.0,
2026-09-26,22:02:21,TVOC,201.23,ppb
2026-09-26,22:02:21,eCO2,694.47,ppm
2026-09-26,22:02:21,Broadband,0.0,lux
2026-09-26,22:02:21,Infrared,0.0,lux
2026-09-26,22:02:51,Temperature,25.25,°C
2026-09-26,22:02:51,Humidity,47.18,%
2026-09-26,22:02:51,AQI,2.0,
2026-09-26,22:02:51,TVOC,199.87,ppb
2026-09-26,22:02:51,eCO2,692.83,ppm
2026-09-26,22:02:51,Broadband,0.0,lux
2026-09-26,22:02:51,Infrared,0.0,lux
2026-09-26,22:03:21,Temperature,25.26,°C
2026-09-26,22:03:21,Humidity,47.17,%
2026-09-26,22:03:21,AQI,2.03,
2026-09-26,22:03:21,TVOC,202.47,ppb
2026-09-26,22:03:21,eCO2,696.1,ppm
2026-09-26,22:03:21,Broadband,0.0,lux
2026-09-26,22:03:21,Infrared,0.0,lux
2026-09-26,22:03:51,Temperature,25.27,°C
2026-09-26,22:03:51,Humidity,47.17,%
2026-09-26,22:03:51,AQI,2.0,
2026-09-26,22:03:51,TVOC,194.93,ppb
2026-09-26,22:03:51,eCO2,686.67,ppm
2026-09-26,22:03:51,Broadband,0.0,lux
2026-09-26,22:03:51,Infrared,0.0,lux
2026-09-26,22:04:21,Temperature,25.27,°C
2026-09-26,22:04:21,Humidity,47.1,%
2026-09-26,22:04:21,AQI,2.0,
2026-09-26,22:04:21,TVOC,187.67,ppb
2026-09-26,22:04:21,eCO2,677.47,ppm
2026-09-26,22:04:21,Broadband,0.0,lux
2026-09-26,22:04:21,Infrared,0.0,lux
2026-09-26,22:04:51,Temperature,25.27,°C
2026-09-26,22:04:51,Humidity,47.08,%
2026-09-26,22:04:51,AQI,2.0,
2026-09-26,22:04:51,TVOC,188.67,ppb
2026-09-26,22:04:51,eCO2,678.63,ppm
2026-09-26,22:04:51,Broadband,0.0,lux
2026-09-26,22:04:51,Infrared,0.0,lux
2026-09-26,22:05:21,Temperature,25.26,°C
2026-09-26,22:05:21,Humidity,47.07,%
2026-09-26,22:05:21,AQI,2.0,
2026-09-26,22:05:21,TVOC,198.1,ppb
2026-09-26,22:05:21,eCO2,690.57,ppm
2026-09-26,22:05:21,Broadband,0.0,lux
2026-09-26,22:05:21,Infrared,0.0,lux
2026-09-26,22:05:51,Temperature,25.26,°C
2026-09-26,22:05:51,Humidity,47.04,%
2026-09-26,22:05:51,AQI,2.0,
2026-09-26,22:05:51,TVOC,206.77,ppb
2026-09-26,22:05:51,eCO2,701.37,ppm
2026-09-26,22:05:51,Broadband,0.0,lux
2026-09-26,22:05:51,Infrared,0.0,lux
2026-09-26,22:06:21,Temperature,25.26,°C
2026-09-26,22:06:21,Humidity,47.06,%
2026-09-26,22:06:21,AQI,2.33,
2026-09-26,22:06:21,TVOC,217.07,ppb
2026-09-26,22:06:21,eCO2,713.7,ppm
2026-09-26,22:06:21,Broadband,0.0,lux
2026-09-26,22:06:21,Infrared,0.0,lux
2026-09-26,22:06:51,Temperature,25.25,°C
2026-09-26,22:06:51,Humidity,47.03,%
2026-09-26,22:06:51,AQI,2.93,
2026-09-26,22:06:51,TVOC,247.33,ppb
2026-09-26,22:06:51,eCO2,748.33,ppm
2026-09-26,22:06:51,Broadband,0.0,lux
2026-09-26,22:06:51,Infrared,0.0,lux
2026-09-26,22:07:21,Temperature,25.22,°C
2026-09-26,22:07:21,Humidity,46.99,%
2026-09-26,22:07:21,AQI,3.0,
2026-09-26,22:07:21,TVOC,255.03,ppb
2026-09-26,22:07:21,eCO2,756.83,ppm
2026-09-26,22:07:21,Broadband,0.0,lux
2026-09-26,22:07:21,Infrared,0.0,lux
2026-09-26,22:07:51,Temperature,25.22,°C
2026-09-26,22:07:51,Humidity,46.98,%
2026-09-26,22:07:51,AQI,3.0,
2026-09-26,22:07:51,TVOC,251.5,ppb
2026-09-26,22:07:51,eCO2,752.97,ppm
2026-09-26,22:07:51,Broadband,0.0,lux
2026-09-26,22:07:51,Infrared,0.0,lux
2026-09-26,22:08:21,Temperature,25.23,°C
2026-09-26,22:08:21,Humidity,46.99,%
2026-09-26,22:08:21,AQI,2.8,
2026-09-26,22:08:21,TVOC,229.77,ppb
2026-09-26,22:08:21,eCO2,728.07,ppm
2026-09-26,22:08:21,Broadband,0.0,lux
2026-09-26,22:08:21,Infrared,0.0,lux
2026-09-26,22:08:51,Temperature,25.24,°C
2026-09-26,22:08:51,Humidity,47.01,%
2026-09-26,22:08:51,AQI,2.67,
2026-09-26,22:08:51,TVOC,223.33,ppb
2026-09-26,22:08:51,eCO2,721.13,ppm
2026-09-26,22:08:51,Broadband,0.0,lux
2026-09-26,22:08:51,Infrared,0.0,lux
2026-09-26,22:09:21,Temperature,25.25,°C
2026-09-26,22:09:21,Humidity,47.0,%
2026-09-26,22:09:21,AQI,2.47,
2026-09-26,22:09:21,TVOC,221.43,ppb
2026-09-26,22:09:21,eCO2,718.87,ppm
2026-09-26,22:09:21,Broadband,0.0,lux
2026-09-26,22:09:21,Infrared,0.0,lux
2026-09-26,22:09:51,Temperature,25.25,°C
2026-09-26,22:09:51,Humidity,46.96,%
2026-09-26,22:09:51,AQI,2.4,
2026-09-26,22:09:51,TVOC,217.73,ppb
2026-09-26,22:09:51,eCO2,714.5,ppm
2026-09-26,22:09:51,Broadband,0.0,lux
2026-09-26,22:09:51,Infrared,0.0,lux
2026-09-26,22:10:21,Temperature,25.26,°C
2026-09-26,22:10:21,Humidity,46.93,%
2026-09-26,22:10:21,AQI,2.13,
2026-09-26,22:10:21,TVOC,210.73,ppb
2026-09-26,22:10:21,eCO2,706.2,ppm
2026-09-26,22:10:21,Broadband,0.0,lux
2026-09-26,22:10:21,Infrared,0.0,lux
2026-09-26,22:10:51,Temperature,25.26,°C
2026-09-26,22:10:51,Humidity,46.89,%
2026-09-26,22:10:51,AQI,2.03,
2026-09-26,22:10:51,TVOC,211.87,ppb
2026-09-26,22:10:51,eCO2,707.73,ppm
2026-09-26,22:10:51,Broadband,0.0,lux
2026-09-26,22:10:51,Infrared,0.0,lux
2026-09-26,22:11:21,Temperature,25.24,°C
2026-09-26,22:11:21,Humidity,46.85,%
2026-09-26,22:11:21,AQI,2.2,
2026-09-26,22:11:21,TVOC,212.57,ppb
2026-09-26,22:11:21,eCO2,708.5,ppm
2026-09-26,22:11:21,Broadband,0.0,lux
2026-09-26,22:11:21,Infrared,0.0,lux
2026-09-26,22:11:51,Temperature,25.21,°C
2026-09-26,22:11:51,Humidity,46.9,%
2026-09-26,22:11:51,AQI,2.4,
2026-09-26,22:11:51,TVOC,216.97,ppb
2026-09-26,22:11:51,eCO2,713.73,ppm
2026-09-26,22:11:51,Broadband,0.0,lux
2026-09-26,22:11:51,Infrared,0.0,lux
2026-09-26,22:12:21,Temperature,25.23,°C
2026-09-26,22:12:21,Humidity,46.88,%
2026-09-26,22:12:21,AQI,2.43,
2026-09-26,22:12:21,TVOC,217.13,ppb
2026-09-26,22:12:21,eCO2,714.07,ppm
2026-09-26,22:12:21,Broadband,0.0,lux
2026-09-26,22:12:21,Infrared,0.0,lux
2026-09-26,22:12:51,Temperature,25.24,°C
2026-09-26,22:12:51,Humidity,46.82,%
2026-09-26,22:12:51,AQI,2.5,
2026-09-26,22:12:51,TVOC,219.1,ppb
2026-09-26,22:12:51,eCO2,716.3,ppm
2026-09-26,22:12:51,Broadband,0.0,lux
2026-09-26,22:12:51,Infrared,0.0,lux
2026-09-26,22:13:21,Temperature,25.24,°C
2026-09-26,22:13:21,Humidity,46.78,%
2026-09-26,22:13:21,AQI,2.5,
2026-09-26,22:13:21,TVOC,218.17,ppb
2026-09-26,22:13:21,eCO2,715.23,ppm
2026-09-26,22:13:21,Broadband,0.0,lux
2026-09-26,22:13:21,Infrared,0.0,lux
2026-09-26,22:13:51,Temperature,25.25,°C
2026-09-26,22:13:51,Humidity,46.74,%
2026-09-26,22:13:51,AQI,2.37,
2026-09-26,22:13:51,TVOC,216.4,ppb
2026-09-26,22:13:51,eCO2,713.03,ppm
2026-09-26,22:13:51,Broadband,0.0,lux
2026-09-26,22:13:51,Infrared,0.0,lux
2026-09-26,22:14:21,Temperature,25.23,°C
2026-09-26,22:14:21,Humidity,46.71,%
2026-09-26,22:14:21,AQI,2.6,
2026-09-26,22:14:21,TVOC,221.23,ppb
2026-09-26,22:14:21,eCO2,718.67,ppm
2026-09-26,22:14:21,Broadband,0.0,lux
2026-09-26,22:14:21,Infrared,0.0,lux
2026-09-26,22:14:51,Temperature,25.21,°C
2026-09-26,22:14:51,Humidity,46.72,%
2026-09-26,22:14:51,AQI,2.87,
2026-09-26,22:14:51,TVOC,224.77,ppb
2026-09-26,22:14:51,eCO2,723.07,ppm
2026-09-26,22:14:51,Broadband,0.0,lux
2026-09-26,22:14:51,Infrared,0.0,lux
2026-09-26,22:15:21,Temperature,25.2,°C
2026-09-26,22:15:21,Humidity,46.75,%
2026-09-26,22:15:21,AQI,2.67,
2026-09-26,22:15:21,TVOC,224.1,ppb
2026-09-26,22:15:21,eCO2,721.93,ppm
2026-09-26,22:15:21,Broadband,0.0,lux
2026-09-26,22:15:21,Infrared,0.0,lux
2026-09-26,22:15:51,Temperature,25.19,°C
2026-09-26,22:15:51,Humidity,46.71,%
2026-09-26,22:15:51,AQI,2.67,
2026-09-26,22:15:51,TVOC,223.6,ppb
2026-09-26,22:15:51,eCO2,721.57,ppm
2026-09-26,22:15:51,Broadband,0.0,lux
2026-09-26,22:15:51,Infrared,0.0,lux
2026-09-26,22:16:21,Temperature,25.22,°C
2026-09-26,22:16:21,Humidity,46.71,%
2026-09-26,22:16:21,AQI,2.53,
2026-09-26,22:16:21,TVOC,220.33,ppb
2026-09-26,22:16:21,eCO2,717.87,ppm
2026-09-26,22:16:21,Broadband,0.0,lux
2026-09-26,22:16:21,Infrared,0.0,lux
2026-09-26,22:16:51,Temperature,25.21,°C
2026-09-26,22:16:51,Humidity,46.7,%
2026-09-26,22:16:51,AQI,2.53,
2026-09-26,22:16:51,TVOC,219.83,ppb
2026-09-26,22:16:51,eCO2,716.93,ppm
2026-09-26,22:16:51,Broadband,0.0,lux
2026-09-26,22:16:51,Infrared,0.0,lux
2026-09-26,22:17:21,Temperature,25.21,°C
2026-09-26,22:17:21,Humidity,46.71,%
2026-09-26,22:17:21,AQI,2.47,
2026-09-26,22:17:21,TVOC,218.93,ppb
2026-09-26,22:17:21,eCO2,716.07,ppm
2026-09-26,22:17:21,Broadband,0.0,lux
2026-09-26,22:17:21,Infrared,0.0,lux
2026-09-26,22:17:51,Temperature,25.19,°C
2026-09-26,22:17:51,Humidity,46.68,%
2026-09-26,22:17:51,AQI,2.43,
2026-09-26,22:17:51,TVOC,217.17,ppb
2026-09-26,22:17:51,eCO2,713.83,ppm
2026-09-26,22:17:51,Broadband,0.0,lux
2026-09-26,22:17:51,Infrared,0.0,lux
2026-09-26,22:18:21,Temperature,25.17,°C
2026-09-26,22:18:21,Humidity,46.72,%
2026-09-26,22:18:21,AQI,2.33,
2026-09-26,22:18:21,TVOC,219.4,ppb
2026-09-26,22:18:21,eCO2,716.53,ppm
2026-09-26,22:18:21,Broadband,0.0,lux
2026-09-26,22:18:21,Infrared,0.0,lux
2026-09-26,22:18:51,Temperature,25.16,°C
2026-09-26,22:18:51,Humidity,46.73,%
2026-09-26,22:18:51,AQI,2.27,
2026-09-26,22:18:51,TVOC,215.3,ppb
2026-09-26,22:18:51,eCO2,711.9,ppm
2026-09-26,22:18:51,Broadband,0.0,lux
2026-09-26,22:18:51,Infrared,0.0,lux
2026-09-26,22:19:21,Temperature,25.14,°C
2026-09-26,22:19:21,Humidity,46.7,%
2026-09-26,22:19:21,AQI,2.0,
2026-09-26,22:19:21,TVOC,208.43,ppb
2026-09-26,22:19:21,eCO2,703.47,ppm
2026-09-26,22:19:21,Broadband,0.0,lux
2026-09-26,22:19:21,Infrared,0.0,lux
2026-09-26,22:19:51,Temperature,25.16,°C
2026-09-26,22:19:51,Humidity,46.76,%
2026-09-26,22:19:51,AQI,2.1,
2026-09-26,22:19:51,TVOC,210.03,ppb
2026-09-26,22:19:51,eCO2,705.3,ppm
2026-09-26,22:19:51,Broadband,0.0,lux
2026-09-26,22:19:51,Infrared,0.0,lux
2026-09-26,22:20:21,Temperature,25.15,°C
2026-09-26,22:20:21,Humidity,46.74,%
2026-09-26,22:20:21,AQI,2.0,
2026-09-26,22:20:21,TVOC,205.23,ppb
2026-09-26,22:20:21,eCO2,699.6,ppm
2026-09-26,22:20:21,Broadband,0.0,lux
2026-09-26,22:20:21,Infrared,0.0,lux
2026-09-26,22:20:51,Temperature,25.15,°C
2026-09-26,22:20:51,Humidity,46.68,%
2026-09-26,22:20:51,AQI,2.0,
2026-09-26,22:20:51,TVOC,201.17,ppb
2026-09-26,22:20:51,eCO2,694.53,ppm
2026-09-26,22:20:51,Broadband,0.0,lux
2026-09-26,22:20:51,Infrared,0.0,lux
2026-09-26,22:21:21,Temperature,25.13,°C
2026-09-26,22:21:21,Humidity,46.66,%
2026-09-26,22:21:21,AQI,2.0,
2026-09-26,22:21:21,TVOC,199.03,ppb
2026-09-26,22:21:21,eCO2,691.8,ppm
2026-09-26,22:21:21,Broadband,0.0,lux
2026-09-26,22:21:21,Infrared,0.0,lux
2026-09-26,22:21:51,Temperature,25.13,°C
2026-09-26,22:21:51,Humidity,46.62,%
2026-09-26,22:21:51,AQI,2.0,
2026-09-26,22:21:51,TVOC,198.73,ppb
2026-09-26,22:21:51,eCO2,691.43,ppm
2026-09-26,22:21:51,Broadband,0.0,lux
2026-09-26,22:21:51,Infrared,0.0,lux
2026-09-26,22:22:21,Temperature,25.12,°C
2026-09-26,22:22:21,Humidity,46.63,%
2026-09-26,22:22:21,AQI,2.0,
2026-09-26,22:22:21,TVOC,197.23,ppb
2026-09-26,22:22:21,eCO2,689.73,ppm
2026-09-26,22:22:21,Broadband,0.0,lux
2026-09-26,22:22:21,Infrared,0.0,lux
2026-09-26,22:22:51,Temperature,25.15,°C
2026-09-26,22:22:51,Humidity,46.66,%
2026-09-26,22:22:51,AQI,2.0,
2026-09-26,22:22:51,TVOC,198.07,ppb
2026-09-26,22:22:51,eCO2,690.8,ppm
2026-09-26,22:22:51,Broadband,0.0,lux
2026-09-26,22:22:51,Infrared,0.0,lux
2026-09-26,22:23:21,Temperature,25.13,°C
2026-09-26,22:23:21,Humidity,46.61,%
2026-09-26,22:23:21,AQI,2.0,
2026-09-26,22:23:21,TVOC,191.1,ppb
2026-09-26,22:23:21,eCO2,681.8,ppm
2026-09-26,22:23:21,Broadband,0.0,lux
2026-09-26,22:23:21,Infrared,0.0,lux
2026-09-26,22:23:51,Temperature,25.13,°C
2026-09-26,22:23:51,Humidity,46.59,%
2026-09-26,22:23:51,AQI,2.0,
2026-09-26,22:23:51,TVOC,193.0,ppb
2026-09-26,22:23:51,eCO2,684.33,ppm
2026-09-26,22:23:51,Broadband,0.0,lux
2026-09-26,22:23:51,Infrared,0.0,lux
2026-09-26,22:24:21,Temperature,25.13,°C
2026-09-26,22:24:21,Humidity,46.59,%
2026-09-26,22:24:21,AQI,2.0,
2026-09-26,22:24:21,TVOC,187.57,ppb
2026-09-26,22:24:21,eCO2,677.37,ppm
2026-09-26,22:24:21,Broadband,0.0,lux
2026-09-26,22:24:21,Infrared,0.0,lux
2026-09-26,22:24:51,Temperature,25.14,°C
2026-09-26,22:24:51,Humidity,46.55,%
2026-09-26,22:24:51,AQI,2.0,
2026-09-26,22:24:51,TVOC,185.57,ppb
2026-09-26,22:24:51,eCO2,674.7,ppm
2026-09-26,22:24:51,Broadband,0.0,lux
2026-09-26,22:24:51,Infrared,0.0,lux
2026-09-26,22:25:21,Temperature,25.13,°C
2026-09-26,22:25:21,Humidity,46.54,%
2026-09-26,22:25:21,AQI,2.0,
2026-09-26,22:25:21,TVOC,182.0,ppb
2026-09-26,22:25:21,eCO2,670.1,ppm
2026-09-26,22:25:21,Broadband,0.0,lux
2026-09-26,22:25:21,Infrared,0.0,lux
2026-09-26,22:25:51,Temperature,25.12,°C
2026-09-26,22:25:51,Humidity,46.51,%
2026-09-26,22:25:51,AQI,2.0,
2026-09-26,22:25:51,TVOC,174.27,ppb
2026-09-26,22:25:51,eCO2,659.93,ppm
2026-09-26,22:25:51,Broadband,0.0,lux
2026-09-26,22:25:51,Infrared,0.0,lux
2026-09-26,22:26:21,Temperature,25.13,°C
2026-09-26,22:26:21,Humidity,46.43,%
2026-09-26,22:26:21,AQI,2.0,
2026-09-26,22:26:21,TVOC,161.43,ppb
2026-09-26,22:26:21,eCO2,642.47,ppm
2026-09-26,22:26:21,Broadband,0.0,lux
2026-09-26,22:26:21,Infrared,0.0,lux
2026-09-26,22:26:51,Temperature,25.14,°C
2026-09-26,22:26:51,Humidity,46.45,%
2026-09-26,22:26:51,AQI,2.0,
2026-09-26,22:26:51,TVOC,168.2,ppb
2026-09-26,22:26:51,eCO2,651.83,ppm
2026-09-26,22:26:51,Broadband,0.0,lux
2026-09-26,22:26:51,Infrared,0.0,lux
2026-09-26,22:27:21,Temperature,25.14,°C
2026-09-26,22:27:21,Humidity,46.47,%
2026-09-26,22:27:21,AQI,2.0,
2026-09-26,22:27:21,TVOC,168.17,ppb
2026-09-26,22:27:21,eCO2,651.8,ppm
2026-09-26,22:27:21,Broadband,0.0,lux
2026-09-26,22:27:21,Infrared,0.0,lux
2026-09-26,22:27:51,Temperature,25.11,°C
2026-09-26,22:27:51,Humidity,46.49,%
2026-09-26,22:27:51,AQI,2.0,
2026-09-26,22:27:51,TVOC,168.13,ppb
2026-09-26,22:27:51,eCO2,651.7,ppm
2026-09-26,22:27:51,Broadband,0.0,lux
2026-09-26,22:27:51,Infrared,0.0,lux
2026-09-26,22:28:21,Temperature,25.1,°C
2026-09-26,22:28:21,Humidity,46.46,%
2026-09-26,22:28:21,AQI,2.0,
2026-09-26,22:28:21,TVOC,156.03,ppb
2026-09-26,22:28:21,eCO2,634.97,ppm
2026-09-26,22:28:21,Broadband,0.0,lux
2026-09-26,22:28:21,Infrared,0.0,lux
2026-09-26,22:28:51,Temperature,25.11,°C
2026-09-26,22:28:51,Humidity,46.47,%
2026-09-26,22:28:51,AQI,2.0,
2026-09-26,22:28:51,TVOC,156.17,ppb
2026-09-26,22:28:51,eCO2,635.07,ppm
2026-09-26,22:28:51,Broadband,0.0,lux
2026-09-26,22:28:51,Infrared,0.0,lux
2026-09-26,22:29:21,Temperature,25.1,°C
2026-09-26,22:29:21,Humidity,46.43,%
2026-09-26,22:29:21,AQI,2.0,
2026-09-26,22:29:21,TVOC,156.8,ppb
2026-09-26,22:29:21,eCO2,636.27,ppm
2026-09-26,22:29:21,Broadband,0.0,lux
2026-09-26,22:29:21,Infrared,0.0,lux
2026-09-26,22:29:51,Temperature,25.08,°C
2026-09-26,22:29:51,Humidity,46.49,%
2026-09-26,22:29:51,AQI,2.0,
2026-09-26,22:29:51,TVOC,155.57,ppb
2026-09-26,22:29:51,eCO2,634.43,ppm
2026-09-26,22:29:51,Broadband,0.0,lux
2026-09-26,22:29:51,Infrared,0.0,lux
2026-09-26,22:30:21,Temperature,25.08,°C
2026-09-26,22:30:21,Humidity,46.5,%
2026-09-26,22:30:21,AQI,2.0,
2026-09-26,22:30:21,TVOC,150.5,ppb
2026-09-26,22:30:21,eCO2,628.17,ppm
2026-09-26,22:30:21,Broadband,0.0,lux
2026-09-26,22:30:21,Infrared,0.0,lux
2026-09-26,22:30:51,Temperature,25.1,°C
2026-09-26,22:30:51,Humidity,46.5,%
2026-09-26,22:30:51,AQI,2.0,
2026-09-26,22:30:51,TVOC,148.3,ppb
2026-09-26,22:30:51,eCO2,624.17,ppm
2026-09-26,22:30:51,Broadband,0.0,lux
2026-09-26,22:30:51,Infrared,0.0,lux
2026-09-26,22:31:21,Temperature,25.12,°C
2026-09-26,22:31:21,Humidity,46.46,%
2026-09-26,22:31:21,AQI,2.0,
2026-09-26,22:31:21,TVOC,148.6,ppb
2026-09-26,22:31:21,eCO2,624.6,ppm
2026-09-26,22:31:21,Broadband,0.0,lux
2026-09-26,22:31:21,Infrared,0.0,lux
2026-09-26,22:31:51,Temperature,25.1,°C
2026-09-26,22:31:51,Humidity,46.43,%
2026-09-26,22:31:51,AQI,2.0,
2026-09-26,22:31:51,TVOC,144.13,ppb
2026-09-26,22:31:51,eCO2,618.1,ppm
2026-09-26,22:31:51,Broadband,0.0,lux
2026-09-26,22:31:51,Infrared,0.0,lux
2026-09-26,22:32:21,Temperature,25.08,°C
2026-09-26,22:32:21,Humidity,46.45,%
2026-09-26,22:32:21,AQI,2.0,
2026-09-26,22:32:21,TVOC,137.9,ppb
2026-09-26,22:32:21,eCO2,609.0,ppm
2026-09-26,22:32:21,Broadband,0.0,lux
2026-09-26,22:32:21,Infrared,0.0,lux
2026-09-26,22:32:51,Temperature,25.09,°C
2026-09-26,22:32:51,Humidity,46.45,%
2026-09-26,22:32:51,AQI,2.0,
2026-09-26,22:32:51,TVOC,133.33,ppb
2026-09-26,22:32:51,eCO2,602.3,ppm
2026-09-26,22:32:51,Broadband,0.0,lux
2026-09-26,22:32:51,Infrared,0.0,lux
2026-09-26,22:33:21,Temperature,25.09,°C
2026-09-26,22:33:21,Humidity,46.42,%
2026-09-26,22:33:21,AQI,2.0,
2026-09-26,22:33:21,TVOC,129.33,ppb
2026-09-26,22:33:21,eCO2,596.13,ppm
2026-09-26,22:33:21,Broadband,0.0,lux
2026-09-26,22:33:21,Infrared,0.0,lux
2026-09-26,22:33:51,Temperature,25.07,°C
2026-09-26,22:33:51,Humidity,46.4,%
2026-09-26,22:33:51,AQI,2.0,
2026-09-26,22:33:51,TVOC,129.8,ppb
2026-09-26,22:33:51,eCO2,596.87,ppm
2026-09-26,22:33:51,Broadband,0.0,lux
2026-09-26,22:33:51,Infrared,0.0,lux
2026-09-26,22:34:21,Temperature,25.08,°C
2026-09-26,22:34:21,Humidity,46.39,%
2026-09-26,22:34:21,AQI,2.0,
2026-09-26,22:34:21,TVOC,111.0,ppb
2026-09-26,22:34:21,eCO2,567.2,ppm
2026-09-26,22:34:21,Broadband,0.0,lux
2026-09-26,22:34:21,Infrared,0.0,lux
2026-09-26,22:34:51,Temperature,25.07,°C
2026-09-26,22:34:51,Humidity,46.34,%
2026-09-26,22:34:51,AQI,2.0,
2026-09-26,22:34:51,TVOC,117.73,ppb
2026-09-26,22:34:51,eCO2,578.2,ppm
2026-09-26,22:34:51,Broadband,0.0,lux
2026-09-26,22:34:51,Infrared,0.0,lux
2026-09-26,22:35:21,Temperature,25.06,°C
2026-09-26,22:35:21,Humidity,46.38,%
2026-09-26,22:35:21,AQI,2.0,
2026-09-26,22:35:21,TVOC,113.9,ppb
2026-09-26,22:35:21,eCO2,571.83,ppm
2026-09-26,22:35:21,Broadband,0.0,lux
2026-09-26,22:35:21,Infrared,0.0,lux
2026-09-26,22:35:51,Temperature,25.06,°C
2026-09-26,22:35:51,Humidity,46.37,%
2026-09-26,22:35:51,AQI,2.0,
2026-09-26,22:35:51,TVOC,113.7,ppb
2026-09-26,22:35:51,eCO2,571.63,ppm
2026-09-26,22:35:51,Broadband,0.0,lux
2026-09-26,22:35:51,Infrared,0.0,lux
2026-09-26,22:36:21,Temperature,25.06,°C
2026-09-26,22:36:21,Humidity,46.33,%
2026-09-26,22:36:21,AQI,2.0,
2026-09-26,22:36:21,TVOC,104.9,ppb
2026-09-26,22:36:21,eCO2,557.37,ppm
2026-09-26,22:36:21,Broadband,0.0,lux
2026-09-26,22:36:21,Infrared,0.0,lux
2026-09-26,22:36:51,Temperature,25.05,°C
2026-09-26,22:36:51,Humidity,46.28,%
2026-09-26,22:36:51,AQI,2.0,
2026-09-26,22:36:51,TVOC,100.4,ppb
2026-09-26,22:36:51,eCO2,550.07,ppm
2026-09-26,22:36:51,Broadband,0.0,lux
2026-09-26,22:36:51,Infrared,0.0,lux
2026-09-26,22:37:21,Temperature,25.04,°C
2026-09-26,22:37:21,Humidity,46.29,%
2026-09-26,22:37:21,AQI,2.0,
2026-09-26,22:37:21,TVOC,97.17,ppb
2026-09-26,22:37:21,eCO2,544.37,ppm
2026-09-26,22:37:21,Broadband,0.0,lux
2026-09-26,22:37:21,Infrared,0.0,lux
2026-09-26,22:37:51,Temperature,25.05,°C
2026-09-26,22:37:51,Humidity,46.26,%
2026-09-26,22:37:51,AQI,2.0,
2026-09-26,22:37:51,TVOC,92.97,ppb
2026-09-26,22:37:51,eCO2,537.3,ppm
2026-09-26,22:37:51,Broadband,0.0,lux
2026-09-26,22:37:51,Infrared,0.0,lux
2026-09-26,22:38:21,Temperature,25.05,°C
2026-09-26,22:38:21,Humidity,46.24,%
2026-09-26,22:38:21,AQI,2.0,
2026-09-26,22:38:21,TVOC,92.0,ppb
2026-09-26,22:38:21,eCO2,535.6,ppm
2026-09-26,22:38:21,Broadband,0.0,lux
2026-09-26,22:38:21,Infrared,0.0,lux
2026-09-26,22:38:51,Temperature,25.06,°C
2026-09-26,22:38:51,Humidity,46.26,%
2026-09-26,22:38:51,AQI,2.0,
2026-09-26,22:38:51,TVOC,93.73,ppb
2026-09-26,22:38:51,eCO2,538.77,ppm
2026-09-26,22:38:51,Broadband,0.0,lux
2026-09-26,22:38:51,Infrared,0.0,lux
2026-09-26,22:39:21,Temperature,25.06,°C
2026-09-26,22:39:21,Humidity,46.26,%
2026-09-26,22:39:21,AQI,2.0,
2026-09-26,22:39:21,TVOC,91.17,ppb
2026-09-26,22:39:21,eCO2,534.23,ppm
2026-09-26,22:39:21,Broadband,0.0,lux
2026-09-26,22:39:21,Infrared,0.0,lux
2026-09-26,22:39:51,Temperature,25.05,°C
2026-09-26,22:39:51,Humidity,46.24,%
2026-09-26,22:39:51,AQI,2.0,
2026-09-26,22:39:51,TVOC,92.8,ppb
2026-09-26,22:39:51,eCO2,536.97,ppm
2026-09-26,22:39:51,Broadband,0.0,lux
2026-09-26,22:39:51,Infrared,0.0,lux
2026-09-26,22:40:21,Temperature,25.06,°C
2026-09-26,22:40:21,Humidity,46.24,%
2026-09-26,22:40:21,AQI,2.0,
2026-09-26,22:40:21,TVOC,93.73,ppb
2026-09-26,22:40:21,eCO2,538.73,ppm
2026-09-26,22:40:21,Broadband,0.0,lux
2026-09-26,22:40:21,Infrared,0.0,lux
2026-09-26,22:40:51,Temperature,25.06,°C
2026-09-26,22:40:51,Humidity,46.2,%
2026-09-26,22:40:51,AQI,2.0,
2026-09-26,22:40:51,TVOC,88.77,ppb
2026-09-26,22:40:51,eCO2,530.03,ppm
2026-09-26,22:40:51,Broadband,0.0,lux
2026-09-26,22:40:51,Infrared,0.0,lux
2026-09-26,22:41:21,Temperature,25.05,°C
2026-09-26,22:41:21,Humidity,46.16,%
2026-09-26,22:41:21,AQI,2.0,
2026-09-26,22:41:21,TVOC,86.27,ppb
2026-09-26,22:41:21,eCO2,525.7,ppm
2026-09-26,22:41:21,Broadband,0.0,lux
2026-09-26,22:41:21,Infrared,0.0,lux
2026-09-26,22:41:51,Temperature,25.03,°C
2026-09-26,22:41:51,Humidity,46.15,%
2026-09-26,22:41:51,AQI,2.0,
2026-09-26,22:41:51,TVOC,84.57,ppb
2026-09-26,22:41:51,eCO2,522.83,ppm
2026-09-26,22:41:51,Broadband,0.0,lux
2026-09-26,22:41:51,Infrared,0.0,lux
2026-09-26,22:42:21,Temperature,25.04,°C
2026-09-26,22:42:21,Humidity,46.13,%
2026-09-26,22:42:21,AQI,2.0,
2026-09-26,22:42:21,TVOC,82.63,ppb
2026-09-26,22:42:21,eCO2,519.17,ppm
2026-09-26,22:42:21,Broadband,0.0,lux
2026-09-26,22:42:21,Infrared,0.0,lux
2026-09-26,22:42:51,Temperature,25.04,°C
2026-09-26,22:42:51,Humidity,46.15,%
2026-09-26,22:42:51,AQI,2.0,
2026-09-26,22:42:51,TVOC,79.27,ppb
2026-09-26,22:42:51,eCO2,513.13,ppm
2026-09-26,22:42:51,Broadband,0.0,lux
2026-09-26,22:42:51,Infrared,0.0,lux
2026-09-26,22:43:21,Temperature,25.02,°C
2026-09-26,22:43:21,Humidity,46.13,%
2026-09-26,22:43:21,AQI,2.0,
2026-09-26,22:43:21,TVOC,79.7,ppb
2026-09-26,22:43:21,eCO2,514.03,ppm
2026-09-26,22:43:21,Broadband,0.0,lux
2026-09-26,22:43:21,Infrared,0.0,lux
2026-09-26,22:43:51,Temperature,25.01,°C
2026-09-26,22:43:51,Humidity,46.15,%
2026-09-26,22:43:51,AQI,2.0,
2026-09-26,22:43:51,TVOC,79.13,ppb
2026-09-26,22:43:51,eCO2,512.97,ppm
2026-09-26,22:43:51,Broadband,0.0,lux
2026-09-26,22:43:51,Infrared,0.0,lux
2026-09-26,22:44:21,Temperature,25.02,°C
2026-09-26,22:44:21,Humidity,46.15,%
2026-09-26,22:44:21,AQI,2.0,
2026-09-26,22:44:21,TVOC,77.8,ppb
2026-09-26,22:44:21,eCO2,510.53,ppm
2026-09-26,22:44:21,Broadband,0.0,lux
2026-09-26,22:44:21,Infrared,0.0,lux
2026-09-26,22:44:51,Temperature,25.04,°C
2026-09-26,22:44:51,Humidity,46.1,%
2026-09-26,22:44:51,AQI,1.97,
2026-09-26,22:44:51,TVOC,74.1,ppb
2026-09-26,22:44:51,eCO2,503.6,ppm
2026-09-26,22:44:51,Broadband,0.0,lux
2026-09-26,22:44:51,Infrared,0.0,lux
2026-09-26,22:45:21,Temperature,25.05,°C
2026-09-26,22:45:21,Humidity,46.04,%
2026-09-26,22:45:21,AQI,1.87,
2026-09-26,22:45:21,TVOC,70.77,ppb
2026-09-26,22:45:21,eCO2,497.47,ppm
2026-09-26,22:45:21,Broadband,0.0,lux
2026-09-26,22:45:21,Infrared,0.0,lux
2026-09-26,22:45:51,Temperature,25.06,°C
2026-09-26,22:45:51,Humidity,46.02,%
2026-09-26,22:45:51,AQI,1.93,
2026-09-26,22:45:51,TVOC,71.37,ppb
2026-09-26,22:45:51,eCO2,498.4,ppm
2026-09-26,22:45:51,Broadband,0.0,lux
2026-09-26,22:45:51,Infrared,0.0,lux
2026-09-26,22:46:21,Temperature,25.04,°C
2026-09-26,22:46:21,Humidity,45.98,%
2026-09-26,22:46:21,AQI,1.93,
2026-09-26,22:46:21,TVOC,71.53,ppb
2026-09-26,22:46:21,eCO2,498.8,ppm
2026-09-26,22:46:21,Broadband,0.0,lux
2026-09-26,22:46:21,Infrared,0.0,lux
2026-09-26,22:46:51,Temperature,25.06,°C
2026-09-26,22:46:51,Humidity,45.94,%
2026-09-26,22:46:51,AQI,2.0,
2026-09-26,22:46:51,TVOC,73.37,ppb
2026-09-26,22:46:51,eCO2,502.33,ppm
2026-09-26,22:46:51,Broadband,0.0,lux
2026-09-26,22:46:51,Infrared,0.0,lux
2026-09-26,22:47:21,Temperature,25.05,°C
2026-09-26,22:47:21,Humidity,45.9,%
2026-09-26,22:47:21,AQI,1.93,
2026-09-26,22:47:21,TVOC,73.9,ppb
2026-09-26,22:47:21,eCO2,503.4,ppm
2026-09-26,22:47:21,Broadband,0.0,lux
2026-09-26,22:47:21,Infrared,0.0,lux
2026-09-26,22:47:51,Temperature,25.04,°C
2026-09-26,22:47:51,Humidity,45.93,%
2026-09-26,22:47:51,AQI,2.0,
2026-09-26,22:47:51,TVOC,80.6,ppb
2026-09-26,22:47:51,eCO2,515.6,ppm
2026-09-26,22:47:51,Broadband,0.0,lux
2026-09-26,22:47:51,Infrared,0.0,lux
2026-09-26,22:48:21,Temperature,25.03,°C
2026-09-26,22:48:21,Humidity,45.94,%
2026-09-26,22:48:21,AQI,2.0,
2026-09-26,22:48:21,TVOC,86.57,ppb
2026-09-26,22:48:21,eCO2,526.17,ppm
2026-09-26,22:48:21,Broadband,0.0,lux
2026-09-26,22:48:21,Infrared,0.0,lux
2026-09-26,22:48:51,Temperature,25.03,°C
2026-09-26,22:48:51,Humidity,45.94,%
2026-09-26,22:48:51,AQI,2.0,
2026-09-26,22:48:51,TVOC,87.63,ppb
2026-09-26,22:48:51,eCO2,528.03,ppm
2026-09-26,22:48:51,Broadband,0.0,lux
2026-09-26,22:48:51,Infrared,0.0,lux
2026-09-26,22:49:21,Temperature,25.02,°C
2026-09-26,22:49:21,Humidity,45.91,%
2026-09-26,22:49:21,AQI,2.0,
2026-09-26,22:49:21,TVOC,83.7,ppb
2026-09-26,22:49:21,eCO2,521.03,ppm
2026-09-26,22:49:21,Broadband,0.0,lux
2026-09-26,22:49:21,Infrared,0.0,lux
2026-09-26,22:49:51,Temperature,25.01,°C
2026-09-26,22:49:51,Humidity,45.91,%
2026-09-26,22:49:51,AQI,2.0,
2026-09-26,22:49:51,TVOC,84.0,ppb
2026-09-26,22:49:51,eCO2,521.7,ppm
2026-09-26,22:49:51,Broadband,0.0,lux
2026-09-26,22:49:51,Infrared,0.0,lux
2026-09-26,22:50:21,Temperature,25.0,°C
2026-09-26,22:50:21,Humidity,45.91,%
2026-09-26,22:50:21,AQI,2.0,
2026-09-26,22:50:21,TVOC,82.67,ppb
2026-09-26,22:50:21,eCO2,519.17,ppm
2026-09-26,22:50:21,Broadband,0.0,lux
2026-09-26,22:50:21,Infrared,0.0,lux
2026-09-26,22:50:51,Temperature,25.01,°C
2026-09-26,22:50:51,Humidity,45.9,%
2026-09-26,22:50:51,AQI,2.0,
2026-09-26,22:50:51,TVOC,83.3,ppb
2026-09-26,22:50:51,eCO2,520.27,ppm
2026-09-26,22:50:51,Broadband,0.0,lux
2026-09-26,22:50:51,Infrared,0.0,lux
2026-09-26,22:51:21,Temperature,25.02,°C
2026-09-26,22:51:21,Humidity,45.86,%
2026-09-26,22:51:21,AQI,2.0,
2026-09-26,22:51:21,TVOC,81.8,ppb
2026-09-26,22:51:21,eCO2,517.6,ppm
2026-09-26,22:51:21,Broadband,0.0,lux
2026-09-26,22:51:21,Infrared,0.0,lux
2026-09-26,22:51:51,Temperature,25.03,°C
2026-09-26,22:51:51,Humidity,45.83,%
2026-09-26,22:51:51,AQI,2.0,
2026-09-26,22:51:51,TVOC,83.3,ppb
2026-09-26,22:51:51,eCO2,520.43,ppm
2026-09-26,22:51:51,Broadband,0.0,lux
2026-09-26,22:51:51,Infrared,0.0,lux
2026-09-26,22:52:21,Temperature,25.04,°C
2026-09-26,22:52:21,Humidity,45.82,%
2026-09-26,22:52:21,AQI,2.0,
2026-09-26,22:52:21,TVOC,82.13,ppb
2026-09-26,22:52:21,eCO2,518.17,ppm
2026-09-26,22:52:21,Broadband,0.0,lux
2026-09-26,22:52:21,Infrared,0.0,lux
2026-09-26,22:52:51,Temperature,25.01,°C
2026-09-26,22:52:51,Humidity,45.79,%
2026-09-26,22:52:51,AQI,2.0,
2026-09-26,22:52:51,TVOC,82.07,ppb
2026-09-26,22:52:51,eCO2,518.4,ppm
2026-09-26,22:52:51,Broadband,0.0,lux
2026-09-26,22:52:51,Infrared,0.0,lux
2026-09-26,22:53:21,Temperature,25.02,°C
2026-09-26,22:53:21,Humidity,45.82,%
2026-09-26,22:53:21,AQI,2.0,
2026-09-26,22:53:21,TVOC,84.23,ppb
2026-09-26,22:53:21,eCO2,522.13,ppm
2026-09-26,22:53:21,Broadband,0.0,lux
2026-09-26,22:53:21,Infrared,0.0,lux
2026-09-26,22:53:51,Temperature,24.99,°C
2026-09-26,22:53:51,Humidity,45.77,%
2026-09-26,22:53:51,AQI,2.0,
2026-09-26,22:53:51,TVOC,83.57,ppb
2026-09-26,22:53:51,eCO2,521.0,ppm
2026-09-26,22:53:51,Broadband,1.4,lux
2026-09-26,22:53:51,Infrared,0.63,lux
2026-09-26,22:54:21,Temperature,25.01,°C
2026-09-26,22:54:21,Humidity,45.74,%
2026-09-26,22:54:21,AQI,2.0,
2026-09-26,22:54:21,TVOC,82.6,ppb
2026-09-26,22:54:21,eCO2,519.17,ppm
2026-09-26,22:54:21,Broadband,4.97,lux
2026-09-26,22:54:21,Infrared,1.87,lux
2026-09-26,22:54:51,Temperature,25.04,°C
2026-09-26,22:54:51,Humidity,45.68,%
2026-09-26,22:54:51,AQI,2.0,
2026-09-26,22:54:51,TVOC,84.4,ppb
2026-09-26,22:54:51,eCO2,522.23,ppm
2026-09-26,22:54:51,Broadband,5.67,lux
2026-09-26,22:54:51,Infrared,1.1,lux
2026-09-26,22:55:21,Temperature,24.93,°C
2026-09-26,22:55:21,Humidity,45.68,%
2026-09-26,22:55:21,AQI,2.0,
2026-09-26,22:55:21,TVOC,84.17,ppb
2026-09-26,22:55:21,eCO2,521.8,ppm
2026-09-26,22:55:21,Broadband,4.93,lux
2026-09-26,22:55:21,Infrared,0.83,lux
2026-09-26,22:55:51,Temperature,24.87,°C
2026-09-26,22:55:51,Humidity,45.91,%
2026-09-26,22:55:51,AQI,2.0,
2026-09-26,22:55:51,TVOC,88.77,ppb
2026-09-26,22:55:51,eCO2,530.03,ppm
2026-09-26,22:55:51,Broadband,0.0,lux
2026-09-26,22:55:51,Infrared,0.0,lux
2026-09-26,22:56:21,Temperature,24.89,°C
2026-09-26,22:56:21,Humidity,45.92,%
2026-09-26,22:56:21,AQI,2.0,
2026-09-26,22:56:21,TVOC,103.33,ppb
2026-09-26,22:56:21,eCO2,554.8,ppm
2026-09-26,22:56:21,Broadband,0.0,lux
2026-09-26,22:56:21,Infrared,0.0,lux
2026-09-26,22:56:51,Temperature,24.9,°C
2026-09-26,22:56:51,Humidity,45.9,%
2026-09-26,22:56:51,AQI,2.0,
2026-09-26,22:56:51,TVOC,102.3,ppb
2026-09-26,22:56:51,eCO2,553.1,ppm
2026-09-26,22:56:51,Broadband,0.0,lux
2026-09-26,22:56:51,Infrared,0.0,lux
2026-09-26,22:57:21,Temperature,24.94,°C
2026-09-26,22:57:21,Humidity,46.02,%
2026-09-26,22:57:21,AQI,2.0,
2026-09-26,22:57:21,TVOC,101.73,ppb
2026-09-26,22:57:21,eCO2,551.97,ppm
2026-09-26,22:57:21,Broadband,0.0,lux
2026-09-26,22:57:21,Infrared,0.0,lux
2026-09-26,22:57:51,Temperature,25.01,°C
2026-09-26,22:57:51,Humidity,45.93,%
2026-09-26,22:57:51,AQI,2.0,
2026-09-26,22:57:51,TVOC,99.27,ppb
2026-09-26,22:57:51,eCO2,547.87,ppm
2026-09-26,22:57:51,Broadband,0.0,lux
2026-09-26,22:57:51,Infrared,0.0,lux
2026-09-26,22:58:21,Temperature,25.06,°C
2026-09-26,22:58:21,Humidity,45.79,%
2026-09-26,22:58:21,AQI,2.0,
2026-09-26,22:58:21,TVOC,97.7,ppb
2026-09-26,22:58:21,eCO2,545.47,ppm
2026-09-26,22:58:21,Broadband,0.0,lux
2026-09-26,22:58:21,Infrared,0.0,lux
2026-09-26,22:58:51,Temperature,25.08,°C
2026-09-26,22:58:51,Humidity,45.67,%
2026-09-26,22:58:51,AQI,2.0,
2026-09-26,22:58:51,TVOC,97.07,ppb
2026-09-26,22:58:51,eCO2,544.33,ppm
2026-09-26,22:58:51,Broadband,0.0,lux
2026-09-26,22:58:51,Infrared,0.0,lux
2026-09-26,22:59:21,Temperature,25.08,°C
2026-09-26,22:59:21,Humidity,45.63,%
2026-09-26,22:59:21,AQI,2.0,
2026-09-26,22:59:21,TVOC,96.3,ppb
2026-09-26,22:59:21,eCO2,542.87,ppm
2026-09-26,22:59:21,Broadband,0.0,lux
2026-09-26,22:59:21,Infrared,0.0,lux
2026-09-26,22:59:51,Temperature,25.08,°C
2026-09-26,22:59:51,Humidity,45.51,%
2026-09-26,22:59:51,AQI,2.0,
2026-09-26,22:59:51,TVOC,91.77,ppb
2026-09-26,22:59:51,eCO2,535.23,ppm
2026-09-26,22:59:51,Broadband,0.0,lux
2026-09-26,22:59:51,Infrared,0.0,lux
2026-09-26,23:00:21,Temperature,25.11,°C
2026-09-26,23:00:21,Humidity,45.42,%
2026-09-26,23:00:21,AQI,2.0,
2026-09-26,23:00:21,TVOC,91.53,ppb
2026-09-26,23:00:21,eCO2,534.37,ppm
2026-09-26,23:00:21,Broadband,0.0,lux
2026-09-26,23:00:21,Infrared,0.0,lux
2026-09-26,23:00:51,Temperature,25.08,°C
2026-09-26,23:00:51,Humidity,45.41,%
2026-09-26,23:00:51,AQI,2.0,
2026-09-26,23:00:51,TVOC,89.07,ppb
2026-09-26,23:00:51,eCO2,530.53,ppm
2026-09-26,23:00:51,Broadband,0.0,lux
2026-09-26,23:00:51,Infrared,0.0,lux
2026-09-26,23:01:21,Temperature,25.05,°C
2026-09-26,23:01:21,Humidity,45.39,%
2026-09-26,23:01:21,AQI,2.0,
2026-09-26,23:01:21,TVOC,87.73,ppb
2026-09-26,23:01:21,eCO2,528.13,ppm
2026-09-26,23:01:21,Broadband,0.0,lux
2026-09-26,23:01:21,Infrared,0.0,lux
2026-09-26,23:01:51,Temperature,25.05,°C
2026-09-26,23:01:51,Humidity,45.32,%
2026-09-26,23:01:51,AQI,2.0,
2026-09-26,23:01:51,TVOC,84.37,ppb
2026-09-26,23:01:51,eCO2,522.27,ppm
2026-09-26,23:01:51,Broadband,0.0,lux
2026-09-26,23:01:51,Infrared,0.0,lux
2026-09-26,23:02:21,Temperature,25.09,°C
2026-09-26,23:02:21,Humidity,45.26,%
2026-09-26,23:02:21,AQI,2.0,
2026-09-26,23:02:21,TVOC,81.6,ppb
2026-09-26,23:02:21,eCO2,517.5,ppm
2026-09-26,23:02:21,Broadband,0.0,lux
2026-09-26,23:02:21,Infrared,0.0,lux
2026-09-26,23:02:51,Temperature,25.08,°C
2026-09-26,23:02:51,Humidity,45.23,%
2026-09-26,23:02:51,AQI,2.0,
2026-09-26,23:02:51,TVOC,85.7,ppb
2026-09-26,23:02:51,eCO2,524.57,ppm
2026-09-26,23:02:51,Broadband,0.0,lux
2026-09-26,23:02:51,Infrared,0.0,lux
2026-09-26,23:03:21,Temperature,25.07,°C
2026-09-26,23:03:21,Humidity,45.27,%
2026-09-26,23:03:21,AQI,2.0,
2026-09-26,23:03:21,TVOC,80.1,ppb
2026-09-26,23:03:21,eCO2,514.83,ppm
2026-09-26,23:03:21,Broadband,0.0,lux
2026-09-26,23:03:21,Infrared,0.0,lux
2026-09-26,23:03:51,Temperature,25.1,°C
2026-09-26,23:03:51,Humidity,45.23,%
2026-09-26,23:03:51,AQI,2.0,
2026-09-26,23:03:51,TVOC,82.53,ppb
2026-09-26,23:03:51,eCO2,518.93,ppm
2026-09-26,23:03:51,Broadband,0.0,lux
2026-09-26,23:03:51,Infrared,0.0,lux
2026-09-26,23:04:21,Temperature,25.09,°C
2026-09-26,23:04:21,Humidity,45.14,%
2026-09-26,23:04:21,AQI,1.97,
2026-09-26,23:04:21,TVOC,79.63,ppb
2026-09-26,23:04:21,eCO2,513.47,ppm
2026-09-26,23:04:21,Broadband,0.0,lux
2026-09-26,23:04:21,Infrared,0.0,lux
2026-09-26,23:04:51,Temperature,25.1,°C
2026-09-26,23:04:51,Humidity,45.21,%
2026-09-26,23:04:51,AQI,2.0,
2026-09-26,23:04:51,TVOC,82.73,ppb
2026-09-26,23:04:51,eCO2,519.23,ppm
2026-09-26,23:04:51,Broadband,0.0,lux
2026-09-26,23:04:51,Infrared,0.0,lux
2026-09-26,23:05:21,Temperature,25.07,°C
2026-09-26,23:05:21,Humidity,45.17,%
2026-09-26,23:05:21,AQI,1.8,
2026-09-26,23:05:21,TVOC,69.3,ppb
2026-09-26,23:05:21,eCO2,494.53,ppm
2026-09-26,23:05:21,Broadband,0.0,lux
2026-09-26,23:05:21,Infrared,0.0,lux
2026-09-26,23:05:51,Temperature,25.06,°C
2026-09-26,23:05:51,Humidity,45.12,%
2026-09-26,23:05:51,AQI,1.17,
2026-09-26,23:05:51,TVOC,60.77,ppb
2026-09-26,23:05:51,eCO2,478.57,ppm
2026-09-26,23:05:51,Broadband,0.0,lux
2026-09-26,23:05:51,Infrared,0.0,lux
2026-09-26,23:06:21,Temperature,25.02,°C
2026-09-26,23:06:21,Humidity,45.11,%
2026-09-26,23:06:21,AQI,1.4,
2026-09-26,23:06:21,TVOC,63.13,ppb
2026-09-26,23:06:21,eCO2,483.0,ppm
2026-09-26,23:06:21,Broadband,0.0,lux
2026-09-26,23:06:21,Infrared,0.0,lux
2026-09-26,23:06:51,Temperature,25.05,°C
2026-09-26,23:06:51,Humidity,45.19,%
2026-09-26,23:06:51,AQI,1.8,
2026-09-26,23:06:51,TVOC,67.77,ppb
2026-09-26,23:06:51,eCO2,491.93,ppm
2026-09-26,23:06:51,Broadband,0.0,lux
2026-09-26,23:06:51,Infrared,0.0,lux
2026-09-26,23:07:21,Temperature,25.05,°C
2026-09-26,23:07:21,Humidity,45.12,%
2026-09-26,23:07:21,AQI,1.2,
2026-09-26,23:07:21,TVOC,62.13,ppb
2026-09-26,23:07:21,eCO2,481.1,ppm
2026-09-26,23:07:21,Broadband,0.0,lux
2026-09-26,23:07:21,Infrared,0.0,lux
2026-09-26,23:07:51,Temperature,25.05,°C
2026-09-26,23:07:51,Humidity,45.13,%
2026-09-26,23:07:51,AQI,1.27,
2026-09-26,23:07:51,TVOC,61.23,ppb
2026-09-26,23:07:51,eCO2,479.17,ppm
2026-09-26,23:07:51,Broadband,0.0,lux
2026-09-26,23:07:51,Infrared,0.0,lux
2026-09-26,23:08:21,Temperature,25.1,°C
2026-09-26,23:08:21,Humidity,45.09,%
2026-09-26,23:08:21,AQI,1.47,
2026-09-26,23:08:21,TVOC,63.7,ppb
2026-09-26,23:08:21,eCO2,484.03,ppm
2026-09-26,23:08:21,Broadband,0.0,lux
2026-09-26,23:08:21,Infrared,0.0,lux
2026-09-26,23:08:51,Temperature,25.07,°C
2026-09-26,23:08:51,Humidity,45.05,%
2026-09-26,23:08:51,AQI,1.17,
2026-09-26,23:08:51,TVOC,61.03,ppb
2026-09-26,23:08:51,eCO2,478.93,ppm
2026-09-26,23:08:51,Broadband,0.0,lux
2026-09-26,23:08:51,Infrared,0.0,lux
2026-09-26,23:09:21,Temperature,25.05,°C
2026-09-26,23:09:21,Humidity,45.03,%
2026-09-26,23:09:21,AQI,1.03,
2026-09-26,23:09:21,TVOC,57.1,ppb
2026-09-26,23:09:21,eCO2,471.27,ppm
2026-09-26,23:09:21,Broadband,0.0,lux
2026-09-26,23:09:21,Infrared,0.0,lux
2026-09-26,23:09:51,Temperature,25.08,°C
2026-09-26,23:09:51,Humidity,45.0,%
2026-09-26,23:09:51,AQI,1.1,
2026-09-26,23:09:51,TVOC,58.3,ppb
2026-09-26,23:09:51,eCO2,473.47,ppm
2026-09-26,23:09:51,Broadband,0.0,lux
2026-09-26,23:09:51,Infrared,0.0,lux
2026-09-26,23:10:21,Temperature,25.1,°C
2026-09-26,23:10:21,Humidity,44.96,%
2026-09-26,23:10:21,AQI,1.0,
2026-09-26,23:10:21,TVOC,54.83,ppb
2026-09-26,23:10:21,eCO2,466.83,ppm
2026-09-26,23:10:21,Broadband,0.0,lux
2026-09-26,23:10:21,Infrared,0.0,lux
2026-09-26,23:10:51,Temperature,25.08,°C
2026-09-26,23:10:51,Humidity,44.88,%
2026-09-26,23:10:51,AQI,1.0,
2026-09-26,23:10:51,TVOC,50.7,ppb
2026-09-26,23:10:51,eCO2,458.4,ppm
2026-09-26,23:10:51,Broadband,0.0,lux
2026-09-26,23:10:51,Infrared,0.0,lux
2026-09-26,23:11:21,Temperature,25.09,°C
2026-09-26,23:11:21,Humidity,44.84,%
2026-09-26,23:11:21,AQI,1.0,
2026-09-26,23:11:21,TVOC,50.1,ppb
2026-09-26,23:11:21,eCO2,457.13,ppm
2026-09-26,23:11:21,Broadband,0.0,lux
2026-09-26,23:11:21,Infrared,0.0,lux
2026-09-26,23:11:51,Temperature,25.07,°C
2026-09-26,23:11:51,Humidity,44.82,%
2026-09-26,23:11:51,AQI,1.0,
2026-09-26,23:11:51,TVOC,49.3,ppb
2026-09-26,23:11:51,eCO2,455.3,ppm
2026-09-26,23:11:51,Broadband,0.0,lux
2026-09-26,23:11:51,Infrared,0.0,lux
2026-09-26,23:12:21,Temperature,25.02,°C
2026-09-26,23:12:21,Humidity,44.88,%
2026-09-26,23:12:21,AQI,1.0,
2026-09-26,23:12:21,TVOC,47.37,ppb
2026-09-26,23:12:21,eCO2,451.23,ppm
2026-09-26,23:12:21,Broadband,0.0,lux
2026-09-26,23:12:21,Infrared,0.0,lux
2026-09-26,23:12:51,Temperature,25.05,°C
2026-09-26,23:12:51,Humidity,44.93,%
2026-09-26,23:12:51,AQI,1.0,
2026-09-26,23:12:51,TVOC,47.37,ppb
2026-09-26,23:12:51,eCO2,451.33,ppm
2026-09-26,23:12:51,Broadband,0.0,lux
2026-09-26,23:12:51,Infrared,0.0,lux
2026-09-26,23:13:21,Temperature,25.02,°C
2026-09-26,23:13:21,Humidity,44.84,%
2026-09-26,23:13:21,AQI,1.0,
2026-09-26,23:13:21,TVOC,43.3,ppb
2026-09-26,23:13:21,eCO2,443.3,ppm
2026-09-26,23:13:21,Broadband,0.0,lux
2026-09-26,23:13:21,Infrared,0.0,lux
2026-09-26,23:13:51,Temperature,25.0,°C
2026-09-26,23:13:51,Humidity,44.83,%
2026-09-26,23:13:51,AQI,1.0,
2026-09-26,23:13:51,TVOC,42.0,ppb
2026-09-26,23:13:51,eCO2,440.27,ppm
2026-09-26,23:13:51,Broadband,0.0,lux
2026-09-26,23:13:51,Infrared,0.0,lux
2026-09-26,23:14:21,Temperature,25.04,°C
2026-09-26,23:14:21,Humidity,44.85,%
2026-09-26,23:14:21,AQI,1.0,
2026-09-26,23:14:21,TVOC,43.23,ppb
2026-09-26,23:14:21,eCO2,442.83,ppm
2026-09-26,23:14:21,Broadband,0.0,lux
2026-09-26,23:14:21,Infrared,0.0,lux
2026-09-26,23:14:51,Temperature,25.02,°C
2026-09-26,23:14:51,Humidity,44.81,%
2026-09-26,23:14:51,AQI,1.0,
2026-09-26,23:14:51,TVOC,39.73,ppb
2026-09-26,23:14:51,eCO2,435.47,ppm
2026-09-26,23:14:51,Broadband,0.0,lux
2026-09-26,23:14:51,Infrared,0.0,lux
2026-09-26,23:15:21,Temperature,25.02,°C
2026-09-26,23:15:21,Humidity,44.85,%
2026-09-26,23:15:21,AQI,1.0,
2026-09-26,23:15:21,TVOC,42.47,ppb
2026-09-26,23:15:21,eCO2,441.13,ppm
2026-09-26,23:15:21,Broadband,0.0,lux
2026-09-26,23:15:21,Infrared,0.0,lux
2026-09-26,23:15:51,Temperature,25.06,°C
2026-09-26,23:15:51,Humidity,44.77,%
2026-09-26,23:15:51,AQI,1.0,
2026-09-26,23:15:51,TVOC,37.23,ppb
2026-09-26,23:15:51,eCO2,429.77,ppm
2026-09-26,23:15:51,Broadband,0.0,lux
2026-09-26,23:15:51,Infrared,0.0,lux
2026-09-26,23:16:21,Temperature,25.06,°C
2026-09-26,23:16:21,Humidity,44.74,%
2026-09-26,23:16:21,AQI,1.0,
2026-09-26,23:16:21,TVOC,39.67,ppb
2026-09-26,23:16:21,eCO2,435.27,ppm
2026-09-26,23:16:21,Broadband,0.0,lux
2026-09-26,23:16:21,Infrared,0.0,lux
2026-09-26,23:16:51,Temperature,25.02,°C
2026-09-26,23:16:51,Humidity,44.74,%
2026-09-26,23:16:51,AQI,1.0,
2026-09-26,23:16:51,TVOC,42.57,ppb
2026-09-26,23:16:51,eCO2,441.33,ppm
2026-09-26,23:16:51,Broadband,0.0,lux
2026-09-26,23:16:51,Infrared,0.0,lux
2026-09-26,23:17:21,Temperature,24.99,°C
2026-09-26,23:17:21,Humidity,44.75,%
2026-09-26,23:17:21,AQI,1.0,
2026-09-26,23:17:21,TVOC,43.33,ppb
2026-09-26,23:17:21,eCO2,443.03,ppm
2026-09-26,23:17:21,Broadband,0.0,lux
2026-09-26,23:17:21,Infrared,0.0,lux
2026-09-26,23:17:51,Temperature,25.01,°C
2026-09-26,23:17:51,Humidity,44.78,%
2026-09-26,23:17:51,AQI,1.0,
2026-09-26,23:17:51,TVOC,43.0,ppb
2026-09-26,23:17:51,eCO2,442.33,ppm
2026-09-26,23:17:51,Broadband,0.0,lux
2026-09-26,23:17:51,Infrared,0.0,lux
2026-09-26,23:18:21,Temperature,25.04,°C
2026-09-26,23:18:21,Humidity,44.73,%
2026-09-26,23:18:21,AQI,1.0,
2026-09-26,23:18:21,TVOC,39.7,ppb
2026-09-26,23:18:21,eCO2,435.1,ppm
2026-09-26,23:18:21,Broadband,0.0,lux
2026-09-26,23:18:21,Infrared,0.0,lux
2026-09-26,23:18:51,Temperature,25.06,°C
2026-09-26,23:18:51,Humidity,44.65,%
2026-09-26,23:18:51,AQI,1.0,
2026-09-26,23:18:51,TVOC,37.7,ppb
2026-09-26,23:18:51,eCO2,430.87,ppm
2026-09-26,23:18:51,Broadband,0.0,lux
2026-09-26,23:18:51,Infrared,0.0,lux
2026-09-26,23:19:21,Temperature,25.07,°C
2026-09-26,23:19:21,Humidity,44.59,%
2026-09-26,23:19:21,AQI,1.0,
2026-09-26,23:19:21,TVOC,36.03,ppb
2026-09-26,23:19:21,eCO2,427.27,ppm
2026-09-26,23:19:21,Broadband,0.0,lux
2026-09-26,23:19:21,Infrared,0.0,lux
2026-09-26,23:19:51,Temperature,25.05,°C
2026-09-26,23:19:51,Humidity,44.56,%
2026-09-26,23:19:51,AQI,1.0,
2026-09-26,23:19:51,TVOC,34.17,ppb
2026-09-26,23:19:51,eCO2,423.5,ppm
2026-09-26,23:19:51,Broadband,0.0,lux
2026-09-26,23:19:51,Infrared,0.0,lux
2026-09-26,23:20:21,Temperature,25.06,°C
2026-09-26,23:20:21,Humidity,44.57,%
2026-09-26,23:20:21,AQI,1.0,
2026-09-26,23:20:21,TVOC,32.57,ppb
2026-09-26,23:20:21,eCO2,419.83,ppm
2026-09-26,23:20:21,Broadband,0.0,lux
2026-09-26,23:20:21,Infrared,0.0,lux
2026-09-26,23:20:51,Temperature,25.03,°C
2026-09-26,23:20:51,Humidity,44.53,%
2026-09-26,23:20:51,AQI,1.0,
2026-09-26,23:20:51,TVOC,31.53,ppb
2026-09-26,23:20:51,eCO2,417.33,ppm
2026-09-26,23:20:51,Broadband,0.0,lux
2026-09-26,23:20:51,Infrared,0.0,lux
2026-09-26,23:21:21,Temperature,25.04,°C
2026-09-26,23:21:21,Humidity,44.55,%
2026-09-26,23:21:21,AQI,1.0,
2026-09-26,23:21:21,TVOC,34.5,ppb
2026-09-26,23:21:21,eCO2,424.27,ppm
2026-09-26,23:21:21,Broadband,0.0,lux
2026-09-26,23:21:21,Infrared,0.0,lux
2026-09-26,23:21:51,Temperature,25.02,°C
2026-09-26,23:21:51,Humidity,44.54,%
2026-09-26,23:21:51,AQI,1.0,
2026-09-26,23:21:51,TVOC,33.27,ppb
2026-09-26,23:21:51,eCO2,421.73,ppm
2026-09-26,23:21:51,Broadband,0.0,lux
2026-09-26,23:21:51,Infrared,0.0,lux
2026-09-26,23:22:21,Temperature,25.01,°C
2026-09-26,23:22:21,Humidity,44.57,%
2026-09-26,23:22:21,AQI,1.0,
2026-09-26,23:22:21,TVOC,34.2,ppb
2026-09-26,23:22:21,eCO2,423.5,ppm
2026-09-26,23:22:21,Broadband,0.0,lux
2026-09-26,23:22:21,Infrared,0.0,lux
2026-09-26,23:22:51,Temperature,25.0,°C
2026-09-26,23:22:51,Humidity,44.57,%
2026-09-26,23:22:51,AQI,1.0,
2026-09-26,23:22:51,TVOC,33.4,ppb
2026-09-26,23:22:51,eCO2,421.87,ppm
2026-09-26,23:22:51,Broadband,0.0,lux
2026-09-26,23:22:51,Infrared,0.0,lux
2026-09-26,23:23:21,Temperature,25.01,°C
2026-09-26,23:23:21,Humidity,44.56,%
2026-09-26,23:23:21,AQI,1.0,
2026-09-26,23:23:21,TVOC,35.5,ppb
2026-09-26,23:23:21,eCO2,426.07,ppm
2026-09-26,23:23:21,Broadband,0.0,lux
2026-09-26,23:23:21,Infrared,0.0,lux
2026-09-26,23:23:51,Temperature,25.03,°C
2026-09-26,23:23:51,Humidity,44.55,%
2026-09-26,23:23:51,AQI,1.0,
2026-09-26,23:23:51,TVOC,36.47,ppb
2026-09-26,23:23:51,eCO2,428.47,ppm
2026-09-26,23:23:51,Broadband,0.0,lux
2026-09-26,23:23:51,Infrared,0.0,lux
2026-09-26,23:24:21,Temperature,24.97,°C
2026-09-26,23:24:21,Humidity,44.53,%
2026-09-26,23:24:21,AQI,1.0,
2026-09-26,23:24:21,TVOC,37.87,ppb
2026-09-26,23:24:21,eCO2,431.43,ppm
2026-09-26,23:24:21,Broadband,0.0,lux
2026-09-26,23:24:21,Infrared,0.0,lux
2026-09-26,23:24:51,Temperature,24.98,°C
2026-09-26,23:24:51,Humidity,44.55,%
2026-09-26,23:24:51,AQI,1.0,
2026-09-26,23:24:51,TVOC,37.2,ppb
2026-09-26,23:24:51,eCO2,429.83,ppm
2026-09-26,23:24:51,Broadband,0.0,lux
2026-09-26,23:24:51,Infrared,0.0,lux
2026-09-26,23:25:21,Temperature,24.97,°C
2026-09-26,23:25:21,Humidity,44.5,%
2026-09-26,23:25:21,AQI,1.0,
2026-09-26,23:25:21,TVOC,35.43,ppb
2026-09-26,23:25:21,eCO2,425.9,ppm
2026-09-26,23:25:21,Broadband,0.0,lux
2026-09-26,23:25:21,Infrared,0.0,lux
2026-09-26,23:25:51,Temperature,25.0,°C
2026-09-26,23:25:51,Humidity,44.48,%
2026-09-26,23:25:51,AQI,1.0,
2026-09-26,23:25:51,TVOC,35.63,ppb
2026-09-26,23:25:51,eCO2,426.63,ppm
2026-09-26,23:25:51,Broadband,0.0,lux
2026-09-26,23:25:51,Infrared,0.0,lux
2026-09-26,23:26:21,Temperature,25.02,°C
2026-09-26,23:26:21,Humidity,44.41,%
2026-09-26,23:26:21,AQI,1.0,
2026-09-26,23:26:21,TVOC,34.1,ppb
2026-09-26,23:26:21,eCO2,423.33,ppm
2026-09-26,23:26:21,Broadband,0.0,lux
2026-09-26,23:26:21,Infrared,0.0,lux
2026-09-26,23:26:51,Temperature,24.99,°C
2026-09-26,23:26:51,Humidity,44.39,%
2026-09-26,23:26:51,AQI,1.0,
2026-09-26,23:26:51,TVOC,33.27,ppb
2026-09-26,23:26:51,eCO2,421.23,ppm
2026-09-26,23:26:51,Broadband,0.0,lux
2026-09-26,23:26:51,Infrared,0.0,lux
2026-09-26,23:27:21,Temperature,25.0,°C
2026-09-26,23:27:21,Humidity,44.38,%
2026-09-26,23:27:21,AQI,1.0,
2026-09-26,23:27:21,TVOC,32.83,ppb
2026-09-26,23:27:21,eCO2,420.23,ppm
2026-09-26,23:27:21,Broadband,0.0,lux
2026-09-26,23:27:21,Infrared,0.0,lux
2026-09-26,23:27:51,Temperature,24.99,°C
2026-09-26,23:27:51,Humidity,44.38,%
2026-09-26,23:27:51,AQI,1.0,
2026-09-26,23:27:51,TVOC,32.7,ppb
2026-09-26,23:27:51,eCO2,420.17,ppm
2026-09-26,23:27:51,Broadband,0.0,lux
2026-09-26,23:27:51,Infrared,0.0,lux
2026-09-26,23:28:21,Temperature,25.0,°C
2026-09-26,23:28:21,Humidity,44.36,%
2026-09-26,23:28:21,AQI,1.0,
2026-09-26,23:28:21,TVOC,33.23,ppb
2026-09-26,23:28:21,eCO2,421.47,ppm
2026-09-26,23:28:21,Broadband,0.0,lux
2026-09-26,23:28:21,Infrared,0.0,lux
2026-09-26,23:28:51,Temperature,25.0,°C
2026-09-26,23:28:51,Humidity,44.35,%
2026-09-26,23:28:51,AQI,1.0,
2026-09-26,23:28:51,TVOC,33.1,ppb
2026-09-26,23:28:51,eCO2,421.03,ppm
2026-09-26,23:28:51,Broadband,0.0,lux
2026-09-26,23:28:51,Infrared,0.0,lux
2026-09-26,23:29:21,Temperature,24.95,°C
2026-09-26,23:29:21,Humidity,44.35,%
2026-09-26,23:29:21,AQI,1.0,
2026-09-26,23:29:21,TVOC,32.7,ppb
2026-09-26,23:29:21,eCO2,419.97,ppm
2026-09-26,23:29:21,Broadband,0.0,lux
2026-09-26,23:29:21,Infrared,0.0,lux
2026-09-26,23:29:51,Temperature,24.94,°C
2026-09-26,23:29:51,Humidity,44.35,%
2026-09-26,23:29:51,AQI,1.0,
2026-09-26,23:29:51,TVOC,30.37,ppb
2026-09-26,23:29:51,eCO2,415.03,ppm
2026-09-26,23:29:51,Broadband,0.0,lux
2026-09-26,23:29:51,Infrared,0.0,lux
2026-09-26,23:30:21,Temperature,24.91,°C
2026-09-26,23:30:21,Humidity,44.39,%
2026-09-26,23:30:21,AQI,1.0,
2026-09-26,23:30:21,TVOC,29.7,ppb
2026-09-26,23:30:21,eCO2,413.63,ppm
2026-09-26,23:30:21,Broadband,0.0,lux
2026-09-26,23:30:21,Infrared,0.0,lux
2026-09-26,23:30:51,Temperature,24.96,°C
2026-09-26,23:30:51,Humidity,44.43,%
2026-09-26,23:30:51,AQI,1.0,
2026-09-26,23:30:51,TVOC,31.83,ppb
2026-09-26,23:30:51,eCO2,418.1,ppm
2026-09-26,23:30:51,Broadband,0.0,lux
2026-09-26,23:30:51,Infrared,0.0,lux
2026-09-26,23:31:21,Temperature,24.98,°C
2026-09-26,23:31:21,Humidity,44.33,%
2026-09-26,23:31:21,AQI,1.0,
2026-09-26,23:31:21,TVOC,30.03,ppb
2026-09-26,23:31:21,eCO2,414.53,ppm
2026-09-26,23:31:21,Broadband,2.83,lux
2026-09-26,23:31:21,Infrared,1.33,lux
2026-09-26,23:31:51,Temperature,24.96,°C
2026-09-26,23:31:51,Humidity,44.28,%
2026-09-26,23:31:51,AQI,1.0,
2026-09-26,23:31:51,TVOC,27.53,ppb
2026-09-26,23:31:51,eCO2,408.9,ppm
2026-09-26,23:31:51,Broadband,5.27,lux
2026-09-26,23:31:51,Infrared,1.07,lux
2026-09-26,23:32:21,Temperature,24.88,°C
2026-09-26,23:32:21,Humidity,44.28,%
2026-09-26,23:32:21,AQI,1.0,
2026-09-26,23:32:21,TVOC,26.63,ppb
2026-09-26,23:32:21,eCO2,408.9,ppm
2026-09-26,23:32:21,Broadband,5.8,lux
2026-09-26,23:32:21,Infrared,0.97,lux
2026-09-26,23:32:51,Temperature,24.76,°C
2026-09-26,23:32:51,Humidity,44.45,%
2026-09-26,23:32:51,AQI,1.0,
2026-09-26,23:32:51,TVOC,25.53,ppb
2026-09-26,23:32:51,eCO2,407.5,ppm
2026-09-26,23:32:51,Broadband,2.53,lux
2026-09-26,23:32:51,Infrared,0.4,lux
2026-09-26,23:33:21,Temperature,24.76,°C
2026-09-26,23:33:21,Humidity,44.55,%
2026-09-26,23:33:21,AQI,1.0,
2026-09-26,23:33:21,TVOC,19.67,ppb
2026-09-26,23:33:21,eCO2,400.27,ppm
2026-09-26,23:33:21,Broadband,0.0,lux
2026-09-26,23:33:21,Infrared,0.0,lux
2026-09-26,23:33:51,Temperature,24.73,°C
2026-09-26,23:33:51,Humidity,44.52,%
2026-09-26,23:33:51,AQI,1.0,
2026-09-26,23:33:51,TVOC,20.43,ppb
2026-09-26,23:33:51,eCO2,402.1,ppm
2026-09-26,23:33:51,Broadband,0.0,lux
2026-09-26,23:33:51,Infrared,0.0,lux
2026-09-26,23:34:21,Temperature,24.74,°C
2026-09-26,23:34:21,Humidity,44.7,%
2026-09-26,23:34:21,AQI,1.0,
2026-09-26,23:34:21,TVOC,28.9,ppb
2026-09-26,23:34:21,eCO2,412.53,ppm
2026-09-26,23:34:21,Broadband,0.0,lux
2026-09-26,23:34:21,Infrared,0.0,lux
2026-09-26,23:34:51,Temperature,24.78,°C
2026-09-26,23:34:51,Humidity,44.7,%
2026-09-26,23:34:51,AQI,1.0,
2026-09-26,23:34:51,TVOC,30.93,ppb
2026-09-26,23:34:51,eCO2,416.5,ppm
2026-09-26,23:34:51,Broadband,0.0,lux
2026-09-26,23:34:51,Infrared,0.0,lux
2026-09-26,23:35:21,Temperature,24.85,°C
2026-09-26,23:35:21,Humidity,44.7,%
2026-09-26,23:35:21,AQI,1.0,
2026-09-26,23:35:21,TVOC,33.23,ppb
2026-09-26,23:35:21,eCO2,421.37,ppm
2026-09-26,23:35:21,Broadband,0.0,lux
2026-09-26,23:35:21,Infrared,0.0,lux
2026-09-26,23:35:51,Temperature,24.9,°C
2026-09-26,23:35:51,Humidity,44.6,%
2026-09-26,23:35:51,AQI,1.0,
2026-09-26,23:35:51,TVOC,35.03,ppb
2026-09-26,23:35:51,eCO2,425.23,ppm
2026-09-26,23:35:51,Broadband,0.0,lux
2026-09-26,23:35:51,Infrared,0.0,lux
2026-09-26,23:36:21,Temperature,24.88,°C
2026-09-26,23:36:21,Humidity,44.61,%
2026-09-26,23:36:21,AQI,1.0,
2026-09-26,23:36:21,TVOC,35.07,ppb
2026-09-26,23:36:21,eCO2,425.4,ppm
2026-09-26,23:36:21,Broadband,0.0,lux
2026-09-26,23:36:21,Infrared,0.0,lux
2026-09-26,23:36:51,Temperature,24.91,°C
2026-09-26,23:36:51,Humidity,44.6,%
2026-09-26,23:36:51,AQI,1.0,
2026-09-26,23:36:51,TVOC,35.17,ppb
2026-09-26,23:36:51,eCO2,425.6,ppm
2026-09-26,23:36:51,Broadband,0.0,lux
2026-09-26,23:36:51,Infrared,0.0,lux
2026-09-26,23:37:21,Temperature,24.88,°C
2026-09-26,23:37:21,Humidity,44.59,%
2026-09-26,23:37:21,AQI,1.0,
2026-09-26,23:37:21,TVOC,34.7,ppb
2026-09-26,23:37:21,eCO2,424.63,ppm
2026-09-26,23:37:21,Broadband,2.03,lux
2026-09-26,23:37:21,Infrared,0.33,lux
2026-09-26,23:37:51,Temperature,24.81,°C
2026-09-26,23:37:51,Humidity,44.58,%
2026-09-26,23:37:51,AQI,1.0,
2026-09-26,23:37:51,TVOC,21.77,ppb
2026-09-26,23:37:51,eCO2,410.83,ppm
2026-09-26,23:37:51,Broadband,21.43,lux
2026-09-26,23:37:51,Infrared,3.77,lux
2026-09-26,23:38:21,Temperature,24.74,°C
2026-09-26,23:38:21,Humidity,44.57,%
2026-09-26,23:38:21,AQI,1.0,
2026-09-26,23:38:21,TVOC,11.33,ppb
2026-09-26,23:38:21,eCO2,400.0,ppm
2026-09-26,23:38:21,Broadband,0.0,lux
2026-09-26,23:38:21,Infrared,0.0,lux
2026-09-26,23:38:51,Temperature,24.73,°C
2026-09-26,23:38:51,Humidity,44.54,%
2026-09-26,23:38:51,AQI,1.0,
2026-09-26,23:38:51,TVOC,9.4,ppb
2026-09-26,23:38:51,eCO2,400.2,ppm
2026-09-26,23:38:51,Broadband,0.0,lux
2026-09-26,23:38:51,Infrared,0.0,lux
2026-09-26,23:39:21,Temperature,24.79,°C
2026-09-26,23:39:21,Humidity,44.62,%
2026-09-26,23:39:21,AQI,1.0,
2026-09-26,23:39:21,TVOC,22.97,ppb
2026-09-26,23:39:21,eCO2,402.6,ppm
2026-09-26,23:39:21,Broadband,0.0,lux
2026-09-26,23:39:21,Infrared,0.0,lux
2026-09-26,23:39:51,Temperature,24.77,°C
2026-09-26,23:39:51,Humidity,44.7,%
2026-09-26,23:39:51,AQI,1.0,
2026-09-26,23:39:51,TVOC,29.23,ppb
2026-09-26,23:39:51,eCO2,413.07,ppm
2026-09-26,23:39:51,Broadband,0.0,lux
2026-09-26,23:39:51,Infrared,0.0,lux
2026-09-26,23:40:21,Temperature,24.81,°C
2026-09-26,23:40:21,Humidity,44.76,%
2026-09-26,23:40:21,AQI,1.0,
2026-09-26,23:40:21,TVOC,30.7,ppb
2026-09-26,23:40:21,eCO2,416.0,ppm
2026-09-26,23:40:21,Broadband,0.0,lux
2026-09-26,23:40:21,Infrared,0.0,lux
2026-09-26,23:40:51,Temperature,24.83,°C
2026-09-26,23:40:51,Humidity,44.71,%
2026-09-26,23:40:51,AQI,1.0,
2026-09-26,23:40:51,TVOC,29.27,ppb
2026-09-26,23:40:51,eCO2,412.87,ppm
2026-09-26,23:40:51,Broadband,0.0,lux
2026-09-26,23:40:51,Infrared,0.0,lux
2026-09-26,23:41:21,Temperature,24.86,°C
2026-09-26,23:41:21,Humidity,44.69,%
2026-09-26,23:41:21,AQI,1.0,
2026-09-26,23:41:21,TVOC,29.73,ppb
2026-09-26,23:41:21,eCO2,413.73,ppm
2026-09-26,23:41:21,Broadband,0.0,lux
2026-09-26,23:41:21,Infrared,0.0,lux
2026-09-26,23:41:51,Temperature,24.87,°C
2026-09-26,23:41:51,Humidity,44.63,%
2026-09-26,23:41:51,AQI,1.0,
2026-09-26,23:41:51,TVOC,28.67,ppb
2026-09-26,23:41:51,eCO2,411.53,ppm
2026-09-26,23:41:51,Broadband,0.0,lux
2026-09-26,23:41:51,Infrared,0.0,lux
2026-09-26,23:42:21,Temperature,24.88,°C
2026-09-26,23:42:21,Humidity,44.59,%
2026-09-26,23:42:21,AQI,1.0,
2026-09-26,23:42:21,TVOC,26.63,ppb
2026-09-26,23:42:21,eCO2,408.03,ppm
2026-09-26,23:42:21,Broadband,0.0,lux
2026-09-26,23:42:21,Infrared,0.0,lux
2026-09-26,23:42:51,Temperature,24.84,°C
2026-09-26,23:42:51,Humidity,44.61,%
2026-09-26,23:42:51,AQI,1.0,
2026-09-26,23:42:51,TVOC,24.53,ppb
2026-09-26,23:42:51,eCO2,404.23,ppm
2026-09-26,23:42:51,Broadband,0.0,lux
2026-09-26,23:42:51,Infrared,0.0,lux
2026-09-26,23:43:21,Temperature,24.86,°C
2026-09-26,23:43:21,Humidity,44.59,%
2026-09-26,23:43:21,AQI,1.0,
2026-09-26,23:43:21,TVOC,22.97,ppb
2026-09-26,23:43:21,eCO2,402.23,ppm
2026-09-26,23:43:21,Broadband,0.0,lux
2026-09-26,23:43:21,Infrared,0.0,lux
2026-09-26,23:43:51,Temperature,24.85,°C
2026-09-26,23:43:51,Humidity,44.58,%
2026-09-26,23:43:51,AQI,1.0,
2026-09-26,23:43:51,TVOC,21.87,ppb
2026-09-26,23:43:51,eCO2,401.8,ppm
2026-09-26,23:43:51,Broadband,0.0,lux
2026-09-26,23:43:51,Infrared,0.0,lux
2026-09-26,23:44:21,Temperature,24.82,°C
2026-09-26,23:44:21,Humidity,44.6,%
2026-09-26,23:44:21,AQI,1.0,
2026-09-26,23:44:21,TVOC,21.37,ppb
2026-09-26,23:44:21,eCO2,400.6,ppm
2026-09-26,23:44:21,Broadband,0.0,lux
2026-09-26,23:44:21,Infrared,0.0,lux
2026-09-26,23:44:51,Temperature,24.84,°C
2026-09-26,23:44:51,Humidity,44.61,%
2026-09-26,23:44:51,AQI,1.0,
2026-09-26,23:44:51,TVOC,17.4,ppb
2026-09-26,23:44:51,eCO2,400.07,ppm
2026-09-26,23:44:51,Broadband,0.0,lux
2026-09-26,23:44:51,Infrared,0.0,lux
2026-09-26,23:45:21,Temperature,24.84,°C
2026-09-26,23:45:21,Humidity,44.56,%
2026-09-26,23:45:21,AQI,1.0,
2026-09-26,23:45:21,TVOC,16.5,ppb
2026-09-26,23:45:21,eCO2,400.0,ppm
2026-09-26,23:45:21,Broadband,0.0,lux
2026-09-26,23:45:21,Infrared,0.0,lux
2026-09-26,23:45:51,Temperature,24.82,°C
2026-09-26,23:45:51,Humidity,44.58,%
2026-09-26,23:45:51,AQI,1.0,
2026-09-26,23:45:51,TVOC,16.6,ppb
2026-09-26,23:45:51,eCO2,400.3,ppm
2026-09-26,23:45:51,Broadband,0.0,lux
2026-09-26,23:45:51,Infrared,0.0,lux
2026-09-26,23:46:21,Temperature,24.82,°C
2026-09-26,23:46:21,Humidity,44.58,%
2026-09-26,23:46:21,AQI,1.0,
2026-09-26,23:46:21,TVOC,14.27,ppb
2026-09-26,23:46:21,eCO2,400.07,ppm
2026-09-26,23:46:21,Broadband,0.0,lux
2026-09-26,23:46:21,Infrared,0.0,lux
2026-09-26,23:46:51,Temperature,24.82,°C
2026-09-26,23:46:51,Humidity,44.55,%
2026-09-26,23:46:51,AQI,1.0,
2026-09-26,23:46:51,TVOC,9.67,ppb
2026-09-26,23:46:51,eCO2,400.0,ppm
2026-09-26,23:46:51,Broadband,0.0,lux
2026-09-26,23:46:51,Infrared,0.0,lux
2026-09-26,23:47:21,Temperature,24.79,°C
2026-09-26,23:47:21,Humidity,44.59,%
2026-09-26,23:47:21,AQI,1.0,
2026-09-26,23:47:21,TVOC,10.07,ppb
2026-09-26,23:47:21,eCO2,400.0,ppm
2026-09-26,23:47:21,Broadband,0.0,lux
2026-09-26,23:47:21,Infrared,0.0,lux
2026-09-26,23:47:51,Temperature,24.78,°C
2026-09-26,23:47:51,Humidity,44.62,%
2026-09-26,23:47:51,AQI,1.0,
2026-09-26,23:47:51,TVOC,7.6,ppb
2026-09-26,23:47:51,eCO2,400.0,ppm
2026-09-26,23:47:51,Broadband,0.0,lux
2026-09-26,23:47:51,Infrared,0.0,lux
2026-09-26,23:48:21,Temperature,24.79,°C
2026-09-26,23:48:21,Humidity,44.59,%
2026-09-26,23:48:21,AQI,1.0,
2026-09-26,23:48:21,TVOC,4.47,ppb
2026-09-26,23:48:21,eCO2,400.0,ppm
2026-09-26,23:48:21,Broadband,0.0,lux
2026-09-26,23:48:21,Infrared,0.0,lux
2026-09-26,23:48:51,Temperature,24.78,°C
2026-09-26,23:48:51,Humidity,44.58,%
2026-09-26,23:48:51,AQI,1.0,
2026-09-26,23:48:51,TVOC,6.73,ppb
2026-09-26,23:48:51,eCO2,400.0,ppm
2026-09-26,23:48:51,Broadband,0.0,lux
2026-09-26,23:48:51,Infrared,0.0,lux
2026-09-26,23:49:21,Temperature,24.78,°C
2026-09-26,23:49:21,Humidity,44.6,%
2026-09-26,23:49:21,AQI,1.0,
2026-09-26,23:49:21,TVOC,4.37,ppb
2026-09-26,23:49:21,eCO2,400.0,ppm
2026-09-26,23:49:21,Broadband,0.0,lux
2026-09-26,23:49:21,Infrared,0.0,lux
2026-09-26,23:49:51,Temperature,24.78,°C
2026-09-26,23:49:51,Humidity,44.6,%
2026-09-26,23:49:51,AQI,1.0,
2026-09-26,23:49:51,TVOC,3.63,ppb
2026-09-26,23:49:51,eCO2,400.0,ppm
2026-09-26,23:49:51,Broadband,0.0,lux
2026-09-26,23:49:51,Infrared,0.0,lux
2026-09-26,23:50:21,Temperature,24.79,°C
2026-09-26,23:50:21,Humidity,44.58,%
2026-09-26,23:50:21,AQI,1.0,
2026-09-26,23:50:21,TVOC,3.63,ppb
2026-09-26,23:50:21,eCO2,400.0,ppm
2026-09-26,23:50:21,Broadband,0.0,lux
2026-09-26,23:50:21,Infrared,0.0,lux
2026-09-26,23:50:51,Temperature,24.77,°C
2026-09-26,23:50:51,Humidity,44.56,%
2026-09-26,23:50:51,AQI,1.0,
2026-09-26,23:50:51,TVOC,1.77,ppb
2026-09-26,23:50:51,eCO2,400.0,ppm
2026-09-26,23:50:51,Broadband,0.0,lux
2026-09-26,23:50:51,Infrared,0.0,lux
2026-09-26,23:51:21,Temperature,24.77,°C
2026-09-26,23:51:21,Humidity,44.58,%
2026-09-26,23:51:21,AQI,1.0,
2026-09-26,23:51:21,TVOC,2.1,ppb
2026-09-26,23:51:21,eCO2,400.0,ppm
2026-09-26,23:51:21,Broadband,0.0,lux
2026-09-26,23:51:21,Infrared,0.0,lux
2026-09-26,23:51:51,Temperature,24.78,°C
2026-09-26,23:51:51,Humidity,44.59,%
2026-09-26,23:51:51,AQI,1.0,
2026-09-26,23:51:51,TVOC,2.47,ppb
2026-09-26,23:51:51,eCO2,400.0,ppm
2026-09-26,23:51:51,Broadband,0.0,lux
2026-09-26,23:51:51,Infrared,0.0,lux
2026-09-26,23:52:21,Temperature,24.77,°C
2026-09-26,23:52:21,Humidity,44.57,%
2026-09-26,23:52:21,AQI,1.0,
2026-09-26,23:52:21,TVOC,1.4,ppb
2026-09-26,23:52:21,eCO2,400.0,ppm
2026-09-26,23:52:21,Broadband,0.0,lux
2026-09-26,23:52:21,Infrared,0.0,lux
2026-09-26,23:52:51,Temperature,24.79,°C
2026-09-26,23:52:51,Humidity,44.54,%
2026-09-26,23:52:51,AQI,1.0,
2026-09-26,23:52:51,TVOC,1.3,ppb
2026-09-26,23:52:51,eCO2,400.0,ppm
2026-09-26,23:52:51,Broadband,0.0,lux
2026-09-26,23:52:51,Infrared,0.0,lux
2026-09-26,23:53:21,Temperature,24.76,°C
2026-09-26,23:53:21,Humidity,44.54,%
2026-09-26,23:53:21,AQI,1.0,
2026-09-26,23:53:21,TVOC,1.7,ppb
2026-09-26,23:53:21,eCO2,400.0,ppm
2026-09-26,23:53:21,Broadband,0.0,lux
2026-09-26,23:53:21,Infrared,0.0,lux
2026-09-26,23:53:51,Temperature,24.75,°C
2026-09-26,23:53:51,Humidity,44.53,%
2026-09-26,23:53:51,AQI,1.0,
2026-09-26,23:53:51,TVOC,0.4,ppb
2026-09-26,23:53:51,eCO2,400.0,ppm
2026-09-26,23:53:51,Broadband,0.0,lux
2026-09-26,23:53:51,Infrared,0.0,lux
2026-09-26,23:54:21,Temperature,24.74,°C
2026-09-26,23:54:21,Humidity,44.53,%
2026-09-26,23:54:21,AQI,1.0,
2026-09-26,23:54:21,TVOC,0.17,ppb
2026-09-26,23:54:21,eCO2,400.0,ppm
2026-09-26,23:54:21,Broadband,0.0,lux
2026-09-26,23:54:21,Infrared,0.0,lux
2026-09-26,23:54:51,Temperature,24.73,°C
2026-09-26,23:54:51,Humidity,44.51,%
2026-09-26,23:54:51,AQI,1.0,
2026-09-26,23:54:51,TVOC,0.13,ppb
2026-09-26,23:54:51,eCO2,400.0,ppm
2026-09-26,23:54:51,Broadband,0.0,lux
2026-09-26,23:54:51,Infrared,0.0,lux
2026-09-26,23:55:21,Temperature,24.73,°C
2026-09-26,23:55:21,Humidity,44.49,%
2026-09-26,23:55:21,AQI,1.0,
2026-09-26,23:55:21,TVOC,0.37,ppb
2026-09-26,23:55:21,eCO2,400.0,ppm
2026-09-26,23:55:21,Broadband,0.0,lux
2026-09-26,23:55:21,Infrared,0.0,lux
2026-09-26,23:55:51,Temperature,24.72,°C
2026-09-26,23:55:51,Humidity,44.51,%
2026-09-26,23:55:51,AQI,1.0,
2026-09-26,23:55:51,TVOC,0.27,ppb
2026-09-26,23:55:51,eCO2,400.0,ppm
2026-09-26,23:55:51,Broadband,0.0,lux
2026-09-26,23:55:51,Infrared,0.0,lux
2026-09-26,23:56:21,Temperature,24.72,°C
2026-09-26,23:56:21,Humidity,44.53,%
2026-09-26,23:56:21,AQI,1.0,
2026-09-26,23:56:21,TVOC,0.17,ppb
2026-09-26,23:56:21,eCO2,400.0,ppm
2026-09-26,23:56:21,Broadband,0.0,lux
2026-09-26,23:56:21,Infrared,0.0,lux
2026-09-26,23:56:51,Temperature,24.72,°C
2026-09-26,23:56:51,Humidity,44.52,%
2026-09-26,23:56:51,AQI,1.0,
2026-09-26,23:56:51,TVOC,0.27,ppb
2026-09-26,23:56:51,eCO2,400.0,ppm
2026-09-26,23:56:51,Broadband,0.0,lux
2026-09-26,23:56:51,Infrared,0.0,lux
2026-09-26,23:57:21,Temperature,24.7,°C
2026-09-26,23:57:21,Humidity,44.53,%
2026-09-26,23:57:21,AQI,1.0,
2026-09-26,23:57:21,TVOC,0.37,ppb
2026-09-26,23:57:21,eCO2,400.0,ppm
2026-09-26,23:57:21,Broadband,0.0,lux
2026-09-26,23:57:21,Infrared,0.0,lux
2026-09-26,23:57:51,Temperature,24.72,°C
2026-09-26,23:57:51,Humidity,44.53,%
2026-09-26,23:57:51,AQI,1.0,
2026-09-26,23:57:51,TVOC,0.07,ppb
2026-09-26,23:57:51,eCO2,400.0,ppm
2026-09-26,23:57:51,Broadband,0.0,lux
2026-09-26,23:57:51,Infrared,0.0,lux
2026-09-26,23:58:21,Temperature,24.72,°C
2026-09-26,23:58:21,Humidity,44.46,%
2026-09-26,23:58:21,AQI,1.0,
2026-09-26,23:58:21,TVOC,0.2,ppb
2026-09-26,23:58:21,eCO2,400.0,ppm
2026-09-26,23:58:21,Broadband,0.0,lux
2026-09-26,23:58:21,Infrared,0.0,lux
2026-09-26,23:58:51,Temperature,24.73,°C
2026-09-26,23:58:51,Humidity,44.46,%
2026-09-26,23:58:51,AQI,1.0,
2026-09-26,23:58:51,TVOC,0.13,ppb
2026-09-26,23:58:51,eCO2,400.0,ppm
2026-09-26,23:58:51,Broadband,0.0,lux
2026-09-26,23:58:51,Infrared,0.0,lux
2026-09-26,23:59:21,Temperature,24.72,°C
2026-09-26,23:59:21,Humidity,44.47,%
2026-09-26,23:59:21,AQI,1.0,
2026-09-26,23:59:21,TVOC,0.23,ppb
2026-09-26,23:59:21,eCO2,400.0,ppm
2026-09-26,23:59:21,Broadband,0.0,lux
2026-09-26,23:59:21,Infrared,0.0,lux
2026-09-26,23:59:51,Temperature,24.71,°C
2026-09-26,23:59:51,Humidity,44.5,%
2026-09-26,23:59:51,AQI,1.0,
2026-09-26,23:59:51,TVOC,0.23,ppb
2026-09-26,23:59:51,eCO2,400.0,ppm
2026-09-26,23:59:51,Broadband,0.0,lux
2026-09-26,23:59:51,Infrared,0.0,lux
2026-09-27,00:00:21,Temperature,24.72,°C
2026-09-27,00:00:21,Humidity,44.53,%
2026-09-27,00:00:21,AQI,1.0,
2026-09-27,00:00:21,TVOC,0.07,ppb
2026-09-27,00:00:21,eCO2,400.0,ppm
2026-09-27,00:00:21,Broadband,0.0,lux
2026-09-27,00:00:21,Infrared,0.0,lux
2026-09-27,00:00:51,Temperature,24.72,°C
2026-09-27,00:00:51,Humidity,44.46,%
2026-09-27,00:00:51,AQI,1.0,
2026-09-27,00:00:51,TVOC,0.1,ppb
2026-09-27,00:00:51,eCO2,400.0,ppm
2026-09-27,00:00:51,Broadband,0.0,lux
2026-09-27,00:00:51,Infrared,0.0,lux
2026-09-27,00:01:21,Temperature,24.7,°C
2026-09-27,00:01:21,Humidity,44.46,%
2026-09-27,00:01:21,AQI,1.0,
2026-09-27,00:01:21,TVOC,0.1,ppb
2026-09-27,00:01:21,eCO2,400.0,ppm
2026-09-27,00:01:21,Broadband,0.0,lux
2026-09-27,00:01:21,Infrared,0.0,lux
2026-09-27,00:01:51,Temperature,24.7,°C
2026-09-27,00:01:51,Humidity,44.46,%
2026-09-27,00:01:51,AQI,1.0,
2026-09-27,00:01:51,TVOC,0.03,ppb
2026-09-27,00:01:51,eCO2,400.0,ppm
2026-09-27,00:01:51,Broadband,0.0,lux
2026-09-27,00:01:51,Infrared,0.0,lux
2026-09-27,00:02:21,Temperature,24.7,°C
2026-09-27,00:02:21,Humidity,44.42,%
2026-09-27,00:02:21,AQI,1.0,
2026-09-27,00:02:21,TVOC,0.0,ppb
2026-09-27,00:02:21,eCO2,400.0,ppm
2026-09-27,00:02:21,Broadband,0.0,lux
2026-09-27,00:02:21,Infrared,0.0,lux
2026-09-27,00:02:51,Temperature,24.7,°C
2026-09-27,00:02:51,Humidity,44.39,%
2026-09-27,00:02:51,AQI,1.0,
2026-09-27,00:02:51,TVOC,0.17,ppb
2026-09-27,00:02:51,eCO2,400.0,ppm
2026-09-27,00:02:51,Broadband,0.0,lux
2026-09-27,00:02:51,Infrared,0.0,lux
2026-09-27,00:03:21,Temperature,24.67,°C
2026-09-27,00:03:21,Humidity,44.39,%
2026-09-27,00:03:21,AQI,1.0,
2026-09-27,00:03:21,TVOC,0.0,ppb
2026-09-27,00:03:21,eCO2,400.0,ppm
2026-09-27,00:03:21,Broadband,0.0,lux
2026-09-27,00:03:21,Infrared,0.0,lux
2026-09-27,00:03:51,Temperature,24.67,°C
2026-09-27,00:03:51,Humidity,44.42,%
2026-09-27,00:03:51,AQI,1.0,
2026-09-27,00:03:51,TVOC,0.03,ppb
2026-09-27,00:03:51,eCO2,400.0,ppm
2026-09-27,00:03:51,Broadband,0.0,lux
2026-09-27,00:03:51,Infrared,0.0,lux
2026-09-27,00:04:21,Temperature,24.69,°C
2026-09-27,00:04:21,Humidity,44.42,%
2026-09-27,00:04:21,AQI,1.0,
2026-09-27,00:04:21,TVOC,0.0,ppb
2026-09-27,00:04:21,eCO2,400.0,ppm
2026-09-27,00:04:21,Broadband,0.0,lux
2026-09-27,00:04:21,Infrared,0.0,lux
2026-09-27,00:04:51,Temperature,24.68,°C
2026-09-27,00:04:51,Humidity,44.42,%
2026-09-27,00:04:51,AQI,1.0,
2026-09-27,00:04:51,TVOC,0.07,ppb
2026-09-27,00:04:51,eCO2,400.0,ppm
2026-09-27,00:04:51,Broadband,0.0,lux
2026-09-27,00:04:51,Infrared,0.0,lux
2026-09-27,00:05:21,Temperature,24.67,°C
2026-09-27,00:05:21,Humidity,44.44,%
2026-09-27,00:05:21,AQI,1.0,
2026-09-27,00:05:21,TVOC,0.0,ppb
2026-09-27,00:05:21,eCO2,400.0,ppm
2026-09-27,00:05:21,Broadband,0.0,lux
2026-09-27,00:05:21,Infrared,0.0,lux
2026-09-27,00:05:51,Temperature,24.65,°C
2026-09-27,00:05:51,Humidity,44.44,%
2026-09-27,00:05:51,AQI,1.0,
2026-09-27,00:05:51,TVOC,0.0,ppb
2026-09-27,00:05:51,eCO2,400.0,ppm
2026-09-27,00:05:51,Broadband,0.0,lux
2026-09-27,00:05:51,Infrared,0.0,lux
2026-09-27,00:06:21,Temperature,24.66,°C
2026-09-27,00:06:21,Humidity,44.49,%
2026-09-27,00:06:21,AQI,1.0,
2026-09-27,00:06:21,TVOC,0.0,ppb
2026-09-27,00:06:21,eCO2,400.0,ppm
2026-09-27,00:06:21,Broadband,0.0,lux
2026-09-27,00:06:21,Infrared,0.0,lux
2026-09-27,00:06:51,Temperature,24.65,°C
2026-09-27,00:06:51,Humidity,44.47,%
2026-09-27,00:06:51,AQI,1.0,
2026-09-27,00:06:51,TVOC,0.17,ppb
2026-09-27,00:06:51,eCO2,400.0,ppm
2026-09-27,00:06:51,Broadband,0.0,lux
2026-09-27,00:06:51,Infrared,0.0,lux
2026-09-27,00:07:21,Temperature,24.66,°C
2026-09-27,00:07:21,Humidity,44.46,%
2026-09-27,00:07:21,AQI,1.0,
2026-09-27,00:07:21,TVOC,0.0,ppb
2026-09-27,00:07:21,eCO2,400.0,ppm
2026-09-27,00:07:21,Broadband,0.0,lux
2026-09-27,00:07:21,Infrared,0.0,lux
2026-09-27,00:07:51,Temperature,24.67,°C
2026-09-27,00:07:51,Humidity,44.42,%
2026-09-27,00:07:51,AQI,1.0,
2026-09-27,00:07:51,TVOC,0.03,ppb
2026-09-27,00:07:51,eCO2,400.0,ppm
2026-09-27,00:07:51,Broadband,0.0,lux
2026-09-27,00:07:51,Infrared,0.0,lux
2026-09-27,00:08:21,Temperature,24.68,°C
2026-09-27,00:08:21,Humidity,44.41,%
2026-09-27,00:08:21,AQI,1.0,
2026-09-27,00:08:21,TVOC,0.0,ppb
2026-09-27,00:08:21,eCO2,400.0,ppm
2026-09-27,00:08:21,Broadband,0.0,lux
2026-09-27,00:08:21,Infrared,0.0,lux
2026-09-27,00:08:51,Temperature,24.66,°C
2026-09-27,00:08:51,Humidity,44.4,%
2026-09-27,00:08:51,AQI,1.0,
2026-09-27,00:08:51,TVOC,0.0,ppb
2026-09-27,00:08:51,eCO2,400.0,ppm
2026-09-27,00:08:51,Broadband,0.0,lux
2026-09-27,00:08:51,Infrared,0.0,lux
2026-09-27,00:09:21,Temperature,24.66,°C
2026-09-27,00:09:21,Humidity,44.41,%
2026-09-27,00:09:21,AQI,1.0,
2026-09-27,00:09:21,TVOC,0.17,ppb
2026-09-27,00:09:21,eCO2,400.0,ppm
2026-09-27,00:09:21,Broadband,0.0,lux
2026-09-27,00:09:21,Infrared,0.0,lux
2026-09-27,00:09:51,Temperature,24.65,°C
2026-09-27,00:09:51,Humidity,44.4,%
2026-09-27,00:09:51,AQI,1.0,
2026-09-27,00:09:51,TVOC,0.07,ppb
2026-09-27,00:09:51,eCO2,400.0,ppm
2026-09-27,00:09:51,Broadband,0.0,lux
2026-09-27,00:09:51,Infrared,0.0,lux
2026-09-27,00:10:21,Temperature,24.62,°C
2026-09-27,00:10:21,Humidity,44.42,%
2026-09-27,00:10:21,AQI,1.0,
2026-09-27,00:10:21,TVOC,0.0,ppb
2026-09-27,00:10:21,eCO2,400.0,ppm
2026-09-27,00:10:21,Broadband,0.0,lux
2026-09-27,00:10:21,Infrared,0.0,lux
2026-09-27,00:10:51,Temperature,24.62,°C
2026-09-27,00:10:51,Humidity,44.45,%
2026-09-27,00:10:51,AQI,1.0,
2026-09-27,00:10:51,TVOC,0.0,ppb
2026-09-27,00:10:51,eCO2,400.0,ppm
2026-09-27,00:10:51,Broadband,0.0,lux
2026-09-27,00:10:51,Infrared,0.0,lux
2026-09-27,00:11:21,Temperature,24.62,°C
2026-09-27,00:11:21,Humidity,44.45,%
2026-09-27,00:11:21,AQI,1.0,
2026-09-27,00:11:21,TVOC,0.0,ppb
2026-09-27,00:11:21,eCO2,400.0,ppm
2026-09-27,00:11:21,Broadband,0.0,lux
2026-09-27,00:11:21,Infrared,0.0,lux
2026-09-27,00:11:51,Temperature,24.61,°C
2026-09-27,00:11:51,Humidity,44.44,%
2026-09-27,00:11:51,AQI,1.0,
2026-09-27,00:11:51,TVOC,0.0,ppb
2026-09-27,00:11:51,eCO2,400.0,ppm
2026-09-27,00:11:51,Broadband,0.0,lux
2026-09-27,00:11:51,Infrared,0.0,lux
2026-09-27,00:12:21,Temperature,24.61,°C
2026-09-27,00:12:21,Humidity,44.43,%
2026-09-27,00:12:21,AQI,1.0,
2026-09-27,00:12:21,TVOC,0.07,ppb
2026-09-27,00:12:21,eCO2,400.0,ppm
2026-09-27,00:12:21,Broadband,0.0,lux
2026-09-27,00:12:21,Infrared,0.0,lux
2026-09-27,00:12:51,Temperature,24.62,°C
2026-09-27,00:12:51,Humidity,44.4,%
2026-09-27,00:12:51,AQI,1.0,
2026-09-27,00:12:51,TVOC,0.0,ppb
2026-09-27,00:12:51,eCO2,400.0,ppm
2026-09-27,00:12:51,Broadband,0.0,lux
2026-09-27,00:12:51,Infrared,0.0,lux
2026-09-27,00:13:21,Temperature,24.62,°C
2026-09-27,00:13:21,Humidity,44.4,%
2026-09-27,00:13:21,AQI,1.0,
2026-09-27,00:13:21,TVOC,0.0,ppb
2026-09-27,00:13:21,eCO2,400.0,ppm
2026-09-27,00:13:21,Broadband,0.0,lux
2026-09-27,00:13:21,Infrared,0.0,lux
2026-09-27,00:13:51,Temperature,24.63,°C
2026-09-27,00:13:51,Humidity,44.37,%
2026-09-27,00:13:51,AQI,1.0,
2026-09-27,00:13:51,TVOC,0.0,ppb
2026-09-27,00:13:51,eCO2,400.0,ppm
2026-09-27,00:13:51,Broadband,0.0,lux
2026-09-27,00:13:51,Infrared,0.0,lux
2026-09-27,00:14:21,Temperature,24.61,°C
2026-09-27,00:14:21,Humidity,44.4,%
2026-09-27,00:14:21,AQI,1.0,
2026-09-27,00:14:21,TVOC,0.0,ppb
2026-09-27,00:14:21,eCO2,400.0,ppm
2026-09-27,00:14:21,Broadband,0.0,lux
2026-09-27,00:14:21,Infrared,0.0,lux
2026-09-27,00:14:51,Temperature,24.6,°C
2026-09-27,00:14:51,Humidity,44.41,%
2026-09-27,00:14:51,AQI,1.0,
2026-09-27,00:14:51,TVOC,0.0,ppb
2026-09-27,00:14:51,eCO2,400.0,ppm
2026-09-27,00:14:51,Broadband,0.0,lux
2026-09-27,00:14:51,Infrared,0.0,lux
2026-09-27,00:15:21,Temperature,24.6,°C
2026-09-27,00:15:21,Humidity,44.42,%
2026-09-27,00:15:21,AQI,1.0,
2026-09-27,00:15:21,TVOC,0.17,ppb
2026-09-27,00:15:21,eCO2,400.0,ppm
2026-09-27,00:15:21,Broadband,0.0,lux
2026-09-27,00:15:21,Infrared,0.0,lux
2026-09-27,00:15:51,Temperature,24.62,°C
2026-09-27,00:15:51,Humidity,44.41,%
2026-09-27,00:15:51,AQI,1.0,
2026-09-27,00:15:51,TVOC,0.0,ppb
2026-09-27,00:15:51,eCO2,400.0,ppm
2026-09-27,00:15:51,Broadband,0.0,lux
2026-09-27,00:15:51,Infrared,0.0,lux
2026-09-27,00:16:21,Temperature,24.59,°C
2026-09-27,00:16:21,Humidity,44.38,%
2026-09-27,00:16:21,AQI,1.0,
2026-09-27,00:16:21,TVOC,0.0,ppb
2026-09-27,00:16:21,eCO2,400.0,ppm
2026-09-27,00:16:21,Broadband,0.0,lux
2026-09-27,00:16:21,Infrared,0.0,lux
2026-09-27,00:16:51,Temperature,24.59,°C
2026-09-27,00:16:51,Humidity,44.4,%
2026-09-27,00:16:51,AQI,1.0,
2026-09-27,00:16:51,TVOC,0.0,ppb
2026-09-27,00:16:51,eCO2,400.0,ppm
2026-09-27,00:16:51,Broadband,0.0,lux
2026-09-27,00:16:51,Infrared,0.0,lux
2026-09-27,00:17:21,Temperature,24.56,°C
2026-09-27,00:17:21,Humidity,44.43,%
2026-09-27,00:17:21,AQI,1.0,
2026-09-27,00:17:21,TVOC,0.0,ppb
2026-09-27,00:17:21,eCO2,400.0,ppm
2026-09-27,00:17:21,Broadband,0.0,lux
2026-09-27,00:17:21,Infrared,0.0,lux
2026-09-27,00:17:51,Temperature,24.59,°C
2026-09-27,00:17:51,Humidity,44.44,%
2026-09-27,00:17:51,AQI,1.0,
2026-09-27,00:17:51,TVOC,0.0,ppb
2026-09-27,00:17:51,eCO2,400.0,ppm
2026-09-27,00:17:51,Broadband,0.0,lux
2026-09-27,00:17:51,Infrared,0.0,lux
2026-09-27,00:18:21,Temperature,24.62,°C
2026-09-27,00:18:21,Humidity,44.4,%
2026-09-27,00:18:21,AQI,1.0,
2026-09-27,00:18:21,TVOC,0.07,ppb
2026-09-27,00:18:21,eCO2,400.0,ppm
2026-09-27,00:18:21,Broadband,0.0,lux
2026-09-27,00:18:21,Infrared,0.0,lux
2026-09-27,00:18:51,Temperature,24.61,°C
2026-09-27,00:18:51,Humidity,44.35,%
2026-09-27,00:18:51,AQI,1.0,
2026-09-27,00:18:51,TVOC,0.0,ppb
2026-09-27,00:18:51,eCO2,400.0,ppm
2026-09-27,00:18:51,Broadband,0.0,lux
2026-09-27,00:18:51,Infrared,0.0,lux
2026-09-27,00:19:21,Temperature,24.58,°C
2026-09-27,00:19:21,Humidity,44.36,%
2026-09-27,00:19:21,AQI,1.0,
2026-09-27,00:19:21,TVOC,0.0,ppb
2026-09-27,00:19:21,eCO2,400.0,ppm
2026-09-27,00:19:21,Broadband,0.0,lux
2026-09-27,00:19:21,Infrared,0.0,lux
2026-09-27,00:19:51,Temperature,24.57,°C
2026-09-27,00:19:51,Humidity,44.37,%
2026-09-27,00:19:51,AQI,1.0,
2026-09-27,00:19:51,TVOC,0.0,ppb
2026-09-27,00:19:51,eCO2,400.0,ppm
2026-09-27,00:19:51,Broadband,0.0,lux
2026-09-27,00:19:51,Infrared,0.0,lux
2026-09-27,00:20:21,Temperature,24.61,°C
2026-09-27,00:20:21,Humidity,44.32,%
2026-09-27,00:20:21,AQI,1.0,
2026-09-27,00:20:21,TVOC,0.0,ppb
2026-09-27,00:20:21,eCO2,400.0,ppm
2026-09-27,00:20:21,Broadband,0.0,lux
2026-09-27,00:20:21,Infrared,0.0,lux
2026-09-27,00:20:51,Temperature,24.59,°C
2026-09-27,00:20:51,Humidity,44.3,%
2026-09-27,00:20:51,AQI,1.0,
2026-09-27,00:20:51,TVOC,0.0,ppb
2026-09-27,00:20:51,eCO2,400.0,ppm
2026-09-27,00:20:51,Broadband,0.0,lux
2026-09-27,00:20:51,Infrared,0.0,lux
2026-09-27,00:21:21,Temperature,24.58,°C
2026-09-27,00:21:21,Humidity,44.32,%
2026-09-27,00:21:21,AQI,1.0,
2026-09-27,00:21:21,TVOC,0.07,ppb
2026-09-27,00:21:21,eCO2,400.0,ppm
2026-09-27,00:21:21,Broadband,0.0,lux
2026-09-27,00:21:21,Infrared,0.0,lux
2026-09-27,00:21:51,Temperature,24.58,°C
2026-09-27,00:21:51,Humidity,44.33,%
2026-09-27,00:21:51,AQI,1.0,
2026-09-27,00:21:51,TVOC,0.0,ppb
2026-09-27,00:21:51,eCO2,400.0,ppm
2026-09-27,00:21:51,Broadband,0.0,lux
2026-09-27,00:21:51,Infrared,0.0,lux
2026-09-27,00:22:21,Temperature,24.55,°C
2026-09-27,00:22:21,Humidity,44.34,%
2026-09-27,00:22:21,AQI,1.0,
2026-09-27,00:22:21,TVOC,0.0,ppb
2026-09-27,00:22:21,eCO2,400.0,ppm
2026-09-27,00:22:21,Broadband,0.0,lux
2026-09-27,00:22:21,Infrared,0.0,lux
2026-09-27,00:22:51,Temperature,24.57,°C
2026-09-27,00:22:51,Humidity,44.33,%
2026-09-27,00:22:51,AQI,1.0,
2026-09-27,00:22:51,TVOC,0.33,ppb
2026-09-27,00:22:51,eCO2,400.0,ppm
2026-09-27,00:22:51,Broadband,0.0,lux
2026-09-27,00:22:51,Infrared,0.0,lux
2026-09-27,00:23:21,Temperature,24.59,°C
2026-09-27,00:23:21,Humidity,44.31,%
2026-09-27,00:23:21,AQI,1.0,
2026-09-27,00:23:21,TVOC,0.0,ppb
2026-09-27,00:23:21,eCO2,400.0,ppm
2026-09-27,00:23:21,Broadband,0.0,lux
2026-09-27,00:23:21,Infrared,0.0,lux
2026-09-27,00:23:51,Temperature,24.6,°C
2026-09-27,00:23:51,Humidity,44.29,%
2026-09-27,00:23:51,AQI,1.0,
2026-09-27,00:23:51,TVOC,0.0,ppb
2026-09-27,00:23:51,eCO2,400.0,ppm
2026-09-27,00:23:51,Broadband,0.0,lux
2026-09-27,00:23:51,Infrared,0.0,lux
2026-09-27,00:24:21,Temperature,24.58,°C
2026-09-27,00:24:21,Humidity,44.27,%
2026-09-27,00:24:21,AQI,1.0,
2026-09-27,00:24:21,TVOC,0.1,ppb
2026-09-27,00:24:21,eCO2,400.0,ppm
2026-09-27,00:24:21,Broadband,0.0,lux
2026-09-27,00:24:21,Infrared,0.0,lux
2026-09-27,00:24:51,Temperature,24.55,°C
2026-09-27,00:24:51,Humidity,44.31,%
2026-09-27,00:24:51,AQI,1.0,
2026-09-27,00:24:51,TVOC,0.0,ppb
2026-09-27,00:24:51,eCO2,400.0,ppm
2026-09-27,00:24:51,Broadband,0.0,lux
2026-09-27,00:24:51,Infrared,0.0,lux
2026-09-27,00:25:21,Temperature,24.56,°C
2026-09-27,00:25:21,Humidity,44.29,%
2026-09-27,00:25:21,AQI,1.0,
2026-09-27,00:25:21,TVOC,0.0,ppb
2026-09-27,00:25:21,eCO2,400.0,ppm
2026-09-27,00:25:21,Broadband,0.0,lux
2026-09-27,00:25:21,Infrared,0.0,lux
2026-09-27,00:25:51,Temperature,24.54,°C
2026-09-27,00:25:51,Humidity,44.29,%
2026-09-27,00:25:51,AQI,1.0,
2026-09-27,00:25:51,TVOC,0.07,ppb
2026-09-27,00:25:51,eCO2,400.0,ppm
2026-09-27,00:25:51,Broadband,0.0,lux
2026-09-27,00:25:51,Infrared,0.0,lux
2026-09-27,00:26:21,Temperature,24.57,°C
2026-09-27,00:26:21,Humidity,44.31,%
2026-09-27,00:26:21,AQI,1.0,
2026-09-27,00:26:21,TVOC,0.1,ppb
2026-09-27,00:26:21,eCO2,400.0,ppm
2026-09-27,00:26:21,Broadband,0.0,lux
2026-09-27,00:26:21,Infrared,0.0,lux
2026-09-27,00:26:51,Temperature,24.55,°C
2026-09-27,00:26:51,Humidity,44.29,%
2026-09-27,00:26:51,AQI,1.0,
2026-09-27,00:26:51,TVOC,0.17,ppb
2026-09-27,00:26:51,eCO2,400.0,ppm
2026-09-27,00:26:51,Broadband,0.0,lux
2026-09-27,00:26:51,Infrared,0.0,lux
2026-09-27,00:27:21,Temperature,24.59,°C
2026-09-27,00:27:21,Humidity,44.31,%
2026-09-27,00:27:21,AQI,1.0,
2026-09-27,00:27:21,TVOC,0.4,ppb
2026-09-27,00:27:21,eCO2,400.0,ppm
2026-09-27,00:27:21,Broadband,0.0,lux
2026-09-27,00:27:21,Infrared,0.0,lux
2026-09-27,00:27:51,Temperature,24.58,°C
2026-09-27,00:27:51,Humidity,44.25,%
2026-09-27,00:27:51,AQI,1.0,
2026-09-27,00:27:51,TVOC,0.13,ppb
2026-09-27,00:27:51,eCO2,400.0,ppm
2026-09-27,00:27:51,Broadband,0.0,lux
2026-09-27,00:27:51,Infrared,0.0,lux
2026-09-27,00:28:21,Temperature,24.56,°C
2026-09-27,00:28:21,Humidity,44.26,%
2026-09-27,00:28:21,AQI,1.0,
2026-09-27,00:28:21,TVOC,0.17,ppb
2026-09-27,00:28:21,eCO2,400.0,ppm
2026-09-27,00:28:21,Broadband,0.0,lux
2026-09-27,00:28:21,Infrared,0.0,lux
2026-09-27,00:28:51,Temperature,24.55,°C
2026-09-27,00:28:51,Humidity,44.26,%
2026-09-27,00:28:51,AQI,1.0,
2026-09-27,00:28:51,TVOC,0.5,ppb
2026-09-27,00:28:51,eCO2,400.0,ppm
2026-09-27,00:28:51,Broadband,0.0,lux
2026-09-27,00:28:51,Infrared,0.0,lux
2026-09-27,00:29:21,Temperature,24.52,°C
2026-09-27,00:29:21,Humidity,44.28,%
2026-09-27,00:29:21,AQI,1.0,
2026-09-27,00:29:21,TVOC,0.23,ppb
2026-09-27,00:29:21,eCO2,400.0,ppm
2026-09-27,00:29:21,Broadband,0.0,lux
2026-09-27,00:29:21,Infrared,0.0,lux
2026-09-27,00:29:51,Temperature,24.51,°C
2026-09-27,00:29:51,Humidity,44.28,%
2026-09-27,00:29:51,AQI,1.0,
2026-09-27,00:29:51,TVOC,0.3,ppb
2026-09-27,00:29:51,eCO2,400.0,ppm
2026-09-27,00:29:51,Broadband,0.0,lux
2026-09-27,00:29:51,Infrared,0.0,lux
2026-09-27,00:30:21,Temperature,24.54,°C
2026-09-27,00:30:21,Humidity,44.32,%
2026-09-27,00:30:21,AQI,1.0,
2026-09-27,00:30:21,TVOC,0.8,ppb
2026-09-27,00:30:21,eCO2,400.0,ppm
2026-09-27,00:30:21,Broadband,0.0,lux
2026-09-27,00:30:21,Infrared,0.0,lux
2026-09-27,00:30:51,Temperature,24.52,°C
2026-09-27,00:30:51,Humidity,44.31,%
2026-09-27,00:30:51,AQI,1.0,
2026-09-27,00:30:51,TVOC,0.3,ppb
2026-09-27,00:30:51,eCO2,400.0,ppm
2026-09-27,00:30:51,Broadband,0.0,lux
2026-09-27,00:30:51,Infrared,0.0,lux
2026-09-27,00:31:21,Temperature,24.52,°C
2026-09-27,00:31:21,Humidity,44.33,%
2026-09-27,00:31:21,AQI,1.0,
2026-09-27,00:31:21,TVOC,0.5,ppb
2026-09-27,00:31:21,eCO2,400.0,ppm
2026-09-27,00:31:21,Broadband,0.0,lux
2026-09-27,00:31:21,Infrared,0.0,lux
2026-09-27,00:31:51,Temperature,24.51,°C
2026-09-27,00:31:51,Humidity,44.3,%
2026-09-27,00:31:51,AQI,1.0,
2026-09-27,00:31:51,TVOC,0.63,ppb
2026-09-27,00:31:51,eCO2,400.0,ppm
2026-09-27,00:31:51,Broadband,0.0,lux
2026-09-27,00:31:51,Infrared,0.0,lux
2026-09-27,00:32:21,Temperature,24.52,°C
2026-09-27,00:32:21,Humidity,44.29,%
2026-09-27,00:32:21,AQI,1.0,
2026-09-27,00:32:21,TVOC,0.33,ppb
2026-09-27,00:32:21,eCO2,400.0,ppm
2026-09-27,00:32:21,Broadband,0.0,lux
2026-09-27,00:32:21,Infrared,0.0,lux
2026-09-27,00:32:51,Temperature,24.51,°C
2026-09-27,00:32:51,Humidity,44.27,%
2026-09-27,00:32:51,AQI,1.0,
2026-09-27,00:32:51,TVOC,0.47,ppb
2026-09-27,00:32:51,eCO2,400.0,ppm
2026-09-27,00:32:51,Broadband,0.0,lux
2026-09-27,00:32:51,Infrared,0.0,lux
2026-09-27,00:33:21,Temperature,24.51,°C
2026-09-27,00:33:21,Humidity,44.31,%
2026-09-27,00:33:21,AQI,1.0,
2026-09-27,00:33:21,TVOC,0.57,ppb
2026-09-27,00:33:21,eCO2,400.0,ppm
2026-09-27,00:33:21,Broadband,0.0,lux
2026-09-27,00:33:21,Infrared,0.0,lux
2026-09-27,00:33:51,Temperature,24.52,°C
2026-09-27,00:33:51,Humidity,44.28,%
2026-09-27,00:33:51,AQI,1.0,
2026-09-27,00:33:51,TVOC,0.27,ppb
2026-09-27,00:33:51,eCO2,400.0,ppm
2026-09-27,00:33:51,Broadband,0.0,lux
2026-09-27,00:33:51,Infrared,0.0,lux
2026-09-27,00:34:21,Temperature,24.51,°C
2026-09-27,00:34:21,Humidity,44.27,%
2026-09-27,00:34:21,AQI,1.0,
2026-09-27,00:34:21,TVOC,1.67,ppb
2026-09-27,00:34:21,eCO2,400.0,ppm
2026-09-27,00:34:21,Broadband,0.0,lux
2026-09-27,00:34:21,Infrared,0.0,lux
2026-09-27,00:34:51,Temperature,24.5,°C
2026-09-27,00:34:51,Humidity,44.24,%
2026-09-27,00:34:51,AQI,1.0,
2026-09-27,00:34:51,TVOC,0.7,ppb
2026-09-27,00:34:51,eCO2,400.0,ppm
2026-09-27,00:34:51,Broadband,0.0,lux
2026-09-27,00:34:51,Infrared,0.0,lux
2026-09-27,00:35:21,Temperature,24.49,°C
2026-09-27,00:35:21,Humidity,44.27,%
2026-09-27,00:35:21,AQI,1.0,
2026-09-27,00:35:21,TVOC,0.67,ppb
2026-09-27,00:35:21,eCO2,400.0,ppm
2026-09-27,00:35:21,Broadband,0.0,lux
2026-09-27,00:35:21,Infrared,0.0,lux
2026-09-27,00:35:51,Temperature,24.45,°C
2026-09-27,00:35:51,Humidity,44.33,%
2026-09-27,00:35:51,AQI,1.0,
2026-09-27,00:35:51,TVOC,1.1,ppb
2026-09-27,00:35:51,eCO2,400.0,ppm
2026-09-27,00:35:51,Broadband,0.0,lux
2026-09-27,00:35:51,Infrared,0.0,lux
2026-09-27,00:36:21,Temperature,24.45,°C
2026-09-27,00:36:21,Humidity,44.45,%
2026-09-27,00:36:21,AQI,1.0,
2026-09-27,00:36:21,TVOC,3.1,ppb
2026-09-27,00:36:21,eCO2,400.0,ppm
2026-09-27,00:36:21,Broadband,0.0,lux
2026-09-27,00:36:21,Infrared,0.0,lux
2026-09-27,00:36:51,Temperature,24.51,°C
2026-09-27,00:36:51,Humidity,44.4,%
2026-09-27,00:36:51,AQI,1.0,
2026-09-27,00:36:51,TVOC,4.07,ppb
2026-09-27,00:36:51,eCO2,400.0,ppm
2026-09-27,00:36:51,Broadband,0.0,lux
2026-09-27,00:36:51,Infrared,0.0,lux
2026-09-27,00:37:21,Temperature,24.52,°C
2026-09-27,00:37:21,Humidity,44.39,%
2026-09-27,00:37:21,AQI,1.0,
2026-09-27,00:37:21,TVOC,11.53,ppb
2026-09-27,00:37:21,eCO2,400.1,ppm
2026-09-27,00:37:21,Broadband,0.0,lux
2026-09-27,00:37:21,Infrared,0.0,lux
2026-09-27,00:37:51,Temperature,24.51,°C
2026-09-27,00:37:51,Humidity,44.44,%
2026-09-27,00:37:51,AQI,1.0,
2026-09-27,00:37:51,TVOC,43.03,ppb
2026-09-27,00:37:51,eCO2,442.27,ppm
2026-09-27,00:37:51,Broadband,0.0,lux
2026-09-27,00:37:51,Infrared,0.0,lux
2026-09-27,00:38:21,Temperature,24.43,°C
2026-09-27,00:38:21,Humidity,44.58,%
2026-09-27,00:38:21,AQI,1.93,
2026-09-27,00:38:21,TVOC,79.23,ppb
2026-09-27,00:38:21,eCO2,512.9,ppm
2026-09-27,00:38:21,Broadband,0.0,lux
2026-09-27,00:38:21,Infrared,0.0,lux
2026-09-27,00:38:51,Temperature,24.45,°C
2026-09-27,00:38:51,Humidity,44.67,%
2026-09-27,00:38:51,AQI,1.9,
2026-09-27,00:38:51,TVOC,73.97,ppb
2026-09-27,00:38:51,eCO2,503.3,ppm
2026-09-27,00:38:51,Broadband,0.0,lux
2026-09-27,00:38:51,Infrared,0.0,lux
2026-09-27,00:39:21,Temperature,24.5,°C
2026-09-27,00:39:21,Humidity,44.61,%
2026-09-27,00:39:21,AQI,1.37,
2026-09-27,00:39:21,TVOC,62.53,ppb
2026-09-27,00:39:21,eCO2,481.8,ppm
2026-09-27,00:39:21,Broadband,0.0,lux
2026-09-27,00:39:21,Infrared,0.0,lux
2026-09-27,00:39:51,Temperature,24.53,°C
2026-09-27,00:39:51,Humidity,44.51,%
2026-09-27,00:39:51,AQI,1.1,
2026-09-27,00:39:51,TVOC,60.07,ppb
2026-09-27,00:39:51,eCO2,477.1,ppm
2026-09-27,00:39:51,Broadband,0.0,lux
2026-09-27,00:39:51,Infrared,0.0,lux
2026-09-27,00:40:21,Temperature,24.5,°C
2026-09-27,00:40:21,Humidity,44.5,%
2026-09-27,00:40:21,AQI,1.07,
2026-09-27,00:40:21,TVOC,57.67,ppb
2026-09-27,00:40:21,eCO2,472.1,ppm
2026-09-27,00:40:21,Broadband,0.0,lux
2026-09-27,00:40:21,Infrared,0.0,lux
2026-09-27,00:40:51,Temperature,24.48,°C
2026-09-27,00:40:51,Humidity,44.45,%
2026-09-27,00:40:51,AQI,1.03,
2026-09-27,00:40:51,TVOC,47.5,ppb
2026-09-27,00:40:51,eCO2,451.57,ppm
2026-09-27,00:40:51,Broadband,0.0,lux
2026-09-27,00:40:51,Infrared,0.0,lux
2026-09-27,00:41:21,Temperature,24.46,°C
2026-09-27,00:41:21,Humidity,44.29,%
2026-09-27,00:41:21,AQI,1.0,
2026-09-27,00:41:21,TVOC,33.17,ppb
2026-09-27,00:41:21,eCO2,421.3,ppm
2026-09-27,00:41:21,Broadband,0.0,lux
2026-09-27,00:41:21,Infrared,0.0,lux
2026-09-27,00:41:51,Temperature,24.46,°C
2026-09-27,00:41:51,Humidity,44.32,%
2026-09-27,00:41:51,AQI,1.0,
2026-09-27,00:41:51,TVOC,35.9,ppb
2026-09-27,00:41:51,eCO2,426.97,ppm
2026-09-27,00:41:51,Broadband,0.0,lux
2026-09-27,00:41:51,Infrared,0.0,lux
2026-09-27,00:42:21,Temperature,24.48,°C
2026-09-27,00:42:21,Humidity,44.3,%
2026-09-27,00:42:21,AQI,1.0,
2026-09-27,00:42:21,TVOC,31.83,ppb
2026-09-27,00:42:21,eCO2,418.23,ppm
2026-09-27,00:42:21,Broadband,0.0,lux
2026-09-27,00:42:21,Infrared,0.0,lux
2026-09-27,00:42:51,Temperature,24.49,°C
2026-09-27,00:42:51,Humidity,44.27,%
2026-09-27,00:42:51,AQI,1.0,
2026-09-27,00:42:51,TVOC,33.07,ppb
2026-09-27,00:42:51,eCO2,421.23,ppm
2026-09-27,00:42:51,Broadband,0.0,lux
2026-09-27,00:42:51,Infrared,0.0,lux
2026-09-27,00:43:21,Temperature,24.51,°C
2026-09-27,00:43:21,Humidity,44.21,%
2026-09-27,00:43:21,AQI,1.0,
2026-09-27,00:43:21,TVOC,30.77,ppb
2026-09-27,00:43:21,eCO2,415.8,ppm
2026-09-27,00:43:21,Broadband,0.0,lux
2026-09-27,00:43:21,Infrared,0.0,lux
2026-09-27,00:43:51,Temperature,24.49,°C
2026-09-27,00:43:51,Humidity,44.18,%
2026-09-27,00:43:51,AQI,1.0,
2026-09-27,00:43:51,TVOC,27.23,ppb
2026-09-27,00:43:51,eCO2,409.47,ppm
2026-09-27,00:43:51,Broadband,0.0,lux
2026-09-27,00:43:51,Infrared,0.0,lux
2026-09-27,00:44:21,Temperature,24.5,°C
2026-09-27,00:44:21,Humidity,44.12,%
2026-09-27,00:44:21,AQI,1.0,
2026-09-27,00:44:21,TVOC,22.2,ppb
2026-09-27,00:44:21,eCO2,401.77,ppm
2026-09-27,00:44:21,Broadband,0.0,lux
2026-09-27,00:44:21,Infrared,0.0,lux
2026-09-27,00:44:51,Temperature,24.49,°C
2026-09-27,00:44:51,Humidity,44.1,%
2026-09-27,00:44:51,AQI,1.0,
2026-09-27,00:44:51,TVOC,21.33,ppb
2026-09-27,00:44:51,eCO2,401.9,ppm
2026-09-27,00:44:51,Broadband,0.0,lux
2026-09-27,00:44:51,Infrared,0.0,lux
2026-09-27,00:45:21,Temperature,24.47,°C
2026-09-27,00:45:21,Humidity,44.04,%
2026-09-27,00:45:21,AQI,1.0,
2026-09-27,00:45:21,TVOC,18.33,ppb
2026-09-27,00:45:21,eCO2,400.67,ppm
2026-09-27,00:45:21,Broadband,0.0,lux
2026-09-27,00:45:21,Infrared,0.0,lux
2026-09-27,00:45:51,Temperature,24.46,°C
2026-09-27,00:45:51,Humidity,44.09,%
2026-09-27,00:45:51,AQI,1.0,
2026-09-27,00:45:51,TVOC,18.3,ppb
2026-09-27,00:45:51,eCO2,400.37,ppm
2026-09-27,00:45:51,Broadband,0.0,lux
2026-09-27,00:45:51,Infrared,0.0,lux
2026-09-27,00:46:21,Temperature,24.42,°C
2026-09-27,00:46:21,Humidity,44.12,%
2026-09-27,00:46:21,AQI,1.0,
2026-09-27,00:46:21,TVOC,15.07,ppb
2026-09-27,00:46:21,eCO2,400.0,ppm
2026-09-27,00:46:21,Broadband,0.0,lux
2026-09-27,00:46:21,Infrared,0.0,lux
2026-09-27,00:46:51,Temperature,24.44,°C
2026-09-27,00:46:51,Humidity,44.11,%
2026-09-27,00:46:51,AQI,1.0,
2026-09-27,00:46:51,TVOC,12.37,ppb
2026-09-27,00:46:51,eCO2,400.0,ppm
2026-09-27,00:46:51,Broadband,0.0,lux
2026-09-27,00:46:51,Infrared,0.0,lux
2026-09-27,00:47:21,Temperature,24.46,°C
2026-09-27,00:47:21,Humidity,44.01,%
2026-09-27,00:47:21,AQI,1.0,
2026-09-27,00:47:21,TVOC,11.2,ppb
2026-09-27,00:47:21,eCO2,400.0,ppm
2026-09-27,00:47:21,Broadband,0.0,lux
2026-09-27,00:47:21,Infrared,0.0,lux
2026-09-27,00:47:51,Temperature,24.46,°C
2026-09-27,00:47:51,Humidity,43.95,%
2026-09-27,00:47:51,AQI,1.0,
2026-09-27,00:47:51,TVOC,10.37,ppb
2026-09-27,00:47:51,eCO2,400.0,ppm
2026-09-27,00:47:51,Broadband,0.0,lux
2026-09-27,00:47:51,Infrared,0.0,lux
2026-09-27,00:48:21,Temperature,24.46,°C
2026-09-27,00:48:21,Humidity,43.94,%
2026-09-27,00:48:21,AQI,1.0,
2026-09-27,00:48:21,TVOC,8.53,ppb
2026-09-27,00:48:21,eCO2,400.0,ppm
2026-09-27,00:48:21,Broadband,0.0,lux
2026-09-27,00:48:21,Infrared,0.0,lux
2026-09-27,00:48:51,Temperature,24.46,°C
2026-09-27,00:48:51,Humidity,43.89,%
2026-09-27,00:48:51,AQI,1.0,
2026-09-27,00:48:51,TVOC,4.87,ppb
2026-09-27,00:48:51,eCO2,400.0,ppm
2026-09-27,00:48:51,Broadband,0.0,lux
2026-09-27,00:48:51,Infrared,0.0,lux
2026-09-27,00:49:21,Temperature,24.47,°C
2026-09-27,00:49:21,Humidity,43.82,%
2026-09-27,00:49:21,AQI,1.0,
2026-09-27,00:49:21,TVOC,5.17,ppb
2026-09-27,00:49:21,eCO2,400.0,ppm
2026-09-27,00:49:21,Broadband,0.0,lux
2026-09-27,00:49:21,Infrared,0.0,lux
2026-09-27,00:49:51,Temperature,24.45,°C
2026-09-27,00:49:51,Humidity,43.76,%
2026-09-27,00:49:51,AQI,1.0,
2026-09-27,00:49:51,TVOC,5.73,ppb
2026-09-27,00:49:51,eCO2,400.0,ppm
2026-09-27,00:49:51,Broadband,0.0,lux
2026-09-27,00:49:51,Infrared,0.0,lux
2026-09-27,00:50:21,Temperature,24.42,°C
2026-09-27,00:50:21,Humidity,43.76,%
2026-09-27,00:50:21,AQI,1.0,
2026-09-27,00:50:21,TVOC,3.87,ppb
2026-09-27,00:50:21,eCO2,400.0,ppm
2026-09-27,00:50:21,Broadband,0.0,lux
2026-09-27,00:50:21,Infrared,0.0,lux
2026-09-27,00:50:51,Temperature,24.41,°C
2026-09-27,00:50:51,Humidity,43.82,%
2026-09-27,00:50:51,AQI,1.0,
2026-09-27,00:50:51,TVOC,4.0,ppb
2026-09-27,00:50:51,eCO2,400.0,ppm
2026-09-27,00:50:51,Broadband,0.0,lux
2026-09-27,00:50:51,Infrared,0.0,lux
2026-09-27,00:51:21,Temperature,24.44,°C
2026-09-27,00:51:21,Humidity,43.77,%
2026-09-27,00:51:21,AQI,1.0,
2026-09-27,00:51:21,TVOC,3.23,ppb
2026-09-27,00:51:21,eCO2,400.0,ppm
2026-09-27,00:51:21,Broadband,0.0,lux
2026-09-27,00:51:21,Infrared,0.0,lux
2026-09-27,00:51:51,Temperature,24.45,°C
2026-09-27,00:51:51,Humidity,43.71,%
2026-09-27,00:51:51,AQI,1.0,
2026-09-27,00:51:51,TVOC,2.63,ppb
2026-09-27,00:51:51,eCO2,400.0,ppm
2026-09-27,00:51:51,Broadband,0.0,lux
2026-09-27,00:51:51,Infrared,0.0,lux
2026-09-27,00:52:21,Temperature,24.45,°C
2026-09-27,00:52:21,Humidity,43.68,%
2026-09-27,00:52:21,AQI,1.0,
2026-09-27,00:52:21,TVOC,2.2,ppb
2026-09-27,00:52:21,eCO2,400.0,ppm
2026-09-27,00:52:21,Broadband,0.0,lux
2026-09-27,00:52:21,Infrared,0.0,lux
2026-09-27,00:52:51,Temperature,24.46,°C
2026-09-27,00:52:51,Humidity,43.7,%
2026-09-27,00:52:51,AQI,1.0,
2026-09-27,00:52:51,TVOC,2.23,ppb
2026-09-27,00:52:51,eCO2,400.0,ppm
2026-09-27,00:52:51,Broadband,0.0,lux
2026-09-27,00:52:51,Infrared,0.0,lux
2026-09-27,00:53:21,Temperature,24.43,°C
2026-09-27,00:53:21,Humidity,43.68,%
2026-09-27,00:53:21,AQI,1.0,
2026-09-27,00:53:21,TVOC,0.93,ppb
2026-09-27,00:53:21,eCO2,400.0,ppm
2026-09-27,00:53:21,Broadband,0.0,lux
2026-09-27,00:53:21,Infrared,0.0,lux
2026-09-27,00:53:51,Temperature,24.37,°C
2026-09-27,00:53:51,Humidity,43.7,%
2026-09-27,00:53:51,AQI,1.0,
2026-09-27,00:53:51,TVOC,1.03,ppb
2026-09-27,00:53:51,eCO2,400.0,ppm
2026-09-27,00:53:51,Broadband,0.0,lux
2026-09-27,00:53:51,Infrared,0.0,lux
2026-09-27,00:54:21,Temperature,24.38,°C
2026-09-27,00:54:21,Humidity,43.75,%
2026-09-27,00:54:21,AQI,1.0,
2026-09-27,00:54:21,TVOC,1.23,ppb
2026-09-27,00:54:21,eCO2,400.0,ppm
2026-09-27,00:54:21,Broadband,0.0,lux
2026-09-27,00:54:21,Infrared,0.0,lux
2026-09-27,00:54:51,Temperature,24.4,°C
2026-09-27,00:54:51,Humidity,43.71,%
2026-09-27,00:54:51,AQI,1.0,
2026-09-27,00:54:51,TVOC,2.27,ppb
2026-09-27,00:54:51,eCO2,400.0,ppm
2026-09-27,00:54:51,Broadband,0.0,lux
2026-09-27,00:54:51,Infrared,0.0,lux
2026-09-27,00:55:21,Temperature,24.4,°C
2026-09-27,00:55:21,Humidity,43.66,%
2026-09-27,00:55:21,AQI,1.0,
2026-09-27,00:55:21,TVOC,1.8,ppb
2026-09-27,00:55:21,eCO2,400.0,ppm
2026-09-27,00:55:21,Broadband,0.0,lux
2026-09-27,00:55:21,Infrared,0.0,lux
2026-09-27,00:55:51,Temperature,24.38,°C
2026-09-27,00:55:51,Humidity,43.66,%
2026-09-27,00:55:51,AQI,1.0,
2026-09-27,00:55:51,TVOC,3.33,ppb
2026-09-27,00:55:51,eCO2,400.0,ppm
2026-09-27,00:55:51,Broadband,0.0,lux
2026-09-27,00:55:51,Infrared,0.0,lux
2026-09-27,00:56:21,Temperature,24.41,°C
2026-09-27,00:56:21,Humidity,43.61,%
2026-09-27,00:56:21,AQI,1.0,
2026-09-27,00:56:21,TVOC,1.53,ppb
2026-09-27,00:56:21,eCO2,400.0,ppm
2026-09-27,00:56:21,Broadband,0.0,lux
2026-09-27,00:56:21,Infrared,0.0,lux
2026-09-27,00:56:51,Temperature,24.39,°C
2026-09-27,00:56:51,Humidity,43.57,%
2026-09-27,00:56:51,AQI,1.0,
2026-09-27,00:56:51,TVOC,2.23,ppb
2026-09-27,00:56:51,eCO2,400.0,ppm
2026-09-27,00:56:51,Broadband,0.0,lux
2026-09-27,00:56:51,Infrared,0.0,lux
2026-09-27,00:57:21,Temperature,24.38,°C
2026-09-27,00:57:21,Humidity,43.62,%
2026-09-27,00:57:21,AQI,1.0,
2026-09-27,00:57:21,TVOC,1.77,ppb
2026-09-27,00:57:21,eCO2,400.0,ppm
2026-09-27,00:57:21,Broadband,0.0,lux
2026-09-27,00:57:21,Infrared,0.0,lux
2026-09-27,00:57:51,Temperature,24.35,°C
2026-09-27,00:57:51,Humidity,43.6,%
2026-09-27,00:57:51,AQI,1.0,
2026-09-27,00:57:51,TVOC,0.6,ppb
2026-09-27,00:57:51,eCO2,400.0,ppm
2026-09-27,00:57:51,Broadband,0.0,lux
2026-09-27,00:57:51,Infrared,0.0,lux
2026-09-27,00:58:21,Temperature,24.37,°C
2026-09-27,00:58:21,Humidity,43.67,%
2026-09-27,00:58:21,AQI,1.0,
2026-09-27,00:58:21,TVOC,1.4,ppb
2026-09-27,00:58:21,eCO2,400.0,ppm
2026-09-27,00:58:21,Broadband,0.0,lux
2026-09-27,00:58:21,Infrared,0.0,lux
2026-09-27,00:58:51,Temperature,24.42,°C
2026-09-27,00:58:51,Humidity,43.59,%
2026-09-27,00:58:51,AQI,1.0,
2026-09-27,00:58:51,TVOC,2.07,ppb
2026-09-27,00:58:51,eCO2,400.0,ppm
2026-09-27,00:58:51,Broadband,0.0,lux
2026-09-27,00:58:51,Infrared,0.0,lux
2026-09-27,00:59:21,Temperature,24.37,°C
2026-09-27,00:59:21,Humidity,43.49,%
2026-09-27,00:59:21,AQI,1.0,
2026-09-27,00:59:21,TVOC,1.07,ppb
2026-09-27,00:59:21,eCO2,400.0,ppm
2026-09-27,00:59:21,Broadband,0.0,lux
2026-09-27,00:59:21,Infrared,0.0,lux
2026-09-27,00:59:51,Temperature,24.36,°C
2026-09-27,00:59:51,Humidity,43.54,%
2026-09-27,00:59:51,AQI,1.0,
2026-09-27,00:59:51,TVOC,0.97,ppb
2026-09-27,00:59:51,eCO2,400.0,ppm
2026-09-27,00:59:51,Broadband,0.0,lux
2026-09-27,00:59:51,Infrared,0.0,lux
2026-09-27,01:00:21,Temperature,24.4,°C
2026-09-27,01:00:21,Humidity,43.55,%
2026-09-27,01:00:21,AQI,1.0,
2026-09-27,01:00:21,TVOC,1.07,ppb
2026-09-27,01:00:21,eCO2,400.0,ppm
2026-09-27,01:00:21,Broadband,0.0,lux
2026-09-27,01:00:21,Infrared,0.0,lux
2026-09-27,01:00:51,Temperature,24.38,°C
2026-09-27,01:00:51,Humidity,43.53,%
2026-09-27,01:00:51,AQI,1.0,
2026-09-27,01:00:51,TVOC,1.1,ppb
2026-09-27,01:00:51,eCO2,400.0,ppm
2026-09-27,01:00:51,Broadband,0.0,lux
2026-09-27,01:00:51,Infrared,0.0,lux
2026-09-27,01:01:21,Temperature,24.36,°C
2026-09-27,01:01:21,Humidity,43.55,%
2026-09-27,01:01:21,AQI,1.0,
2026-09-27,01:01:21,TVOC,0.97,ppb
2026-09-27,01:01:21,eCO2,400.0,ppm
2026-09-27,01:01:21,Broadband,0.0,lux
2026-09-27,01:01:21,Infrared,0.0,lux
2026-09-27,01:01:51,Temperature,24.34,°C
2026-09-27,01:01:51,Humidity,43.53,%
2026-09-27,01:01:51,AQI,1.0,
2026-09-27,01:01:51,TVOC,1.33,ppb
2026-09-27,01:01:51,eCO2,400.0,ppm
2026-09-27,01:01:51,Broadband,0.0,lux
2026-09-27,01:01:51,Infrared,0.0,lux
2026-09-27,01:02:21,Temperature,24.36,°C
2026-09-27,01:02:21,Humidity,43.56,%
2026-09-27,01:02:21,AQI,1.0,
2026-09-27,01:02:21,TVOC,0.6,ppb
2026-09-27,01:02:21,eCO2,400.0,ppm
2026-09-27,01:02:21,Broadband,0.0,lux
2026-09-27,01:02:21,Infrared,0.0,lux
2026-09-27,01:02:51,Temperature,24.38,°C
2026-09-27,01:02:51,Humidity,43.49,%
2026-09-27,01:02:51,AQI,1.0,
2026-09-27,01:02:51,TVOC,0.93,ppb
2026-09-27,01:02:51,eCO2,400.0,ppm
2026-09-27,01:02:51,Broadband,0.0,lux
2026-09-27,01:02:51,Infrared,0.0,lux
2026-09-27,01:03:21,Temperature,24.39,°C
2026-09-27,01:03:21,Humidity,43.46,%
2026-09-27,01:03:21,AQI,1.0,
2026-09-27,01:03:21,TVOC,2.33,ppb
2026-09-27,01:03:21,eCO2,400.0,ppm
2026-09-27,01:03:21,Broadband,0.0,lux
2026-09-27,01:03:21,Infrared,0.0,lux
2026-09-27,01:03:51,Temperature,24.4,°C
2026-09-27,01:03:51,Humidity,43.41,%
2026-09-27,01:03:51,AQI,1.0,
2026-09-27,01:03:51,TVOC,1.33,ppb
2026-09-27,01:03:51,eCO2,400.0,ppm
2026-09-27,01:03:51,Broadband,0.0,lux
2026-09-27,01:03:51,Infrared,0.0,lux
2026-09-27,01:04:21,Temperature,24.37,°C
2026-09-27,01:04:21,Humidity,43.42,%
2026-09-27,01:04:21,AQI,1.0,
2026-09-27,01:04:21,TVOC,2.17,ppb
2026-09-27,01:04:21,eCO2,400.0,ppm
2026-09-27,01:04:21,Broadband,0.0,lux
2026-09-27,01:04:21,Infrared,0.0,lux
2026-09-27,01:04:51,Temperature,24.35,°C
2026-09-27,01:04:51,Humidity,43.42,%
2026-09-27,01:04:51,AQI,1.0,
2026-09-27,01:04:51,TVOC,1.63,ppb
2026-09-27,01:04:51,eCO2,400.0,ppm
2026-09-27,01:04:51,Broadband,0.0,lux
2026-09-27,01:04:51,Infrared,0.0,lux
2026-09-27,01:05:21,Temperature,24.37,°C
2026-09-27,01:05:21,Humidity,43.41,%
2026-09-27,01:05:21,AQI,1.0,
2026-09-27,01:05:21,TVOC,0.83,ppb
2026-09-27,01:05:21,eCO2,400.0,ppm
2026-09-27,01:05:21,Broadband,0.0,lux
2026-09-27,01:05:21,Infrared,0.0,lux
2026-09-27,01:05:51,Temperature,24.36,°C
2026-09-27,01:05:51,Humidity,43.45,%
2026-09-27,01:05:51,AQI,1.0,
2026-09-27,01:05:51,TVOC,4.2,ppb
2026-09-27,01:05:51,eCO2,400.0,ppm
2026-09-27,01:05:51,Broadband,0.0,lux
2026-09-27,01:05:51,Infrared,0.0,lux
2026-09-27,01:06:21,Temperature,24.37,°C
2026-09-27,01:06:21,Humidity,43.44,%
2026-09-27,01:06:21,AQI,1.0,
2026-09-27,01:06:21,TVOC,4.8,ppb
2026-09-27,01:06:21,eCO2,400.0,ppm
2026-09-27,01:06:21,Broadband,0.0,lux
2026-09-27,01:06:21,Infrared,0.0,lux
2026-09-27,01:06:51,Temperature,24.39,°C
2026-09-27,01:06:51,Humidity,43.43,%
2026-09-27,01:06:51,AQI,1.0,
2026-09-27,01:06:51,TVOC,4.2,ppb
2026-09-27,01:06:51,eCO2,400.0,ppm
2026-09-27,01:06:51,Broadband,0.0,lux
2026-09-27,01:06:51,Infrared,0.0,lux
2026-09-27,01:07:21,Temperature,24.38,°C
2026-09-27,01:07:21,Humidity,43.37,%
2026-09-27,01:07:21,AQI,1.0,
2026-09-27,01:07:21,TVOC,3.2,ppb
2026-09-27,01:07:21,eCO2,400.0,ppm
2026-09-27,01:07:21,Broadband,0.0,lux
2026-09-27,01:07:21,Infrared,0.0,lux
2026-09-27,01:07:51,Temperature,24.35,°C
2026-09-27,01:07:51,Humidity,43.31,%
2026-09-27,01:07:51,AQI,1.0,
2026-09-27,01:07:51,TVOC,2.87,ppb
2026-09-27,01:07:51,eCO2,400.0,ppm
2026-09-27,01:07:51,Broadband,0.0,lux
2026-09-27,01:07:51,Infrared,0.0,lux
2026-09-27,01:08:21,Temperature,24.36,°C
2026-09-27,01:08:21,Humidity,43.32,%
2026-09-27,01:08:21,AQI,1.0,
2026-09-27,01:08:21,TVOC,1.97,ppb
2026-09-27,01:08:21,eCO2,400.0,ppm
2026-09-27,01:08:21,Broadband,0.0,lux
2026-09-27,01:08:21,Infrared,0.0,lux
2026-09-27,01:08:51,Temperature,24.38,°C
2026-09-27,01:08:51,Humidity,43.27,%
2026-09-27,01:08:51,AQI,1.0,
2026-09-27,01:08:51,TVOC,2.63,ppb
2026-09-27,01:08:51,eCO2,400.0,ppm
2026-09-27,01:08:51,Broadband,0.0,lux
2026-09-27,01:08:51,Infrared,0.0,lux
2026-09-27,01:09:21,Temperature,24.34,°C
2026-09-27,01:09:21,Humidity,43.27,%
2026-09-27,01:09:21,AQI,1.0,
2026-09-27,01:09:21,TVOC,3.13,ppb
2026-09-27,01:09:21,eCO2,400.0,ppm
2026-09-27,01:09:21,Broadband,0.0,lux
2026-09-27,01:09:21,Infrared,0.0,lux
2026-09-27,01:09:51,Temperature,24.3,°C
2026-09-27,01:09:51,Humidity,43.29,%
2026-09-27,01:09:51,AQI,1.0,
2026-09-27,01:09:51,TVOC,3.03,ppb
2026-09-27,01:09:51,eCO2,400.0,ppm
2026-09-27,01:09:51,Broadband,0.0,lux
2026-09-27,01:09:51,Infrared,0.0,lux
2026-09-27,01:10:21,Temperature,24.31,°C
2026-09-27,01:10:21,Humidity,43.38,%
2026-09-27,01:10:21,AQI,1.0,
2026-09-27,01:10:21,TVOC,3.77,ppb
2026-09-27,01:10:21,eCO2,400.0,ppm
2026-09-27,01:10:21,Broadband,0.0,lux
2026-09-27,01:10:21,Infrared,0.0,lux
2026-09-27,01:10:51,Temperature,24.33,°C
2026-09-27,01:10:51,Humidity,43.38,%
2026-09-27,01:10:51,AQI,1.0,
2026-09-27,01:10:51,TVOC,3.7,ppb
2026-09-27,01:10:51,eCO2,400.0,ppm
2026-09-27,01:10:51,Broadband,0.0,lux
2026-09-27,01:10:51,Infrared,0.0,lux
2026-09-27,01:11:21,Temperature,24.33,°C
2026-09-27,01:11:21,Humidity,43.31,%
2026-09-27,01:11:21,AQI,1.0,
2026-09-27,01:11:21,TVOC,2.47,ppb
2026-09-27,01:11:21,eCO2,400.0,ppm
2026-09-27,01:11:21,Broadband,0.0,lux
2026-09-27,01:11:21,Infrared,0.0,lux
2026-09-27,01:11:51,Temperature,24.32,°C
2026-09-27,01:11:51,Humidity,43.28,%
2026-09-27,01:11:51,AQI,1.0,
2026-09-27,01:11:51,TVOC,1.73,ppb
2026-09-27,01:11:51,eCO2,400.0,ppm
2026-09-27,01:11:51,Broadband,0.0,lux
2026-09-27,01:11:51,Infrared,0.0,lux
2026-09-27,01:12:21,Temperature,24.29,°C
2026-09-27,01:12:21,Humidity,43.31,%
2026-09-27,01:12:21,AQI,1.0,
2026-09-27,01:12:21,TVOC,2.67,ppb
2026-09-27,01:12:21,eCO2,400.0,ppm
2026-09-27,01:12:21,Broadband,0.0,lux
2026-09-27,01:12:21,Infrared,0.0,lux
2026-09-27,01:12:51,Temperature,24.29,°C
2026-09-27,01:12:51,Humidity,43.33,%
2026-09-27,01:12:51,AQI,1.0,
2026-09-27,01:12:51,TVOC,3.43,ppb
2026-09-27,01:12:51,eCO2,400.0,ppm
2026-09-27,01:12:51,Broadband,0.0,lux
2026-09-27,01:12:51,Infrared,0.0,lux
2026-09-27,01:13:21,Temperature,24.3,°C
2026-09-27,01:13:21,Humidity,43.33,%
2026-09-27,01:13:21,AQI,1.0,
2026-09-27,01:13:21,TVOC,2.8,ppb
2026-09-27,01:13:21,eCO2,400.0,ppm
2026-09-27,01:13:21,Broadband,0.0,lux
2026-09-27,01:13:21,Infrared,0.0,lux
2026-09-27,01:13:51,Temperature,24.3,°C
2026-09-27,01:13:51,Humidity,43.3,%
2026-09-27,01:13:51,AQI,1.0,
2026-09-27,01:13:51,TVOC,2.9,ppb
2026-09-27,01:13:51,eCO2,400.0,ppm
2026-09-27,01:13:51,Broadband,0.0,lux
2026-09-27,01:13:51,Infrared,0.0,lux
2026-09-27,01:14:21,Temperature,24.28,°C
2026-09-27,01:14:21,Humidity,43.3,%
2026-09-27,01:14:21,AQI,1.0,
2026-09-27,01:14:21,TVOC,4.53,ppb
2026-09-27,01:14:21,eCO2,400.0,ppm
2026-09-27,01:14:21,Broadband,0.0,lux
2026-09-27,01:14:21,Infrared,0.0,lux
2026-09-27,01:14:51,Temperature,24.26,°C
2026-09-27,01:14:51,Humidity,43.35,%
2026-09-27,01:14:51,AQI,1.0,
2026-09-27,01:14:51,TVOC,4.87,ppb
2026-09-27,01:14:51,eCO2,400.0,ppm
2026-09-27,01:14:51,Broadband,0.0,lux
2026-09-27,01:14:51,Infrared,0.0,lux
2026-09-27,01:15:21,Temperature,24.31,°C
2026-09-27,01:15:21,Humidity,43.31,%
2026-09-27,01:15:21,AQI,1.0,
2026-09-27,01:15:21,TVOC,4.4,ppb
2026-09-27,01:15:21,eCO2,400.0,ppm
2026-09-27,01:15:21,Broadband,0.0,lux
2026-09-27,01:15:21,Infrared,0.0,lux
2026-09-27,01:15:51,Temperature,24.29,°C
2026-09-27,01:15:51,Humidity,43.25,%
2026-09-27,01:15:51,AQI,1.0,
2026-09-27,01:15:51,TVOC,3.1,ppb
2026-09-27,01:15:51,eCO2,400.0,ppm
2026-09-27,01:15:51,Broadband,0.0,lux
2026-09-27,01:15:51,Infrared,0.0,lux
2026-09-27,01:16:21,Temperature,24.28,°C
2026-09-27,01:16:21,Humidity,43.26,%
2026-09-27,01:16:21,AQI,1.0,
2026-09-27,01:16:21,TVOC,4.3,ppb
2026-09-27,01:16:21,eCO2,400.0,ppm
2026-09-27,01:16:21,Broadband,0.0,lux
2026-09-27,01:16:21,Infrared,0.0,lux
2026-09-27,01:16:51,Temperature,24.31,°C
2026-09-27,01:16:51,Humidity,43.28,%
2026-09-27,01:16:51,AQI,1.0,
2026-09-27,01:16:51,TVOC,4.23,ppb
2026-09-27,01:16:51,eCO2,400.0,ppm
2026-09-27,01:16:51,Broadband,0.0,lux
2026-09-27,01:16:51,Infrared,0.0,lux
2026-09-27,01:17:21,Temperature,24.35,°C
2026-09-27,01:17:21,Humidity,43.18,%
2026-09-27,01:17:21,AQI,1.0,
2026-09-27,01:17:21,TVOC,4.33,ppb
2026-09-27,01:17:21,eCO2,400.0,ppm
2026-09-27,01:17:21,Broadband,0.0,lux
2026-09-27,01:17:21,Infrared,0.0,lux
2026-09-27,01:17:51,Temperature,24.29,°C
2026-09-27,01:17:51,Humidity,43.12,%
2026-09-27,01:17:51,AQI,1.0,
2026-09-27,01:17:51,TVOC,3.5,ppb
2026-09-27,01:17:51,eCO2,400.0,ppm
2026-09-27,01:17:51,Broadband,0.0,lux
2026-09-27,01:17:51,Infrared,0.0,lux
2026-09-27,01:18:21,Temperature,24.27,°C
2026-09-27,01:18:21,Humidity,43.21,%
2026-09-27,01:18:21,AQI,1.0,
2026-09-27,01:18:21,TVOC,2.87,ppb
2026-09-27,01:18:21,eCO2,400.0,ppm
2026-09-27,01:18:21,Broadband,0.0,lux
2026-09-27,01:18:21,Infrared,0.0,lux
2026-09-27,01:18:51,Temperature,24.26,°C
2026-09-27,01:18:51,Humidity,43.28,%
2026-09-27,01:18:51,AQI,1.0,
2026-09-27,01:18:51,TVOC,4.83,ppb
2026-09-27,01:18:51,eCO2,400.0,ppm
2026-09-27,01:18:51,Broadband,0.0,lux
2026-09-27,01:18:51,Infrared,0.0,lux
2026-09-27,01:19:21,Temperature,24.23,°C
2026-09-27,01:19:21,Humidity,43.29,%
2026-09-27,01:19:21,AQI,1.0,
2026-09-27,01:19:21,TVOC,4.33,ppb
2026-09-27,01:19:21,eCO2,400.0,ppm
2026-09-27,01:19:21,Broadband,0.0,lux
2026-09-27,01:19:21,Infrared,0.0,lux
2026-09-27,01:19:51,Temperature,24.22,°C
2026-09-27,01:19:51,Humidity,43.32,%
2026-09-27,01:19:51,AQI,1.0,
2026-09-27,01:19:51,TVOC,5.07,ppb
2026-09-27,01:19:51,eCO2,400.0,ppm
2026-09-27,01:19:51,Broadband,0.0,lux
2026-09-27,01:19:51,Infrared,0.0,lux
2026-09-27,01:20:21,Temperature,24.26,°C
2026-09-27,01:20:21,Humidity,43.31,%
2026-09-27,01:20:21,AQI,1.0,
2026-09-27,01:20:21,TVOC,6.53,ppb
2026-09-27,01:20:21,eCO2,400.0,ppm
2026-09-27,01:20:21,Broadband,0.0,lux
2026-09-27,01:20:21,Infrared,0.0,lux
2026-09-27,01:20:51,Temperature,24.29,°C
2026-09-27,01:20:51,Humidity,43.21,%
2026-09-27,01:20:51,AQI,1.0,
2026-09-27,01:20:51,TVOC,5.7,ppb
2026-09-27,01:20:51,eCO2,400.0,ppm
2026-09-27,01:20:51,Broadband,0.0,lux
2026-09-27,01:20:51,Infrared,0.0,lux
2026-09-27,01:21:21,Temperature,24.26,°C
2026-09-27,01:21:21,Humidity,43.2,%
2026-09-27,01:21:21,AQI,1.0,
2026-09-27,01:21:21,TVOC,5.0,ppb
2026-09-27,01:21:21,eCO2,400.0,ppm
2026-09-27,01:21:21,Broadband,0.0,lux
2026-09-27,01:21:21,Infrared,0.0,lux
2026-09-27,01:21:51,Temperature,24.28,°C
2026-09-27,01:21:51,Humidity,43.22,%
2026-09-27,01:21:51,AQI,1.0,
2026-09-27,01:21:51,TVOC,4.6,ppb
2026-09-27,01:21:51,eCO2,400.0,ppm
2026-09-27,01:21:51,Broadband,0.0,lux
2026-09-27,01:21:51,Infrared,0.0,lux
2026-09-27,01:22:21,Temperature,24.32,°C
2026-09-27,01:22:21,Humidity,43.18,%
2026-09-27,01:22:21,AQI,1.0,
2026-09-27,01:22:21,TVOC,3.9,ppb
2026-09-27,01:22:21,eCO2,400.0,ppm
2026-09-27,01:22:21,Broadband,0.0,lux
2026-09-27,01:22:21,Infrared,0.0,lux
2026-09-27,01:22:51,Temperature,24.34,°C
2026-09-27,01:22:51,Humidity,43.13,%
2026-09-27,01:22:51,AQI,1.0,
2026-09-27,01:22:51,TVOC,5.73,ppb
2026-09-27,01:22:51,eCO2,400.0,ppm
2026-09-27,01:22:51,Broadband,0.0,lux
2026-09-27,01:22:51,Infrared,0.0,lux
2026-09-27,01:23:21,Temperature,24.33,°C
2026-09-27,01:23:21,Humidity,43.07,%
2026-09-27,01:23:21,AQI,1.0,
2026-09-27,01:23:21,TVOC,5.47,ppb
2026-09-27,01:23:21,eCO2,400.0,ppm
2026-09-27,01:23:21,Broadband,0.0,lux
2026-09-27,01:23:21,Infrared,0.0,lux
2026-09-27,01:23:51,Temperature,24.27,°C
2026-09-27,01:23:51,Humidity,43.07,%
2026-09-27,01:23:51,AQI,1.0,
2026-09-27,01:23:51,TVOC,3.17,ppb
2026-09-27,01:23:51,eCO2,400.0,ppm
2026-09-27,01:23:51,Broadband,0.0,lux
2026-09-27,01:23:51,Infrared,0.0,lux
2026-09-27,01:24:21,Temperature,24.31,°C
2026-09-27,01:24:21,Humidity,43.06,%
2026-09-27,01:24:21,AQI,1.0,
2026-09-27,01:24:21,TVOC,4.5,ppb
2026-09-27,01:24:21,eCO2,400.0,ppm
2026-09-27,01:24:21,Broadband,0.0,lux
2026-09-27,01:24:21,Infrared,0.0,lux
2026-09-27,01:24:51,Temperature,24.28,°C
2026-09-27,01:24:51,Humidity,42.99,%
2026-09-27,01:24:51,AQI,1.0,
2026-09-27,01:24:51,TVOC,3.83,ppb
2026-09-27,01:24:51,eCO2,400.0,ppm
2026-09-27,01:24:51,Broadband,0.0,lux
2026-09-27,01:24:51,Infrared,0.0,lux
2026-09-27,01:25:21,Temperature,24.25,°C
2026-09-27,01:25:21,Humidity,43.07,%
2026-09-27,01:25:21,AQI,1.0,
2026-09-27,01:25:21,TVOC,4.07,ppb
2026-09-27,01:25:21,eCO2,400.0,ppm
2026-09-27,01:25:21,Broadband,0.0,lux
2026-09-27,01:25:21,Infrared,0.0,lux
2026-09-27,01:25:51,Temperature,24.22,°C
2026-09-27,01:25:51,Humidity,43.15,%
2026-09-27,01:25:51,AQI,1.0,
2026-09-27,01:25:51,TVOC,5.77,ppb
2026-09-27,01:25:51,eCO2,400.0,ppm
2026-09-27,01:25:51,Broadband,0.0,lux
2026-09-27,01:25:51,Infrared,0.0,lux
2026-09-27,01:26:21,Temperature,24.21,°C
2026-09-27,01:26:21,Humidity,43.19,%
2026-09-27,01:26:21,AQI,1.0,
2026-09-27,01:26:21,TVOC,5.5,ppb
2026-09-27,01:26:21,eCO2,400.0,ppm
2026-09-27,01:26:21,Broadband,0.0,lux
2026-09-27,01:26:21,Infrared,0.0,lux
2026-09-27,01:26:51,Temperature,24.22,°C
2026-09-27,01:26:51,Humidity,43.2,%
2026-09-27,01:26:51,AQI,1.0,
2026-09-27,01:26:51,TVOC,7.37,ppb
2026-09-27,01:26:51,eCO2,400.0,ppm
2026-09-27,01:26:51,Broadband,0.0,lux
2026-09-27,01:26:51,Infrared,0.0,lux
2026-09-27,01:27:21,Temperature,24.23,°C
2026-09-27,01:27:21,Humidity,43.2,%
2026-09-27,01:27:21,AQI,1.0,
2026-09-27,01:27:21,TVOC,6.87,ppb
2026-09-27,01:27:21,eCO2,400.0,ppm
2026-09-27,01:27:21,Broadband,0.0,lux
2026-09-27,01:27:21,Infrared,0.0,lux
2026-09-27,01:27:51,Temperature,24.27,°C
2026-09-27,01:27:51,Humidity,43.13,%
2026-09-27,01:27:51,AQI,1.0,
2026-09-27,01:27:51,TVOC,6.57,ppb
2026-09-27,01:27:51,eCO2,400.0,ppm
2026-09-27,01:27:51,Broadband,0.0,lux
2026-09-27,01:27:51,Infrared,0.0,lux
2026-09-27,01:28:21,Temperature,24.22,°C
2026-09-27,01:28:21,Humidity,43.1,%
2026-09-27,01:28:21,AQI,1.0,
2026-09-27,01:28:21,TVOC,5.97,ppb
2026-09-27,01:28:21,eCO2,400.0,ppm
2026-09-27,01:28:21,Broadband,0.0,lux
2026-09-27,01:28:21,Infrared,0.0,lux
2026-09-27,01:28:51,Temperature,24.21,°C
2026-09-27,01:28:51,Humidity,43.11,%
2026-09-27,01:28:51,AQI,1.0,
2026-09-27,01:28:51,TVOC,5.27,ppb
2026-09-27,01:28:51,eCO2,400.0,ppm
2026-09-27,01:28:51,Broadband,0.0,lux
2026-09-27,01:28:51,Infrared,0.0,lux
2026-09-27,01:29:21,Temperature,24.19,°C
2026-09-27,01:29:21,Humidity,43.13,%
2026-09-27,01:29:21,AQI,1.0,
2026-09-27,01:29:21,TVOC,5.83,ppb
2026-09-27,01:29:21,eCO2,400.0,ppm
2026-09-27,01:29:21,Broadband,0.0,lux
2026-09-27,01:29:21,Infrared,0.0,lux
2026-09-27,01:29:51,Temperature,24.18,°C
2026-09-27,01:29:51,Humidity,43.17,%
2026-09-27,01:29:51,AQI,1.0,
2026-09-27,01:29:51,TVOC,5.1,ppb
2026-09-27,01:29:51,eCO2,400.0,ppm
2026-09-27,01:29:51,Broadband,0.0,lux
2026-09-27,01:29:51,Infrared,0.0,lux
2026-09-27,01:30:21,Temperature,24.21,°C
2026-09-27,01:30:21,Humidity,43.16,%
2026-09-27,01:30:21,AQI,1.0,
2026-09-27,01:30:21,TVOC,6.2,ppb
2026-09-27,01:30:21,eCO2,400.0,ppm
2026-09-27,01:30:21,Broadband,0.0,lux
2026-09-27,01:30:21,Infrared,0.0,lux
2026-09-27,01:30:51,Temperature,24.2,°C
2026-09-27,01:30:51,Humidity,43.1,%
2026-09-27,01:30:51,AQI,1.0,
2026-09-27,01:30:51,TVOC,5.5,ppb
2026-09-27,01:30:51,eCO2,400.0,ppm
2026-09-27,01:30:51,Broadband,0.0,lux
2026-09-27,01:30:51,Infrared,0.0,lux
2026-09-27,01:31:21,Temperature,24.17,°C
2026-09-27,01:31:21,Humidity,43.09,%
2026-09-27,01:31:21,AQI,1.0,
2026-09-27,01:31:21,TVOC,5.53,ppb
2026-09-27,01:31:21,eCO2,400.0,ppm
2026-09-27,01:31:21,Broadband,0.0,lux
2026-09-27,01:31:21,Infrared,0.0,lux
2026-09-27,01:31:51,Temperature,24.16,°C
2026-09-27,01:31:51,Humidity,43.09,%
2026-09-27,01:31:51,AQI,1.0,
2026-09-27,01:31:51,TVOC,7.87,ppb
2026-09-27,01:31:51,eCO2,400.0,ppm
2026-09-27,01:31:51,Broadband,0.0,lux
2026-09-27,01:31:51,Infrared,0.0,lux
2026-09-27,01:32:21,Temperature,24.19,°C
2026-09-27,01:32:21,Humidity,43.12,%
2026-09-27,01:32:21,AQI,1.0,
2026-09-27,01:32:21,TVOC,7.47,ppb
2026-09-27,01:32:21,eCO2,400.0,ppm
2026-09-27,01:32:21,Broadband,0.0,lux
2026-09-27,01:32:21,Infrared,0.0,lux
2026-09-27,01:32:51,Temperature,24.23,°C
2026-09-27,01:32:51,Humidity,43.08,%
2026-09-27,01:32:51,AQI,1.0,
2026-09-27,01:32:51,TVOC,7.73,ppb
2026-09-27,01:32:51,eCO2,400.0,ppm
2026-09-27,01:32:51,Broadband,0.0,lux
2026-09-27,01:32:51,Infrared,0.0,lux
2026-09-27,01:33:21,Temperature,24.22,°C
2026-09-27,01:33:21,Humidity,43.02,%
2026-09-27,01:33:21,AQI,1.0,
2026-09-27,01:33:21,TVOC,7.17,ppb
2026-09-27,01:33:21,eCO2,400.0,ppm
2026-09-27,01:33:21,Broadband,0.0,lux
2026-09-27,01:33:21,Infrared,0.0,lux
2026-09-27,01:33:51,Temperature,24.2,°C
2026-09-27,01:33:51,Humidity,42.98,%
2026-09-27,01:33:51,AQI,1.0,
2026-09-27,01:33:51,TVOC,5.5,ppb
2026-09-27,01:33:51,eCO2,400.0,ppm
2026-09-27,01:33:51,Broadband,0.0,lux
2026-09-27,01:33:51,Infrared,0.0,lux
2026-09-27,01:34:21,Temperature,24.21,°C
2026-09-27,01:34:21,Humidity,43.01,%
2026-09-27,01:34:21,AQI,1.0,
2026-09-27,01:34:21,TVOC,6.6,ppb
2026-09-27,01:34:21,eCO2,400.0,ppm
2026-09-27,01:34:21,Broadband,0.0,lux
2026-09-27,01:34:21,Infrared,0.0,lux
2026-09-27,01:34:51,Temperature,24.25,°C
2026-09-27,01:34:51,Humidity,42.99,%
2026-09-27,01:34:51,AQI,1.0,
2026-09-27,01:34:51,TVOC,6.73,ppb
2026-09-27,01:34:51,eCO2,400.0,ppm
2026-09-27,01:34:51,Broadband,0.0,lux
2026-09-27,01:34:51,Infrared,0.0,lux
2026-09-27,01:35:21,Temperature,24.21,°C
2026-09-27,01:35:21,Humidity,42.9,%
2026-09-27,01:35:21,AQI,1.0,
2026-09-27,01:35:21,TVOC,7.3,ppb
2026-09-27,01:35:21,eCO2,400.0,ppm
2026-09-27,01:35:21,Broadband,0.0,lux
2026-09-27,01:35:21,Infrared,0.0,lux
2026-09-27,01:35:51,Temperature,24.18,°C
2026-09-27,01:35:51,Humidity,42.97,%
2026-09-27,01:35:51,AQI,1.0,
2026-09-27,01:35:51,TVOC,8.57,ppb
2026-09-27,01:35:51,eCO2,400.0,ppm
2026-09-27,01:35:51,Broadband,0.0,lux
2026-09-27,01:35:51,Infrared,0.0,lux
2026-09-27,01:36:21,Temperature,24.16,°C
2026-09-27,01:36:21,Humidity,43.04,%
2026-09-27,01:36:21,AQI,1.0,
2026-09-27,01:36:21,TVOC,7.5,ppb
2026-09-27,01:36:21,eCO2,400.0,ppm
2026-09-27,01:36:21,Broadband,0.0,lux
2026-09-27,01:36:21,Infrared,0.0,lux
2026-09-27,01:36:51,Temperature,24.13,°C
2026-09-27,01:36:51,Humidity,43.01,%
2026-09-27,01:36:51,AQI,1.0,
2026-09-27,01:36:51,TVOC,6.6,ppb
2026-09-27,01:36:51,eCO2,400.0,ppm
2026-09-27,01:36:51,Broadband,0.0,lux
2026-09-27,01:36:51,Infrared,0.0,lux
2026-09-27,01:37:21,Temperature,24.15,°C
2026-09-27,01:37:21,Humidity,43.06,%
2026-09-27,01:37:21,AQI,1.0,
2026-09-27,01:37:21,TVOC,8.17,ppb
2026-09-27,01:37:21,eCO2,400.0,ppm
2026-09-27,01:37:21,Broadband,0.0,lux
2026-09-27,01:37:21,Infrared,0.0,lux
2026-09-27,01:37:51,Temperature,24.18,°C
2026-09-27,01:37:51,Humidity,42.99,%
2026-09-27,01:37:51,AQI,1.0,
2026-09-27,01:37:51,TVOC,7.93,ppb
2026-09-27,01:37:51,eCO2,400.0,ppm
2026-09-27,01:37:51,Broadband,0.0,lux
2026-09-27,01:37:51,Infrared,0.0,lux
2026-09-27,01:38:21,Temperature,24.19,°C
2026-09-27,01:38:21,Humidity,42.98,%
2026-09-27,01:38:21,AQI,1.0,
2026-09-27,01:38:21,TVOC,8.93,ppb
2026-09-27,01:38:21,eCO2,400.0,ppm
2026-09-27,01:38:21,Broadband,0.0,lux
2026-09-27,01:38:21,Infrared,0.0,lux
2026-09-27,01:38:51,Temperature,24.21,°C
2026-09-27,01:38:51,Humidity,43.0,%
2026-09-27,01:38:51,AQI,1.0,
2026-09-27,01:38:51,TVOC,9.6,ppb
2026-09-27,01:38:51,eCO2,400.0,ppm
2026-09-27,01:38:51,Broadband,0.0,lux
2026-09-27,01:38:51,Infrared,0.0,lux
2026-09-27,01:39:21,Temperature,24.21,°C
2026-09-27,01:39:21,Humidity,42.94,%
2026-09-27,01:39:21,AQI,1.0,
2026-09-27,01:39:21,TVOC,9.33,ppb
2026-09-27,01:39:21,eCO2,400.0,ppm
2026-09-27,01:39:21,Broadband,0.0,lux
2026-09-27,01:39:21,Infrared,0.0,lux
2026-09-27,01:39:51,Temperature,24.17,°C
2026-09-27,01:39:51,Humidity,42.92,%
2026-09-27,01:39:51,AQI,1.0,
2026-09-27,01:39:51,TVOC,8.17,ppb
2026-09-27,01:39:51,eCO2,400.0,ppm
2026-09-27,01:39:51,Broadband,0.0,lux
2026-09-27,01:39:51,Infrared,0.0,lux
2026-09-27,01:40:21,Temperature,24.19,°C
2026-09-27,01:40:21,Humidity,42.96,%
2026-09-27,01:40:21,AQI,1.0,
2026-09-27,01:40:21,TVOC,8.73,ppb
2026-09-27,01:40:21,eCO2,400.0,ppm
2026-09-27,01:40:21,Broadband,0.0,lux
2026-09-27,01:40:21,Infrared,0.0,lux
2026-09-27,01:40:51,Temperature,24.24,°C
2026-09-27,01:40:51,Humidity,42.88,%
2026-09-27,01:40:51,AQI,1.0,
2026-09-27,01:40:51,TVOC,8.97,ppb
2026-09-27,01:40:51,eCO2,400.0,ppm
2026-09-27,01:40:51,Broadband,0.0,lux
2026-09-27,01:40:51,Infrared,0.0,lux
2026-09-27,01:41:21,Temperature,24.21,°C
2026-09-27,01:41:21,Humidity,42.83,%
2026-09-27,01:41:21,AQI,1.0,
2026-09-27,01:41:21,TVOC,9.07,ppb
2026-09-27,01:41:21,eCO2,400.0,ppm
2026-09-27,01:41:21,Broadband,0.0,lux
2026-09-27,01:41:21,Infrared,0.0,lux
2026-09-27,01:41:51,Temperature,24.16,°C
2026-09-27,01:41:51,Humidity,42.82,%
2026-09-27,01:41:51,AQI,1.0,
2026-09-27,01:41:51,TVOC,6.73,ppb
2026-09-27,01:41:51,eCO2,400.0,ppm
2026-09-27,01:41:51,Broadband,0.0,lux
2026-09-27,01:41:51,Infrared,0.0,lux
2026-09-27,01:42:21,Temperature,24.18,°C
2026-09-27,01:42:21,Humidity,42.87,%
2026-09-27,01:42:21,AQI,1.0,
2026-09-27,01:42:21,TVOC,8.53,ppb
2026-09-27,01:42:21,eCO2,400.0,ppm
2026-09-27,01:42:21,Broadband,0.0,lux
2026-09-27,01:42:21,Infrared,0.0,lux
2026-09-27,01:42:51,Temperature,24.16,°C
2026-09-27,01:42:51,Humidity,42.86,%
2026-09-27,01:42:51,AQI,1.0,
2026-09-27,01:42:51,TVOC,9.17,ppb
2026-09-27,01:42:51,eCO2,400.0,ppm
2026-09-27,01:42:51,Broadband,0.0,lux
2026-09-27,01:42:51,Infrared,0.0,lux
2026-09-27,01:43:21,Temperature,24.14,°C
2026-09-27,01:43:21,Humidity,42.85,%
2026-09-27,01:43:21,AQI,1.0,
2026-09-27,01:43:21,TVOC,8.53,ppb
2026-09-27,01:43:21,eCO2,400.0,ppm
2026-09-27,01:43:21,Broadband,0.0,lux
2026-09-27,01:43:21,Infrared,0.0,lux
2026-09-27,01:43:51,Temperature,24.13,°C
2026-09-27,01:43:51,Humidity,42.91,%
2026-09-27,01:43:51,AQI,1.0,
2026-09-27,01:43:51,TVOC,9.03,ppb
2026-09-27,01:43:51,eCO2,400.0,ppm
2026-09-27,01:43:51,Broadband,0.0,lux
2026-09-27,01:43:51,Infrared,0.0,lux
2026-09-27,01:44:21,Temperature,24.17,°C
2026-09-27,01:44:21,Humidity,42.93,%
2026-09-27,01:44:21,AQI,1.0,
2026-09-27,01:44:21,TVOC,10.4,ppb
2026-09-27,01:44:21,eCO2,400.0,ppm
2026-09-27,01:44:21,Broadband,0.0,lux
2026-09-27,01:44:21,Infrared,0.0,lux
2026-09-27,01:44:51,Temperature,24.16,°C
2026-09-27,01:44:51,Humidity,42.81,%
2026-09-27,01:44:51,AQI,1.0,
2026-09-27,01:44:51,TVOC,8.93,ppb
2026-09-27,01:44:51,eCO2,400.0,ppm
2026-09-27,01:44:51,Broadband,0.0,lux
2026-09-27,01:44:51,Infrared,0.0,lux
2026-09-27,01:45:21,Temperature,24.13,°C
2026-09-27,01:45:21,Humidity,42.75,%
2026-09-27,01:45:21,AQI,1.0,
2026-09-27,01:45:21,TVOC,5.67,ppb
2026-09-27,01:45:21,eCO2,400.0,ppm
2026-09-27,01:45:21,Broadband,0.0,lux
2026-09-27,01:45:21,Infrared,0.0,lux
2026-09-27,01:45:51,Temperature,24.12,°C
2026-09-27,01:45:51,Humidity,42.82,%
2026-09-27,01:45:51,AQI,1.0,
2026-09-27,01:45:51,TVOC,9.9,ppb
2026-09-27,01:45:51,eCO2,400.0,ppm
2026-09-27,01:45:51,Broadband,0.0,lux
2026-09-27,01:45:51,Infrared,0.0,lux
2026-09-27,01:46:21,Temperature,24.12,°C
2026-09-27,01:46:21,Humidity,42.83,%
2026-09-27,01:46:21,AQI,1.0,
2026-09-27,01:46:21,TVOC,9.53,ppb
2026-09-27,01:46:21,eCO2,400.0,ppm
2026-09-27,01:46:21,Broadband,0.0,lux
2026-09-27,01:46:21,Infrared,0.0,lux
2026-09-27,01:46:51,Temperature,24.15,°C
2026-09-27,01:46:51,Humidity,42.8,%
2026-09-27,01:46:51,AQI,1.0,
2026-09-27,01:46:51,TVOC,10.33,ppb
2026-09-27,01:46:51,eCO2,400.0,ppm
2026-09-27,01:46:51,Broadband,0.0,lux
2026-09-27,01:46:51,Infrared,0.0,lux
2026-09-27,01:47:21,Temperature,24.09,°C
2026-09-27,01:47:21,Humidity,42.81,%
2026-09-27,01:47:21,AQI,1.0,
2026-09-27,01:47:21,TVOC,10.6,ppb
2026-09-27,01:47:21,eCO2,400.0,ppm
2026-09-27,01:47:21,Broadband,0.0,lux
2026-09-27,01:47:21,Infrared,0.0,lux
2026-09-27,01:47:51,Temperature,24.1,°C
2026-09-27,01:47:51,Humidity,42.9,%
2026-09-27,01:47:51,AQI,1.0,
2026-09-27,01:47:51,TVOC,14.4,ppb
2026-09-27,01:47:51,eCO2,400.0,ppm
2026-09-27,01:47:51,Broadband,0.0,lux
2026-09-27,01:47:51,Infrared,0.0,lux
2026-09-27,01:48:21,Temperature,24.11,°C
2026-09-27,01:48:21,Humidity,42.83,%
2026-09-27,01:48:21,AQI,1.0,
2026-09-27,01:48:21,TVOC,12.03,ppb
2026-09-27,01:48:21,eCO2,400.0,ppm
2026-09-27,01:48:21,Broadband,0.0,lux
2026-09-27,01:48:21,Infrared,0.0,lux
2026-09-27,01:48:51,Temperature,24.08,°C
2026-09-27,01:48:51,Humidity,42.81,%
2026-09-27,01:48:51,AQI,1.0,
2026-09-27,01:48:51,TVOC,11.93,ppb
2026-09-27,01:48:51,eCO2,400.0,ppm
2026-09-27,01:48:51,Broadband,0.0,lux
2026-09-27,01:48:51,Infrared,0.0,lux
2026-09-27,01:49:21,Temperature,24.06,°C
2026-09-27,01:49:21,Humidity,42.87,%
2026-09-27,01:49:21,AQI,1.0,
2026-09-27,01:49:21,TVOC,12.97,ppb
2026-09-27,01:49:21,eCO2,400.0,ppm
2026-09-27,01:49:21,Broadband,0.0,lux
2026-09-27,01:49:21,Infrared,0.0,lux
2026-09-27,01:49:51,Temperature,24.04,°C
2026-09-27,01:49:51,Humidity,42.9,%
2026-09-27,01:49:51,AQI,1.0,
2026-09-27,01:49:51,TVOC,12.63,ppb
2026-09-27,01:49:51,eCO2,400.0,ppm
2026-09-27,01:49:51,Broadband,0.0,lux
2026-09-27,01:49:51,Infrared,0.0,lux
2026-09-27,01:50:21,Temperature,24.11,°C
2026-09-27,01:50:21,Humidity,42.9,%
2026-09-27,01:50:21,AQI,1.0,
2026-09-27,01:50:21,TVOC,14.23,ppb
2026-09-27,01:50:21,eCO2,400.0,ppm
2026-09-27,01:50:21,Broadband,0.0,lux
2026-09-27,01:50:21,Infrared,0.0,lux
2026-09-27,01:50:51,Temperature,24.13,°C
2026-09-27,01:50:51,Humidity,42.78,%
2026-09-27,01:50:51,AQI,1.0,
2026-09-27,01:50:51,TVOC,13.4,ppb
2026-09-27,01:50:51,eCO2,400.0,ppm
2026-09-27,01:50:51,Broadband,0.0,lux
2026-09-27,01:50:51,Infrared,0.0,lux
2026-09-27,01:51:21,Temperature,24.08,°C
2026-09-27,01:51:21,Humidity,42.75,%
2026-09-27,01:51:21,AQI,1.0,
2026-09-27,01:51:21,TVOC,13.97,ppb
2026-09-27,01:51:21,eCO2,400.0,ppm
2026-09-27,01:51:21,Broadband,0.0,lux
2026-09-27,01:51:21,Infrared,0.0,lux
2026-09-27,01:51:51,Temperature,24.07,°C
2026-09-27,01:51:51,Humidity,42.77,%
2026-09-27,01:51:51,AQI,1.0,
2026-09-27,01:51:51,TVOC,16.1,ppb
2026-09-27,01:51:51,eCO2,400.47,ppm
2026-09-27,01:51:51,Broadband,0.0,lux
2026-09-27,01:51:51,Infrared,0.0,lux
2026-09-27,01:52:21,Temperature,24.03,°C
2026-09-27,01:52:21,Humidity,42.83,%
2026-09-27,01:52:21,AQI,1.0,
2026-09-27,01:52:21,TVOC,15.27,ppb
2026-09-27,01:52:21,eCO2,400.0,ppm
2026-09-27,01:52:21,Broadband,0.0,lux
2026-09-27,01:52:21,Infrared,0.0,lux
2026-09-27,01:52:51,Temperature,24.08,°C
2026-09-27,01:52:51,Humidity,42.82,%
2026-09-27,01:52:51,AQI,1.0,
2026-09-27,01:52:51,TVOC,12.93,ppb
2026-09-27,01:52:51,eCO2,400.0,ppm
2026-09-27,01:52:51,Broadband,0.0,lux
2026-09-27,01:52:51,Infrared,0.0,lux
2026-09-27,01:53:21,Temperature,24.1,°C
2026-09-27,01:53:21,Humidity,42.78,%
2026-09-27,01:53:21,AQI,1.0,
2026-09-27,01:53:21,TVOC,14.63,ppb
2026-09-27,01:53:21,eCO2,400.0,ppm
2026-09-27,01:53:21,Broadband,0.0,lux
2026-09-27,01:53:21,Infrared,0.0,lux
2026-09-27,01:53:51,Temperature,24.07,°C
2026-09-27,01:53:51,Humidity,42.75,%
2026-09-27,01:53:51,AQI,1.0,
2026-09-27,01:53:51,TVOC,13.77,ppb
2026-09-27,01:53:51,eCO2,400.0,ppm
2026-09-27,01:53:51,Broadband,0.0,lux
2026-09-27,01:53:51,Infrared,0.0,lux
2026-09-27,01:54:21,Temperature,24.04,°C
2026-09-27,01:54:21,Humidity,42.78,%
2026-09-27,01:54:21,AQI,1.0,
2026-09-27,01:54:21,TVOC,14.17,ppb
2026-09-27,01:54:21,eCO2,400.03,ppm
2026-09-27,01:54:21,Broadband,0.0,lux
2026-09-27,01:54:21,Infrared,0.0,lux
2026-09-27,01:54:51,Temperature,24.03,°C
2026-09-27,01:54:51,Humidity,42.8,%
2026-09-27,01:54:51,AQI,1.0,
2026-09-27,01:54:51,TVOC,14.23,ppb
2026-09-27,01:54:51,eCO2,400.0,ppm
2026-09-27,01:54:51,Broadband,0.0,lux
2026-09-27,01:54:51,Infrared,0.0,lux
2026-09-27,01:55:21,Temperature,24.04,°C
2026-09-27,01:55:21,Humidity,42.78,%
2026-09-27,01:55:21,AQI,1.0,
2026-09-27,01:55:21,TVOC,12.93,ppb
2026-09-27,01:55:21,eCO2,400.0,ppm
2026-09-27,01:55:21,Broadband,0.0,lux
2026-09-27,01:55:21,Infrared,0.0,lux
2026-09-27,01:55:51,Temperature,24.08,°C
2026-09-27,01:55:51,Humidity,42.74,%
2026-09-27,01:55:51,AQI,1.0,
2026-09-27,01:55:51,TVOC,12.87,ppb
2026-09-27,01:55:51,eCO2,400.0,ppm
2026-09-27,01:55:51,Broadband,0.0,lux
2026-09-27,01:55:51,Infrared,0.0,lux
2026-09-27,01:56:21,Temperature,24.08,°C
2026-09-27,01:56:21,Humidity,42.66,%
2026-09-27,01:56:21,AQI,1.0,
2026-09-27,01:56:21,TVOC,12.6,ppb
2026-09-27,01:56:21,eCO2,400.0,ppm
2026-09-27,01:56:21,Broadband,0.0,lux
2026-09-27,01:56:21,Infrared,0.0,lux
2026-09-27,01:56:51,Temperature,24.07,°C
2026-09-27,01:56:51,Humidity,42.63,%
2026-09-27,01:56:51,AQI,1.0,
2026-09-27,01:56:51,TVOC,13.43,ppb
2026-09-27,01:56:51,eCO2,400.0,ppm
2026-09-27,01:56:51,Broadband,0.0,lux
2026-09-27,01:56:51,Infrared,0.0,lux
2026-09-27,01:57:21,Temperature,24.03,°C
2026-09-27,01:57:21,Humidity,42.65,%
2026-09-27,01:57:21,AQI,1.0,
2026-09-27,01:57:21,TVOC,12.4,ppb
2026-09-27,01:57:21,eCO2,400.0,ppm
2026-09-27,01:57:21,Broadband,0.0,lux
2026-09-27,01:57:21,Infrared,0.0,lux
2026-09-27,01:57:51,Temperature,24.05,°C
2026-09-27,01:57:51,Humidity,42.65,%
2026-09-27,01:57:51,AQI,1.0,
2026-09-27,01:57:51,TVOC,11.0,ppb
2026-09-27,01:57:51,eCO2,400.0,ppm
2026-09-27,01:57:51,Broadband,0.0,lux
2026-09-27,01:57:51,Infrared,0.0,lux
2026-09-27,01:58:21,Temperature,24.07,°C
2026-09-27,01:58:21,Humidity,42.67,%
2026-09-27,01:58:21,AQI,1.0,
2026-09-27,01:58:21,TVOC,13.83,ppb
2026-09-27,01:58:21,eCO2,400.0,ppm
2026-09-27,01:58:21,Broadband,0.0,lux
2026-09-27,01:58:21,Infrared,0.0,lux
2026-09-27,01:58:51,Temperature,24.04,°C
2026-09-27,01:58:51,Humidity,42.64,%
2026-09-27,01:58:51,AQI,1.0,
2026-09-27,01:58:51,TVOC,12.93,ppb
2026-09-27,01:58:51,eCO2,400.0,ppm
2026-09-27,01:58:51,Broadband,0.0,lux
2026-09-27,01:58:51,Infrared,0.0,lux
2026-09-27,01:59:21,Temperature,24.02,°C
2026-09-27,01:59:21,Humidity,42.67,%
2026-09-27,01:59:21,AQI,1.0,
2026-09-27,01:59:21,TVOC,14.1,ppb
2026-09-27,01:59:21,eCO2,400.0,ppm
2026-09-27,01:59:21,Broadband,0.0,lux
2026-09-27,01:59:21,Infrared,0.0,lux
2026-09-27,01:59:51,Temperature,23.97,°C
2026-09-27,01:59:51,Humidity,42.7,%
2026-09-27,01:59:51,AQI,1.0,
2026-09-27,01:59:51,TVOC,13.67,ppb
2026-09-27,01:59:51,eCO2,400.0,ppm
2026-09-27,01:59:51,Broadband,0.0,lux
2026-09-27,01:59:51,Infrared,0.0,lux
2026-09-27,02:00:21,Temperature,24.0,°C
2026-09-27,02:00:21,Humidity,42.74,%
2026-09-27,02:00:21,AQI,1.0,
2026-09-27,02:00:21,TVOC,14.27,ppb
2026-09-27,02:00:21,eCO2,400.0,ppm
2026-09-27,02:00:21,Broadband,0.0,lux
2026-09-27,02:00:21,Infrared,0.0,lux
2026-09-27,02:00:51,Temperature,24.01,°C
2026-09-27,02:00:51,Humidity,42.7,%
2026-09-27,02:00:51,AQI,1.0,
2026-09-27,02:00:51,TVOC,14.23,ppb
2026-09-27,02:00:51,eCO2,400.0,ppm
2026-09-27,02:00:51,Broadband,0.0,lux
2026-09-27,02:00:51,Infrared,0.0,lux
2026-09-27,02:01:21,Temperature,24.01,°C
2026-09-27,02:01:21,Humidity,42.62,%
2026-09-27,02:01:21,AQI,1.0,
2026-09-27,02:01:21,TVOC,11.33,ppb
2026-09-27,02:01:21,eCO2,400.0,ppm
2026-09-27,02:01:21,Broadband,0.0,lux
2026-09-27,02:01:21,Infrared,0.0,lux
2026-09-27,02:01:51,Temperature,24.05,°C
2026-09-27,02:01:51,Humidity,42.6,%
2026-09-27,02:01:51,AQI,1.0,
2026-09-27,02:01:51,TVOC,13.43,ppb
2026-09-27,02:01:51,eCO2,400.0,ppm
2026-09-27,02:01:51,Broadband,0.0,lux
2026-09-27,02:01:51,Infrared,0.0,lux
2026-09-27,02:02:21,Temperature,24.06,°C
2026-09-27,02:02:21,Humidity,42.57,%
2026-09-27,02:02:21,AQI,1.0,
2026-09-27,02:02:21,TVOC,13.73,ppb
2026-09-27,02:02:21,eCO2,400.0,ppm
2026-09-27,02:02:21,Broadband,0.0,lux
2026-09-27,02:02:21,Infrared,0.0,lux
2026-09-27,02:02:51,Temperature,24.1,°C
2026-09-27,02:02:51,Humidity,42.53,%
2026-09-27,02:02:51,AQI,1.0,
2026-09-27,02:02:51,TVOC,14.87,ppb
2026-09-27,02:02:51,eCO2,400.0,ppm
2026-09-27,02:02:51,Broadband,0.0,lux
2026-09-27,02:02:51,Infrared,0.0,lux
2026-09-27,02:03:21,Temperature,24.06,°C
2026-09-27,02:03:21,Humidity,42.5,%
2026-09-27,02:03:21,AQI,1.0,
2026-09-27,02:03:21,TVOC,14.37,ppb
2026-09-27,02:03:21,eCO2,400.0,ppm
2026-09-27,02:03:21,Broadband,0.0,lux
2026-09-27,02:03:21,Infrared,0.0,lux
2026-09-27,02:03:51,Temperature,24.05,°C
2026-09-27,02:03:51,Humidity,42.54,%
2026-09-27,02:03:51,AQI,1.0,
2026-09-27,02:03:51,TVOC,14.53,ppb
2026-09-27,02:03:51,eCO2,400.0,ppm
2026-09-27,02:03:51,Broadband,0.0,lux
2026-09-27,02:03:51,Infrared,0.0,lux
2026-09-27,02:04:21,Temperature,24.08,°C
2026-09-27,02:04:21,Humidity,42.48,%
2026-09-27,02:04:21,AQI,1.0,
2026-09-27,02:04:21,TVOC,13.23,ppb
2026-09-27,02:04:21,eCO2,400.0,ppm
2026-09-27,02:04:21,Broadband,0.0,lux
2026-09-27,02:04:21,Infrared,0.0,lux
2026-09-27,02:04:51,Temperature,24.06,°C
2026-09-27,02:04:51,Humidity,42.45,%
2026-09-27,02:04:51,AQI,1.0,
2026-09-27,02:04:51,TVOC,14.93,ppb
2026-09-27,02:04:51,eCO2,400.03,ppm
2026-09-27,02:04:51,Broadband,0.0,lux
2026-09-27,02:04:51,Infrared,0.0,lux
2026-09-27,02:05:21,Temperature,24.03,°C
2026-09-27,02:05:21,Humidity,42.53,%
2026-09-27,02:05:21,AQI,1.0,
2026-09-27,02:05:21,TVOC,16.97,ppb
2026-09-27,02:05:21,eCO2,400.4,ppm
2026-09-27,02:05:21,Broadband,0.0,lux
2026-09-27,02:05:21,Infrared,0.0,lux
2026-09-27,02:05:51,Temperature,24.01,°C
2026-09-27,02:05:51,Humidity,42.56,%
2026-09-27,02:05:51,AQI,1.0,
2026-09-27,02:05:51,TVOC,15.83,ppb
2026-09-27,02:05:51,eCO2,400.0,ppm
2026-09-27,02:05:51,Broadband,0.0,lux
2026-09-27,02:05:51,Infrared,0.0,lux
2026-09-27,02:06:21,Temperature,24.01,°C
2026-09-27,02:06:21,Humidity,42.56,%
2026-09-27,02:06:21,AQI,1.0,
2026-09-27,02:06:21,TVOC,14.8,ppb
2026-09-27,02:06:21,eCO2,400.0,ppm
2026-09-27,02:06:21,Broadband,0.0,lux
2026-09-27,02:06:21,Infrared,0.0,lux
2026-09-27,02:06:51,Temperature,24.03,°C
2026-09-27,02:06:51,Humidity,42.54,%
2026-09-27,02:06:51,AQI,1.0,
2026-09-27,02:06:51,TVOC,16.1,ppb
2026-09-27,02:06:51,eCO2,400.07,ppm
2026-09-27,02:06:51,Broadband,0.0,lux
2026-09-27,02:06:51,Infrared,0.0,lux
2026-09-27,02:07:21,Temperature,24.06,°C
2026-09-27,02:07:21,Humidity,42.52,%
2026-09-27,02:07:21,AQI,1.0,
2026-09-27,02:07:21,TVOC,17.83,ppb
2026-09-27,02:07:21,eCO2,400.43,ppm
2026-09-27,02:07:21,Broadband,0.0,lux
2026-09-27,02:07:21,Infrared,0.0,lux
2026-09-27,02:07:51,Temperature,24.03,°C
2026-09-27,02:07:51,Humidity,42.45,%
2026-09-27,02:07:51,AQI,1.0,
2026-09-27,02:07:51,TVOC,14.9,ppb
2026-09-27,02:07:51,eCO2,400.0,ppm
2026-09-27,02:07:51,Broadband,0.0,lux
2026-09-27,02:07:51,Infrared,0.0,lux
2026-09-27,02:08:21,Temperature,24.04,°C
2026-09-27,02:08:21,Humidity,42.46,%
2026-09-27,02:08:21,AQI,1.0,
2026-09-27,02:08:21,TVOC,15.2,ppb
2026-09-27,02:08:21,eCO2,400.0,ppm
2026-09-27,02:08:21,Broadband,0.0,lux
2026-09-27,02:08:21,Infrared,0.0,lux
2026-09-27,02:08:51,Temperature,23.99,°C
2026-09-27,02:08:51,Humidity,42.48,%
2026-09-27,02:08:51,AQI,1.0,
2026-09-27,02:08:51,TVOC,16.13,ppb
2026-09-27,02:08:51,eCO2,400.0,ppm
2026-09-27,02:08:51,Broadband,0.0,lux
2026-09-27,02:08:51,Infrared,0.0,lux
2026-09-27,02:09:21,Temperature,23.99,°C
2026-09-27,02:09:21,Humidity,42.48,%
2026-09-27,02:09:21,AQI,1.0,
2026-09-27,02:09:21,TVOC,15.7,ppb
2026-09-27,02:09:21,eCO2,400.03,ppm
2026-09-27,02:09:21,Broadband,0.0,lux
2026-09-27,02:09:21,Infrared,0.0,lux
2026-09-27,02:09:51,Temperature,24.0,°C
2026-09-27,02:09:51,Humidity,42.44,%
2026-09-27,02:09:51,AQI,1.0,
2026-09-27,02:09:51,TVOC,15.43,ppb
2026-09-27,02:09:51,eCO2,400.27,ppm
2026-09-27,02:09:51,Broadband,0.0,lux
2026-09-27,02:09:51,Infrared,0.0,lux
2026-09-27,02:10:21,Temperature,23.99,°C
2026-09-27,02:10:21,Humidity,42.46,%
2026-09-27,02:10:21,AQI,1.0,
2026-09-27,02:10:21,TVOC,15.13,ppb
2026-09-27,02:10:21,eCO2,400.03,ppm
2026-09-27,02:10:21,Broadband,0.0,lux
2026-09-27,02:10:21,Infrared,0.0,lux
2026-09-27,02:10:51,Temperature,23.97,°C
2026-09-27,02:10:51,Humidity,42.49,%
2026-09-27,02:10:51,AQI,1.0,
2026-09-27,02:10:51,TVOC,15.7,ppb
2026-09-27,02:10:51,eCO2,400.0,ppm
2026-09-27,02:10:51,Broadband,0.0,lux
2026-09-27,02:10:51,Infrared,0.0,lux
2026-09-27,02:11:21,Temperature,23.98,°C
2026-09-27,02:11:21,Humidity,42.51,%
2026-09-27,02:11:21,AQI,1.0,
2026-09-27,02:11:21,TVOC,18.37,ppb
2026-09-27,02:11:21,eCO2,400.1,ppm
2026-09-27,02:11:21,Broadband,0.0,lux
2026-09-27,02:11:21,Infrared,0.0,lux
2026-09-27,02:11:51,Temperature,23.98,°C
2026-09-27,02:11:51,Humidity,42.48,%
2026-09-27,02:11:51,AQI,1.0,
2026-09-27,02:11:51,TVOC,17.77,ppb
2026-09-27,02:11:51,eCO2,400.2,ppm
2026-09-27,02:11:51,Broadband,0.0,lux
2026-09-27,02:11:51,Infrared,0.0,lux
2026-09-27,02:12:21,Temperature,23.96,°C
2026-09-27,02:12:21,Humidity,42.49,%
2026-09-27,02:12:21,AQI,1.0,
2026-09-27,02:12:21,TVOC,16.2,ppb
2026-09-27,02:12:21,eCO2,400.0,ppm
2026-09-27,02:12:21,Broadband,0.0,lux
2026-09-27,02:12:21,Infrared,0.0,lux
2026-09-27,02:12:51,Temperature,23.97,°C
2026-09-27,02:12:51,Humidity,42.46,%
2026-09-27,02:12:51,AQI,1.0,
2026-09-27,02:12:51,TVOC,15.6,ppb
2026-09-27,02:12:51,eCO2,400.0,ppm
2026-09-27,02:12:51,Broadband,0.0,lux
2026-09-27,02:12:51,Infrared,0.0,lux
2026-09-27,02:13:21,Temperature,23.97,°C
2026-09-27,02:13:21,Humidity,42.46,%
2026-09-27,02:13:21,AQI,1.0,
2026-09-27,02:13:21,TVOC,15.77,ppb
2026-09-27,02:13:21,eCO2,400.0,ppm
2026-09-27,02:13:21,Broadband,0.0,lux
2026-09-27,02:13:21,Infrared,0.0,lux
2026-09-27,02:13:51,Temperature,23.95,°C
2026-09-27,02:13:51,Humidity,42.47,%
2026-09-27,02:13:51,AQI,1.0,
2026-09-27,02:13:51,TVOC,17.6,ppb
2026-09-27,02:13:51,eCO2,400.37,ppm
2026-09-27,02:13:51,Broadband,0.0,lux
2026-09-27,02:13:51,Infrared,0.0,lux
2026-09-27,02:14:21,Temperature,23.95,°C
2026-09-27,02:14:21,Humidity,42.49,%
2026-09-27,02:14:21,AQI,1.0,
2026-09-27,02:14:21,TVOC,18.57,ppb
2026-09-27,02:14:21,eCO2,400.17,ppm
2026-09-27,02:14:21,Broadband,0.0,lux
2026-09-27,02:14:21,Infrared,0.0,lux
2026-09-27,02:14:51,Temperature,24.01,°C
2026-09-27,02:14:51,Humidity,42.42,%
2026-09-27,02:14:51,AQI,1.0,
2026-09-27,02:14:51,TVOC,15.07,ppb
2026-09-27,02:14:51,eCO2,400.0,ppm
2026-09-27,02:14:51,Broadband,0.0,lux
2026-09-27,02:14:51,Infrared,0.0,lux
2026-09-27,02:15:21,Temperature,24.03,°C
2026-09-27,02:15:21,Humidity,42.35,%
2026-09-27,02:15:21,AQI,1.0,
2026-09-27,02:15:21,TVOC,17.57,ppb
2026-09-27,02:15:21,eCO2,400.13,ppm
2026-09-27,02:15:21,Broadband,0.0,lux
2026-09-27,02:15:21,Infrared,0.0,lux
2026-09-27,02:15:51,Temperature,24.02,°C
2026-09-27,02:15:51,Humidity,42.33,%
2026-09-27,02:15:51,AQI,1.0,
2026-09-27,02:15:51,TVOC,18.47,ppb
2026-09-27,02:15:51,eCO2,400.33,ppm
2026-09-27,02:15:51,Broadband,0.0,lux
2026-09-27,02:15:51,Infrared,0.0,lux
2026-09-27,02:16:21,Temperature,23.96,°C
2026-09-27,02:16:21,Humidity,42.37,%
2026-09-27,02:16:21,AQI,1.0,
2026-09-27,02:16:21,TVOC,19.4,ppb
2026-09-27,02:16:21,eCO2,400.73,ppm
2026-09-27,02:16:21,Broadband,0.0,lux
2026-09-27,02:16:21,Infrared,0.0,lux
2026-09-27,02:16:51,Temperature,23.99,°C
2026-09-27,02:16:51,Humidity,42.4,%
2026-09-27,02:16:51,AQI,1.0,
2026-09-27,02:16:51,TVOC,19.3,ppb
2026-09-27,02:16:51,eCO2,400.73,ppm
2026-09-27,02:16:51,Broadband,0.0,lux
2026-09-27,02:16:51,Infrared,0.0,lux
2026-09-27,02:17:21,Temperature,23.94,°C
2026-09-27,02:17:21,Humidity,42.36,%
2026-09-27,02:17:21,AQI,1.0,
2026-09-27,02:17:21,TVOC,18.47,ppb
2026-09-27,02:17:21,eCO2,400.27,ppm
2026-09-27,02:17:21,Broadband,0.0,lux
2026-09-27,02:17:21,Infrared,0.0,lux
2026-09-27,02:17:51,Temperature,23.9,°C
2026-09-27,02:17:51,Humidity,42.49,%
2026-09-27,02:17:51,AQI,1.0,
2026-09-27,02:17:51,TVOC,19.83,ppb
2026-09-27,02:17:51,eCO2,400.7,ppm
2026-09-27,02:17:51,Broadband,0.0,lux
2026-09-27,02:17:51,Infrared,0.0,lux
2026-09-27,02:18:21,Temperature,23.91,°C
2026-09-27,02:18:21,Humidity,42.49,%
2026-09-27,02:18:21,AQI,1.0,
2026-09-27,02:18:21,TVOC,18.5,ppb
2026-09-27,02:18:21,eCO2,400.47,ppm
2026-09-27,02:18:21,Broadband,0.0,lux
2026-09-27,02:18:21,Infrared,0.0,lux
2026-09-27,02:18:51,Temperature,23.9,°C
2026-09-27,02:18:51,Humidity,42.52,%
2026-09-27,02:18:51,AQI,1.0,
2026-09-27,02:18:51,TVOC,18.33,ppb
2026-09-27,02:18:51,eCO2,400.47,ppm
2026-09-27,02:18:51,Broadband,0.0,lux
2026-09-27,02:18:51,Infrared,0.0,lux
2026-09-27,02:19:21,Temperature,23.92,°C
2026-09-27,02:19:21,Humidity,42.5,%
2026-09-27,02:19:21,AQI,1.0,
2026-09-27,02:19:21,TVOC,18.57,ppb
2026-09-27,02:19:21,eCO2,400.0,ppm
2026-09-27,02:19:21,Broadband,0.0,lux
2026-09-27,02:19:21,Infrared,0.0,lux
2026-09-27,02:19:51,Temperature,23.99,°C
2026-09-27,02:19:51,Humidity,42.44,%
2026-09-27,02:19:51,AQI,1.0,
2026-09-27,02:19:51,TVOC,21.83,ppb
2026-09-27,02:19:51,eCO2,402.27,ppm
2026-09-27,02:19:51,Broadband,0.0,lux
2026-09-27,02:19:51,Infrared,0.0,lux
2026-09-27,02:20:21,Temperature,23.92,°C
2026-09-27,02:20:21,Humidity,42.4,%
2026-09-27,02:20:21,AQI,1.0,
2026-09-27,02:20:21,TVOC,21.27,ppb
2026-09-27,02:20:21,eCO2,401.27,ppm
2026-09-27,02:20:21,Broadband,0.0,lux
2026-09-27,02:20:21,Infrared,0.0,lux
2026-09-27,02:20:51,Temperature,23.93,°C
2026-09-27,02:20:51,Humidity,42.45,%
2026-09-27,02:20:51,AQI,1.0,
2026-09-27,02:20:51,TVOC,22.47,ppb
2026-09-27,02:20:51,eCO2,401.77,ppm
2026-09-27,02:20:51,Broadband,0.0,lux
2026-09-27,02:20:51,Infrared,0.0,lux
2026-09-27,02:21:21,Temperature,23.92,°C
2026-09-27,02:21:21,Humidity,42.42,%
2026-09-27,02:21:21,AQI,1.0,
2026-09-27,02:21:21,TVOC,20.27,ppb
2026-09-27,02:21:21,eCO2,401.03,ppm
2026-09-27,02:21:21,Broadband,0.0,lux
2026-09-27,02:21:21,Infrared,0.0,lux
2026-09-27,02:21:51,Temperature,23.92,°C
2026-09-27,02:21:51,Humidity,42.44,%
2026-09-27,02:21:51,AQI,1.0,
2026-09-27,02:21:51,TVOC,21.5,ppb
2026-09-27,02:21:51,eCO2,401.43,ppm
2026-09-27,02:21:51,Broadband,0.0,lux
2026-09-27,02:21:51,Infrared,0.0,lux
2026-09-27,02:22:21,Temperature,23.93,°C
2026-09-27,02:22:21,Humidity,42.42,%
2026-09-27,02:22:21,AQI,1.0,
2026-09-27,02:22:21,TVOC,21.63,ppb
2026-09-27,02:22:21,eCO2,401.8,ppm
2026-09-27,02:22:21,Broadband,0.0,lux
2026-09-27,02:22:21,Infrared,0.0,lux
2026-09-27,02:22:51,Temperature,23.89,°C
2026-09-27,02:22:51,Humidity,42.4,%
2026-09-27,02:22:51,AQI,1.0,
2026-09-27,02:22:51,TVOC,22.37,ppb
2026-09-27,02:22:51,eCO2,402.97,ppm
2026-09-27,02:22:51,Broadband,0.0,lux
2026-09-27,02:22:51,Infrared,0.0,lux
2026-09-27,02:23:21,Temperature,23.89,°C
2026-09-27,02:23:21,Humidity,42.4,%
2026-09-27,02:23:21,AQI,1.0,
2026-09-27,02:23:21,TVOC,21.2,ppb
2026-09-27,02:23:21,eCO2,401.97,ppm
2026-09-27,02:23:21,Broadband,0.0,lux
2026-09-27,02:23:21,Infrared,0.0,lux
2026-09-27,02:23:51,Temperature,23.9,°C
2026-09-27,02:23:51,Humidity,42.44,%
2026-09-27,02:23:51,AQI,1.0,
2026-09-27,02:23:51,TVOC,24.0,ppb
2026-09-27,02:23:51,eCO2,403.33,ppm
2026-09-27,02:23:51,Broadband,0.0,lux
2026-09-27,02:23:51,Infrared,0.0,lux
2026-09-27,02:24:21,Temperature,23.87,°C
2026-09-27,02:24:21,Humidity,42.43,%
2026-09-27,02:24:21,AQI,1.0,
2026-09-27,02:24:21,TVOC,23.93,ppb
2026-09-27,02:24:21,eCO2,403.3,ppm
2026-09-27,02:24:21,Broadband,0.0,lux
2026-09-27,02:24:21,Infrared,0.0,lux
2026-09-27,02:24:51,Temperature,23.85,°C
2026-09-27,02:24:51,Humidity,42.47,%
2026-09-27,02:24:51,AQI,1.0,
2026-09-27,02:24:51,TVOC,24.93,ppb
2026-09-27,02:24:51,eCO2,405.23,ppm
2026-09-27,02:24:51,Broadband,0.0,lux
2026-09-27,02:24:51,Infrared,0.0,lux
2026-09-27,02:25:21,Temperature,23.88,°C
2026-09-27,02:25:21,Humidity,42.46,%
2026-09-27,02:25:21,AQI,1.0,
2026-09-27,02:25:21,TVOC,23.57,ppb
2026-09-27,02:25:21,eCO2,403.6,ppm
2026-09-27,02:25:21,Broadband,0.0,lux
2026-09-27,02:25:21,Infrared,0.0,lux
2026-09-27,02:25:51,Temperature,23.93,°C
2026-09-27,02:25:51,Humidity,42.43,%
2026-09-27,02:25:51,AQI,1.0,
2026-09-27,02:25:51,TVOC,24.53,ppb
2026-09-27,02:25:51,eCO2,403.7,ppm
2026-09-27,02:25:51,Broadband,0.0,lux
2026-09-27,02:25:51,Infrared,0.0,lux
2026-09-27,02:26:21,Temperature,23.94,°C
2026-09-27,02:26:21,Humidity,42.37,%
2026-09-27,02:26:21,AQI,1.0,
2026-09-27,02:26:21,TVOC,24.5,ppb
2026-09-27,02:26:21,eCO2,404.0,ppm
2026-09-27,02:26:21,Broadband,0.0,lux
2026-09-27,02:26:21,Infrared,0.0,lux
2026-09-27,02:26:51,Temperature,23.94,°C
2026-09-27,02:26:51,Humidity,42.31,%
2026-09-27,02:26:51,AQI,1.0,
2026-09-27,02:26:51,TVOC,24.37,ppb
2026-09-27,02:26:51,eCO2,404.3,ppm
2026-09-27,02:26:51,Broadband,0.0,lux
2026-09-27,02:26:51,Infrared,0.0,lux
2026-09-27,02:27:21,Temperature,23.9,°C
2026-09-27,02:27:21,Humidity,42.3,%
2026-09-27,02:27:21,AQI,1.0,
2026-09-27,02:27:21,TVOC,24.87,ppb
2026-09-27,02:27:21,eCO2,404.83,ppm
2026-09-27,02:27:21,Broadband,0.0,lux
2026-09-27,02:27:21,Infrared,0.0,lux
2026-09-27,02:27:51,Temperature,23.85,°C
2026-09-27,02:27:51,Humidity,42.41,%
2026-09-27,02:27:51,AQI,1.0,
2026-09-27,02:27:51,TVOC,24.87,ppb
2026-09-27,02:27:51,eCO2,404.0,ppm
2026-09-27,02:27:51,Broadband,0.0,lux
2026-09-27,02:27:51,Infrared,0.0,lux
2026-09-27,02:28:21,Temperature,23.87,°C
2026-09-27,02:28:21,Humidity,42.44,%
2026-09-27,02:28:21,AQI,1.0,
2026-09-27,02:28:21,TVOC,26.17,ppb
2026-09-27,02:28:21,eCO2,406.47,ppm
2026-09-27,02:28:21,Broadband,0.0,lux
2026-09-27,02:28:21,Infrared,0.0,lux
2026-09-27,02:28:51,Temperature,23.86,°C
2026-09-27,02:28:51,Humidity,42.43,%
2026-09-27,02:28:51,AQI,1.0,
2026-09-27,02:28:51,TVOC,26.5,ppb
2026-09-27,02:28:51,eCO2,407.53,ppm
2026-09-27,02:28:51,Broadband,0.0,lux
2026-09-27,02:28:51,Infrared,0.0,lux
2026-09-27,02:29:21,Temperature,23.83,°C
2026-09-27,02:29:21,Humidity,42.47,%
2026-09-27,02:29:21,AQI,1.0,
2026-09-27,02:29:21,TVOC,26.07,ppb
2026-09-27,02:29:21,eCO2,406.73,ppm
2026-09-27,02:29:21,Broadband,0.0,lux
2026-09-27,02:29:21,Infrared,0.0,lux
2026-09-27,02:29:51,Temperature,23.86,°C
2026-09-27,02:29:51,Humidity,42.49,%
2026-09-27,02:29:51,AQI,1.0,
2026-09-27,02:29:51,TVOC,26.9,ppb
2026-09-27,02:29:51,eCO2,408.37,ppm
2026-09-27,02:29:51,Broadband,0.0,lux
2026-09-27,02:29:51,Infrared,0.0,lux
2026-09-27,02:30:21,Temperature,23.89,°C
2026-09-27,02:30:21,Humidity,42.44,%
2026-09-27,02:30:21,AQI,1.0,
2026-09-27,02:30:21,TVOC,25.93,ppb
2026-09-27,02:30:21,eCO2,407.2,ppm
2026-09-27,02:30:21,Broadband,0.0,lux
2026-09-27,02:30:21,Infrared,0.0,lux
2026-09-27,02:30:51,Temperature,23.87,°C
2026-09-27,02:30:51,Humidity,42.42,%
2026-09-27,02:30:51,AQI,1.0,
2026-09-27,02:30:51,TVOC,26.7,ppb
2026-09-27,02:30:51,eCO2,407.77,ppm
2026-09-27,02:30:51,Broadband,0.0,lux
2026-09-27,02:30:51,Infrared,0.0,lux
2026-09-27,02:31:21,Temperature,23.85,°C
2026-09-27,02:31:21,Humidity,42.43,%
2026-09-27,02:31:21,AQI,1.0,
2026-09-27,02:31:21,TVOC,27.53,ppb
2026-09-27,02:31:21,eCO2,410.07,ppm
2026-09-27,02:31:21,Broadband,0.0,lux
2026-09-27,02:31:21,Infrared,0.0,lux
2026-09-27,02:31:51,Temperature,23.87,°C
2026-09-27,02:31:51,Humidity,42.42,%
2026-09-27,02:31:51,AQI,1.0,
2026-09-27,02:31:51,TVOC,26.93,ppb
2026-09-27,02:31:51,eCO2,408.13,ppm
2026-09-27,02:31:51,Broadband,0.0,lux
2026-09-27,02:31:51,Infrared,0.0,lux
2026-09-27,02:32:21,Temperature,23.88,°C
2026-09-27,02:32:21,Humidity,42.38,%
2026-09-27,02:32:21,AQI,1.0,
2026-09-27,02:32:21,TVOC,26.43,ppb
2026-09-27,02:32:21,eCO2,408.33,ppm
2026-09-27,02:32:21,Broadband,0.0,lux
2026-09-27,02:32:21,Infrared,0.0,lux
2026-09-27,02:32:51,Temperature,23.91,°C
2026-09-27,02:32:51,Humidity,42.37,%
2026-09-27,02:32:51,AQI,1.0,
2026-09-27,02:32:51,TVOC,28.5,ppb
2026-09-27,02:32:51,eCO2,411.33,ppm
2026-09-27,02:32:51,Broadband,0.0,lux
2026-09-27,02:32:51,Infrared,0.0,lux
2026-09-27,02:33:21,Temperature,23.92,°C
2026-09-27,02:33:21,Humidity,42.32,%
2026-09-27,02:33:21,AQI,1.0,
2026-09-27,02:33:21,TVOC,28.43,ppb
2026-09-27,02:33:21,eCO2,411.1,ppm
2026-09-27,02:33:21,Broadband,0.0,lux
2026-09-27,02:33:21,Infrared,0.0,lux
2026-09-27,02:33:51,Temperature,23.9,°C
2026-09-27,02:33:51,Humidity,42.31,%
2026-09-27,02:33:51,AQI,1.0,
2026-09-27,02:33:51,TVOC,29.07,ppb
2026-09-27,02:33:51,eCO2,412.27,ppm
2026-09-27,02:33:51,Broadband,0.0,lux
2026-09-27,02:33:51,Infrared,0.0,lux
2026-09-27,02:34:21,Temperature,23.92,°C
2026-09-27,02:34:21,Humidity,42.3,%
2026-09-27,02:34:21,AQI,1.0,
2026-09-27,02:34:21,TVOC,27.77,ppb
2026-09-27,02:34:21,eCO2,409.83,ppm
2026-09-27,02:34:21,Broadband,0.0,lux
2026-09-27,02:34:21,Infrared,0.0,lux
2026-09-27,02:34:51,Temperature,23.9,°C
2026-09-27,02:34:51,Humidity,42.31,%
2026-09-27,02:34:51,AQI,1.0,
2026-09-27,02:34:51,TVOC,29.13,ppb
2026-09-27,02:34:51,eCO2,412.07,ppm
2026-09-27,02:34:51,Broadband,0.0,lux
2026-09-27,02:34:51,Infrared,0.0,lux
2026-09-27,02:35:21,Temperature,23.9,°C
2026-09-27,02:35:21,Humidity,42.3,%
2026-09-27,02:35:21,AQI,1.0,
2026-09-27,02:35:21,TVOC,29.0,ppb
2026-09-27,02:35:21,eCO2,411.93,ppm
2026-09-27,02:35:21,Broadband,0.0,lux
2026-09-27,02:35:21,Infrared,0.0,lux
2026-09-27,02:35:51,Temperature,23.89,°C
2026-09-27,02:35:51,Humidity,42.31,%
2026-09-27,02:35:51,AQI,1.0,
2026-09-27,02:35:51,TVOC,29.1,ppb
2026-09-27,02:35:51,eCO2,412.43,ppm
2026-09-27,02:35:51,Broadband,0.0,lux
2026-09-27,02:35:51,Infrared,0.0,lux
2026-09-27,02:36:21,Temperature,23.88,°C
2026-09-27,02:36:21,Humidity,42.38,%
2026-09-27,02:36:21,AQI,1.0,
2026-09-27,02:36:21,TVOC,30.97,ppb
2026-09-27,02:36:21,eCO2,416.33,ppm
2026-09-27,02:36:21,Broadband,0.0,lux
2026-09-27,02:36:21,Infrared,0.0,lux
2026-09-27,02:36:51,Temperature,23.89,°C
2026-09-27,02:36:51,Humidity,42.35,%
2026-09-27,02:36:51,AQI,1.0,
2026-09-27,02:36:51,TVOC,30.5,ppb
2026-09-27,02:36:51,eCO2,415.1,ppm
2026-09-27,02:36:51,Broadband,0.0,lux
2026-09-27,02:36:51,Infrared,0.0,lux
2026-09-27,02:37:21,Temperature,23.88,°C
2026-09-27,02:37:21,Humidity,42.33,%
2026-09-27,02:37:21,AQI,1.0,
2026-09-27,02:37:21,TVOC,30.73,ppb
2026-09-27,02:37:21,eCO2,416.5,ppm
2026-09-27,02:37:21,Broadband,0.0,lux
2026-09-27,02:37:21,Infrared,0.0,lux
2026-09-27,02:37:51,Temperature,23.89,°C
2026-09-27,02:37:51,Humidity,42.36,%
2026-09-27,02:37:51,AQI,1.0,
2026-09-27,02:37:51,TVOC,30.57,ppb
2026-09-27,02:37:51,eCO2,415.43,ppm
2026-09-27,02:37:51,Broadband,0.0,lux
2026-09-27,02:37:51,Infrared,0.0,lux
2026-09-27,02:38:21,Temperature,23.86,°C
2026-09-27,02:38:21,Humidity,42.36,%
2026-09-27,02:38:21,AQI,1.0,
2026-09-27,02:38:21,TVOC,33.3,ppb
2026-09-27,02:38:21,eCO2,421.6,ppm
2026-09-27,02:38:21,Broadband,0.0,lux
2026-09-27,02:38:21,Infrared,0.0,lux
2026-09-27,02:38:51,Temperature,23.86,°C
2026-09-27,02:38:51,Humidity,42.41,%
2026-09-27,02:38:51,AQI,1.0,
2026-09-27,02:38:51,TVOC,32.6,ppb
2026-09-27,02:38:51,eCO2,420.03,ppm
2026-09-27,02:38:51,Broadband,0.0,lux
2026-09-27,02:38:51,Infrared,0.0,lux
2026-09-27,02:39:21,Temperature,23.91,°C
2026-09-27,02:39:21,Humidity,42.33,%
2026-09-27,02:39:21,AQI,1.0,
2026-09-27,02:39:21,TVOC,30.97,ppb
2026-09-27,02:39:21,eCO2,416.2,ppm
2026-09-27,02:39:21,Broadband,0.0,lux
2026-09-27,02:39:21,Infrared,0.0,lux
2026-09-27,02:39:51,Temperature,23.87,°C
2026-09-27,02:39:51,Humidity,42.32,%
2026-09-27,02:39:51,AQI,1.0,
2026-09-27,02:39:51,TVOC,32.93,ppb
2026-09-27,02:39:51,eCO2,420.7,ppm
2026-09-27,02:39:51,Broadband,0.0,lux
2026-09-27,02:39:51,Infrared,0.0,lux
2026-09-27,02:40:21,Temperature,23.85,°C
2026-09-27,02:40:21,Humidity,42.34,%
2026-09-27,02:40:21,AQI,1.0,
2026-09-27,02:40:21,TVOC,30.77,ppb
2026-09-27,02:40:21,eCO2,415.93,ppm
2026-09-27,02:40:21,Broadband,0.0,lux
2026-09-27,02:40:21,Infrared,0.0,lux
2026-09-27,02:40:51,Temperature,23.79,°C
2026-09-27,02:40:51,Humidity,42.38,%
2026-09-27,02:40:51,AQI,1.0,
2026-09-27,02:40:51,TVOC,32.1,ppb
2026-09-27,02:40:51,eCO2,418.7,ppm
2026-09-27,02:40:51,Broadband,0.0,lux
2026-09-27,02:40:51,Infrared,0.0,lux
2026-09-27,02:41:21,Temperature,23.78,°C
2026-09-27,02:41:21,Humidity,42.44,%
2026-09-27,02:41:21,AQI,1.0,
2026-09-27,02:41:21,TVOC,31.53,ppb
2026-09-27,02:41:21,eCO2,417.57,ppm
2026-09-27,02:41:21,Broadband,0.0,lux
2026-09-27,02:41:21,Infrared,0.0,lux
2026-09-27,02:41:51,Temperature,23.8,°C
2026-09-27,02:41:51,Humidity,42.46,%
2026-09-27,02:41:51,AQI,1.0,
2026-09-27,02:41:51,TVOC,32.67,ppb
2026-09-27,02:41:51,eCO2,419.87,ppm
2026-09-27,02:41:51,Broadband,0.0,lux
2026-09-27,02:41:51,Infrared,0.0,lux
2026-09-27,02:42:21,Temperature,23.8,°C
2026-09-27,02:42:21,Humidity,42.46,%
2026-09-27,02:42:21,AQI,1.0,
2026-09-27,02:42:21,TVOC,34.53,ppb
2026-09-27,02:42:21,eCO2,424.37,ppm
2026-09-27,02:42:21,Broadband,0.0,lux
2026-09-27,02:42:21,Infrared,0.0,lux
2026-09-27,02:42:51,Temperature,23.81,°C
2026-09-27,02:42:51,Humidity,42.47,%
2026-09-27,02:42:51,AQI,1.0,
2026-09-27,02:42:51,TVOC,33.27,ppb
2026-09-27,02:42:51,eCO2,421.53,ppm
2026-09-27,02:42:51,Broadband,0.0,lux
2026-09-27,02:42:51,Infrared,0.0,lux
2026-09-27,02:43:21,Temperature,23.82,°C
2026-09-27,02:43:21,Humidity,42.47,%
2026-09-27,02:43:21,AQI,1.0,
2026-09-27,02:43:21,TVOC,35.07,ppb
2026-09-27,02:43:21,eCO2,425.23,ppm
2026-09-27,02:43:21,Broadband,0.0,lux
2026-09-27,02:43:21,Infrared,0.0,lux
2026-09-27,02:43:51,Temperature,23.84,°C
2026-09-27,02:43:51,Humidity,42.44,%
2026-09-27,02:43:51,AQI,1.0,
2026-09-27,02:43:51,TVOC,35.27,ppb
2026-09-27,02:43:51,eCO2,425.77,ppm
2026-09-27,02:43:51,Broadband,0.0,lux
2026-09-27,02:43:51,Infrared,0.0,lux
2026-09-27,02:44:21,Temperature,23.83,°C
2026-09-27,02:44:21,Humidity,42.47,%
2026-09-27,02:44:21,AQI,1.0,
2026-09-27,02:44:21,TVOC,35.37,ppb
2026-09-27,02:44:21,eCO2,425.97,ppm
2026-09-27,02:44:21,Broadband,0.0,lux
2026-09-27,02:44:21,Infrared,0.0,lux
2026-09-27,02:44:51,Temperature,23.8,°C
2026-09-27,02:44:51,Humidity,42.43,%
2026-09-27,02:44:51,AQI,1.0,
2026-09-27,02:44:51,TVOC,34.23,ppb
2026-09-27,02:44:51,eCO2,423.57,ppm
2026-09-27,02:44:51,Broadband,0.0,lux
2026-09-27,02:44:51,Infrared,0.0,lux
2026-09-27,02:45:21,Temperature,23.83,°C
2026-09-27,02:45:21,Humidity,42.42,%
2026-09-27,02:45:21,AQI,1.0,
2026-09-27,02:45:21,TVOC,34.8,ppb
2026-09-27,02:45:21,eCO2,424.93,ppm
2026-09-27,02:45:21,Broadband,0.0,lux
2026-09-27,02:45:21,Infrared,0.0,lux
2026-09-27,02:45:51,Temperature,23.85,°C
2026-09-27,02:45:51,Humidity,42.38,%
2026-09-27,02:45:51,AQI,1.0,
2026-09-27,02:45:51,TVOC,36.03,ppb
2026-09-27,02:45:51,eCO2,427.43,ppm
2026-09-27,02:45:51,Broadband,0.0,lux
2026-09-27,02:45:51,Infrared,0.0,lux
2026-09-27,02:46:21,Temperature,23.84,°C
2026-09-27,02:46:21,Humidity,42.41,%
2026-09-27,02:46:21,AQI,1.0,
2026-09-27,02:46:21,TVOC,37.4,ppb
2026-09-27,02:46:21,eCO2,430.63,ppm
2026-09-27,02:46:21,Broadband,0.0,lux
2026-09-27,02:46:21,Infrared,0.0,lux
2026-09-27,02:46:51,Temperature,23.85,°C
2026-09-27,02:46:51,Humidity,42.39,%
2026-09-27,02:46:51,AQI,1.0,
2026-09-27,02:46:51,TVOC,36.47,ppb
2026-09-27,02:46:51,eCO2,428.5,ppm
2026-09-27,02:46:51,Broadband,0.0,lux
2026-09-27,02:46:51,Infrared,0.0,lux
2026-09-27,02:47:21,Temperature,23.83,°C
2026-09-27,02:47:21,Humidity,42.36,%
2026-09-27,02:47:21,AQI,1.0,
2026-09-27,02:47:21,TVOC,35.7,ppb
2026-09-27,02:47:21,eCO2,426.57,ppm
2026-09-27,02:47:21,Broadband,0.0,lux
2026-09-27,02:47:21,Infrared,0.0,lux
2026-09-27,02:47:51,Temperature,23.83,°C
2026-09-27,02:47:51,Humidity,42.37,%
2026-09-27,02:47:51,AQI,1.0,
2026-09-27,02:47:51,TVOC,37.67,ppb
2026-09-27,02:47:51,eCO2,431.2,ppm
2026-09-27,02:47:51,Broadband,0.0,lux
2026-09-27,02:47:51,Infrared,0.0,lux
2026-09-27,02:48:21,Temperature,23.83,°C
2026-09-27,02:48:21,Humidity,42.35,%
2026-09-27,02:48:21,AQI,1.0,
2026-09-27,02:48:21,TVOC,37.47,ppb
2026-09-27,02:48:21,eCO2,430.63,ppm
2026-09-27,02:48:21,Broadband,0.0,lux
2026-09-27,02:48:21,Infrared,0.0,lux
2026-09-27,02:48:51,Temperature,23.84,°C
2026-09-27,02:48:51,Humidity,42.37,%
2026-09-27,02:48:51,AQI,1.0,
2026-09-27,02:48:51,TVOC,37.4,ppb
2026-09-27,02:48:51,eCO2,430.6,ppm
2026-09-27,02:48:51,Broadband,0.0,lux
2026-09-27,02:48:51,Infrared,0.0,lux
2026-09-27,02:49:21,Temperature,23.82,°C
2026-09-27,02:49:21,Humidity,42.4,%
2026-09-27,02:49:21,AQI,1.0,
2026-09-27,02:49:21,TVOC,40.47,ppb
2026-09-27,02:49:21,eCO2,437.07,ppm
2026-09-27,02:49:21,Broadband,0.0,lux
2026-09-27,02:49:21,Infrared,0.0,lux
2026-09-27,02:49:51,Temperature,23.82,°C
2026-09-27,02:49:51,Humidity,42.43,%
2026-09-27,02:49:51,AQI,1.0,
2026-09-27,02:49:51,TVOC,41.0,ppb
2026-09-27,02:49:51,eCO2,438.17,ppm
2026-09-27,02:49:51,Broadband,0.0,lux
2026-09-27,02:49:51,Infrared,0.0,lux
2026-09-27,02:50:21,Temperature,23.82,°C
2026-09-27,02:50:21,Humidity,42.4,%
2026-09-27,02:50:21,AQI,1.0,
2026-09-27,02:50:21,TVOC,38.17,ppb
2026-09-27,02:50:21,eCO2,432.1,ppm
2026-09-27,02:50:21,Broadband,0.0,lux
2026-09-27,02:50:21,Infrared,0.0,lux
2026-09-27,02:50:51,Temperature,23.8,°C
2026-09-27,02:50:51,Humidity,42.39,%
2026-09-27,02:50:51,AQI,1.0,
2026-09-27,02:50:51,TVOC,38.6,ppb
2026-09-27,02:50:51,eCO2,433.0,ppm
2026-09-27,02:50:51,Broadband,0.0,lux
2026-09-27,02:50:51,Infrared,0.0,lux
2026-09-27,02:51:21,Temperature,23.82,°C
2026-09-27,02:51:21,Humidity,42.41,%
2026-09-27,02:51:21,AQI,1.0,
2026-09-27,02:51:21,TVOC,39.5,ppb
2026-09-27,02:51:21,eCO2,434.87,ppm
2026-09-27,02:51:21,Broadband,0.0,lux
2026-09-27,02:51:21,Infrared,0.0,lux
2026-09-27,02:51:51,Temperature,23.8,°C
2026-09-27,02:51:51,Humidity,42.37,%
2026-09-27,02:51:51,AQI,1.0,
2026-09-27,02:51:51,TVOC,39.57,ppb
2026-09-27,02:51:51,eCO2,435.27,ppm
2026-09-27,02:51:51,Broadband,0.0,lux
2026-09-27,02:51:51,Infrared,0.0,lux
2026-09-27,02:52:21,Temperature,23.82,°C
2026-09-27,02:52:21,Humidity,42.38,%
2026-09-27,02:52:21,AQI,1.0,
2026-09-27,02:52:21,TVOC,37.8,ppb
2026-09-27,02:52:21,eCO2,431.37,ppm
2026-09-27,02:52:21,Broadband,0.0,lux
2026-09-27,02:52:21,Infrared,0.0,lux
2026-09-27,02:52:51,Temperature,23.81,°C
2026-09-27,02:52:51,Humidity,42.41,%
2026-09-27,02:52:51,AQI,1.0,
2026-09-27,02:52:51,TVOC,39.4,ppb
2026-09-27,02:52:51,eCO2,434.8,ppm
2026-09-27,02:52:51,Broadband,0.0,lux
2026-09-27,02:52:51,Infrared,0.0,lux
2026-09-27,02:53:21,Temperature,23.81,°C
2026-09-27,02:53:21,Humidity,42.39,%
2026-09-27,02:53:21,AQI,1.0,
2026-09-27,02:53:21,TVOC,40.33,ppb
2026-09-27,02:53:21,eCO2,436.7,ppm
2026-09-27,02:53:21,Broadband,0.0,lux
2026-09-27,02:53:21,Infrared,0.0,lux
2026-09-27,02:53:51,Temperature,23.81,°C
2026-09-27,02:53:51,Humidity,42.37,%
2026-09-27,02:53:51,AQI,1.0,
2026-09-27,02:53:51,TVOC,39.93,ppb
2026-09-27,02:53:51,eCO2,435.73,ppm
2026-09-27,02:53:51,Broadband,0.0,lux
2026-09-27,02:53:51,Infrared,0.0,lux
2026-09-27,02:54:21,Temperature,23.82,°C
2026-09-27,02:54:21,Humidity,42.4,%
2026-09-27,02:54:21,AQI,1.0,
2026-09-27,02:54:21,TVOC,38.3,ppb
2026-09-27,02:54:21,eCO2,432.27,ppm
2026-09-27,02:54:21,Broadband,0.0,lux
2026-09-27,02:54:21,Infrared,0.0,lux
2026-09-27,02:54:51,Temperature,23.8,°C
2026-09-27,02:54:51,Humidity,42.43,%
2026-09-27,02:54:51,AQI,1.0,
2026-09-27,02:54:51,TVOC,40.97,ppb
2026-09-27,02:54:51,eCO2,438.13,ppm
2026-09-27,02:54:51,Broadband,0.0,lux
2026-09-27,02:54:51,Infrared,0.0,lux
2026-09-27,02:55:21,Temperature,23.79,°C
2026-09-27,02:55:21,Humidity,42.43,%
2026-09-27,02:55:21,AQI,1.0,
2026-09-27,02:55:21,TVOC,40.33,ppb
2026-09-27,02:55:21,eCO2,436.77,ppm
2026-09-27,02:55:21,Broadband,0.0,lux
2026-09-27,02:55:21,Infrared,0.0,lux
2026-09-27,02:55:51,Temperature,23.78,°C
2026-09-27,02:55:51,Humidity,42.41,%
2026-09-27,02:55:51,AQI,1.0,
2026-09-27,02:55:51,TVOC,41.57,ppb
2026-09-27,02:55:51,eCO2,439.2,ppm
2026-09-27,02:55:51,Broadband,0.0,lux
2026-09-27,02:55:51,Infrared,0.0,lux
2026-09-27,02:56:21,Temperature,23.79,°C
2026-09-27,02:56:21,Humidity,42.41,%
2026-09-27,02:56:21,AQI,1.0,
2026-09-27,02:56:21,TVOC,40.53,ppb
2026-09-27,02:56:21,eCO2,437.07,ppm
2026-09-27,02:56:21,Broadband,0.0,lux
2026-09-27,02:56:21,Infrared,0.0,lux
2026-09-27,02:56:51,Temperature,23.8,°C
2026-09-27,02:56:51,Humidity,42.38,%
2026-09-27,02:56:51,AQI,1.0,
2026-09-27,02:56:51,TVOC,41.13,ppb
2026-09-27,02:56:51,eCO2,438.47,ppm
2026-09-27,02:56:51,Broadband,0.0,lux
2026-09-27,02:56:51,Infrared,0.0,lux
2026-09-27,02:57:21,Temperature,23.81,°C
2026-09-27,02:57:21,Humidity,42.39,%
2026-09-27,02:57:21,AQI,1.0,
2026-09-27,02:57:21,TVOC,40.63,ppb
2026-09-27,02:57:21,eCO2,437.2,ppm
2026-09-27,02:57:21,Broadband,0.0,lux
2026-09-27,02:57:21,Infrared,0.0,lux
2026-09-27,02:57:51,Temperature,23.83,°C
2026-09-27,02:57:51,Humidity,42.39,%
2026-09-27,02:57:51,AQI,1.0,
2026-09-27,02:57:51,TVOC,40.83,ppb
2026-09-27,02:57:51,eCO2,437.83,ppm
2026-09-27,02:57:51,Broadband,0.0,lux
2026-09-27,02:57:51,Infrared,0.0,lux
2026-09-27,02:58:21,Temperature,23.8,°C
2026-09-27,02:58:21,Humidity,42.35,%
2026-09-27,02:58:21,AQI,1.0,
2026-09-27,02:58:21,TVOC,41.5,ppb
2026-09-27,02:58:21,eCO2,439.03,ppm
2026-09-27,02:58:21,Broadband,0.0,lux
2026-09-27,02:58:21,Infrared,0.0,lux
2026-09-27,02:58:51,Temperature,23.77,°C
2026-09-27,02:58:51,Humidity,42.38,%
2026-09-27,02:58:51,AQI,1.0,
2026-09-27,02:58:51,TVOC,41.57,ppb
2026-09-27,02:58:51,eCO2,439.5,ppm
2026-09-27,02:58:51,Broadband,0.0,lux
2026-09-27,02:58:51,Infrared,0.0,lux
2026-09-27,02:59:21,Temperature,23.76,°C
2026-09-27,02:59:21,Humidity,42.42,%
2026-09-27,02:59:21,AQI,1.0,
2026-09-27,02:59:21,TVOC,41.03,ppb
2026-09-27,02:59:21,eCO2,438.3,ppm
2026-09-27,02:59:21,Broadband,0.0,lux
2026-09-27,02:59:21,Infrared,0.0,lux
2026-09-27,02:59:51,Temperature,23.74,°C
2026-09-27,02:59:51,Humidity,42.42,%
2026-09-27,02:59:51,AQI,1.0,
2026-09-27,02:59:51,TVOC,40.8,ppb
2026-09-27,02:59:51,eCO2,437.6,ppm
2026-09-27,02:59:51,Broadband,0.0,lux
2026-09-27,02:59:51,Infrared,0.0,lux
2026-09-27,03:00:21,Temperature,23.73,°C
2026-09-27,03:00:21,Humidity,42.45,%
2026-09-27,03:00:21,AQI,1.0,
2026-09-27,03:00:21,TVOC,41.57,ppb
2026-09-27,03:00:21,eCO2,439.3,ppm
2026-09-27,03:00:21,Broadband,0.0,lux
2026-09-27,03:00:21,Infrared,0.0,lux
2026-09-27,03:00:51,Temperature,23.77,°C
2026-09-27,03:00:51,Humidity,42.44,%
2026-09-27,03:00:51,AQI,1.0,
2026-09-27,03:00:51,TVOC,41.4,ppb
2026-09-27,03:00:51,eCO2,438.83,ppm
2026-09-27,03:00:51,Broadband,0.0,lux
2026-09-27,03:00:51,Infrared,0.0,lux
2026-09-27,03:01:21,Temperature,23.75,°C
2026-09-27,03:01:21,Humidity,42.42,%
2026-09-27,03:01:21,AQI,1.0,
2026-09-27,03:01:21,TVOC,39.73,ppb
2026-09-27,03:01:21,eCO2,435.53,ppm
2026-09-27,03:01:21,Broadband,0.0,lux
2026-09-27,03:01:21,Infrared,0.0,lux
2026-09-27,03:01:51,Temperature,23.77,°C
2026-09-27,03:01:51,Humidity,42.45,%
2026-09-27,03:01:51,AQI,1.0,
2026-09-27,03:01:51,TVOC,42.13,ppb
2026-09-27,03:01:51,eCO2,440.53,ppm
2026-09-27,03:01:51,Broadband,0.0,lux
2026-09-27,03:01:51,Infrared,0.0,lux
2026-09-27,03:02:21,Temperature,23.78,°C
2026-09-27,03:02:21,Humidity,42.4,%
2026-09-27,03:02:21,AQI,1.0,
2026-09-27,03:02:21,TVOC,42.8,ppb
2026-09-27,03:02:21,eCO2,441.97,ppm
2026-09-27,03:02:21,Broadband,0.0,lux
2026-09-27,03:02:21,Infrared,0.0,lux
2026-09-27,03:02:51,Temperature,23.74,°C
2026-09-27,03:02:51,Humidity,42.41,%
2026-09-27,03:02:51,AQI,1.0,
2026-09-27,03:02:51,TVOC,43.17,ppb
2026-09-27,03:02:51,eCO2,442.7,ppm
2026-09-27,03:02:51,Broadband,0.0,lux
2026-09-27,03:02:51,Infrared,0.0,lux
2026-09-27,03:03:21,Temperature,23.75,°C
2026-09-27,03:03:21,Humidity,42.41,%
2026-09-27,03:03:21,AQI,1.0,
2026-09-27,03:03:21,TVOC,42.17,ppb
2026-09-27,03:03:21,eCO2,440.47,ppm
2026-09-27,03:03:21,Broadband,0.0,lux
2026-09-27,03:03:21,Infrared,0.0,lux
2026-09-27,03:03:51,Temperature,23.76,°C
2026-09-27,03:03:51,Humidity,42.41,%
2026-09-27,03:03:51,AQI,1.0,
2026-09-27,03:03:51,TVOC,42.93,ppb
2026-09-27,03:03:51,eCO2,442.1,ppm
2026-09-27,03:03:51,Broadband,0.0,lux
2026-09-27,03:03:51,Infrared,0.0,lux
2026-09-27,03:04:21,Temperature,23.78,°C
2026-09-27,03:04:21,Humidity,42.39,%
2026-09-27,03:04:21,AQI,1.0,
2026-09-27,03:04:21,TVOC,42.27,ppb
2026-09-27,03:04:21,eCO2,440.9,ppm
2026-09-27,03:04:21,Broadband,0.0,lux
2026-09-27,03:04:21,Infrared,0.0,lux
2026-09-27,03:04:51,Temperature,23.73,°C
2026-09-27,03:04:51,Humidity,42.39,%
2026-09-27,03:04:51,AQI,1.0,
2026-09-27,03:04:51,TVOC,43.93,ppb
2026-09-27,03:04:51,eCO2,444.07,ppm
2026-09-27,03:04:51,Broadband,0.0,lux
2026-09-27,03:04:51,Infrared,0.0,lux
2026-09-27,03:05:21,Temperature,23.73,°C
2026-09-27,03:05:21,Humidity,42.47,%
2026-09-27,03:05:21,AQI,1.0,
2026-09-27,03:05:21,TVOC,45.23,ppb
2026-09-27,03:05:21,eCO2,446.9,ppm
2026-09-27,03:05:21,Broadband,0.0,lux
2026-09-27,03:05:21,Infrared,0.0,lux
2026-09-27,03:05:51,Temperature,23.76,°C
2026-09-27,03:05:51,Humidity,42.48,%
2026-09-27,03:05:51,AQI,1.0,
2026-09-27,03:05:51,TVOC,44.43,ppb
2026-09-27,03:05:51,eCO2,445.23,ppm
2026-09-27,03:05:51,Broadband,0.0,lux
2026-09-27,03:05:51,Infrared,0.0,lux
2026-09-27,03:06:21,Temperature,23.76,°C
2026-09-27,03:06:21,Humidity,42.47,%
2026-09-27,03:06:21,AQI,1.0,
2026-09-27,03:06:21,TVOC,43.07,ppb
2026-09-27,03:06:21,eCO2,442.6,ppm
2026-09-27,03:06:21,Broadband,0.0,lux
2026-09-27,03:06:21,Infrared,0.0,lux
2026-09-27,03:06:51,Temperature,23.74,°C
2026-09-27,03:06:51,Humidity,42.45,%
2026-09-27,03:06:51,AQI,1.0,
2026-09-27,03:06:51,TVOC,42.97,ppb
2026-09-27,03:06:51,eCO2,442.4,ppm
2026-09-27,03:06:51,Broadband,0.0,lux
2026-09-27,03:06:51,Infrared,0.0,lux
2026-09-27,03:07:21,Temperature,23.73,°C
2026-09-27,03:07:21,Humidity,42.48,%
2026-09-27,03:07:21,AQI,1.0,
2026-09-27,03:07:21,TVOC,42.63,ppb
2026-09-27,03:07:21,eCO2,441.8,ppm
2026-09-27,03:07:21,Broadband,0.0,lux
2026-09-27,03:07:21,Infrared,0.0,lux
2026-09-27,03:07:51,Temperature,23.73,°C
2026-09-27,03:07:51,Humidity,42.5,%
2026-09-27,03:07:51,AQI,1.0,
2026-09-27,03:07:51,TVOC,41.77,ppb
2026-09-27,03:07:51,eCO2,439.73,ppm
2026-09-27,03:07:51,Broadband,0.0,lux
2026-09-27,03:07:51,Infrared,0.0,lux
2026-09-27,03:08:21,Temperature,23.71,°C
2026-09-27,03:08:21,Humidity,42.49,%
2026-09-27,03:08:21,AQI,1.0,
2026-09-27,03:08:21,TVOC,42.17,ppb
2026-09-27,03:08:21,eCO2,440.7,ppm
2026-09-27,03:08:21,Broadband,0.0,lux
2026-09-27,03:08:21,Infrared,0.0,lux
2026-09-27,03:08:51,Temperature,23.73,°C
2026-09-27,03:08:51,Humidity,42.49,%
2026-09-27,03:08:51,AQI,1.0,
2026-09-27,03:08:51,TVOC,43.73,ppb
2026-09-27,03:08:51,eCO2,443.73,ppm
2026-09-27,03:08:51,Broadband,0.0,lux
2026-09-27,03:08:51,Infrared,0.0,lux
2026-09-27,03:09:21,Temperature,23.74,°C
2026-09-27,03:09:21,Humidity,42.51,%
2026-09-27,03:09:21,AQI,1.0,
2026-09-27,03:09:21,TVOC,44.53,ppb
2026-09-27,03:09:21,eCO2,445.57,ppm
2026-09-27,03:09:21,Broadband,0.0,lux
2026-09-27,03:09:21,Infrared,0.0,lux
2026-09-27,03:09:51,Temperature,23.73,°C
2026-09-27,03:09:51,Humidity,42.5,%
2026-09-27,03:09:51,AQI,1.0,
2026-09-27,03:09:51,TVOC,43.73,ppb
2026-09-27,03:09:51,eCO2,444.07,ppm
2026-09-27,03:09:51,Broadband,0.0,lux
2026-09-27,03:09:51,Infrared,0.0,lux
2026-09-27,03:10:21,Temperature,23.75,°C
2026-09-27,03:10:21,Humidity,42.51,%
2026-09-27,03:10:21,AQI,1.0,
2026-09-27,03:10:21,TVOC,45.63,ppb
2026-09-27,03:10:21,eCO2,447.9,ppm
2026-09-27,03:10:21,Broadband,0.0,lux
2026-09-27,03:10:21,Infrared,0.0,lux
2026-09-27,03:10:51,Temperature,23.76,°C
2026-09-27,03:10:51,Humidity,42.5,%
2026-09-27,03:10:51,AQI,1.0,
2026-09-27,03:10:51,TVOC,44.37,ppb
2026-09-27,03:10:51,eCO2,445.1,ppm
2026-09-27,03:10:51,Broadband,0.0,lux
2026-09-27,03:10:51,Infrared,0.0,lux
2026-09-27,03:11:21,Temperature,23.76,°C
2026-09-27,03:11:21,Humidity,42.46,%
2026-09-27,03:11:21,AQI,1.0,
2026-09-27,03:11:21,TVOC,42.73,ppb
2026-09-27,03:11:21,eCO2,441.63,ppm
2026-09-27,03:11:21,Broadband,0.0,lux
2026-09-27,03:11:21,Infrared,0.0,lux
2026-09-27,03:11:51,Temperature,23.75,°C
2026-09-27,03:11:51,Humidity,42.47,%
2026-09-27,03:11:51,AQI,1.0,
2026-09-27,03:11:51,TVOC,45.07,ppb
2026-09-27,03:11:51,eCO2,446.53,ppm
2026-09-27,03:11:51,Broadband,0.0,lux
2026-09-27,03:11:51,Infrared,0.0,lux
2026-09-27,03:12:21,Temperature,23.73,°C
2026-09-27,03:12:21,Humidity,42.48,%
2026-09-27,03:12:21,AQI,1.0,
2026-09-27,03:12:21,TVOC,44.0,ppb
2026-09-27,03:12:21,eCO2,444.47,ppm
2026-09-27,03:12:21,Broadband,0.0,lux
2026-09-27,03:12:21,Infrared,0.0,lux
2026-09-27,03:12:51,Temperature,23.71,°C
2026-09-27,03:12:51,Humidity,42.5,%
2026-09-27,03:12:51,AQI,1.0,
2026-09-27,03:12:51,TVOC,46.4,ppb
2026-09-27,03:12:51,eCO2,449.37,ppm
2026-09-27,03:12:51,Broadband,0.0,lux
2026-09-27,03:12:51,Infrared,0.0,lux
2026-09-27,03:13:21,Temperature,23.7,°C
2026-09-27,03:13:21,Humidity,42.52,%
2026-09-27,03:13:21,AQI,1.0,
2026-09-27,03:13:21,TVOC,44.73,ppb
2026-09-27,03:13:21,eCO2,445.97,ppm
2026-09-27,03:13:21,Broadband,0.0,lux
2026-09-27,03:13:21,Infrared,0.0,lux
2026-09-27,03:13:51,Temperature,23.73,°C
2026-09-27,03:13:51,Humidity,42.56,%
2026-09-27,03:13:51,AQI,1.0,
2026-09-27,03:13:51,TVOC,47.13,ppb
2026-09-27,03:13:51,eCO2,450.83,ppm
2026-09-27,03:13:51,Broadband,0.0,lux
2026-09-27,03:13:51,Infrared,0.0,lux
2026-09-27,03:14:21,Temperature,23.73,°C
2026-09-27,03:14:21,Humidity,42.52,%
2026-09-27,03:14:21,AQI,1.0,
2026-09-27,03:14:21,TVOC,46.13,ppb
2026-09-27,03:14:21,eCO2,449.1,ppm
2026-09-27,03:14:21,Broadband,0.0,lux
2026-09-27,03:14:21,Infrared,0.0,lux
2026-09-27,03:14:51,Temperature,23.71,°C
2026-09-27,03:14:51,Humidity,42.52,%
2026-09-27,03:14:51,AQI,1.0,
2026-09-27,03:14:51,TVOC,44.57,ppb
2026-09-27,03:14:51,eCO2,445.53,ppm
2026-09-27,03:14:51,Broadband,0.0,lux
2026-09-27,03:14:51,Infrared,0.0,lux
2026-09-27,03:15:21,Temperature,23.69,°C
2026-09-27,03:15:21,Humidity,42.57,%
2026-09-27,03:15:21,AQI,1.0,
2026-09-27,03:15:21,TVOC,48.03,ppb
2026-09-27,03:15:21,eCO2,452.67,ppm
2026-09-27,03:15:21,Broadband,0.0,lux
2026-09-27,03:15:21,Infrared,0.0,lux
2026-09-27,03:15:51,Temperature,23.71,°C
2026-09-27,03:15:51,Humidity,42.61,%
2026-09-27,03:15:51,AQI,1.0,
2026-09-27,03:15:51,TVOC,49.77,ppb
2026-09-27,03:15:51,eCO2,456.4,ppm
2026-09-27,03:15:51,Broadband,0.0,lux
2026-09-27,03:15:51,Infrared,0.0,lux
2026-09-27,03:16:21,Temperature,23.75,°C
2026-09-27,03:16:21,Humidity,42.57,%
2026-09-27,03:16:21,AQI,1.0,
2026-09-27,03:16:21,TVOC,48.33,ppb
2026-09-27,03:16:21,eCO2,453.33,ppm
2026-09-27,03:16:21,Broadband,0.0,lux
2026-09-27,03:16:21,Infrared,0.0,lux
2026-09-27,03:16:51,Temperature,23.75,°C
2026-09-27,03:16:51,Humidity,42.5,%
2026-09-27,03:16:51,AQI,1.0,
2026-09-27,03:16:51,TVOC,46.4,ppb
2026-09-27,03:16:51,eCO2,449.5,ppm
2026-09-27,03:16:51,Broadband,0.0,lux
2026-09-27,03:16:51,Infrared,0.0,lux
2026-09-27,03:17:21,Temperature,23.75,°C
2026-09-27,03:17:21,Humidity,42.46,%
2026-09-27,03:17:21,AQI,1.0,
2026-09-27,03:17:21,TVOC,47.33,ppb
2026-09-27,03:17:21,eCO2,451.23,ppm
2026-09-27,03:17:21,Broadband,0.0,lux
2026-09-27,03:17:21,Infrared,0.0,lux
2026-09-27,03:17:51,Temperature,23.75,°C
2026-09-27,03:17:51,Humidity,42.49,%
2026-09-27,03:17:51,AQI,1.0,
2026-09-27,03:17:51,TVOC,47.63,ppb
2026-09-27,03:17:51,eCO2,452.1,ppm
2026-09-27,03:17:51,Broadband,0.0,lux
2026-09-27,03:17:51,Infrared,0.0,lux
2026-09-27,03:18:21,Temperature,23.72,°C
2026-09-27,03:18:21,Humidity,42.5,%
2026-09-27,03:18:21,AQI,1.0,
2026-09-27,03:18:21,TVOC,47.33,ppb
2026-09-27,03:18:21,eCO2,451.3,ppm
2026-09-27,03:18:21,Broadband,0.0,lux
2026-09-27,03:18:21,Infrared,0.0,lux
2026-09-27,03:18:51,Temperature,23.72,°C
2026-09-27,03:18:51,Humidity,42.53,%
2026-09-27,03:18:51,AQI,1.0,
2026-09-27,03:18:51,TVOC,48.83,ppb
2026-09-27,03:18:51,eCO2,454.37,ppm
2026-09-27,03:18:51,Broadband,0.0,lux
2026-09-27,03:18:51,Infrared,0.0,lux
2026-09-27,03:19:21,Temperature,23.7,°C
2026-09-27,03:19:21,Humidity,42.57,%
2026-09-27,03:19:21,AQI,1.0,
2026-09-27,03:19:21,TVOC,50.6,ppb
2026-09-27,03:19:21,eCO2,458.2,ppm
2026-09-27,03:19:21,Broadband,0.0,lux
2026-09-27,03:19:21,Infrared,0.0,lux
2026-09-27,03:19:51,Temperature,23.69,°C
2026-09-27,03:19:51,Humidity,42.59,%
2026-09-27,03:19:51,AQI,1.0,
2026-09-27,03:19:51,TVOC,49.47,ppb
2026-09-27,03:19:51,eCO2,456.07,ppm
2026-09-27,03:19:51,Broadband,0.0,lux
2026-09-27,03:19:51,Infrared,0.0,lux
2026-09-27,03:20:21,Temperature,23.71,°C
2026-09-27,03:20:21,Humidity,42.6,%
2026-09-27,03:20:21,AQI,1.0,
2026-09-27,03:20:21,TVOC,51.47,ppb
2026-09-27,03:20:21,eCO2,459.93,ppm
2026-09-27,03:20:21,Broadband,0.0,lux
2026-09-27,03:20:21,Infrared,0.0,lux
2026-09-27,03:20:51,Temperature,23.71,°C
2026-09-27,03:20:51,Humidity,42.59,%
2026-09-27,03:20:51,AQI,1.0,
2026-09-27,03:20:51,TVOC,51.5,ppb
2026-09-27,03:20:51,eCO2,460.03,ppm
2026-09-27,03:20:51,Broadband,0.0,lux
2026-09-27,03:20:51,Infrared,0.0,lux
2026-09-27,03:21:21,Temperature,23.72,°C
2026-09-27,03:21:21,Humidity,42.6,%
2026-09-27,03:21:21,AQI,1.0,
2026-09-27,03:21:21,TVOC,50.07,ppb
2026-09-27,03:21:21,eCO2,457.1,ppm
2026-09-27,03:21:21,Broadband,0.0,lux
2026-09-27,03:21:21,Infrared,0.0,lux
2026-09-27,03:21:51,Temperature,23.72,°C
2026-09-27,03:21:51,Humidity,42.61,%
2026-09-27,03:21:51,AQI,1.03,
2026-09-27,03:21:51,TVOC,51.47,ppb
2026-09-27,03:21:51,eCO2,459.9,ppm
2026-09-27,03:21:51,Broadband,0.0,lux
2026-09-27,03:21:51,Infrared,0.0,lux
2026-09-27,03:22:21,Temperature,23.73,°C
2026-09-27,03:22:21,Humidity,42.61,%
2026-09-27,03:22:21,AQI,1.0,
2026-09-27,03:22:21,TVOC,51.77,ppb
2026-09-27,03:22:21,eCO2,460.5,ppm
2026-09-27,03:22:21,Broadband,0.0,lux
2026-09-27,03:22:21,Infrared,0.0,lux
2026-09-27,03:22:51,Temperature,23.73,°C
2026-09-27,03:22:51,Humidity,42.63,%
2026-09-27,03:22:51,AQI,1.0,
2026-09-27,03:22:51,TVOC,51.4,ppb
2026-09-27,03:22:51,eCO2,459.73,ppm
2026-09-27,03:22:51,Broadband,0.0,lux
2026-09-27,03:22:51,Infrared,0.0,lux
2026-09-27,03:23:21,Temperature,23.75,°C
2026-09-27,03:23:21,Humidity,42.59,%
2026-09-27,03:23:21,AQI,1.0,
2026-09-27,03:23:21,TVOC,49.73,ppb
2026-09-27,03:23:21,eCO2,456.33,ppm
2026-09-27,03:23:21,Broadband,0.0,lux
2026-09-27,03:23:21,Infrared,0.0,lux
2026-09-27,03:23:51,Temperature,23.76,°C
2026-09-27,03:23:51,Humidity,42.56,%
2026-09-27,03:23:51,AQI,1.0,
2026-09-27,03:23:51,TVOC,52.8,ppb
2026-09-27,03:23:51,eCO2,462.3,ppm
2026-09-27,03:23:51,Broadband,0.0,lux
2026-09-27,03:23:51,Infrared,0.0,lux
2026-09-27,03:24:21,Temperature,23.74,°C
2026-09-27,03:24:21,Humidity,42.55,%
2026-09-27,03:24:21,AQI,1.0,
2026-09-27,03:24:21,TVOC,52.17,ppb
2026-09-27,03:24:21,eCO2,461.2,ppm
2026-09-27,03:24:21,Broadband,0.0,lux
2026-09-27,03:24:21,Infrared,0.0,lux
2026-09-27,03:24:51,Temperature,23.73,°C
2026-09-27,03:24:51,Humidity,42.58,%
2026-09-27,03:24:51,AQI,1.0,
2026-09-27,03:24:51,TVOC,51.03,ppb
2026-09-27,03:24:51,eCO2,459.2,ppm
2026-09-27,03:24:51,Broadband,0.0,lux
2026-09-27,03:24:51,Infrared,0.0,lux
2026-09-27,03:25:21,Temperature,23.73,°C
2026-09-27,03:25:21,Humidity,42.62,%
2026-09-27,03:25:21,AQI,1.0,
2026-09-27,03:25:21,TVOC,53.3,ppb
2026-09-27,03:25:21,eCO2,463.6,ppm
2026-09-27,03:25:21,Broadband,0.0,lux
2026-09-27,03:25:21,Infrared,0.0,lux
2026-09-27,03:25:51,Temperature,23.71,°C
2026-09-27,03:25:51,Humidity,42.63,%
2026-09-27,03:25:51,AQI,1.0,
2026-09-27,03:25:51,TVOC,52.9,ppb
2026-09-27,03:25:51,eCO2,462.93,ppm
2026-09-27,03:25:51,Broadband,0.0,lux
2026-09-27,03:25:51,Infrared,0.0,lux
2026-09-27,03:26:21,Temperature,23.73,°C
2026-09-27,03:26:21,Humidity,42.6,%
2026-09-27,03:26:21,AQI,1.0,
2026-09-27,03:26:21,TVOC,51.73,ppb
2026-09-27,03:26:21,eCO2,460.3,ppm
2026-09-27,03:26:21,Broadband,0.0,lux
2026-09-27,03:26:21,Infrared,0.0,lux
2026-09-27,03:26:51,Temperature,23.73,°C
2026-09-27,03:26:51,Humidity,42.58,%
2026-09-27,03:26:51,AQI,1.0,
2026-09-27,03:26:51,TVOC,53.03,ppb
2026-09-27,03:26:51,eCO2,463.1,ppm
2026-09-27,03:26:51,Broadband,0.0,lux
2026-09-27,03:26:51,Infrared,0.0,lux
2026-09-27,03:27:20,Temperature,23.71,°C
2026-09-27,03:27:20,Humidity,42.61,%
2026-09-27,03:27:20,AQI,1.03,
2026-09-27,03:27:20,TVOC,51.77,ppb
2026-09-27,03:27:20,eCO2,460.63,ppm
2026-09-27,03:27:20,Broadband,0.0,lux
2026-09-27,03:27:20,Infrared,0.0,lux
2026-09-27,03:27:50,Temperature,23.73,°C
2026-09-27,03:27:50,Humidity,42.63,%
2026-09-27,03:27:50,AQI,1.0,
2026-09-27,03:27:50,TVOC,51.97,ppb
2026-09-27,03:27:50,eCO2,460.7,ppm
2026-09-27,03:27:50,Broadband,0.0,lux
2026-09-27,03:27:50,Infrared,0.0,lux
2026-09-27,03:28:20,Temperature,23.75,°C
2026-09-27,03:28:20,Humidity,42.6,%
2026-09-27,03:28:20,AQI,1.03,
2026-09-27,03:28:20,TVOC,55.4,ppb
2026-09-27,03:28:20,eCO2,467.8,ppm
2026-09-27,03:28:20,Broadband,0.0,lux
2026-09-27,03:28:20,Infrared,0.0,lux
2026-09-27,03:28:50,Temperature,23.76,°C
2026-09-27,03:28:50,Humidity,42.6,%
2026-09-27,03:28:50,AQI,1.03,
2026-09-27,03:28:50,TVOC,55.53,ppb
2026-09-27,03:28:50,eCO2,467.8,ppm
2026-09-27,03:28:50,Broadband,0.0,lux
2026-09-27,03:28:50,Infrared,0.0,lux
2026-09-27,03:29:20,Temperature,23.73,°C
2026-09-27,03:29:20,Humidity,42.61,%
2026-09-27,03:29:20,AQI,1.0,
2026-09-27,03:29:20,TVOC,53.07,ppb
2026-09-27,03:29:20,eCO2,463.27,ppm
2026-09-27,03:29:20,Broadband,0.0,lux
2026-09-27,03:29:20,Infrared,0.0,lux
2026-09-27,03:29:50,Temperature,23.73,°C
2026-09-27,03:29:50,Humidity,42.63,%
2026-09-27,03:29:50,AQI,1.0,
2026-09-27,03:29:50,TVOC,54.2,ppb
2026-09-27,03:29:50,eCO2,465.4,ppm
2026-09-27,03:29:50,Broadband,0.0,lux
2026-09-27,03:29:50,Infrared,0.0,lux
2026-09-27,03:30:20,Temperature,23.72,°C
2026-09-27,03:30:20,Humidity,42.61,%
2026-09-27,03:30:20,AQI,1.0,
2026-09-27,03:30:20,TVOC,52.2,ppb
2026-09-27,03:30:20,eCO2,461.3,ppm
2026-09-27,03:30:20,Broadband,0.0,lux
2026-09-27,03:30:20,Infrared,0.0,lux
2026-09-27,03:30:50,Temperature,23.68,°C
2026-09-27,03:30:50,Humidity,42.65,%
2026-09-27,03:30:50,AQI,1.03,
2026-09-27,03:30:50,TVOC,56.17,ppb
2026-09-27,03:30:50,eCO2,469.33,ppm
2026-09-27,03:30:50,Broadband,0.0,lux
2026-09-27,03:30:50,Infrared,0.0,lux
2026-09-27,03:31:20,Temperature,23.69,°C
2026-09-27,03:31:20,Humidity,42.67,%
2026-09-27,03:31:20,AQI,1.0,
2026-09-27,03:31:20,TVOC,55.1,ppb
2026-09-27,03:31:20,eCO2,467.07,ppm
2026-09-27,03:31:20,Broadband,0.0,lux
2026-09-27,03:31:20,Infrared,0.0,lux
2026-09-27,03:31:50,Temperature,23.7,°C
2026-09-27,03:31:50,Humidity,42.71,%
2026-09-27,03:31:50,AQI,1.0,
2026-09-27,03:31:50,TVOC,53.8,ppb
2026-09-27,03:31:50,eCO2,464.6,ppm
2026-09-27,03:31:50,Broadband,0.0,lux
2026-09-27,03:31:50,Infrared,0.0,lux
2026-09-27,03:32:20,Temperature,23.69,°C
2026-09-27,03:32:20,Humidity,42.75,%
2026-09-27,03:32:20,AQI,1.0,
2026-09-27,03:32:20,TVOC,55.07,ppb
2026-09-27,03:32:20,eCO2,467.1,ppm
2026-09-27,03:32:20,Broadband,0.0,lux
2026-09-27,03:32:20,Infrared,0.0,lux
2026-09-27,03:32:50,Temperature,23.72,°C
2026-09-27,03:32:50,Humidity,42.74,%
2026-09-27,03:32:50,AQI,1.0,
2026-09-27,03:32:50,TVOC,54.53,ppb
2026-09-27,03:32:50,eCO2,465.87,ppm
2026-09-27,03:32:50,Broadband,0.0,lux
2026-09-27,03:32:50,Infrared,0.0,lux
2026-09-27,03:33:20,Temperature,23.7,°C
2026-09-27,03:33:20,Humidity,42.7,%
2026-09-27,03:33:20,AQI,1.03,
2026-09-27,03:33:20,TVOC,54.1,ppb
2026-09-27,03:33:20,eCO2,465.33,ppm
2026-09-27,03:33:20,Broadband,0.0,lux
2026-09-27,03:33:20,Infrared,0.0,lux
2026-09-27,03:33:50,Temperature,23.72,°C
2026-09-27,03:33:50,Humidity,42.72,%
2026-09-27,03:33:50,AQI,1.03,
2026-09-27,03:33:50,TVOC,54.7,ppb
2026-09-27,03:33:50,eCO2,466.5,ppm
2026-09-27,03:33:50,Broadband,0.0,lux
2026-09-27,03:33:50,Infrared,0.0,lux
2026-09-27,03:34:20,Temperature,23.73,°C
2026-09-27,03:34:20,Humidity,42.71,%
2026-09-27,03:34:20,AQI,1.03,
2026-09-27,03:34:20,TVOC,55.23,ppb
2026-09-27,03:34:20,eCO2,467.43,ppm
2026-09-27,03:34:20,Broadband,0.0,lux
2026-09-27,03:34:20,Infrared,0.0,lux
2026-09-27,03:34:50,Temperature,23.74,°C
2026-09-27,03:34:50,Humidity,42.7,%
2026-09-27,03:34:50,AQI,1.17,
2026-09-27,03:34:50,TVOC,57.97,ppb
2026-09-27,03:34:50,eCO2,472.77,ppm
2026-09-27,03:34:50,Broadband,0.0,lux
2026-09-27,03:34:50,Infrared,0.0,lux
2026-09-27,03:35:20,Temperature,23.7,°C
2026-09-27,03:35:20,Humidity,42.72,%
2026-09-27,03:35:20,AQI,1.1,
2026-09-27,03:35:20,TVOC,56.67,ppb
2026-09-27,03:35:20,eCO2,470.23,ppm
2026-09-27,03:35:20,Broadband,0.0,lux
2026-09-27,03:35:20,Infrared,0.0,lux
2026-09-27,03:35:50,Temperature,23.71,°C
2026-09-27,03:35:50,Humidity,42.72,%
2026-09-27,03:35:50,AQI,1.13,
2026-09-27,03:35:50,TVOC,58.4,ppb
2026-09-27,03:35:50,eCO2,473.7,ppm
2026-09-27,03:35:50,Broadband,0.0,lux
2026-09-27,03:35:50,Infrared,0.0,lux
2026-09-27,03:36:20,Temperature,23.73,°C
2026-09-27,03:36:20,Humidity,42.72,%
2026-09-27,03:36:20,AQI,1.0,
2026-09-27,03:36:20,TVOC,54.47,ppb
2026-09-27,03:36:20,eCO2,465.97,ppm
2026-09-27,03:36:20,Broadband,0.0,lux
2026-09-27,03:36:20,Infrared,0.0,lux
2026-09-27,03:36:50,Temperature,23.72,°C
2026-09-27,03:36:50,Humidity,42.7,%
2026-09-27,03:36:50,AQI,1.03,
2026-09-27,03:36:50,TVOC,54.0,ppb
2026-09-27,03:36:50,eCO2,464.97,ppm
2026-09-27,03:36:50,Broadband,0.0,lux
2026-09-27,03:36:50,Infrared,0.0,lux
2026-09-27,03:37:20,Temperature,23.7,°C
2026-09-27,03:37:20,Humidity,42.74,%
2026-09-27,03:37:20,AQI,1.13,
2026-09-27,03:37:20,TVOC,57.73,ppb
2026-09-27,03:37:20,eCO2,472.43,ppm
2026-09-27,03:37:20,Broadband,0.0,lux
2026-09-27,03:37:20,Infrared,0.0,lux
2026-09-27,03:37:50,Temperature,23.69,°C
2026-09-27,03:37:50,Humidity,42.77,%
2026-09-27,03:37:50,AQI,1.0,
2026-09-27,03:37:50,TVOC,58.17,ppb
2026-09-27,03:37:50,eCO2,473.37,ppm
2026-09-27,03:37:50,Broadband,0.0,lux
2026-09-27,03:37:50,Infrared,0.0,lux
2026-09-27,03:38:20,Temperature,23.71,°C
2026-09-27,03:38:20,Humidity,42.79,%
2026-09-27,03:38:20,AQI,1.2,
2026-09-27,03:38:20,TVOC,60.5,ppb
2026-09-27,03:38:20,eCO2,477.83,ppm
2026-09-27,03:38:20,Broadband,0.0,lux
2026-09-27,03:38:20,Infrared,0.0,lux
2026-09-27,03:38:50,Temperature,23.71,°C
2026-09-27,03:38:50,Humidity,42.79,%
2026-09-27,03:38:50,AQI,1.13,
2026-09-27,03:38:50,TVOC,60.17,ppb
2026-09-27,03:38:50,eCO2,477.17,ppm
2026-09-27,03:38:50,Broadband,0.0,lux
2026-09-27,03:38:50,Infrared,0.0,lux
2026-09-27,03:39:20,Temperature,23.71,°C
2026-09-27,03:39:20,Humidity,42.75,%
2026-09-27,03:39:20,AQI,1.07,
2026-09-27,03:39:20,TVOC,56.9,ppb
2026-09-27,03:39:20,eCO2,470.6,ppm
2026-09-27,03:39:20,Broadband,0.0,lux
2026-09-27,03:39:20,Infrared,0.0,lux
2026-09-27,03:39:50,Temperature,23.69,°C
2026-09-27,03:39:50,Humidity,42.78,%
2026-09-27,03:39:50,AQI,1.17,
2026-09-27,03:39:50,TVOC,58.33,ppb
2026-09-27,03:39:50,eCO2,473.67,ppm
2026-09-27,03:39:50,Broadband,0.0,lux
2026-09-27,03:39:50,Infrared,0.0,lux
2026-09-27,03:40:20,Temperature,23.73,°C
2026-09-27,03:40:20,Humidity,42.76,%
2026-09-27,03:40:20,AQI,1.2,
2026-09-27,03:40:20,TVOC,60.43,ppb
2026-09-27,03:40:20,eCO2,477.73,ppm
2026-09-27,03:40:20,Broadband,0.0,lux
2026-09-27,03:40:20,Infrared,0.0,lux
2026-09-27,03:40:50,Temperature,23.68,°C
2026-09-27,03:40:50,Humidity,42.78,%
2026-09-27,03:40:50,AQI,1.2,
2026-09-27,03:40:50,TVOC,58.83,ppb
2026-09-27,03:40:50,eCO2,474.47,ppm
2026-09-27,03:40:50,Broadband,0.0,lux
2026-09-27,03:40:50,Infrared,0.0,lux
2026-09-27,03:41:20,Temperature,23.68,°C
2026-09-27,03:41:20,Humidity,42.82,%
2026-09-27,03:41:20,AQI,1.13,
2026-09-27,03:41:20,TVOC,59.33,ppb
2026-09-27,03:41:20,eCO2,475.63,ppm
2026-09-27,03:41:20,Broadband,0.0,lux
2026-09-27,03:41:20,Infrared,0.0,lux
2026-09-27,03:41:50,Temperature,23.69,°C
2026-09-27,03:41:50,Humidity,42.81,%
2026-09-27,03:41:50,AQI,1.03,
2026-09-27,03:41:50,TVOC,58.7,ppb
2026-09-27,03:41:50,eCO2,474.4,ppm
2026-09-27,03:41:50,Broadband,0.0,lux
2026-09-27,03:41:50,Infrared,0.0,lux
2026-09-27,03:42:20,Temperature,23.71,°C
2026-09-27,03:42:20,Humidity,42.77,%
2026-09-27,03:42:20,AQI,1.13,
2026-09-27,03:42:20,TVOC,60.03,ppb
2026-09-27,03:42:20,eCO2,476.9,ppm
2026-09-27,03:42:20,Broadband,0.0,lux
2026-09-27,03:42:20,Infrared,0.0,lux
2026-09-27,03:42:50,Temperature,23.71,°C
2026-09-27,03:42:50,Humidity,42.78,%
2026-09-27,03:42:50,AQI,1.17,
2026-09-27,03:42:50,TVOC,59.6,ppb
2026-09-27,03:42:50,eCO2,475.87,ppm
2026-09-27,03:42:50,Broadband,0.0,lux
2026-09-27,03:42:50,Infrared,0.0,lux
2026-09-27,03:43:20,Temperature,23.7,°C
2026-09-27,03:43:20,Humidity,42.78,%
2026-09-27,03:43:20,AQI,1.03,
2026-09-27,03:43:20,TVOC,58.63,ppb
2026-09-27,03:43:20,eCO2,474.27,ppm
2026-09-27,03:43:20,Broadband,0.0,lux
2026-09-27,03:43:20,Infrared,0.0,lux
2026-09-27,03:43:50,Temperature,23.7,°C
2026-09-27,03:43:50,Humidity,42.79,%
2026-09-27,03:43:50,AQI,1.17,
2026-09-27,03:43:50,TVOC,60.4,ppb
2026-09-27,03:43:50,eCO2,477.67,ppm
2026-09-27,03:43:50,Broadband,0.0,lux
2026-09-27,03:43:50,Infrared,0.0,lux
2026-09-27,03:44:20,Temperature,23.71,°C
2026-09-27,03:44:20,Humidity,42.78,%
2026-09-27,03:44:20,AQI,1.23,
2026-09-27,03:44:20,TVOC,60.93,ppb
2026-09-27,03:44:20,eCO2,478.5,ppm
2026-09-27,03:44:20,Broadband,0.0,lux
2026-09-27,03:44:20,Infrared,0.0,lux
2026-09-27,03:44:50,Temperature,23.69,°C
2026-09-27,03:44:50,Humidity,42.8,%
2026-09-27,03:44:50,AQI,1.13,
2026-09-27,03:44:50,TVOC,59.73,ppb
2026-09-27,03:44:50,eCO2,476.4,ppm
2026-09-27,03:44:50,Broadband,0.0,lux
2026-09-27,03:44:50,Infrared,0.0,lux
2026-09-27,03:45:20,Temperature,23.69,°C
2026-09-27,03:45:20,Humidity,42.8,%
2026-09-27,03:45:20,AQI,1.2,
2026-09-27,03:45:20,TVOC,60.33,ppb
2026-09-27,03:45:20,eCO2,477.33,ppm
2026-09-27,03:45:20,Broadband,0.0,lux
2026-09-27,03:45:20,Infrared,0.0,lux
2026-09-27,03:45:50,Temperature,23.69,°C
2026-09-27,03:45:50,Humidity,42.81,%
2026-09-27,03:45:50,AQI,1.17,
2026-09-27,03:45:50,TVOC,59.1,ppb
2026-09-27,03:45:50,eCO2,475.2,ppm
2026-09-27,03:45:50,Broadband,0.0,lux
2026-09-27,03:45:50,Infrared,0.0,lux
2026-09-27,03:46:20,Temperature,23.7,°C
2026-09-27,03:46:20,Humidity,42.8,%
2026-09-27,03:46:20,AQI,1.13,
2026-09-27,03:46:20,TVOC,59.03,ppb
2026-09-27,03:46:20,eCO2,474.83,ppm
2026-09-27,03:46:20,Broadband,0.0,lux
2026-09-27,03:46:20,Infrared,0.0,lux
2026-09-27,03:46:50,Temperature,23.7,°C
2026-09-27,03:46:50,Humidity,42.81,%
2026-09-27,03:46:50,AQI,1.2,
2026-09-27,03:46:50,TVOC,61.33,ppb
2026-09-27,03:46:50,eCO2,479.4,ppm
2026-09-27,03:46:50,Broadband,0.0,lux
2026-09-27,03:46:50,Infrared,0.0,lux
2026-09-27,03:47:20,Temperature,23.72,°C
2026-09-27,03:47:20,Humidity,42.8,%
2026-09-27,03:47:20,AQI,1.2,
2026-09-27,03:47:20,TVOC,59.67,ppb
2026-09-27,03:47:20,eCO2,476.2,ppm
2026-09-27,03:47:20,Broadband,0.0,lux
2026-09-27,03:47:20,Infrared,0.0,lux
2026-09-27,03:47:50,Temperature,23.69,°C
2026-09-27,03:47:50,Humidity,42.8,%
2026-09-27,03:47:50,AQI,1.13,
2026-09-27,03:47:50,TVOC,59.17,ppb
2026-09-27,03:47:50,eCO2,475.17,ppm
2026-09-27,03:47:50,Broadband,0.0,lux
2026-09-27,03:47:50,Infrared,0.0,lux
2026-09-27,03:48:20,Temperature,23.7,°C
2026-09-27,03:48:20,Humidity,42.8,%
2026-09-27,03:48:20,AQI,1.07,
2026-09-27,03:48:20,TVOC,58.53,ppb
2026-09-27,03:48:20,eCO2,473.83,ppm
2026-09-27,03:48:20,Broadband,0.0,lux
2026-09-27,03:48:20,Infrared,0.0,lux
2026-09-27,03:48:50,Temperature,23.7,°C
2026-09-27,03:48:50,Humidity,42.82,%
2026-09-27,03:48:50,AQI,1.23,
2026-09-27,03:48:50,TVOC,60.4,ppb
2026-09-27,03:48:50,eCO2,477.87,ppm
2026-09-27,03:48:50,Broadband,0.0,lux
2026-09-27,03:48:50,Infrared,0.0,lux
2026-09-27,03:49:20,Temperature,23.67,°C
2026-09-27,03:49:20,Humidity,42.84,%
2026-09-27,03:49:20,AQI,1.13,
2026-09-27,03:49:20,TVOC,59.07,ppb
2026-09-27,03:49:20,eCO2,475.0,ppm
2026-09-27,03:49:20,Broadband,0.0,lux
2026-09-27,03:49:20,Infrared,0.0,lux
2026-09-27,03:49:50,Temperature,23.71,°C
2026-09-27,03:49:50,Humidity,42.85,%
2026-09-27,03:49:50,AQI,1.23,
2026-09-27,03:49:50,TVOC,60.9,ppb
2026-09-27,03:49:50,eCO2,478.5,ppm
2026-09-27,03:49:50,Broadband,0.0,lux
2026-09-27,03:49:50,Infrared,0.0,lux
2026-09-27,03:50:20,Temperature,23.68,°C
2026-09-27,03:50:20,Humidity,42.8,%
2026-09-27,03:50:20,AQI,1.13,
2026-09-27,03:50:20,TVOC,59.47,ppb
2026-09-27,03:50:20,eCO2,475.83,ppm
2026-09-27,03:50:20,Broadband,0.0,lux
2026-09-27,03:50:20,Infrared,0.0,lux
2026-09-27,03:50:50,Temperature,23.65,°C
2026-09-27,03:50:50,Humidity,42.87,%
2026-09-27,03:50:50,AQI,1.23,
2026-09-27,03:50:50,TVOC,61.07,ppb
2026-09-27,03:50:50,eCO2,478.97,ppm
2026-09-27,03:50:50,Broadband,0.0,lux
2026-09-27,03:50:50,Infrared,0.0,lux
2026-09-27,03:51:20,Temperature,23.66,°C
2026-09-27,03:51:20,Humidity,42.92,%
2026-09-27,03:51:20,AQI,1.2,
2026-09-27,03:51:20,TVOC,61.8,ppb
2026-09-27,03:51:20,eCO2,480.33,ppm
2026-09-27,03:51:20,Broadband,0.0,lux
2026-09-27,03:51:20,Infrared,0.0,lux
2026-09-27,03:51:50,Temperature,23.68,°C
2026-09-27,03:51:50,Humidity,42.92,%
2026-09-27,03:51:50,AQI,1.17,
2026-09-27,03:51:50,TVOC,60.33,ppb
2026-09-27,03:51:50,eCO2,477.67,ppm
2026-09-27,03:51:50,Broadband,0.0,lux
2026-09-27,03:51:50,Infrared,0.0,lux
2026-09-27,03:52:20,Temperature,23.69,°C
2026-09-27,03:52:20,Humidity,42.88,%
2026-09-27,03:52:20,AQI,1.13,
2026-09-27,03:52:20,TVOC,59.63,ppb
2026-09-27,03:52:20,eCO2,476.03,ppm
2026-09-27,03:52:20,Broadband,0.0,lux
2026-09-27,03:52:20,Infrared,0.0,lux
2026-09-27,03:52:50,Temperature,23.7,°C
2026-09-27,03:52:50,Humidity,42.85,%
2026-09-27,03:52:50,AQI,1.07,
2026-09-27,03:52:50,TVOC,59.67,ppb
2026-09-27,03:52:50,eCO2,476.4,ppm
2026-09-27,03:52:50,Broadband,0.0,lux
2026-09-27,03:52:50,Infrared,0.0,lux
2026-09-27,03:53:20,Temperature,23.68,°C
2026-09-27,03:53:20,Humidity,42.84,%
2026-09-27,03:53:20,AQI,1.13,
2026-09-27,03:53:20,TVOC,60.4,ppb
2026-09-27,03:53:20,eCO2,477.57,ppm
2026-09-27,03:53:20,Broadband,0.0,lux
2026-09-27,03:53:20,Infrared,0.0,lux
2026-09-27,03:53:50,Temperature,23.69,°C
2026-09-27,03:53:50,Humidity,42.87,%
2026-09-27,03:53:50,AQI,1.4,
2026-09-27,03:53:50,TVOC,62.63,ppb
2026-09-27,03:53:50,eCO2,481.77,ppm
2026-09-27,03:53:50,Broadband,0.0,lux
2026-09-27,03:53:50,Infrared,0.0,lux
2026-09-27,03:54:20,Temperature,23.68,°C
2026-09-27,03:54:20,Humidity,42.89,%
2026-09-27,03:54:20,AQI,1.23,
2026-09-27,03:54:20,TVOC,61.43,ppb
2026-09-27,03:54:20,eCO2,479.63,ppm
2026-09-27,03:54:20,Broadband,0.0,lux
2026-09-27,03:54:20,Infrared,0.0,lux
2026-09-27,03:54:50,Temperature,23.69,°C
2026-09-27,03:54:50,Humidity,42.89,%
2026-09-27,03:54:50,AQI,1.27,
2026-09-27,03:54:50,TVOC,62.3,ppb
2026-09-27,03:54:50,eCO2,481.23,ppm
2026-09-27,03:54:50,Broadband,0.0,lux
2026-09-27,03:54:50,Infrared,0.0,lux
2026-09-27,03:55:20,Temperature,23.7,°C
2026-09-27,03:55:20,Humidity,42.88,%
2026-09-27,03:55:20,AQI,1.23,
2026-09-27,03:55:20,TVOC,61.37,ppb
2026-09-27,03:55:20,eCO2,479.47,ppm
2026-09-27,03:55:20,Broadband,0.0,lux
2026-09-27,03:55:20,Infrared,0.0,lux
2026-09-27,03:55:50,Temperature,23.69,°C
2026-09-27,03:55:50,Humidity,42.85,%
2026-09-27,03:55:50,AQI,1.33,
2026-09-27,03:55:50,TVOC,63.1,ppb
2026-09-27,03:55:50,eCO2,482.9,ppm
2026-09-27,03:55:50,Broadband,0.0,lux
2026-09-27,03:55:50,Infrared,0.0,lux
2026-09-27,03:56:20,Temperature,23.71,°C
2026-09-27,03:56:20,Humidity,42.85,%
2026-09-27,03:56:20,AQI,1.33,
2026-09-27,03:56:20,TVOC,62.3,ppb
2026-09-27,03:56:20,eCO2,481.6,ppm
2026-09-27,03:56:20,Broadband,0.0,lux
2026-09-27,03:56:20,Infrared,0.0,lux
2026-09-27,03:56:50,Temperature,23.68,°C
2026-09-27,03:56:50,Humidity,42.82,%
2026-09-27,03:56:50,AQI,1.43,
2026-09-27,03:56:50,TVOC,64.37,ppb
2026-09-27,03:56:50,eCO2,485.33,ppm
2026-09-27,03:56:50,Broadband,0.0,lux
2026-09-27,03:56:50,Infrared,0.0,lux
2026-09-27,03:57:20,Temperature,23.66,°C
2026-09-27,03:57:20,Humidity,42.88,%
2026-09-27,03:57:20,AQI,1.4,
2026-09-27,03:57:20,TVOC,63.5,ppb
2026-09-27,03:57:20,eCO2,483.83,ppm
2026-09-27,03:57:20,Broadband,0.0,lux
2026-09-27,03:57:20,Infrared,0.0,lux
2026-09-27,03:57:50,Temperature,23.65,°C
2026-09-27,03:57:50,Humidity,42.93,%
2026-09-27,03:57:50,AQI,1.8,
2026-09-27,03:57:50,TVOC,66.77,ppb
2026-09-27,03:57:50,eCO2,489.9,ppm
2026-09-27,03:57:50,Broadband,0.0,lux
2026-09-27,03:57:50,Infrared,0.0,lux
2026-09-27,03:58:20,Temperature,23.66,°C
2026-09-27,03:58:20,Humidity,42.94,%
2026-09-27,03:58:20,AQI,1.43,
2026-09-27,03:58:20,TVOC,64.17,ppb
2026-09-27,03:58:20,eCO2,485.0,ppm
2026-09-27,03:58:20,Broadband,0.0,lux
2026-09-27,03:58:20,Infrared,0.0,lux
2026-09-27,03:58:50,Temperature,23.66,°C
2026-09-27,03:58:50,Humidity,42.94,%
2026-09-27,03:58:50,AQI,1.2,
2026-09-27,03:58:50,TVOC,61.7,ppb
2026-09-27,03:58:50,eCO2,480.23,ppm
2026-09-27,03:58:50,Broadband,0.0,lux
2026-09-27,03:58:50,Infrared,0.0,lux
2026-09-27,03:59:20,Temperature,23.67,°C
2026-09-27,03:59:20,Humidity,42.91,%
2026-09-27,03:59:20,AQI,1.43,
2026-09-27,03:59:20,TVOC,63.2,ppb
2026-09-27,03:59:20,eCO2,483.33,ppm
2026-09-27,03:59:20,Broadband,0.0,lux
2026-09-27,03:59:20,Infrared,0.0,lux
2026-09-27,03:59:50,Temperature,23.66,°C
2026-09-27,03:59:50,Humidity,42.92,%
2026-09-27,03:59:50,AQI,1.43,
2026-09-27,03:59:50,TVOC,63.1,ppb
2026-09-27,03:59:50,eCO2,482.93,ppm
2026-09-27,03:59:50,Broadband,0.0,lux
2026-09-27,03:59:50,Infrared,0.0,lux
2026-09-27,04:00:20,Temperature,23.65,°C
2026-09-27,04:00:20,Humidity,42.95,%
2026-09-27,04:00:20,AQI,1.5,
2026-09-27,04:00:20,TVOC,65.27,ppb
2026-09-27,04:00:20,eCO2,486.97,ppm
2026-09-27,04:00:20,Broadband,0.0,lux
2026-09-27,04:00:20,Infrared,0.0,lux
2026-09-27,04:00:50,Temperature,23.65,°C
2026-09-27,04:00:50,Humidity,42.95,%
2026-09-27,04:00:50,AQI,1.67,
2026-09-27,04:00:50,TVOC,65.63,ppb
2026-09-27,04:00:50,eCO2,487.53,ppm
2026-09-27,04:00:50,Broadband,0.0,lux
2026-09-27,04:00:50,Infrared,0.0,lux
2026-09-27,04:01:20,Temperature,23.66,°C
2026-09-27,04:01:20,Humidity,42.93,%
2026-09-27,04:01:20,AQI,1.4,
2026-09-27,04:01:20,TVOC,63.87,ppb
2026-09-27,04:01:20,eCO2,484.33,ppm
2026-09-27,04:01:20,Broadband,0.0,lux
2026-09-27,04:01:20,Infrared,0.0,lux
2026-09-27,04:01:50,Temperature,23.66,°C
2026-09-27,04:01:50,Humidity,42.92,%
2026-09-27,04:01:50,AQI,1.47,
2026-09-27,04:01:50,TVOC,64.8,ppb
2026-09-27,04:01:50,eCO2,486.13,ppm
2026-09-27,04:01:50,Broadband,0.0,lux
2026-09-27,04:01:50,Infrared,0.0,lux
2026-09-27,04:02:20,Temperature,23.68,°C
2026-09-27,04:02:20,Humidity,42.92,%
2026-09-27,04:02:20,AQI,1.63,
2026-09-27,04:02:20,TVOC,65.43,ppb
2026-09-27,04:02:20,eCO2,487.27,ppm
2026-09-27,04:02:20,Broadband,0.0,lux
2026-09-27,04:02:20,Infrared,0.0,lux
2026-09-27,04:02:50,Temperature,23.67,°C
2026-09-27,04:02:50,Humidity,42.91,%
2026-09-27,04:02:50,AQI,1.57,
2026-09-27,04:02:50,TVOC,65.6,ppb
2026-09-27,04:02:50,eCO2,487.63,ppm
2026-09-27,04:02:50,Broadband,0.0,lux
2026-09-27,04:02:50,Infrared,0.0,lux
2026-09-27,04:03:20,Temperature,23.65,°C
2026-09-27,04:03:20,Humidity,42.92,%
2026-09-27,04:03:20,AQI,1.33,
2026-09-27,04:03:20,TVOC,62.93,ppb
2026-09-27,04:03:20,eCO2,482.63,ppm
2026-09-27,04:03:20,Broadband,0.0,lux
2026-09-27,04:03:20,Infrared,0.0,lux
2026-09-27,04:03:50,Temperature,23.66,°C
2026-09-27,04:03:50,Humidity,42.92,%
2026-09-27,04:03:50,AQI,1.2,
2026-09-27,04:03:50,TVOC,60.67,ppb
2026-09-27,04:03:50,eCO2,478.1,ppm
2026-09-27,04:03:50,Broadband,0.0,lux
2026-09-27,04:03:50,Infrared,0.0,lux
2026-09-27,04:04:20,Temperature,23.66,°C
2026-09-27,04:04:20,Humidity,42.9,%
2026-09-27,04:04:20,AQI,1.37,
2026-09-27,04:04:20,TVOC,63.07,ppb
2026-09-27,04:04:20,eCO2,482.8,ppm
2026-09-27,04:04:20,Broadband,0.0,lux
2026-09-27,04:04:20,Infrared,0.0,lux
2026-09-27,04:04:50,Temperature,23.7,°C
2026-09-27,04:04:50,Humidity,42.9,%
2026-09-27,04:04:50,AQI,1.33,
2026-09-27,04:04:50,TVOC,63.3,ppb
2026-09-27,04:04:50,eCO2,483.57,ppm
2026-09-27,04:04:50,Broadband,0.0,lux
2026-09-27,04:04:50,Infrared,0.0,lux
2026-09-27,04:05:20,Temperature,23.67,°C
2026-09-27,04:05:20,Humidity,42.89,%
2026-09-27,04:05:20,AQI,1.63,
2026-09-27,04:05:20,TVOC,65.27,ppb
2026-09-27,04:05:20,eCO2,487.0,ppm
2026-09-27,04:05:20,Broadband,0.0,lux
2026-09-27,04:05:20,Infrared,0.0,lux
2026-09-27,04:05:50,Temperature,23.69,°C
2026-09-27,04:05:50,Humidity,42.92,%
2026-09-27,04:05:50,AQI,1.43,
2026-09-27,04:05:50,TVOC,62.93,ppb
2026-09-27,04:05:50,eCO2,482.57,ppm
2026-09-27,04:05:50,Broadband,0.0,lux
2026-09-27,04:05:50,Infrared,0.0,lux
2026-09-27,04:06:20,Temperature,23.66,°C
2026-09-27,04:06:20,Humidity,42.91,%
2026-09-27,04:06:20,AQI,1.3,
2026-09-27,04:06:20,TVOC,61.9,ppb
2026-09-27,04:06:20,eCO2,480.7,ppm
2026-09-27,04:06:20,Broadband,0.0,lux
2026-09-27,04:06:20,Infrared,0.0,lux
2026-09-27,04:06:50,Temperature,23.66,°C
2026-09-27,04:06:50,Humidity,42.93,%
2026-09-27,04:06:50,AQI,1.43,
2026-09-27,04:06:50,TVOC,63.77,ppb
2026-09-27,04:06:50,eCO2,484.0,ppm
2026-09-27,04:06:50,Broadband,0.0,lux
2026-09-27,04:06:50,Infrared,0.0,lux
2026-09-27,04:07:20,Temperature,23.64,°C
2026-09-27,04:07:20,Humidity,42.93,%
2026-09-27,04:07:20,AQI,1.7,
2026-09-27,04:07:20,TVOC,65.9,ppb
2026-09-27,04:07:20,eCO2,488.27,ppm
2026-09-27,04:07:20,Broadband,0.0,lux
2026-09-27,04:07:20,Infrared,0.0,lux
2026-09-27,04:07:50,Temperature,23.66,°C
2026-09-27,04:07:50,Humidity,42.96,%
2026-09-27,04:07:50,AQI,1.6,
2026-09-27,04:07:50,TVOC,66.23,ppb
2026-09-27,04:07:50,eCO2,488.97,ppm
2026-09-27,04:07:50,Broadband,0.0,lux
2026-09-27,04:07:50,Infrared,0.0,lux
2026-09-27,04:08:20,Temperature,23.66,°C
2026-09-27,04:08:20,Humidity,42.94,%
2026-09-27,04:08:20,AQI,1.63,
2026-09-27,04:08:20,TVOC,67.13,ppb
2026-09-27,04:08:20,eCO2,490.57,ppm
2026-09-27,04:08:20,Broadband,0.0,lux
2026-09-27,04:08:20,Infrared,0.0,lux
2026-09-27,04:08:50,Temperature,23.67,°C
2026-09-27,04:08:50,Humidity,42.94,%
2026-09-27,04:08:50,AQI,1.73,
2026-09-27,04:08:50,TVOC,67.57,ppb
2026-09-27,04:08:50,eCO2,491.43,ppm
2026-09-27,04:08:50,Broadband,0.0,lux
2026-09-27,04:08:50,Infrared,0.0,lux
2026-09-27,04:09:20,Temperature,23.69,°C
2026-09-27,04:09:20,Humidity,42.93,%
2026-09-27,04:09:20,AQI,1.4,
2026-09-27,04:09:20,TVOC,63.87,ppb
2026-09-27,04:09:20,eCO2,484.37,ppm
2026-09-27,04:09:20,Broadband,0.0,lux
2026-09-27,04:09:20,Infrared,0.0,lux
2026-09-27,04:09:50,Temperature,23.68,°C
2026-09-27,04:09:50,Humidity,42.95,%
2026-09-27,04:09:50,AQI,1.7,
2026-09-27,04:09:50,TVOC,67.23,ppb
2026-09-27,04:09:50,eCO2,490.83,ppm
2026-09-27,04:09:50,Broadband,0.0,lux
2026-09-27,04:09:50,Infrared,0.0,lux
2026-09-27,04:10:20,Temperature,23.72,°C
2026-09-27,04:10:20,Humidity,42.91,%
2026-09-27,04:10:20,AQI,1.67,
2026-09-27,04:10:20,TVOC,67.33,ppb
2026-09-27,04:10:20,eCO2,490.8,ppm
2026-09-27,04:10:20,Broadband,0.0,lux
2026-09-27,04:10:20,Infrared,0.0,lux
2026-09-27,04:10:50,Temperature,23.71,°C
2026-09-27,04:10:50,Humidity,42.88,%
2026-09-27,04:10:50,AQI,1.7,
2026-09-27,04:10:50,TVOC,66.73,ppb
2026-09-27,04:10:50,eCO2,489.9,ppm
2026-09-27,04:10:50,Broadband,0.0,lux
2026-09-27,04:10:50,Infrared,0.0,lux
2026-09-27,04:11:20,Temperature,23.67,°C
2026-09-27,04:11:20,Humidity,42.89,%
2026-09-27,04:11:20,AQI,1.6,
2026-09-27,04:11:20,TVOC,65.2,ppb
2026-09-27,04:11:20,eCO2,486.77,ppm
2026-09-27,04:11:20,Broadband,0.0,lux
2026-09-27,04:11:20,Infrared,0.0,lux
2026-09-27,04:11:50,Temperature,23.69,°C
2026-09-27,04:11:50,Humidity,42.87,%
2026-09-27,04:11:50,AQI,1.57,
2026-09-27,04:11:50,TVOC,64.57,ppb
2026-09-27,04:11:50,eCO2,485.9,ppm
2026-09-27,04:11:50,Broadband,0.0,lux
2026-09-27,04:11:50,Infrared,0.0,lux
2026-09-27,04:12:20,Temperature,23.7,°C
2026-09-27,04:12:20,Humidity,42.87,%
2026-09-27,04:12:20,AQI,1.73,
2026-09-27,04:12:20,TVOC,66.93,ppb
2026-09-27,04:12:20,eCO2,490.17,ppm
2026-09-27,04:12:20,Broadband,0.0,lux
2026-09-27,04:12:20,Infrared,0.0,lux
2026-09-27,04:12:50,Temperature,23.69,°C
2026-09-27,04:12:50,Humidity,42.9,%
2026-09-27,04:12:50,AQI,1.6,
2026-09-27,04:12:50,TVOC,66.2,ppb
2026-09-27,04:12:50,eCO2,488.63,ppm
2026-09-27,04:12:50,Broadband,0.0,lux
2026-09-27,04:12:50,Infrared,0.0,lux
2026-09-27,04:13:20,Temperature,23.71,°C
2026-09-27,04:13:20,Humidity,42.91,%
2026-09-27,04:13:20,AQI,1.67,
2026-09-27,04:13:20,TVOC,67.57,ppb
2026-09-27,04:13:20,eCO2,491.37,ppm
2026-09-27,04:13:20,Broadband,0.0,lux
2026-09-27,04:13:20,Infrared,0.0,lux
2026-09-27,04:13:50,Temperature,23.71,°C
2026-09-27,04:13:50,Humidity,42.88,%
2026-09-27,04:13:50,AQI,1.73,
2026-09-27,04:13:50,TVOC,67.57,ppb
2026-09-27,04:13:50,eCO2,491.53,ppm
2026-09-27,04:13:50,Broadband,0.0,lux
2026-09-27,04:13:50,Infrared,0.0,lux
2026-09-27,04:14:20,Temperature,23.67,°C
2026-09-27,04:14:20,Humidity,42.89,%
2026-09-27,04:14:20,AQI,1.57,
2026-09-27,04:14:20,TVOC,64.57,ppb
2026-09-27,04:14:20,eCO2,485.57,ppm
2026-09-27,04:14:20,Broadband,0.0,lux
2026-09-27,04:14:20,Infrared,0.0,lux
2026-09-27,04:14:50,Temperature,23.65,°C
2026-09-27,04:14:50,Humidity,42.95,%
2026-09-27,04:14:50,AQI,1.5,
2026-09-27,04:14:50,TVOC,63.73,ppb
2026-09-27,04:14:50,eCO2,483.93,ppm
2026-09-27,04:14:50,Broadband,0.0,lux
2026-09-27,04:14:50,Infrared,0.0,lux
2026-09-27,04:15:20,Temperature,23.68,°C
2026-09-27,04:15:20,Humidity,42.97,%
2026-09-27,04:15:20,AQI,1.47,
2026-09-27,04:15:20,TVOC,64.07,ppb
2026-09-27,04:15:20,eCO2,484.73,ppm
2026-09-27,04:15:20,Broadband,0.0,lux
2026-09-27,04:15:20,Infrared,0.0,lux
2026-09-27,04:15:50,Temperature,23.69,°C
2026-09-27,04:15:50,Humidity,42.88,%
2026-09-27,04:15:50,AQI,1.4,
2026-09-27,04:15:50,TVOC,63.43,ppb
2026-09-27,04:15:50,eCO2,483.4,ppm
2026-09-27,04:15:50,Broadband,0.0,lux
2026-09-27,04:15:50,Infrared,0.0,lux
2026-09-27,04:16:20,Temperature,23.69,°C
2026-09-27,04:16:20,Humidity,42.88,%
2026-09-27,04:16:20,AQI,1.57,
2026-09-27,04:16:20,TVOC,65.53,ppb
2026-09-27,04:16:20,eCO2,487.63,ppm
2026-09-27,04:16:20,Broadband,0.0,lux
2026-09-27,04:16:20,Infrared,0.0,lux
2026-09-27,04:16:50,Temperature,23.69,°C
2026-09-27,04:16:50,Humidity,42.89,%
2026-09-27,04:16:50,AQI,1.53,
2026-09-27,04:16:50,TVOC,64.9,ppb
2026-09-27,04:16:50,eCO2,486.43,ppm
2026-09-27,04:16:50,Broadband,0.0,lux
2026-09-27,04:16:50,Infrared,0.0,lux
2026-09-27,04:17:20,Temperature,23.64,°C
2026-09-27,04:17:20,Humidity,42.91,%
2026-09-27,04:17:20,AQI,1.6,
2026-09-27,04:17:20,TVOC,66.0,ppb
2026-09-27,04:17:20,eCO2,488.4,ppm
2026-09-27,04:17:20,Broadband,0.0,lux
2026-09-27,04:17:20,Infrared,0.0,lux
2026-09-27,04:17:50,Temperature,23.64,°C
2026-09-27,04:17:50,Humidity,42.91,%
2026-09-27,04:17:50,AQI,1.63,
2026-09-27,04:17:50,TVOC,64.93,ppb
2026-09-27,04:17:50,eCO2,486.3,ppm
2026-09-27,04:17:50,Broadband,0.0,lux
2026-09-27,04:17:50,Infrared,0.0,lux
2026-09-27,04:18:20,Temperature,23.65,°C
2026-09-27,04:18:20,Humidity,42.95,%
2026-09-27,04:18:20,AQI,1.9,
2026-09-27,04:18:20,TVOC,69.0,ppb
2026-09-27,04:18:20,eCO2,494.13,ppm
2026-09-27,04:18:20,Broadband,0.0,lux
2026-09-27,04:18:20,Infrared,0.0,lux
2026-09-27,04:18:50,Temperature,23.7,°C
2026-09-27,04:18:50,Humidity,42.96,%
2026-09-27,04:18:50,AQI,1.6,
2026-09-27,04:18:50,TVOC,66.47,ppb
2026-09-27,04:18:50,eCO2,489.47,ppm
2026-09-27,04:18:50,Broadband,0.0,lux
2026-09-27,04:18:50,Infrared,0.0,lux
2026-09-27,04:19:20,Temperature,23.67,°C
2026-09-27,04:19:20,Humidity,42.89,%
2026-09-27,04:19:20,AQI,1.8,
2026-09-27,04:19:20,TVOC,68.0,ppb
2026-09-27,04:19:20,eCO2,492.13,ppm
2026-09-27,04:19:20,Broadband,0.0,lux
2026-09-27,04:19:20,Infrared,0.0,lux
2026-09-27,04:19:50,Temperature,23.62,°C
2026-09-27,04:19:50,Humidity,42.94,%
2026-09-27,04:19:50,AQI,1.7,
2026-09-27,04:19:50,TVOC,67.53,ppb
2026-09-27,04:19:50,eCO2,491.3,ppm
2026-09-27,04:19:50,Broadband,0.0,lux
2026-09-27,04:19:50,Infrared,0.0,lux
2026-09-27,04:20:20,Temperature,23.63,°C
2026-09-27,04:20:20,Humidity,42.98,%
2026-09-27,04:20:20,AQI,1.7,
2026-09-27,04:20:20,TVOC,66.83,ppb
2026-09-27,04:20:20,eCO2,490.23,ppm
2026-09-27,04:20:20,Broadband,0.0,lux
2026-09-27,04:20:20,Infrared,0.0,lux
2026-09-27,04:20:50,Temperature,23.64,°C
2026-09-27,04:20:50,Humidity,42.98,%
2026-09-27,04:20:50,AQI,1.4,
2026-09-27,04:20:50,TVOC,64.73,ppb
2026-09-27,04:20:50,eCO2,485.9,ppm
2026-09-27,04:20:50,Broadband,0.0,lux
2026-09-27,04:20:50,Infrared,0.0,lux
2026-09-27,04:21:20,Temperature,23.63,°C
2026-09-27,04:21:20,Humidity,42.96,%
2026-09-27,04:21:20,AQI,1.57,
2026-09-27,04:21:20,TVOC,64.87,ppb
2026-09-27,04:21:20,eCO2,486.43,ppm
2026-09-27,04:21:20,Broadband,0.0,lux
2026-09-27,04:21:20,Infrared,0.0,lux
2026-09-27,04:21:50,Temperature,23.66,°C
2026-09-27,04:21:50,Humidity,42.96,%
2026-09-27,04:21:50,AQI,1.5,
2026-09-27,04:21:50,TVOC,64.53,ppb
2026-09-27,04:21:50,eCO2,485.63,ppm
2026-09-27,04:21:50,Broadband,0.0,lux
2026-09-27,04:21:50,Infrared,0.0,lux
2026-09-27,04:22:20,Temperature,23.68,°C
2026-09-27,04:22:20,Humidity,42.88,%
2026-09-27,04:22:20,AQI,1.67,
2026-09-27,04:22:20,TVOC,66.47,ppb
2026-09-27,04:22:20,eCO2,489.23,ppm
2026-09-27,04:22:20,Broadband,0.0,lux
2026-09-27,04:22:20,Infrared,0.0,lux
2026-09-27,04:22:50,Temperature,23.69,°C
2026-09-27,04:22:50,Humidity,42.87,%
2026-09-27,04:22:50,AQI,1.57,
2026-09-27,04:22:50,TVOC,65.93,ppb
2026-09-27,04:22:50,eCO2,488.23,ppm
2026-09-27,04:22:50,Broadband,0.0,lux
2026-09-27,04:22:50,Infrared,0.0,lux
2026-09-27,04:23:20,Temperature,23.69,°C
2026-09-27,04:23:20,Humidity,42.85,%
2026-09-27,04:23:20,AQI,1.67,
2026-09-27,04:23:20,TVOC,67.1,ppb
2026-09-27,04:23:20,eCO2,490.3,ppm
2026-09-27,04:23:20,Broadband,0.0,lux
2026-09-27,04:23:20,Infrared,0.0,lux
2026-09-27,04:23:50,Temperature,23.65,°C
2026-09-27,04:23:50,Humidity,42.84,%
2026-09-27,04:23:50,AQI,1.57,
2026-09-27,04:23:50,TVOC,66.13,ppb
2026-09-27,04:23:50,eCO2,488.6,ppm
2026-09-27,04:23:50,Broadband,0.0,lux
2026-09-27,04:23:50,Infrared,0.0,lux
2026-09-27,04:24:20,Temperature,23.65,°C
2026-09-27,04:24:20,Humidity,42.9,%
2026-09-27,04:24:20,AQI,1.67,
2026-09-27,04:24:20,TVOC,66.53,ppb
2026-09-27,04:24:20,eCO2,489.8,ppm
2026-09-27,04:24:20,Broadband,0.0,lux
2026-09-27,04:24:20,Infrared,0.0,lux
2026-09-27,04:24:50,Temperature,23.64,°C
2026-09-27,04:24:50,Humidity,42.93,%
2026-09-27,04:24:50,AQI,1.77,
2026-09-27,04:24:50,TVOC,66.5,ppb
2026-09-27,04:24:50,eCO2,489.5,ppm
2026-09-27,04:24:50,Broadband,0.0,lux
2026-09-27,04:24:50,Infrared,0.0,lux
2026-09-27,04:25:20,Temperature,23.65,°C
2026-09-27,04:25:20,Humidity,42.95,%
2026-09-27,04:25:20,AQI,1.4,
2026-09-27,04:25:20,TVOC,63.6,ppb
2026-09-27,04:25:20,eCO2,483.9,ppm
2026-09-27,04:25:20,Broadband,0.0,lux
2026-09-27,04:25:20,Infrared,0.0,lux
2026-09-27,04:25:50,Temperature,23.67,°C
2026-09-27,04:25:50,Humidity,42.92,%
2026-09-27,04:25:50,AQI,1.4,
2026-09-27,04:25:50,TVOC,63.23,ppb
2026-09-27,04:25:50,eCO2,483.2,ppm
2026-09-27,04:25:50,Broadband,0.0,lux
2026-09-27,04:25:50,Infrared,0.0,lux
2026-09-27,04:26:20,Temperature,23.67,°C
2026-09-27,04:26:20,Humidity,42.89,%
2026-09-27,04:26:20,AQI,1.7,
2026-09-27,04:26:20,TVOC,66.2,ppb
2026-09-27,04:26:20,eCO2,488.63,ppm
2026-09-27,04:26:20,Broadband,0.0,lux
2026-09-27,04:26:20,Infrared,0.0,lux
2026-09-27,04:26:50,Temperature,23.64,°C
2026-09-27,04:26:50,Humidity,42.89,%
2026-09-27,04:26:50,AQI,1.47,
2026-09-27,04:26:50,TVOC,65.33,ppb
2026-09-27,04:26:50,eCO2,487.3,ppm
2026-09-27,04:26:50,Broadband,0.0,lux
2026-09-27,04:26:50,Infrared,0.0,lux
2026-09-27,04:27:20,Temperature,23.63,°C
2026-09-27,04:27:20,Humidity,42.92,%
2026-09-27,04:27:20,AQI,1.37,
2026-09-27,04:27:20,TVOC,63.23,ppb
2026-09-27,04:27:20,eCO2,482.97,ppm
2026-09-27,04:27:20,Broadband,0.0,lux
2026-09-27,04:27:20,Infrared,0.0,lux
2026-09-27,04:27:50,Temperature,23.65,°C
2026-09-27,04:27:50,Humidity,42.91,%
2026-09-27,04:27:50,AQI,1.57,
2026-09-27,04:27:50,TVOC,64.87,ppb
2026-09-27,04:27:50,eCO2,486.17,ppm
2026-09-27,04:27:50,Broadband,0.0,lux
2026-09-27,04:27:50,Infrared,0.0,lux
2026-09-27,04:28:20,Temperature,23.62,°C
2026-09-27,04:28:20,Humidity,42.87,%
2026-09-27,04:28:20,AQI,1.6,
2026-09-27,04:28:20,TVOC,66.33,ppb
2026-09-27,04:28:20,eCO2,489.07,ppm
2026-09-27,04:28:20,Broadband,0.0,lux
2026-09-27,04:28:20,Infrared,0.0,lux
2026-09-27,04:28:50,Temperature,23.56,°C
2026-09-27,04:28:50,Humidity,42.97,%
2026-09-27,04:28:50,AQI,1.77,
2026-09-27,04:28:50,TVOC,67.87,ppb
2026-09-27,04:28:50,eCO2,492.0,ppm
2026-09-27,04:28:50,Broadband,0.0,lux
2026-09-27,04:28:50,Infrared,0.0,lux
2026-09-27,04:29:20,Temperature,23.6,°C
2026-09-27,04:29:20,Humidity,43.03,%
2026-09-27,04:29:20,AQI,1.97,
2026-09-27,04:29:20,TVOC,70.7,ppb
2026-09-27,04:29:20,eCO2,497.4,ppm
2026-09-27,04:29:20,Broadband,0.0,lux
2026-09-27,04:29:20,Infrared,0.0,lux
2026-09-27,04:29:50,Temperature,23.61,°C
2026-09-27,04:29:50,Humidity,43.03,%
2026-09-27,04:29:50,AQI,1.9,
2026-09-27,04:29:50,TVOC,74.9,ppb
2026-09-27,04:29:50,eCO2,505.17,ppm
2026-09-27,04:29:50,Broadband,0.0,lux
2026-09-27,04:29:50,Infrared,0.0,lux
2026-09-27,04:30:20,Temperature,23.59,°C
2026-09-27,04:30:20,Humidity,43.14,%
2026-09-27,04:30:20,AQI,2.0,
2026-09-27,04:30:20,TVOC,103.27,ppb
2026-09-27,04:30:20,eCO2,554.3,ppm
2026-09-27,04:30:20,Broadband,0.0,lux
2026-09-27,04:30:20,Infrared,0.0,lux
2026-09-27,04:30:50,Temperature,23.55,°C
2026-09-27,04:30:50,Humidity,43.38,%
2026-09-27,04:30:50,AQI,2.0,
2026-09-27,04:30:50,TVOC,164.9,ppb
2026-09-27,04:30:50,eCO2,646.47,ppm
2026-09-27,04:30:50,Broadband,0.0,lux
2026-09-27,04:30:50,Infrared,0.0,lux
2026-09-27,04:31:20,Temperature,23.53,°C
2026-09-27,04:31:20,Humidity,43.68,%
2026-09-27,04:31:20,AQI,2.27,
2026-09-27,04:31:20,TVOC,214.3,ppb
2026-09-27,04:31:20,eCO2,710.5,ppm
2026-09-27,04:31:20,Broadband,0.0,lux
2026-09-27,04:31:20,Infrared,0.0,lux
2026-09-27,04:31:50,Temperature,23.59,°C
2026-09-27,04:31:50,Humidity,43.82,%
2026-09-27,04:31:50,AQI,2.5,
2026-09-27,04:31:50,TVOC,222.03,ppb
2026-09-27,04:31:50,eCO2,719.53,ppm
2026-09-27,04:31:50,Broadband,0.0,lux
2026-09-27,04:31:50,Infrared,0.0,lux
2026-09-27,04:32:20,Temperature,23.68,°C
2026-09-27,04:32:20,Humidity,43.73,%
2026-09-27,04:32:20,AQI,2.3,
2026-09-27,04:32:20,TVOC,204.63,ppb
2026-09-27,04:32:20,eCO2,698.23,ppm
2026-09-27,04:32:20,Broadband,0.0,lux
2026-09-27,04:32:20,Infrared,0.0,lux
2026-09-27,04:32:50,Temperature,23.65,°C
2026-09-27,04:32:50,Humidity,43.47,%
2026-09-27,04:32:50,AQI,2.0,
2026-09-27,04:32:50,TVOC,174.6,ppb
2026-09-27,04:32:50,eCO2,660.4,ppm
2026-09-27,04:32:50,Broadband,0.0,lux
2026-09-27,04:32:50,Infrared,0.0,lux
2026-09-27,04:33:20,Temperature,23.63,°C
2026-09-27,04:33:20,Humidity,43.43,%
2026-09-27,04:33:20,AQI,2.0,
2026-09-27,04:33:20,TVOC,171.63,ppb
2026-09-27,04:33:20,eCO2,656.4,ppm
2026-09-27,04:33:20,Broadband,0.0,lux
2026-09-27,04:33:20,Infrared,0.0,lux
2026-09-27,04:33:50,Temperature,23.64,°C
2026-09-27,04:33:50,Humidity,43.52,%
2026-09-27,04:33:50,AQI,2.0,
2026-09-27,04:33:50,TVOC,165.97,ppb
2026-09-27,04:33:50,eCO2,648.73,ppm
2026-09-27,04:33:50,Broadband,0.0,lux
2026-09-27,04:33:50,Infrared,0.0,lux
2026-09-27,04:34:20,Temperature,23.62,°C
2026-09-27,04:34:20,Humidity,43.51,%
2026-09-27,04:34:20,AQI,2.0,
2026-09-27,04:34:20,TVOC,163.13,ppb
2026-09-27,04:34:20,eCO2,644.5,ppm
2026-09-27,04:34:20,Broadband,0.0,lux
2026-09-27,04:34:20,Infrared,0.0,lux
2026-09-27,04:34:50,Temperature,23.59,°C
2026-09-27,04:34:50,Humidity,43.48,%
2026-09-27,04:34:50,AQI,2.0,
2026-09-27,04:34:50,TVOC,159.93,ppb
2026-09-27,04:34:50,eCO2,640.23,ppm
2026-09-27,04:34:50,Broadband,0.0,lux
2026-09-27,04:34:50,Infrared,0.0,lux
2026-09-27,04:35:20,Temperature,23.57,°C
2026-09-27,04:35:20,Humidity,43.59,%
2026-09-27,04:35:20,AQI,2.0,
2026-09-27,04:35:20,TVOC,154.1,ppb
2026-09-27,04:35:20,eCO2,632.0,ppm
2026-09-27,04:35:20,Broadband,0.0,lux
2026-09-27,04:35:20,Infrared,0.0,lux
2026-09-27,04:35:50,Temperature,23.55,°C
2026-09-27,04:35:50,Humidity,43.6,%
2026-09-27,04:35:50,AQI,2.0,
2026-09-27,04:35:50,TVOC,139.03,ppb
2026-09-27,04:35:50,eCO2,610.57,ppm
2026-09-27,04:35:50,Broadband,0.0,lux
2026-09-27,04:35:50,Infrared,0.0,lux
2026-09-27,04:36:20,Temperature,23.56,°C
2026-09-27,04:36:20,Humidity,43.61,%
2026-09-27,04:36:20,AQI,2.0,
2026-09-27,04:36:20,TVOC,140.23,ppb
2026-09-27,04:36:20,eCO2,612.53,ppm
2026-09-27,04:36:20,Broadband,0.0,lux
2026-09-27,04:36:20,Infrared,0.0,lux
2026-09-27,04:36:50,Temperature,23.56,°C
2026-09-27,04:36:50,Humidity,43.65,%
2026-09-27,04:36:50,AQI,2.0,
2026-09-27,04:36:50,TVOC,133.13,ppb
2026-09-27,04:36:50,eCO2,601.8,ppm
2026-09-27,04:36:50,Broadband,0.0,lux
2026-09-27,04:36:50,Infrared,0.0,lux
2026-09-27,04:37:20,Temperature,23.57,°C
2026-09-27,04:37:20,Humidity,43.61,%
2026-09-27,04:37:20,AQI,2.0,
2026-09-27,04:37:20,TVOC,126.6,ppb
2026-09-27,04:37:20,eCO2,591.97,ppm
2026-09-27,04:37:20,Broadband,0.0,lux
2026-09-27,04:37:20,Infrared,0.0,lux
2026-09-27,04:37:50,Temperature,23.54,°C
2026-09-27,04:37:50,Humidity,43.61,%
2026-09-27,04:37:50,AQI,2.0,
2026-09-27,04:37:50,TVOC,121.03,ppb
2026-09-27,04:37:50,eCO2,583.4,ppm
2026-09-27,04:37:50,Broadband,0.0,lux
2026-09-27,04:37:50,Infrared,0.0,lux
2026-09-27,04:38:20,Temperature,23.57,°C
2026-09-27,04:38:20,Humidity,43.53,%
2026-09-27,04:38:20,AQI,2.0,
2026-09-27,04:38:20,TVOC,114.57,ppb
2026-09-27,04:38:20,eCO2,573.17,ppm
2026-09-27,04:38:20,Broadband,0.0,lux
2026-09-27,04:38:20,Infrared,0.0,lux
2026-09-27,04:38:50,Temperature,23.56,°C
2026-09-27,04:38:50,Humidity,43.48,%
2026-09-27,04:38:50,AQI,2.0,
2026-09-27,04:38:50,TVOC,110.77,ppb
2026-09-27,04:38:50,eCO2,567.03,ppm
2026-09-27,04:38:50,Broadband,0.0,lux
2026-09-27,04:38:50,Infrared,0.0,lux
2026-09-27,04:39:20,Temperature,23.54,°C
2026-09-27,04:39:20,Humidity,43.46,%
2026-09-27,04:39:20,AQI,2.0,
2026-09-27,04:39:20,TVOC,105.17,ppb
2026-09-27,04:39:20,eCO2,557.57,ppm
2026-09-27,04:39:20,Broadband,0.0,lux
2026-09-27,04:39:20,Infrared,0.0,lux
2026-09-27,04:39:50,Temperature,23.52,°C
2026-09-27,04:39:50,Humidity,43.47,%
2026-09-27,04:39:50,AQI,2.0,
2026-09-27,04:39:50,TVOC,102.37,ppb
2026-09-27,04:39:50,eCO2,553.2,ppm
2026-09-27,04:39:50,Broadband,0.0,lux
2026-09-27,04:39:50,Infrared,0.0,lux
2026-09-27,04:40:20,Temperature,23.53,°C
2026-09-27,04:40:20,Humidity,43.45,%
2026-09-27,04:40:20,AQI,2.0,
2026-09-27,04:40:20,TVOC,100.23,ppb
2026-09-27,04:40:20,eCO2,549.6,ppm
2026-09-27,04:40:20,Broadband,0.0,lux
2026-09-27,04:40:20,Infrared,0.0,lux
2026-09-27,04:40:50,Temperature,23.54,°C
2026-09-27,04:40:50,Humidity,43.42,%
2026-09-27,04:40:50,AQI,2.0,
2026-09-27,04:40:50,TVOC,94.63,ppb
2026-09-27,04:40:50,eCO2,540.23,ppm
2026-09-27,04:40:50,Broadband,0.0,lux
2026-09-27,04:40:50,Infrared,0.0,lux
2026-09-27,04:41:20,Temperature,23.53,°C
2026-09-27,04:41:20,Humidity,43.35,%
2026-09-27,04:41:20,AQI,2.0,
2026-09-27,04:41:20,TVOC,91.4,ppb
2026-09-27,04:41:20,eCO2,534.4,ppm
2026-09-27,04:41:20,Broadband,0.0,lux
2026-09-27,04:41:20,Infrared,0.0,lux
2026-09-27,04:41:50,Temperature,23.56,°C
2026-09-27,04:41:50,Humidity,43.36,%
2026-09-27,04:41:50,AQI,2.0,
2026-09-27,04:41:50,TVOC,89.8,ppb
2026-09-27,04:41:50,eCO2,531.8,ppm
2026-09-27,04:41:50,Broadband,0.0,lux
2026-09-27,04:41:50,Infrared,0.0,lux
2026-09-27,04:42:20,Temperature,23.56,°C
2026-09-27,04:42:20,Humidity,43.28,%
2026-09-27,04:42:20,AQI,2.0,
2026-09-27,04:42:20,TVOC,83.83,ppb
2026-09-27,04:42:20,eCO2,521.1,ppm
2026-09-27,04:42:20,Broadband,0.0,lux
2026-09-27,04:42:20,Infrared,0.0,lux
2026-09-27,04:42:50,Temperature,23.55,°C
2026-09-27,04:42:50,Humidity,43.23,%
2026-09-27,04:42:50,AQI,2.0,
2026-09-27,04:42:50,TVOC,87.37,ppb
2026-09-27,04:42:50,eCO2,527.43,ppm
2026-09-27,04:42:50,Broadband,0.0,lux
2026-09-27,04:42:50,Infrared,0.0,lux
2026-09-27,04:43:20,Temperature,23.53,°C
2026-09-27,04:43:20,Humidity,43.22,%
2026-09-27,04:43:20,AQI,2.0,
2026-09-27,04:43:20,TVOC,85.27,ppb
2026-09-27,04:43:20,eCO2,523.77,ppm
2026-09-27,04:43:20,Broadband,0.0,lux
2026-09-27,04:43:20,Infrared,0.0,lux
2026-09-27,04:43:50,Temperature,23.51,°C
2026-09-27,04:43:50,Humidity,43.24,%
2026-09-27,04:43:50,AQI,2.0,
2026-09-27,04:43:50,TVOC,84.8,ppb
2026-09-27,04:43:50,eCO2,523.27,ppm
2026-09-27,04:43:50,Broadband,0.0,lux
2026-09-27,04:43:50,Infrared,0.0,lux
2026-09-27,04:44:20,Temperature,23.5,°C
2026-09-27,04:44:20,Humidity,43.25,%
2026-09-27,04:44:20,AQI,2.0,
2026-09-27,04:44:20,TVOC,81.23,ppb
2026-09-27,04:44:20,eCO2,516.53,ppm
2026-09-27,04:44:20,Broadband,0.0,lux
2026-09-27,04:44:20,Infrared,0.0,lux
2026-09-27,04:44:50,Temperature,23.5,°C
2026-09-27,04:44:50,Humidity,43.28,%
2026-09-27,04:44:50,AQI,2.0,
2026-09-27,04:44:50,TVOC,80.4,ppb
2026-09-27,04:44:50,eCO2,515.13,ppm
2026-09-27,04:44:50,Broadband,0.0,lux
2026-09-27,04:44:50,Infrared,0.0,lux
2026-09-27,04:45:20,Temperature,23.49,°C
2026-09-27,04:45:20,Humidity,43.3,%
2026-09-27,04:45:20,AQI,2.0,
2026-09-27,04:45:20,TVOC,80.23,ppb
2026-09-27,04:45:20,eCO2,514.67,ppm
2026-09-27,04:45:20,Broadband,0.0,lux
2026-09-27,04:45:20,Infrared,0.0,lux
2026-09-27,04:45:50,Temperature,23.51,°C
2026-09-27,04:45:50,Humidity,43.27,%
2026-09-27,04:45:50,AQI,2.0,
2026-09-27,04:45:50,TVOC,76.3,ppb
2026-09-27,04:45:50,eCO2,507.8,ppm
2026-09-27,04:45:50,Broadband,0.0,lux
2026-09-27,04:45:50,Infrared,0.0,lux
2026-09-27,04:46:20,Temperature,23.52,°C
2026-09-27,04:46:20,Humidity,43.19,%
2026-09-27,04:46:20,AQI,1.97,
2026-09-27,04:46:20,TVOC,75.13,ppb
2026-09-27,04:46:20,eCO2,505.5,ppm
2026-09-27,04:46:20,Broadband,0.0,lux
2026-09-27,04:46:20,Infrared,0.0,lux
2026-09-27,04:46:50,Temperature,23.53,°C
2026-09-27,04:46:50,Humidity,43.15,%
2026-09-27,04:46:50,AQI,2.0,
2026-09-27,04:46:50,TVOC,75.8,ppb
2026-09-27,04:46:50,eCO2,507.0,ppm
2026-09-27,04:46:50,Broadband,0.0,lux
2026-09-27,04:46:50,Infrared,0.0,lux
2026-09-27,04:47:20,Temperature,23.51,°C
2026-09-27,04:47:20,Humidity,43.15,%
2026-09-27,04:47:20,AQI,2.0,
2026-09-27,04:47:20,TVOC,74.9,ppb
2026-09-27,04:47:20,eCO2,505.0,ppm
2026-09-27,04:47:20,Broadband,0.0,lux
2026-09-27,04:47:20,Infrared,0.0,lux
2026-09-27,04:47:50,Temperature,23.51,°C
2026-09-27,04:47:50,Humidity,43.18,%
2026-09-27,04:47:50,AQI,2.0,
2026-09-27,04:47:50,TVOC,75.4,ppb
2026-09-27,04:47:50,eCO2,506.13,ppm
2026-09-27,04:47:50,Broadband,0.0,lux
2026-09-27,04:47:50,Infrared,0.0,lux
2026-09-27,04:48:20,Temperature,23.52,°C
2026-09-27,04:48:20,Humidity,43.15,%
2026-09-27,04:48:20,AQI,1.97,
2026-09-27,04:48:20,TVOC,73.5,ppb
2026-09-27,04:48:20,eCO2,502.8,ppm
2026-09-27,04:48:20,Broadband,0.0,lux
2026-09-27,04:48:20,Infrared,0.0,lux
2026-09-27,04:48:50,Temperature,23.53,°C
2026-09-27,04:48:50,Humidity,43.17,%
2026-09-27,04:48:50,AQI,2.0,
2026-09-27,04:48:50,TVOC,72.3,ppb
2026-09-27,04:48:50,eCO2,500.43,ppm
2026-09-27,04:48:50,Broadband,0.0,lux
2026-09-27,04:48:50,Infrared,0.0,lux
2026-09-27,04:49:20,Temperature,23.54,°C
2026-09-27,04:49:20,Humidity,43.04,%
2026-09-27,04:49:20,AQI,2.0,
2026-09-27,04:49:20,TVOC,73.03,ppb
2026-09-27,04:49:20,eCO2,502.03,ppm
2026-09-27,04:49:20,Broadband,0.0,lux
2026-09-27,04:49:20,Infrared,0.0,lux
2026-09-27,04:49:50,Temperature,23.51,°C
2026-09-27,04:49:50,Humidity,43.03,%
2026-09-27,04:49:50,AQI,1.9,
2026-09-27,04:49:50,TVOC,71.07,ppb
2026-09-27,04:49:50,eCO2,497.97,ppm
2026-09-27,04:49:50,Broadband,0.0,lux
2026-09-27,04:49:50,Infrared,0.0,lux
2026-09-27,04:50:20,Temperature,23.55,°C
2026-09-27,04:50:20,Humidity,43.05,%
2026-09-27,04:50:20,AQI,1.93,
2026-09-27,04:50:20,TVOC,71.67,ppb
2026-09-27,04:50:20,eCO2,498.9,ppm
2026-09-27,04:50:20,Broadband,0.0,lux
2026-09-27,04:50:20,Infrared,0.0,lux
2026-09-27,04:50:50,Temperature,23.53,°C
2026-09-27,04:50:50,Humidity,43.01,%
2026-09-27,04:50:50,AQI,2.0,
2026-09-27,04:50:50,TVOC,73.43,ppb
2026-09-27,04:50:50,eCO2,502.33,ppm
2026-09-27,04:50:50,Broadband,0.0,lux
2026-09-27,04:50:50,Infrared,0.0,lux
2026-09-27,04:51:20,Temperature,23.51,°C
2026-09-27,04:51:20,Humidity,43.08,%
2026-09-27,04:51:20,AQI,2.0,
2026-09-27,04:51:20,TVOC,74.17,ppb
2026-09-27,04:51:20,eCO2,503.93,ppm
2026-09-27,04:51:20,Broadband,0.0,lux
2026-09-27,04:51:20,Infrared,0.0,lux
2026-09-27,04:51:50,Temperature,23.52,°C
2026-09-27,04:51:50,Humidity,43.1,%
2026-09-27,04:51:50,AQI,1.97,
2026-09-27,04:51:50,TVOC,72.03,ppb
2026-09-27,04:51:50,eCO2,499.83,ppm
2026-09-27,04:51:50,Broadband,0.0,lux
2026-09-27,04:51:50,Infrared,0.0,lux
2026-09-27,04:52:20,Temperature,23.55,°C
2026-09-27,04:52:20,Humidity,43.04,%
2026-09-27,04:52:20,AQI,1.9,
2026-09-27,04:52:20,TVOC,71.3,ppb
2026-09-27,04:52:20,eCO2,498.57,ppm
2026-09-27,04:52:20,Broadband,0.0,lux
2026-09-27,04:52:20,Infrared,0.0,lux
2026-09-27,04:52:50,Temperature,23.56,°C
2026-09-27,04:52:50,Humidity,42.98,%
2026-09-27,04:52:50,AQI,1.83,
2026-09-27,04:52:50,TVOC,69.23,ppb
2026-09-27,04:52:50,eCO2,494.6,ppm
2026-09-27,04:52:50,Broadband,0.0,lux
2026-09-27,04:52:50,Infrared,0.0,lux
2026-09-27,04:53:20,Temperature,23.56,°C
2026-09-27,04:53:20,Humidity,42.96,%
2026-09-27,04:53:20,AQI,1.87,
2026-09-27,04:53:20,TVOC,69.03,ppb
2026-09-27,04:53:20,eCO2,494.27,ppm
2026-09-27,04:53:20,Broadband,0.0,lux
2026-09-27,04:53:20,Infrared,0.0,lux
2026-09-27,04:53:50,Temperature,23.54,°C
2026-09-27,04:53:50,Humidity,42.96,%
2026-09-27,04:53:50,AQI,1.93,
2026-09-27,04:53:50,TVOC,70.03,ppb
2026-09-27,04:53:50,eCO2,496.03,ppm
2026-09-27,04:53:50,Broadband,0.0,lux
2026-09-27,04:53:50,Infrared,0.0,lux
2026-09-27,04:54:20,Temperature,23.51,°C
2026-09-27,04:54:20,Humidity,42.96,%
2026-09-27,04:54:20,AQI,1.83,
2026-09-27,04:54:20,TVOC,69.37,ppb
2026-09-27,04:54:20,eCO2,494.83,ppm
2026-09-27,04:54:20,Broadband,0.0,lux
2026-09-27,04:54:20,Infrared,0.0,lux
2026-09-27,04:54:50,Temperature,23.52,°C
2026-09-27,04:54:50,Humidity,42.99,%
2026-09-27,04:54:50,AQI,1.87,
2026-09-27,04:54:50,TVOC,68.27,ppb
2026-09-27,04:54:50,eCO2,492.8,ppm
2026-09-27,04:54:50,Broadband,0.0,lux
2026-09-27,04:54:50,Infrared,0.0,lux
2026-09-27,04:55:20,Temperature,23.53,°C
2026-09-27,04:55:20,Humidity,42.99,%
2026-09-27,04:55:20,AQI,1.87,
2026-09-27,04:55:20,TVOC,70.03,ppb
2026-09-27,04:55:20,eCO2,496.0,ppm
2026-09-27,04:55:20,Broadband,0.0,lux
2026-09-27,04:55:20,Infrared,0.0,lux
2026-09-27,04:55:50,Temperature,23.51,°C
2026-09-27,04:55:50,Humidity,42.96,%
2026-09-27,04:55:50,AQI,1.87,
2026-09-27,04:55:50,TVOC,69.07,ppb
2026-09-27,04:55:50,eCO2,494.43,ppm
2026-09-27,04:55:50,Broadband,0.0,lux
2026-09-27,04:55:50,Infrared,0.0,lux
2026-09-27,04:56:20,Temperature,23.48,°C
2026-09-27,04:56:20,Humidity,42.99,%
2026-09-27,04:56:20,AQI,1.9,
2026-09-27,04:56:20,TVOC,70.8,ppb
2026-09-27,04:56:20,eCO2,497.47,ppm
2026-09-27,04:56:20,Broadband,0.0,lux
2026-09-27,04:56:20,Infrared,0.0,lux
2026-09-27,04:56:50,Temperature,23.47,°C
2026-09-27,04:56:50,Humidity,43.03,%
2026-09-27,04:56:50,AQI,1.97,
2026-09-27,04:56:50,TVOC,70.73,ppb
2026-09-27,04:56:50,eCO2,497.33,ppm
2026-09-27,04:56:50,Broadband,0.0,lux
2026-09-27,04:56:50,Infrared,0.0,lux
2026-09-27,04:57:20,Temperature,23.48,°C
2026-09-27,04:57:20,Humidity,43.02,%
2026-09-27,04:57:20,AQI,1.87,
2026-09-27,04:57:20,TVOC,69.73,ppb
2026-09-27,04:57:20,eCO2,495.53,ppm
2026-09-27,04:57:20,Broadband,0.0,lux
2026-09-27,04:57:20,Infrared,0.0,lux
2026-09-27,04:57:50,Temperature,23.49,°C
2026-09-27,04:57:50,Humidity,43.01,%
2026-09-27,04:57:50,AQI,1.93,
2026-09-27,04:57:50,TVOC,70.17,ppb
2026-09-27,04:57:50,eCO2,496.43,ppm
2026-09-27,04:57:50,Broadband,0.0,lux
2026-09-27,04:57:50,Infrared,0.0,lux
2026-09-27,04:58:20,Temperature,23.46,°C
2026-09-27,04:58:20,Humidity,43.02,%
2026-09-27,04:58:20,AQI,1.9,
2026-09-27,04:58:20,TVOC,70.87,ppb
2026-09-27,04:58:20,eCO2,497.63,ppm
2026-09-27,04:58:20,Broadband,0.0,lux
2026-09-27,04:58:20,Infrared,0.0,lux
2026-09-27,04:58:50,Temperature,23.48,°C
2026-09-27,04:58:50,Humidity,43.02,%
2026-09-27,04:58:50,AQI,1.87,
2026-09-27,04:58:50,TVOC,68.87,ppb
2026-09-27,04:58:50,eCO2,494.03,ppm
2026-09-27,04:58:50,Broadband,0.0,lux
2026-09-27,04:58:50,Infrared,0.0,lux
2026-09-27,04:59:20,Temperature,23.47,°C
2026-09-27,04:59:20,Humidity,43.01,%
2026-09-27,04:59:20,AQI,1.87,
2026-09-27,04:59:20,TVOC,69.1,ppb
2026-09-27,04:59:20,eCO2,494.4,ppm
2026-09-27,04:59:20,Broadband,0.0,lux
2026-09-27,04:59:20,Infrared,0.0,lux
2026-09-27,04:59:50,Temperature,23.47,°C
2026-09-27,04:59:50,Humidity,43.04,%
2026-09-27,04:59:50,AQI,1.87,
2026-09-27,04:59:50,TVOC,69.73,ppb
2026-09-27,04:59:50,eCO2,495.33,ppm
2026-09-27,04:59:50,Broadband,0.0,lux
2026-09-27,04:59:50,Infrared,0.0,lux
2026-09-27,05:00:20,Temperature,23.47,°C
2026-09-27,05:00:20,Humidity,43.03,%
2026-09-27,05:00:20,AQI,1.73,
2026-09-27,05:00:20,TVOC,68.57,ppb
2026-09-27,05:00:20,eCO2,493.27,ppm
2026-09-27,05:00:20,Broadband,0.0,lux
2026-09-27,05:00:20,Infrared,0.0,lux
2026-09-27,05:00:50,Temperature,23.49,°C
2026-09-27,05:00:50,Humidity,43.02,%
2026-09-27,05:00:50,AQI,1.8,
2026-09-27,05:00:50,TVOC,68.33,ppb
2026-09-27,05:00:50,eCO2,492.83,ppm
2026-09-27,05:00:50,Broadband,0.0,lux
2026-09-27,05:00:50,Infrared,0.0,lux
2026-09-27,05:01:20,Temperature,23.49,°C
2026-09-27,05:01:20,Humidity,42.97,%
2026-09-27,05:01:20,AQI,1.83,
2026-09-27,05:01:20,TVOC,69.27,ppb
2026-09-27,05:01:20,eCO2,494.6,ppm
2026-09-27,05:01:20,Broadband,0.0,lux
2026-09-27,05:01:20,Infrared,0.0,lux
2026-09-27,05:01:50,Temperature,23.5,°C
2026-09-27,05:01:50,Humidity,42.98,%
2026-09-27,05:01:50,AQI,1.87,
2026-09-27,05:01:50,TVOC,70.43,ppb
2026-09-27,05:01:50,eCO2,496.73,ppm
2026-09-27,05:01:50,Broadband,0.0,lux
2026-09-27,05:01:50,Infrared,0.0,lux
2026-09-27,05:02:20,Temperature,23.49,°C
2026-09-27,05:02:20,Humidity,42.96,%
2026-09-27,05:02:20,AQI,1.73,
2026-09-27,05:02:20,TVOC,67.8,ppb
2026-09-27,05:02:20,eCO2,491.8,ppm
2026-09-27,05:02:20,Broadband,0.0,lux
2026-09-27,05:02:20,Infrared,0.0,lux
2026-09-27,05:02:50,Temperature,23.47,°C
2026-09-27,05:02:50,Humidity,42.96,%
2026-09-27,05:02:50,AQI,1.93,
2026-09-27,05:02:50,TVOC,69.53,ppb
2026-09-27,05:02:50,eCO2,495.5,ppm
2026-09-27,05:02:50,Broadband,0.0,lux
2026-09-27,05:02:50,Infrared,0.0,lux
2026-09-27,05:03:20,Temperature,23.47,°C
2026-09-27,05:03:20,Humidity,42.98,%
2026-09-27,05:03:20,AQI,1.77,
2026-09-27,05:03:20,TVOC,69.33,ppb
2026-09-27,05:03:20,eCO2,494.7,ppm
2026-09-27,05:03:20,Broadband,0.0,lux
2026-09-27,05:03:20,Infrared,0.0,lux
2026-09-27,05:03:50,Temperature,23.46,°C
2026-09-27,05:03:50,Humidity,42.96,%
2026-09-27,05:03:50,AQI,1.77,
2026-09-27,05:03:50,TVOC,67.37,ppb
2026-09-27,05:03:50,eCO2,490.83,ppm
2026-09-27,05:03:50,Broadband,0.0,lux
2026-09-27,05:03:50,Infrared,0.0,lux
2026-09-27,05:04:20,Temperature,23.46,°C
2026-09-27,05:04:20,Humidity,42.99,%
2026-09-27,05:04:20,AQI,1.83,
2026-09-27,05:04:20,TVOC,69.33,ppb
2026-09-27,05:04:20,eCO2,494.7,ppm
2026-09-27,05:04:20,Broadband,0.0,lux
2026-09-27,05:04:20,Infrared,0.0,lux
2026-09-27,05:04:50,Temperature,23.46,°C
2026-09-27,05:04:50,Humidity,43.0,%
2026-09-27,05:04:50,AQI,1.87,
2026-09-27,05:04:50,TVOC,70.97,ppb
2026-09-27,05:04:50,eCO2,497.67,ppm
2026-09-27,05:04:50,Broadband,0.0,lux
2026-09-27,05:04:50,Infrared,0.0,lux
2026-09-27,05:05:20,Temperature,23.48,°C
2026-09-27,05:05:20,Humidity,42.97,%
2026-09-27,05:05:20,AQI,1.77,
2026-09-27,05:05:20,TVOC,69.4,ppb
2026-09-27,05:05:20,eCO2,494.83,ppm
2026-09-27,05:05:20,Broadband,0.0,lux
2026-09-27,05:05:20,Infrared,0.0,lux
2026-09-27,05:05:50,Temperature,23.46,°C
2026-09-27,05:05:50,Humidity,42.96,%
2026-09-27,05:05:50,AQI,1.9,
2026-09-27,05:05:50,TVOC,70.27,ppb
2026-09-27,05:05:50,eCO2,496.63,ppm
2026-09-27,05:05:50,Broadband,0.0,lux
2026-09-27,05:05:50,Infrared,0.0,lux
2026-09-27,05:06:20,Temperature,23.45,°C
2026-09-27,05:06:20,Humidity,42.99,%
2026-09-27,05:06:20,AQI,1.9,
2026-09-27,05:06:20,TVOC,68.4,ppb
2026-09-27,05:06:20,eCO2,492.8,ppm
2026-09-27,05:06:20,Broadband,0.0,lux
2026-09-27,05:06:20,Infrared,0.0,lux
2026-09-27,05:06:50,Temperature,23.44,°C
2026-09-27,05:06:50,Humidity,42.98,%
2026-09-27,05:06:50,AQI,1.67,
2026-09-27,05:06:50,TVOC,66.5,ppb
2026-09-27,05:06:50,eCO2,489.53,ppm
2026-09-27,05:06:50,Broadband,0.0,lux
2026-09-27,05:06:50,Infrared,0.0,lux
2026-09-27,05:07:20,Temperature,23.46,°C
2026-09-27,05:07:20,Humidity,42.96,%
2026-09-27,05:07:20,AQI,1.83,
2026-09-27,05:07:20,TVOC,68.5,ppb
2026-09-27,05:07:20,eCO2,492.97,ppm
2026-09-27,05:07:20,Broadband,0.0,lux
2026-09-27,05:07:20,Infrared,0.0,lux
2026-09-27,05:07:50,Temperature,23.45,°C
2026-09-27,05:07:50,Humidity,42.95,%
2026-09-27,05:07:50,AQI,1.73,
2026-09-27,05:07:50,TVOC,67.87,ppb
2026-09-27,05:07:50,eCO2,491.97,ppm
2026-09-27,05:07:50,Broadband,0.0,lux
2026-09-27,05:07:50,Infrared,0.0,lux
2026-09-27,05:08:20,Temperature,23.45,°C
2026-09-27,05:08:20,Humidity,42.96,%
2026-09-27,05:08:20,AQI,1.93,
2026-09-27,05:08:20,TVOC,69.8,ppb
2026-09-27,05:08:20,eCO2,495.9,ppm
2026-09-27,05:08:20,Broadband,0.0,lux
2026-09-27,05:08:20,Infrared,0.0,lux
2026-09-27,05:08:50,Temperature,23.43,°C
2026-09-27,05:08:50,Humidity,42.98,%
2026-09-27,05:08:50,AQI,1.8,
2026-09-27,05:08:50,TVOC,67.9,ppb
2026-09-27,05:08:50,eCO2,492.0,ppm
2026-09-27,05:08:50,Broadband,0.0,lux
2026-09-27,05:08:50,Infrared,0.0,lux
2026-09-27,05:09:20,Temperature,23.42,°C
2026-09-27,05:09:20,Humidity,42.94,%
2026-09-27,05:09:20,AQI,1.67,
2026-09-27,05:09:20,TVOC,66.67,ppb
2026-09-27,05:09:20,eCO2,489.8,ppm
2026-09-27,05:09:20,Broadband,0.0,lux
2026-09-27,05:09:20,Infrared,0.0,lux
2026-09-27,05:09:50,Temperature,23.42,°C
2026-09-27,05:09:50,Humidity,43.02,%
2026-09-27,05:09:50,AQI,1.7,
2026-09-27,05:09:50,TVOC,66.73,ppb
2026-09-27,05:09:50,eCO2,489.83,ppm
2026-09-27,05:09:50,Broadband,0.0,lux
2026-09-27,05:09:50,Infrared,0.0,lux
2026-09-27,05:10:20,Temperature,23.44,°C
2026-09-27,05:10:20,Humidity,43.0,%
2026-09-27,05:10:20,AQI,1.63,
2026-09-27,05:10:20,TVOC,67.0,ppb
2026-09-27,05:10:20,eCO2,490.53,ppm
2026-09-27,05:10:20,Broadband,0.0,lux
2026-09-27,05:10:20,Infrared,0.0,lux
2026-09-27,05:10:50,Temperature,23.44,°C
2026-09-27,05:10:50,Humidity,42.98,%
2026-09-27,05:10:50,AQI,1.8,
2026-09-27,05:10:50,TVOC,68.13,ppb
2026-09-27,05:10:50,eCO2,492.63,ppm
2026-09-27,05:10:50,Broadband,0.0,lux
2026-09-27,05:10:50,Infrared,0.0,lux
2026-09-27,05:11:20,Temperature,23.41,°C
2026-09-27,05:11:20,Humidity,43.03,%
2026-09-27,05:11:20,AQI,1.7,
2026-09-27,05:11:20,TVOC,66.63,ppb
2026-09-27,05:11:20,eCO2,489.73,ppm
2026-09-27,05:11:20,Broadband,0.0,lux
2026-09-27,05:11:20,Infrared,0.0,lux
2026-09-27,05:11:50,Temperature,23.42,°C
2026-09-27,05:11:50,Humidity,43.01,%
2026-09-27,05:11:50,AQI,1.63,
2026-09-27,05:11:50,TVOC,66.13,ppb
2026-09-27,05:11:50,eCO2,488.5,ppm
2026-09-27,05:11:50,Broadband,0.0,lux
2026-09-27,05:11:50,Infrared,0.0,lux
2026-09-27,05:12:20,Temperature,23.43,°C
2026-09-27,05:12:20,Humidity,43.02,%
2026-09-27,05:12:20,AQI,1.7,
2026-09-27,05:12:20,TVOC,66.23,ppb
2026-09-27,05:12:20,eCO2,488.83,ppm
2026-09-27,05:12:20,Broadband,0.0,lux
2026-09-27,05:12:20,Infrared,0.0,lux
2026-09-27,05:12:50,Temperature,23.43,°C
2026-09-27,05:12:50,Humidity,43.04,%
2026-09-27,05:12:50,AQI,1.77,
2026-09-27,05:12:50,TVOC,67.97,ppb
2026-09-27,05:12:50,eCO2,492.17,ppm
2026-09-27,05:12:50,Broadband,0.0,lux
2026-09-27,05:12:50,Infrared,0.0,lux
2026-09-27,05:13:20,Temperature,23.43,°C
2026-09-27,05:13:20,Humidity,42.99,%
2026-09-27,05:13:20,AQI,1.67,
2026-09-27,05:13:20,TVOC,66.8,ppb
2026-09-27,05:13:20,eCO2,489.87,ppm
2026-09-27,05:13:20,Broadband,0.0,lux
2026-09-27,05:13:20,Infrared,0.0,lux
2026-09-27,05:13:50,Temperature,23.41,°C
2026-09-27,05:13:50,Humidity,42.98,%
2026-09-27,05:13:50,AQI,1.8,
2026-09-27,05:13:50,TVOC,67.03,ppb
2026-09-27,05:13:50,eCO2,490.37,ppm
2026-09-27,05:13:50,Broadband,0.0,lux
2026-09-27,05:13:50,Infrared,0.0,lux
2026-09-27,05:14:20,Temperature,23.41,°C
2026-09-27,05:14:20,Humidity,43.0,%
2026-09-27,05:14:20,AQI,1.8,
2026-09-27,05:14:20,TVOC,66.67,ppb
2026-09-27,05:14:20,eCO2,489.73,ppm
2026-09-27,05:14:20,Broadband,0.0,lux
2026-09-27,05:14:20,Infrared,0.0,lux
2026-09-27,05:14:50,Temperature,23.42,°C
2026-09-27,05:14:50,Humidity,42.98,%
2026-09-27,05:14:50,AQI,1.77,
2026-09-27,05:14:50,TVOC,67.77,ppb
2026-09-27,05:14:50,eCO2,491.9,ppm
2026-09-27,05:14:50,Broadband,0.0,lux
2026-09-27,05:14:50,Infrared,0.0,lux
2026-09-27,05:15:20,Temperature,23.43,°C
2026-09-27,05:15:20,Humidity,42.98,%
2026-09-27,05:15:20,AQI,1.73,
2026-09-27,05:15:20,TVOC,66.03,ppb
2026-09-27,05:15:20,eCO2,488.43,ppm
2026-09-27,05:15:20,Broadband,0.0,lux
2026-09-27,05:15:20,Infrared,0.0,lux
2026-09-27,05:15:50,Temperature,23.42,°C
2026-09-27,05:15:50,Humidity,42.97,%
2026-09-27,05:15:50,AQI,1.57,
2026-09-27,05:15:50,TVOC,66.4,ppb
2026-09-27,05:15:50,eCO2,489.1,ppm
2026-09-27,05:15:50,Broadband,0.0,lux
2026-09-27,05:15:50,Infrared,0.0,lux
2026-09-27,05:16:20,Temperature,23.42,°C
2026-09-27,05:16:20,Humidity,42.99,%
2026-09-27,05:16:20,AQI,1.67,
2026-09-27,05:16:20,TVOC,66.97,ppb
2026-09-27,05:16:20,eCO2,490.37,ppm
2026-09-27,05:16:20,Broadband,0.0,lux
2026-09-27,05:16:20,Infrared,0.0,lux
2026-09-27,05:16:50,Temperature,23.42,°C
2026-09-27,05:16:50,Humidity,42.97,%
2026-09-27,05:16:50,AQI,1.87,
2026-09-27,05:16:50,TVOC,69.4,ppb
2026-09-27,05:16:50,eCO2,494.9,ppm
2026-09-27,05:16:50,Broadband,0.0,lux
2026-09-27,05:16:50,Infrared,0.0,lux
2026-09-27,05:17:20,Temperature,23.42,°C
2026-09-27,05:17:20,Humidity,42.97,%
2026-09-27,05:17:20,AQI,1.53,
2026-09-27,05:17:20,TVOC,64.77,ppb
2026-09-27,05:17:20,eCO2,486.0,ppm
2026-09-27,05:17:20,Broadband,0.0,lux
2026-09-27,05:17:20,Infrared,0.0,lux
2026-09-27,05:17:50,Temperature,23.42,°C
2026-09-27,05:17:50,Humidity,42.96,%
2026-09-27,05:17:50,AQI,1.77,
2026-09-27,05:17:50,TVOC,67.47,ppb
2026-09-27,05:17:50,eCO2,491.0,ppm
2026-09-27,05:17:50,Broadband,0.0,lux
2026-09-27,05:17:50,Infrared,0.0,lux
2026-09-27,05:18:20,Temperature,23.42,°C
2026-09-27,05:18:20,Humidity,42.93,%
2026-09-27,05:18:20,AQI,1.53,
2026-09-27,05:18:20,TVOC,64.0,ppb
2026-09-27,05:18:20,eCO2,484.57,ppm
2026-09-27,05:18:20,Broadband,0.0,lux
2026-09-27,05:18:20,Infrared,0.0,lux
2026-09-27,05:18:50,Temperature,23.42,°C
2026-09-27,05:18:50,Humidity,42.93,%
2026-09-27,05:18:50,AQI,1.57,
2026-09-27,05:18:50,TVOC,66.13,ppb
2026-09-27,05:18:50,eCO2,488.57,ppm
2026-09-27,05:18:50,Broadband,0.0,lux
2026-09-27,05:18:50,Infrared,0.0,lux
2026-09-27,05:19:20,Temperature,23.43,°C
2026-09-27,05:19:20,Humidity,42.91,%
2026-09-27,05:19:20,AQI,1.37,
2026-09-27,05:19:20,TVOC,63.93,ppb
2026-09-27,05:19:20,eCO2,484.6,ppm
2026-09-27,05:19:20,Broadband,0.0,lux
2026-09-27,05:19:20,Infrared,0.0,lux
2026-09-27,05:19:50,Temperature,23.4,°C
2026-09-27,05:19:50,Humidity,42.96,%
2026-09-27,05:19:50,AQI,1.67,
2026-09-27,05:19:50,TVOC,66.4,ppb
2026-09-27,05:19:50,eCO2,489.33,ppm
2026-09-27,05:19:50,Broadband,0.0,lux
2026-09-27,05:19:50,Infrared,0.0,lux
2026-09-27,05:20:20,Temperature,23.42,°C
2026-09-27,05:20:20,Humidity,42.95,%
2026-09-27,05:20:20,AQI,1.67,
2026-09-27,05:20:20,TVOC,66.37,ppb
2026-09-27,05:20:20,eCO2,488.93,ppm
2026-09-27,05:20:20,Broadband,0.0,lux
2026-09-27,05:20:20,Infrared,0.0,lux
2026-09-27,05:20:50,Temperature,23.43,°C
2026-09-27,05:20:50,Humidity,42.91,%
2026-09-27,05:20:50,AQI,1.67,
2026-09-27,05:20:50,TVOC,66.2,ppb
2026-09-27,05:20:50,eCO2,488.83,ppm
2026-09-27,05:20:50,Broadband,0.0,lux
2026-09-27,05:20:50,Infrared,0.0,lux
2026-09-27,05:21:20,Temperature,23.45,°C
2026-09-27,05:21:20,Humidity,42.88,%
2026-09-27,05:21:20,AQI,1.57,
2026-09-27,05:21:20,TVOC,65.0,ppb
2026-09-27,05:21:20,eCO2,486.83,ppm
2026-09-27,05:21:20,Broadband,0.0,lux
2026-09-27,05:21:20,Infrared,0.0,lux
2026-09-27,05:21:50,Temperature,23.43,°C
2026-09-27,05:21:50,Humidity,42.85,%
2026-09-27,05:21:50,AQI,1.3,
2026-09-27,05:21:50,TVOC,63.47,ppb
2026-09-27,05:21:50,eCO2,483.7,ppm
2026-09-27,05:21:50,Broadband,0.0,lux
2026-09-27,05:21:50,Infrared,0.0,lux
2026-09-27,05:22:20,Temperature,23.4,°C
2026-09-27,05:22:20,Humidity,42.92,%
2026-09-27,05:22:20,AQI,1.4,
2026-09-27,05:22:20,TVOC,63.8,ppb
2026-09-27,05:22:20,eCO2,484.23,ppm
2026-09-27,05:22:20,Broadband,0.0,lux
2026-09-27,05:22:20,Infrared,0.0,lux
2026-09-27,05:22:50,Temperature,23.42,°C
2026-09-27,05:22:50,Humidity,42.89,%
2026-09-27,05:22:50,AQI,1.47,
2026-09-27,05:22:50,TVOC,64.97,ppb
2026-09-27,05:22:50,eCO2,486.4,ppm
2026-09-27,05:22:50,Broadband,0.0,lux
2026-09-27,05:22:50,Infrared,0.0,lux
2026-09-27,05:23:20,Temperature,23.42,°C
2026-09-27,05:23:20,Humidity,42.88,%
2026-09-27,05:23:20,AQI,1.63,
2026-09-27,05:23:20,TVOC,65.43,ppb
2026-09-27,05:23:20,eCO2,487.1,ppm
2026-09-27,05:23:20,Broadband,0.0,lux
2026-09-27,05:23:20,Infrared,0.0,lux
2026-09-27,05:23:50,Temperature,23.4,°C
2026-09-27,05:23:50,Humidity,42.94,%
2026-09-27,05:23:50,AQI,1.63,
2026-09-27,05:23:50,TVOC,67.2,ppb
2026-09-27,05:23:50,eCO2,490.6,ppm
2026-09-27,05:23:50,Broadband,0.0,lux
2026-09-27,05:23:50,Infrared,0.0,lux
2026-09-27,05:24:20,Temperature,23.39,°C
2026-09-27,05:24:20,Humidity,42.94,%
2026-09-27,05:24:20,AQI,1.57,
2026-09-27,05:24:20,TVOC,64.33,ppb
2026-09-27,05:24:20,eCO2,485.1,ppm
2026-09-27,05:24:20,Broadband,0.0,lux
2026-09-27,05:24:20,Infrared,0.0,lux
2026-09-27,05:24:50,Temperature,23.41,°C
2026-09-27,05:24:50,Humidity,42.95,%
2026-09-27,05:24:50,AQI,1.53,
2026-09-27,05:24:50,TVOC,65.5,ppb
2026-09-27,05:24:50,eCO2,487.37,ppm
2026-09-27,05:24:50,Broadband,0.0,lux
2026-09-27,05:24:50,Infrared,0.0,lux
2026-09-27,05:25:20,Temperature,23.41,°C
2026-09-27,05:25:20,Humidity,42.92,%
2026-09-27,05:25:20,AQI,1.5,
2026-09-27,05:25:20,TVOC,64.47,ppb
2026-09-27,05:25:20,eCO2,485.5,ppm
2026-09-27,05:25:20,Broadband,0.0,lux
2026-09-27,05:25:20,Infrared,0.0,lux
2026-09-27,05:25:50,Temperature,23.4,°C
2026-09-27,05:25:50,Humidity,42.95,%
2026-09-27,05:25:50,AQI,1.4,
2026-09-27,05:25:50,TVOC,64.1,ppb
2026-09-27,05:25:50,eCO2,485.0,ppm
2026-09-27,05:25:50,Broadband,0.0,lux
2026-09-27,05:25:50,Infrared,0.0,lux
2026-09-27,05:26:20,Temperature,23.39,°C
2026-09-27,05:26:20,Humidity,42.93,%
2026-09-27,05:26:20,AQI,1.43,
2026-09-27,05:26:20,TVOC,63.07,ppb
2026-09-27,05:26:20,eCO2,482.77,ppm
2026-09-27,05:26:20,Broadband,0.0,lux
2026-09-27,05:26:20,Infrared,0.0,lux
2026-09-27,05:26:50,Temperature,23.41,°C
2026-09-27,05:26:50,Humidity,42.91,%
2026-09-27,05:26:50,AQI,1.27,
2026-09-27,05:26:50,TVOC,61.67,ppb
2026-09-27,05:26:50,eCO2,480.07,ppm
2026-09-27,05:26:50,Broadband,0.0,lux
2026-09-27,05:26:50,Infrared,0.0,lux
2026-09-27,05:27:20,Temperature,23.4,°C
2026-09-27,05:27:20,Humidity,42.9,%
2026-09-27,05:27:20,AQI,1.5,
2026-09-27,05:27:20,TVOC,64.3,ppb
2026-09-27,05:27:20,eCO2,485.3,ppm
2026-09-27,05:27:20,Broadband,0.0,lux
2026-09-27,05:27:20,Infrared,0.0,lux
2026-09-27,05:27:50,Temperature,23.37,°C
2026-09-27,05:27:50,Humidity,42.91,%
2026-09-27,05:27:50,AQI,1.6,
2026-09-27,05:27:50,TVOC,65.43,ppb
2026-09-27,05:27:50,eCO2,487.67,ppm
2026-09-27,05:27:50,Broadband,0.0,lux
2026-09-27,05:27:50,Infrared,0.0,lux
2026-09-27,05:28:20,Temperature,23.37,°C
2026-09-27,05:28:20,Humidity,42.92,%
2026-09-27,05:28:20,AQI,1.5,
2026-09-27,05:28:20,TVOC,64.17,ppb
2026-09-27,05:28:20,eCO2,484.9,ppm
2026-09-27,05:28:20,Broadband,0.0,lux
2026-09-27,05:28:20,Infrared,0.0,lux
2026-09-27,05:28:50,Temperature,23.37,°C
2026-09-27,05:28:50,Humidity,42.9,%
2026-09-27,05:28:50,AQI,1.4,
2026-09-27,05:28:50,TVOC,62.6,ppb
2026-09-27,05:28:50,eCO2,481.93,ppm
2026-09-27,05:28:50,Broadband,0.0,lux
2026-09-27,05:28:50,Infrared,0.0,lux
2026-09-27,05:29:20,Temperature,23.38,°C
2026-09-27,05:29:20,Humidity,42.91,%
2026-09-27,05:29:20,AQI,1.4,
2026-09-27,05:29:20,TVOC,63.63,ppb
2026-09-27,05:29:20,eCO2,483.97,ppm
2026-09-27,05:29:20,Broadband,0.0,lux
2026-09-27,05:29:20,Infrared,0.0,lux
2026-09-27,05:29:50,Temperature,23.41,°C
2026-09-27,05:29:50,Humidity,42.88,%
2026-09-27,05:29:50,AQI,1.7,
2026-09-27,05:29:50,TVOC,66.53,ppb
2026-09-27,05:29:50,eCO2,489.73,ppm
2026-09-27,05:29:50,Broadband,0.0,lux
2026-09-27,05:29:50,Infrared,0.0,lux
2026-09-27,05:30:20,Temperature,23.39,°C
2026-09-27,05:30:20,Humidity,42.88,%
2026-09-27,05:30:20,AQI,1.23,
2026-09-27,05:30:20,TVOC,62.43,ppb
2026-09-27,05:30:20,eCO2,481.63,ppm
2026-09-27,05:30:20,Broadband,0.0,lux
2026-09-27,05:30:20,Infrared,0.0,lux
2026-09-27,05:30:50,Temperature,23.4,°C
2026-09-27,05:30:50,Humidity,42.86,%
2026-09-27,05:30:50,AQI,1.13,
2026-09-27,05:30:50,TVOC,60.7,ppb
2026-09-27,05:30:50,eCO2,478.2,ppm
2026-09-27,05:30:50,Broadband,0.0,lux
2026-09-27,05:30:50,Infrared,0.0,lux
2026-09-27,05:31:20,Temperature,23.39,°C
2026-09-27,05:31:20,Humidity,42.87,%
2026-09-27,05:31:20,AQI,1.4,
2026-09-27,05:31:20,TVOC,64.0,ppb
2026-09-27,05:31:20,eCO2,484.7,ppm
2026-09-27,05:31:20,Broadband,0.0,lux
2026-09-27,05:31:20,Infrared,0.0,lux
2026-09-27,05:31:50,Temperature,23.38,°C
2026-09-27,05:31:50,Humidity,42.88,%
2026-09-27,05:31:50,AQI,1.43,
2026-09-27,05:31:50,TVOC,63.87,ppb
2026-09-27,05:31:50,eCO2,484.5,ppm
2026-09-27,05:31:50,Broadband,0.0,lux
2026-09-27,05:31:50,Infrared,0.0,lux
2026-09-27,05:32:20,Temperature,23.38,°C
2026-09-27,05:32:20,Humidity,42.9,%
2026-09-27,05:32:20,AQI,1.37,
2026-09-27,05:32:20,TVOC,62.87,ppb
2026-09-27,05:32:20,eCO2,482.27,ppm
2026-09-27,05:32:20,Broadband,0.0,lux
2026-09-27,05:32:20,Infrared,0.0,lux
2026-09-27,05:32:50,Temperature,23.36,°C
2026-09-27,05:32:50,Humidity,42.87,%
2026-09-27,05:32:50,AQI,1.1,
2026-09-27,05:32:50,TVOC,60.03,ppb
2026-09-27,05:32:50,eCO2,477.17,ppm
2026-09-27,05:32:50,Broadband,0.0,lux
2026-09-27,05:32:50,Infrared,0.0,lux
2026-09-27,05:33:20,Temperature,23.35,°C
2026-09-27,05:33:20,Humidity,42.88,%
2026-09-27,05:33:20,AQI,1.43,
2026-09-27,05:33:20,TVOC,63.53,ppb
2026-09-27,05:33:20,eCO2,483.83,ppm
2026-09-27,05:33:20,Broadband,0.0,lux
2026-09-27,05:33:20,Infrared,0.0,lux
2026-09-27,05:33:50,Temperature,23.37,°C
2026-09-27,05:33:50,Humidity,42.9,%
2026-09-27,05:33:50,AQI,1.4,
2026-09-27,05:33:50,TVOC,63.6,ppb
2026-09-27,05:33:50,eCO2,483.67,ppm
2026-09-27,05:33:50,Broadband,0.0,lux
2026-09-27,05:33:50,Infrared,0.0,lux
2026-09-27,05:34:20,Temperature,23.38,°C
2026-09-27,05:34:20,Humidity,42.89,%
2026-09-27,05:34:20,AQI,1.33,
2026-09-27,05:34:20,TVOC,62.37,ppb
2026-09-27,05:34:20,eCO2,481.57,ppm
2026-09-27,05:34:20,Broadband,0.0,lux
2026-09-27,05:34:20,Infrared,0.0,lux
2026-09-27,05:34:50,Temperature,23.35,°C
2026-09-27,05:34:50,Humidity,42.92,%
2026-09-27,05:34:50,AQI,1.33,
2026-09-27,05:34:50,TVOC,61.83,ppb
2026-09-27,05:34:50,eCO2,480.13,ppm
2026-09-27,05:34:50,Broadband,0.0,lux
2026-09-27,05:34:50,Infrared,0.0,lux
2026-09-27,05:35:20,Temperature,23.34,°C
2026-09-27,05:35:20,Humidity,42.96,%
2026-09-27,05:35:20,AQI,1.23,
2026-09-27,05:35:20,TVOC,61.97,ppb
2026-09-27,05:35:20,eCO2,480.77,ppm
2026-09-27,05:35:20,Broadband,0.0,lux
2026-09-27,05:35:20,Infrared,0.0,lux
2026-09-27,05:35:50,Temperature,23.36,°C
2026-09-27,05:35:50,Humidity,42.92,%
2026-09-27,05:35:50,AQI,1.23,
2026-09-27,05:35:50,TVOC,61.3,ppb
2026-09-27,05:35:50,eCO2,479.4,ppm
2026-09-27,05:35:50,Broadband,0.0,lux
2026-09-27,05:35:50,Infrared,0.0,lux
2026-09-27,05:36:20,Temperature,23.35,°C
2026-09-27,05:36:20,Humidity,42.9,%
2026-09-27,05:36:20,AQI,1.37,
2026-09-27,05:36:20,TVOC,63.27,ppb
2026-09-27,05:36:20,eCO2,483.13,ppm
2026-09-27,05:36:20,Broadband,0.0,lux
2026-09-27,05:36:20,Infrared,0.0,lux
2026-09-27,05:36:50,Temperature,23.33,°C
2026-09-27,05:36:50,Humidity,42.94,%
2026-09-27,05:36:50,AQI,1.4,
2026-09-27,05:36:50,TVOC,63.67,ppb
2026-09-27,05:36:50,eCO2,483.8,ppm
2026-09-27,05:36:50,Broadband,0.0,lux
2026-09-27,05:36:50,Infrared,0.0,lux
2026-09-27,05:37:20,Temperature,23.33,°C
2026-09-27,05:37:20,Humidity,42.94,%
2026-09-27,05:37:20,AQI,1.17,
2026-09-27,05:37:20,TVOC,60.2,ppb
2026-09-27,05:37:20,eCO2,477.33,ppm
2026-09-27,05:37:20,Broadband,0.0,lux
2026-09-27,05:37:20,Infrared,0.0,lux
2026-09-27,05:37:50,Temperature,23.34,°C
2026-09-27,05:37:50,Humidity,42.96,%
2026-09-27,05:37:50,AQI,1.47,
2026-09-27,05:37:50,TVOC,63.5,ppb
2026-09-27,05:37:50,eCO2,483.73,ppm
2026-09-27,05:37:50,Broadband,0.0,lux
2026-09-27,05:37:50,Infrared,0.0,lux
2026-09-27,05:38:20,Temperature,23.36,°C
2026-09-27,05:38:20,Humidity,42.91,%
2026-09-27,05:38:20,AQI,1.4,
2026-09-27,05:38:20,TVOC,63.07,ppb
2026-09-27,05:38:20,eCO2,482.97,ppm
2026-09-27,05:38:20,Broadband,0.0,lux
2026-09-27,05:38:20,Infrared,0.0,lux
2026-09-27,05:38:50,Temperature,23.38,°C
2026-09-27,05:38:50,Humidity,42.91,%
2026-09-27,05:38:50,AQI,1.23,
2026-09-27,05:38:50,TVOC,60.67,ppb
2026-09-27,05:38:50,eCO2,478.13,ppm
2026-09-27,05:38:50,Broadband,0.0,lux
2026-09-27,05:38:50,Infrared,0.0,lux
2026-09-27,05:39:20,Temperature,23.39,°C
2026-09-27,05:39:20,Humidity,42.85,%
2026-09-27,05:39:20,AQI,1.5,
2026-09-27,05:39:20,TVOC,63.9,ppb
2026-09-27,05:39:20,eCO2,484.4,ppm
2026-09-27,05:39:20,Broadband,0.0,lux
2026-09-27,05:39:20,Infrared,0.0,lux
2026-09-27,05:39:50,Temperature,23.37,°C
2026-09-27,05:39:50,Humidity,42.85,%
2026-09-27,05:39:50,AQI,1.43,
2026-09-27,05:39:50,TVOC,63.2,ppb
2026-09-27,05:39:50,eCO2,483.1,ppm
2026-09-27,05:39:50,Broadband,0.0,lux
2026-09-27,05:39:50,Infrared,0.0,lux
2026-09-27,05:40:20,Temperature,23.36,°C
2026-09-27,05:40:20,Humidity,42.85,%
2026-09-27,05:40:20,AQI,1.63,
2026-09-27,05:40:20,TVOC,64.87,ppb
2026-09-27,05:40:20,eCO2,486.37,ppm
2026-09-27,05:40:20,Broadband,0.0,lux
2026-09-27,05:40:20,Infrared,0.0,lux
2026-09-27,05:40:50,Temperature,23.34,°C
2026-09-27,05:40:50,Humidity,42.88,%
2026-09-27,05:40:50,AQI,1.53,
2026-09-27,05:40:50,TVOC,65.2,ppb
2026-09-27,05:40:50,eCO2,486.97,ppm
2026-09-27,05:40:50,Broadband,0.0,lux
2026-09-27,05:40:50,Infrared,0.0,lux
2026-09-27,05:41:20,Temperature,23.34,°C
2026-09-27,05:41:20,Humidity,42.94,%
2026-09-27,05:41:20,AQI,1.43,
2026-09-27,05:41:20,TVOC,63.47,ppb
2026-09-27,05:41:20,eCO2,483.33,ppm
2026-09-27,05:41:20,Broadband,0.0,lux
2026-09-27,05:41:20,Infrared,0.0,lux
2026-09-27,05:41:50,Temperature,23.34,°C
2026-09-27,05:41:50,Humidity,42.94,%
2026-09-27,05:41:50,AQI,1.2,
2026-09-27,05:41:50,TVOC,62.07,ppb
2026-09-27,05:41:50,eCO2,480.8,ppm
2026-09-27,05:41:50,Broadband,0.0,lux
2026-09-27,05:41:50,Infrared,0.0,lux
2026-09-27,05:42:20,Temperature,23.36,°C
2026-09-27,05:42:20,Humidity,42.92,%
2026-09-27,05:42:20,AQI,1.4,
2026-09-27,05:42:20,TVOC,63.83,ppb
2026-09-27,05:42:20,eCO2,484.33,ppm
2026-09-27,05:42:20,Broadband,0.0,lux
2026-09-27,05:42:20,Infrared,0.0,lux
2026-09-27,05:42:50,Temperature,23.36,°C
2026-09-27,05:42:50,Humidity,42.89,%
2026-09-27,05:42:50,AQI,1.27,
2026-09-27,05:42:50,TVOC,63.03,ppb
2026-09-27,05:42:50,eCO2,482.67,ppm
2026-09-27,05:42:50,Broadband,0.0,lux
2026-09-27,05:42:50,Infrared,0.0,lux
2026-09-27,05:43:20,Temperature,23.37,°C
2026-09-27,05:43:20,Humidity,42.89,%
2026-09-27,05:43:20,AQI,1.37,
2026-09-27,05:43:20,TVOC,62.4,ppb
2026-09-27,05:43:20,eCO2,481.43,ppm
2026-09-27,05:43:20,Broadband,0.0,lux
2026-09-27,05:43:20,Infrared,0.0,lux
2026-09-27,05:43:50,Temperature,23.38,°C
2026-09-27,05:43:50,Humidity,42.87,%
2026-09-27,05:43:50,AQI,1.4,
2026-09-27,05:43:50,TVOC,63.03,ppb
2026-09-27,05:43:50,eCO2,482.67,ppm
2026-09-27,05:43:50,Broadband,0.0,lux
2026-09-27,05:43:50,Infrared,0.0,lux
2026-09-27,05:44:20,Temperature,23.36,°C
2026-09-27,05:44:20,Humidity,42.88,%
2026-09-27,05:44:20,AQI,1.57,
2026-09-27,05:44:20,TVOC,64.73,ppb
2026-09-27,05:44:20,eCO2,486.1,ppm
2026-09-27,05:44:20,Broadband,0.0,lux
2026-09-27,05:44:20,Infrared,0.0,lux
2026-09-27,05:44:50,Temperature,23.39,°C
2026-09-27,05:44:50,Humidity,42.88,%
2026-09-27,05:44:50,AQI,1.43,
2026-09-27,05:44:50,TVOC,63.27,ppb
2026-09-27,05:44:50,eCO2,483.2,ppm
2026-09-27,05:44:50,Broadband,0.0,lux
2026-09-27,05:44:50,Infrared,0.0,lux
2026-09-27,05:45:20,Temperature,23.38,°C
2026-09-27,05:45:20,Humidity,42.84,%
2026-09-27,05:45:20,AQI,1.23,
2026-09-27,05:45:20,TVOC,61.73,ppb
2026-09-27,05:45:20,eCO2,480.1,ppm
2026-09-27,05:45:20,Broadband,0.0,lux
2026-09-27,05:45:20,Infrared,0.0,lux
2026-09-27,05:45:50,Temperature,23.38,°C
2026-09-27,05:45:50,Humidity,42.84,%
2026-09-27,05:45:50,AQI,1.33,
2026-09-27,05:45:50,TVOC,63.87,ppb
2026-09-27,05:45:50,eCO2,484.37,ppm
2026-09-27,05:45:50,Broadband,0.0,lux
2026-09-27,05:45:50,Infrared,0.0,lux
2026-09-27,05:46:20,Temperature,23.37,°C
2026-09-27,05:46:20,Humidity,42.84,%
2026-09-27,05:46:20,AQI,1.43,
2026-09-27,05:46:20,TVOC,64.7,ppb
2026-09-27,05:46:20,eCO2,486.1,ppm
2026-09-27,05:46:20,Broadband,0.0,lux
2026-09-27,05:46:20,Infrared,0.0,lux
2026-09-27,05:46:50,Temperature,23.35,°C
2026-09-27,05:46:50,Humidity,42.82,%
2026-09-27,05:46:50,AQI,1.37,
2026-09-27,05:46:50,TVOC,62.7,ppb
2026-09-27,05:46:50,eCO2,482.17,ppm
2026-09-27,05:46:50,Broadband,0.0,lux
2026-09-27,05:46:50,Infrared,0.0,lux
2026-09-27,05:47:20,Temperature,23.35,°C
2026-09-27,05:47:20,Humidity,42.85,%
2026-09-27,05:47:20,AQI,1.27,
2026-09-27,05:47:20,TVOC,61.73,ppb
2026-09-27,05:47:20,eCO2,480.33,ppm
2026-09-27,05:47:20,Broadband,0.0,lux
2026-09-27,05:47:20,Infrared,0.0,lux
2026-09-27,05:47:50,Temperature,23.35,°C
2026-09-27,05:47:50,Humidity,42.84,%
2026-09-27,05:47:50,AQI,1.3,
2026-09-27,05:47:50,TVOC,61.5,ppb
2026-09-27,05:47:50,eCO2,479.7,ppm
2026-09-27,05:47:50,Broadband,0.0,lux
2026-09-27,05:47:50,Infrared,0.0,lux
2026-09-27,05:48:20,Temperature,23.32,°C
2026-09-27,05:48:20,Humidity,42.85,%
2026-09-27,05:48:20,AQI,1.2,
2026-09-27,05:48:20,TVOC,61.47,ppb
2026-09-27,05:48:20,eCO2,479.77,ppm
2026-09-27,05:48:20,Broadband,0.0,lux
2026-09-27,05:48:20,Infrared,0.0,lux
2026-09-27,05:48:50,Temperature,23.34,°C
2026-09-27,05:48:50,Humidity,42.89,%
2026-09-27,05:48:50,AQI,1.27,
2026-09-27,05:48:50,TVOC,61.9,ppb
2026-09-27,05:48:50,eCO2,480.4,ppm
2026-09-27,05:48:50,Broadband,0.0,lux
2026-09-27,05:48:50,Infrared,0.0,lux
2026-09-27,05:49:20,Temperature,23.33,°C
2026-09-27,05:49:20,Humidity,42.87,%
2026-09-27,05:49:20,AQI,1.2,
2026-09-27,05:49:20,TVOC,60.73,ppb
2026-09-27,05:49:20,eCO2,478.3,ppm
2026-09-27,05:49:20,Broadband,0.0,lux
2026-09-27,05:49:20,Infrared,0.0,lux
2026-09-27,05:49:50,Temperature,23.3,°C
2026-09-27,05:49:50,Humidity,42.88,%
2026-09-27,05:49:50,AQI,1.47,
2026-09-27,05:49:50,TVOC,63.13,ppb
2026-09-27,05:49:50,eCO2,482.8,ppm
2026-09-27,05:49:50,Broadband,0.0,lux
2026-09-27,05:49:50,Infrared,0.0,lux
2026-09-27,05:50:20,Temperature,23.32,°C
2026-09-27,05:50:20,Humidity,42.93,%
2026-09-27,05:50:20,AQI,1.23,
2026-09-27,05:50:20,TVOC,62.2,ppb
2026-09-27,05:50:20,eCO2,481.27,ppm
2026-09-27,05:50:20,Broadband,0.0,lux
2026-09-27,05:50:20,Infrared,0.0,lux
2026-09-27,05:50:50,Temperature,23.33,°C
2026-09-27,05:50:50,Humidity,42.9,%
2026-09-27,05:50:50,AQI,1.4,
2026-09-27,05:50:50,TVOC,63.2,ppb
2026-09-27,05:50:50,eCO2,483.03,ppm
2026-09-27,05:50:50,Broadband,0.0,lux
2026-09-27,05:50:50,Infrared,0.0,lux
2026-09-27,05:51:20,Temperature,23.32,°C
2026-09-27,05:51:20,Humidity,42.89,%
2026-09-27,05:51:20,AQI,1.4,
2026-09-27,05:51:20,TVOC,63.43,ppb
2026-09-27,05:51:20,eCO2,483.53,ppm
2026-09-27,05:51:20,Broadband,0.0,lux
2026-09-27,05:51:20,Infrared,0.0,lux
2026-09-27,05:51:50,Temperature,23.31,°C
2026-09-27,05:51:50,Humidity,42.9,%
2026-09-27,05:51:50,AQI,1.3,
2026-09-27,05:51:50,TVOC,62.1,ppb
2026-09-27,05:51:50,eCO2,480.83,ppm
2026-09-27,05:51:50,Broadband,0.0,lux
2026-09-27,05:51:50,Infrared,0.0,lux
2026-09-27,05:52:20,Temperature,23.28,°C
2026-09-27,05:52:20,Humidity,42.93,%
2026-09-27,05:52:20,AQI,1.3,
2026-09-27,05:52:20,TVOC,61.53,ppb
2026-09-27,05:52:20,eCO2,479.87,ppm
2026-09-27,05:52:20,Broadband,0.0,lux
2026-09-27,05:52:20,Infrared,0.0,lux
2026-09-27,05:52:50,Temperature,23.3,°C
2026-09-27,05:52:50,Humidity,42.96,%
2026-09-27,05:52:50,AQI,1.47,
2026-09-27,05:52:50,TVOC,63.63,ppb
2026-09-27,05:52:50,eCO2,483.73,ppm
2026-09-27,05:52:50,Broadband,0.0,lux
2026-09-27,05:52:50,Infrared,0.0,lux
2026-09-27,05:53:20,Temperature,23.34,°C
2026-09-27,05:53:20,Humidity,42.9,%
2026-09-27,05:53:20,AQI,1.63,
2026-09-27,05:53:20,TVOC,65.17,ppb
2026-09-27,05:53:20,eCO2,486.83,ppm
2026-09-27,05:53:20,Broadband,0.0,lux
2026-09-27,05:53:20,Infrared,0.0,lux
2026-09-27,05:53:50,Temperature,23.33,°C
2026-09-27,05:53:50,Humidity,42.88,%
2026-09-27,05:53:50,AQI,1.57,
2026-09-27,05:53:50,TVOC,65.67,ppb
2026-09-27,05:53:50,eCO2,487.27,ppm
2026-09-27,05:53:50,Broadband,0.0,lux
2026-09-27,05:53:50,Infrared,0.0,lux
2026-09-27,05:54:20,Temperature,23.34,°C
2026-09-27,05:54:20,Humidity,42.87,%
2026-09-27,05:54:20,AQI,1.4,
2026-09-27,05:54:20,TVOC,63.2,ppb
2026-09-27,05:54:20,eCO2,483.2,ppm
2026-09-27,05:54:20,Broadband,0.0,lux
2026-09-27,05:54:20,Infrared,0.0,lux
2026-09-27,05:54:50,Temperature,23.32,°C
2026-09-27,05:54:50,Humidity,42.86,%
2026-09-27,05:54:50,AQI,1.47,
2026-09-27,05:54:50,TVOC,64.37,ppb
2026-09-27,05:54:50,eCO2,485.2,ppm
2026-09-27,05:54:50,Broadband,0.0,lux
2026-09-27,05:54:50,Infrared,0.0,lux
2026-09-27,05:55:20,Temperature,23.33,°C
2026-09-27,05:55:20,Humidity,42.92,%
2026-09-27,05:55:20,AQI,1.53,
2026-09-27,05:55:20,TVOC,64.97,ppb
2026-09-27,05:55:20,eCO2,486.53,ppm
2026-09-27,05:55:20,Broadband,0.0,lux
2026-09-27,05:55:20,Infrared,0.0,lux
2026-09-27,05:55:50,Temperature,23.35,°C
2026-09-27,05:55:50,Humidity,42.9,%
2026-09-27,05:55:50,AQI,1.2,
2026-09-27,05:55:50,TVOC,61.7,ppb
2026-09-27,05:55:50,eCO2,480.03,ppm
2026-09-27,05:55:50,Broadband,0.0,lux
2026-09-27,05:55:50,Infrared,0.0,lux
2026-09-27,05:56:20,Temperature,23.34,°C
2026-09-27,05:56:20,Humidity,42.89,%
2026-09-27,05:56:20,AQI,1.5,
2026-09-27,05:56:20,TVOC,62.9,ppb
2026-09-27,05:56:20,eCO2,482.47,ppm
2026-09-27,05:56:20,Broadband,0.0,lux
2026-09-27,05:56:20,Infrared,0.0,lux
2026-09-27,05:56:50,Temperature,23.35,°C
2026-09-27,05:56:50,Humidity,42.89,%
2026-09-27,05:56:50,AQI,1.27,
2026-09-27,05:56:50,TVOC,62.0,ppb
2026-09-27,05:56:50,eCO2,480.5,ppm
2026-09-27,05:56:50,Broadband,0.0,lux
2026-09-27,05:56:50,Infrared,0.0,lux
2026-09-27,05:57:20,Temperature,23.32,°C
2026-09-27,05:57:20,Humidity,42.88,%
2026-09-27,05:57:20,AQI,1.37,
2026-09-27,05:57:20,TVOC,62.37,ppb
2026-09-27,05:57:20,eCO2,481.53,ppm
2026-09-27,05:57:20,Broadband,0.0,lux
2026-09-27,05:57:20,Infrared,0.0,lux
2026-09-27,05:57:50,Temperature,23.33,°C
2026-09-27,05:57:50,Humidity,42.88,%
2026-09-27,05:57:50,AQI,1.27,
2026-09-27,05:57:50,TVOC,62.4,ppb
2026-09-27,05:57:50,eCO2,481.57,ppm
2026-09-27,05:57:50,Broadband,0.0,lux
2026-09-27,05:57:50,Infrared,0.0,lux
2026-09-27,05:58:20,Temperature,23.33,°C
2026-09-27,05:58:20,Humidity,42.89,%
2026-09-27,05:58:20,AQI,1.47,
2026-09-27,05:58:20,TVOC,63.37,ppb
2026-09-27,05:58:20,eCO2,483.53,ppm
2026-09-27,05:58:20,Broadband,0.0,lux
2026-09-27,05:58:20,Infrared,0.0,lux
2026-09-27,05:58:50,Temperature,23.32,°C
2026-09-27,05:58:50,Humidity,42.89,%
2026-09-27,05:58:50,AQI,1.37,
2026-09-27,05:58:50,TVOC,64.33,ppb
2026-09-27,05:58:50,eCO2,485.3,ppm
2026-09-27,05:58:50,Broadband,0.0,lux
2026-09-27,05:58:50,Infrared,0.0,lux
2026-09-27,05:59:20,Temperature,23.33,°C
2026-09-27,05:59:20,Humidity,42.9,%
2026-09-27,05:59:20,AQI,1.5,
2026-09-27,05:59:20,TVOC,64.27,ppb
2026-09-27,05:59:20,eCO2,485.07,ppm
2026-09-27,05:59:20,Broadband,0.0,lux
2026-09-27,05:59:20,Infrared,0.0,lux
2026-09-27,05:59:50,Temperature,23.33,°C
2026-09-27,05:59:50,Humidity,42.89,%
2026-09-27,05:59:50,AQI,1.37,
2026-09-27,05:59:50,TVOC,62.97,ppb
2026-09-27,05:59:50,eCO2,482.5,ppm
2026-09-27,05:59:50,Broadband,0.0,lux
2026-09-27,05:59:50,Infrared,0.0,lux
2026-09-27,06:00:20,Temperature,23.31,°C
2026-09-27,06:00:20,Humidity,42.87,%
2026-09-27,06:00:20,AQI,1.33,
2026-09-27,06:00:20,TVOC,61.73,ppb
2026-09-27,06:00:20,eCO2,480.27,ppm
2026-09-27,06:00:20,Broadband,0.0,lux
2026-09-27,06:00:20,Infrared,0.0,lux
2026-09-27,06:00:50,Temperature,23.29,°C
2026-09-27,06:00:50,Humidity,42.9,%
2026-09-27,06:00:50,AQI,1.37,
2026-09-27,06:00:50,TVOC,63.2,ppb
2026-09-27,06:00:50,eCO2,482.97,ppm
2026-09-27,06:00:50,Broadband,0.0,lux
2026-09-27,06:00:50,Infrared,0.0,lux
2026-09-27,06:01:20,Temperature,23.28,°C
2026-09-27,06:01:20,Humidity,42.88,%
2026-09-27,06:01:20,AQI,1.5,
2026-09-27,06:01:20,TVOC,63.73,ppb
2026-09-27,06:01:20,eCO2,483.97,ppm
2026-09-27,06:01:20,Broadband,0.0,lux
2026-09-27,06:01:20,Infrared,0.0,lux
2026-09-27,06:01:50,Temperature,23.3,°C
2026-09-27,06:01:50,Humidity,42.9,%
2026-09-27,06:01:50,AQI,1.33,
2026-09-27,06:01:50,TVOC,62.83,ppb
2026-09-27,06:01:50,eCO2,482.23,ppm
2026-09-27,06:01:50,Broadband,0.0,lux
2026-09-27,06:01:50,Infrared,0.0,lux
2026-09-27,06:02:20,Temperature,23.31,°C
2026-09-27,06:02:20,Humidity,42.91,%
2026-09-27,06:02:20,AQI,1.2,
2026-09-27,06:02:20,TVOC,62.0,ppb
2026-09-27,06:02:20,eCO2,480.8,ppm
2026-09-27,06:02:20,Broadband,0.0,lux
2026-09-27,06:02:20,Infrared,0.0,lux
2026-09-27,06:02:50,Temperature,23.31,°C
2026-09-27,06:02:50,Humidity,42.9,%
2026-09-27,06:02:50,AQI,1.33,
2026-09-27,06:02:50,TVOC,63.63,ppb
2026-09-27,06:02:50,eCO2,483.43,ppm
2026-09-27,06:02:50,Broadband,0.0,lux
2026-09-27,06:02:50,Infrared,0.0,lux
2026-09-27,06:03:20,Temperature,23.3,°C
2026-09-27,06:03:20,Humidity,42.93,%
2026-09-27,06:03:20,AQI,1.47,
2026-09-27,06:03:20,TVOC,64.5,ppb
2026-09-27,06:03:20,eCO2,485.37,ppm
2026-09-27,06:03:20,Broadband,0.0,lux
2026-09-27,06:03:20,Infrared,0.0,lux
2026-09-27,06:03:50,Temperature,23.28,°C
2026-09-27,06:03:50,Humidity,42.93,%
2026-09-27,06:03:50,AQI,1.87,
2026-09-27,06:03:50,TVOC,68.67,ppb
2026-09-27,06:03:50,eCO2,493.33,ppm
2026-09-27,06:03:50,Broadband,0.0,lux
2026-09-27,06:03:50,Infrared,0.0,lux
2026-09-27,06:04:20,Temperature,23.3,°C
2026-09-27,06:04:20,Humidity,42.94,%
2026-09-27,06:04:20,AQI,1.63,
2026-09-27,06:04:20,TVOC,64.93,ppb
2026-09-27,06:04:20,eCO2,486.73,ppm
2026-09-27,06:04:20,Broadband,0.0,lux
2026-09-27,06:04:20,Infrared,0.0,lux
2026-09-27,06:04:50,Temperature,23.28,°C
2026-09-27,06:04:50,Humidity,42.94,%
2026-09-27,06:04:50,AQI,1.63,
2026-09-27,06:04:50,TVOC,65.9,ppb
2026-09-27,06:04:50,eCO2,487.8,ppm
2026-09-27,06:04:50,Broadband,0.0,lux
2026-09-27,06:04:50,Infrared,0.0,lux
2026-09-27,06:05:20,Temperature,23.26,°C
2026-09-27,06:05:20,Humidity,42.96,%
2026-09-27,06:05:20,AQI,1.77,
2026-09-27,06:05:20,TVOC,66.87,ppb
2026-09-27,06:05:20,eCO2,490.07,ppm
2026-09-27,06:05:20,Broadband,0.0,lux
2026-09-27,06:05:20,Infrared,0.0,lux
2026-09-27,06:05:50,Temperature,23.27,°C
2026-09-27,06:05:50,Humidity,42.98,%
2026-09-27,06:05:50,AQI,1.53,
2026-09-27,06:05:50,TVOC,64.13,ppb
2026-09-27,06:05:50,eCO2,485.0,ppm
2026-09-27,06:05:50,Broadband,0.0,lux
2026-09-27,06:05:50,Infrared,0.0,lux
2026-09-27,06:06:20,Temperature,23.28,°C
2026-09-27,06:06:20,Humidity,42.94,%
2026-09-27,06:06:20,AQI,1.7,
2026-09-27,06:06:20,TVOC,66.03,ppb
2026-09-27,06:06:20,eCO2,488.27,ppm
2026-09-27,06:06:20,Broadband,0.0,lux
2026-09-27,06:06:20,Infrared,0.0,lux
2026-09-27,06:06:50,Temperature,23.28,°C
2026-09-27,06:06:50,Humidity,42.93,%
2026-09-27,06:06:50,AQI,1.7,
2026-09-27,06:06:50,TVOC,65.57,ppb
2026-09-27,06:06:50,eCO2,487.73,ppm
2026-09-27,06:06:50,Broadband,0.0,lux
2026-09-27,06:06:50,Infrared,0.0,lux
2026-09-27,06:07:20,Temperature,23.29,°C
2026-09-27,06:07:20,Humidity,42.95,%
2026-09-27,06:07:20,AQI,1.7,
2026-09-27,06:07:20,TVOC,66.43,ppb
2026-09-27,06:07:20,eCO2,489.43,ppm
2026-09-27,06:07:20,Broadband,0.0,lux
2026-09-27,06:07:20,Infrared,0.0,lux
2026-09-27,06:07:50,Temperature,23.28,°C
2026-09-27,06:07:50,Humidity,42.91,%
2026-09-27,06:07:50,AQI,1.63,
2026-09-27,06:07:50,TVOC,65.53,ppb
2026-09-27,06:07:50,eCO2,487.57,ppm
2026-09-27,06:07:50,Broadband,0.0,lux
2026-09-27,06:07:50,Infrared,0.0,lux
2026-09-27,06:08:20,Temperature,23.26,°C
2026-09-27,06:08:20,Humidity,42.92,%
2026-09-27,06:08:20,AQI,1.47,
2026-09-27,06:08:20,TVOC,65.03,ppb
2026-09-27,06:08:20,eCO2,486.8,ppm
2026-09-27,06:08:20,Broadband,0.0,lux
2026-09-27,06:08:20,Infrared,0.0,lux
2026-09-27,06:08:50,Temperature,23.27,°C
2026-09-27,06:08:50,Humidity,42.94,%
2026-09-27,06:08:50,AQI,1.67,
2026-09-27,06:08:50,TVOC,66.4,ppb
2026-09-27,06:08:50,eCO2,489.17,ppm
2026-09-27,06:08:50,Broadband,0.0,lux
2026-09-27,06:08:50,Infrared,0.0,lux
2026-09-27,06:09:20,Temperature,23.28,°C
2026-09-27,06:09:20,Humidity,42.96,%
2026-09-27,06:09:20,AQI,1.8,
2026-09-27,06:09:20,TVOC,67.63,ppb
2026-09-27,06:09:20,eCO2,491.63,ppm
2026-09-27,06:09:20,Broadband,0.0,lux
2026-09-27,06:09:20,Infrared,0.0,lux
2026-09-27,06:09:50,Temperature,23.27,°C
2026-09-27,06:09:50,Humidity,42.97,%
2026-09-27,06:09:50,AQI,1.8,
2026-09-27,06:09:50,TVOC,68.6,ppb
2026-09-27,06:09:50,eCO2,493.2,ppm
2026-09-27,06:09:50,Broadband,0.0,lux
2026-09-27,06:09:50,Infrared,0.0,lux
2026-09-27,06:10:20,Temperature,23.28,°C
2026-09-27,06:10:20,Humidity,42.96,%
2026-09-27,06:10:20,AQI,1.8,
2026-09-27,06:10:20,TVOC,68.07,ppb
2026-09-27,06:10:20,eCO2,492.17,ppm
2026-09-27,06:10:20,Broadband,0.0,lux
2026-09-27,06:10:20,Infrared,0.0,lux
2026-09-27,06:10:50,Temperature,23.26,°C
2026-09-27,06:10:50,Humidity,42.96,%
2026-09-27,06:10:50,AQI,1.77,
2026-09-27,06:10:50,TVOC,67.07,ppb
2026-09-27,06:10:50,eCO2,490.33,ppm
2026-09-27,06:10:50,Broadband,0.0,lux
2026-09-27,06:10:50,Infrared,0.0,lux
2026-09-27,06:11:20,Temperature,23.26,°C
2026-09-27,06:11:20,Humidity,43.01,%
2026-09-27,06:11:20,AQI,1.7,
2026-09-27,06:11:20,TVOC,67.17,ppb
2026-09-27,06:11:20,eCO2,490.63,ppm
2026-09-27,06:11:20,Broadband,0.0,lux
2026-09-27,06:11:20,Infrared,0.0,lux
2026-09-27,06:11:50,Temperature,23.25,°C
2026-09-27,06:11:50,Humidity,43.02,%
2026-09-27,06:11:50,AQI,1.73,
2026-09-27,06:11:50,TVOC,68.33,ppb
2026-09-27,06:11:50,eCO2,492.8,ppm
2026-09-27,06:11:50,Broadband,0.0,lux
2026-09-27,06:11:50,Infrared,0.0,lux
2026-09-27,06:12:20,Temperature,23.28,°C
2026-09-27,06:12:20,Humidity,43.01,%
2026-09-27,06:12:20,AQI,1.9,
2026-09-27,06:12:20,TVOC,69.53,ppb
2026-09-27,06:12:20,eCO2,494.97,ppm
2026-09-27,06:12:20,Broadband,0.0,lux
2026-09-27,06:12:20,Infrared,0.0,lux
2026-09-27,06:12:50,Temperature,23.26,°C
2026-09-27,06:12:50,Humidity,42.99,%
2026-09-27,06:12:50,AQI,1.73,
2026-09-27,06:12:50,TVOC,68.0,ppb
2026-09-27,06:12:50,eCO2,492.23,ppm
2026-09-27,06:12:50,Broadband,0.0,lux
2026-09-27,06:12:50,Infrared,0.0,lux
2026-09-27,06:13:20,Temperature,23.26,°C
2026-09-27,06:13:20,Humidity,43.03,%
2026-09-27,06:13:20,AQI,1.83,
2026-09-27,06:13:20,TVOC,69.13,ppb
2026-09-27,06:13:20,eCO2,494.07,ppm
2026-09-27,06:13:20,Broadband,0.0,lux
2026-09-27,06:13:20,Infrared,0.0,lux
2026-09-27,06:13:50,Temperature,23.29,°C
2026-09-27,06:13:50,Humidity,43.0,%
2026-09-27,06:13:50,AQI,1.8,
2026-09-27,06:13:50,TVOC,69.53,ppb
2026-09-27,06:13:50,eCO2,495.23,ppm
2026-09-27,06:13:50,Broadband,0.0,lux
2026-09-27,06:13:50,Infrared,0.0,lux
2026-09-27,06:14:20,Temperature,23.29,°C
2026-09-27,06:14:20,Humidity,42.98,%
2026-09-27,06:14:20,AQI,1.93,
2026-09-27,06:14:20,TVOC,70.7,ppb
2026-09-27,06:14:20,eCO2,497.2,ppm
2026-09-27,06:14:20,Broadband,0.0,lux
2026-09-27,06:14:20,Infrared,0.0,lux
2026-09-27,06:14:50,Temperature,23.25,°C
2026-09-27,06:14:50,Humidity,43.0,%
2026-09-27,06:14:50,AQI,1.87,
2026-09-27,06:14:50,TVOC,72.57,ppb
2026-09-27,06:14:50,eCO2,500.77,ppm
2026-09-27,06:14:50,Broadband,0.0,lux
2026-09-27,06:14:50,Infrared,0.0,lux
2026-09-27,06:15:20,Temperature,23.24,°C
2026-09-27,06:15:20,Humidity,43.05,%
2026-09-27,06:15:20,AQI,1.8,
2026-09-27,06:15:20,TVOC,69.9,ppb
2026-09-27,06:15:20,eCO2,495.8,ppm
2026-09-27,06:15:20,Broadband,0.0,lux
2026-09-27,06:15:20,Infrared,0.0,lux
2026-09-27,06:15:50,Temperature,23.25,°C
2026-09-27,06:15:50,Humidity,43.09,%
2026-09-27,06:15:50,AQI,1.9,
2026-09-27,06:15:50,TVOC,72.37,ppb
2026-09-27,06:15:50,eCO2,500.3,ppm
2026-09-27,06:15:50,Broadband,0.0,lux
2026-09-27,06:15:50,Infrared,0.0,lux
2026-09-27,06:16:20,Temperature,23.25,°C
2026-09-27,06:16:20,Humidity,43.08,%
2026-09-27,06:16:20,AQI,1.87,
2026-09-27,06:16:20,TVOC,71.63,ppb
2026-09-27,06:16:20,eCO2,498.9,ppm
2026-09-27,06:16:20,Broadband,0.0,lux
2026-09-27,06:16:20,Infrared,0.0,lux
2026-09-27,06:16:50,Temperature,23.25,°C
2026-09-27,06:16:50,Humidity,43.03,%
2026-09-27,06:16:50,AQI,1.83,
2026-09-27,06:16:50,TVOC,70.97,ppb
2026-09-27,06:16:50,eCO2,497.6,ppm
2026-09-27,06:16:50,Broadband,0.0,lux
2026-09-27,06:16:50,Infrared,0.0,lux
2026-09-27,06:17:20,Temperature,23.25,°C
2026-09-27,06:17:20,Humidity,43.05,%
2026-09-27,06:17:20,AQI,1.9,
2026-09-27,06:17:20,TVOC,71.47,ppb
2026-09-27,06:17:20,eCO2,498.9,ppm
2026-09-27,06:17:20,Broadband,0.0,lux
2026-09-27,06:17:20,Infrared,0.0,lux
2026-09-27,06:17:50,Temperature,23.26,°C
2026-09-27,06:17:50,Humidity,43.05,%
2026-09-27,06:17:50,AQI,1.87,
2026-09-27,06:17:50,TVOC,70.53,ppb
2026-09-27,06:17:50,eCO2,496.97,ppm
2026-09-27,06:17:50,Broadband,0.0,lux
2026-09-27,06:17:50,Infrared,0.0,lux
2026-09-27,06:18:20,Temperature,23.25,°C
2026-09-27,06:18:20,Humidity,43.02,%
2026-09-27,06:18:20,AQI,1.87,
2026-09-27,06:18:20,TVOC,71.03,ppb
2026-09-27,06:18:20,eCO2,497.83,ppm
2026-09-27,06:18:20,Broadband,0.0,lux
2026-09-27,06:18:20,Infrared,0.0,lux
2026-09-27,06:18:50,Temperature,23.23,°C
2026-09-27,06:18:50,Humidity,43.05,%
2026-09-27,06:18:50,AQI,1.9,
2026-09-27,06:18:50,TVOC,71.77,ppb
2026-09-27,06:18:50,eCO2,499.27,ppm
2026-09-27,06:18:50,Broadband,0.0,lux
2026-09-27,06:18:50,Infrared,0.0,lux
2026-09-27,06:19:20,Temperature,23.24,°C
2026-09-27,06:19:20,Humidity,43.08,%
2026-09-27,06:19:20,AQI,1.83,
2026-09-27,06:19:20,TVOC,71.9,ppb
2026-09-27,06:19:20,eCO2,499.53,ppm
2026-09-27,06:19:20,Broadband,0.0,lux
2026-09-27,06:19:20,Infrared,0.0,lux
2026-09-27,06:19:50,Temperature,23.23,°C
2026-09-27,06:19:50,Humidity,43.09,%
2026-09-27,06:19:50,AQI,1.97,
2026-09-27,06:19:50,TVOC,71.5,ppb
2026-09-27,06:19:50,eCO2,498.93,ppm
2026-09-27,06:19:50,Broadband,0.0,lux
2026-09-27,06:19:50,Infrared,0.0,lux
2026-09-27,06:20:20,Temperature,23.24,°C
2026-09-27,06:20:20,Humidity,43.1,%
2026-09-27,06:20:20,AQI,1.8,
2026-09-27,06:20:20,TVOC,69.13,ppb
2026-09-27,06:20:20,eCO2,494.37,ppm
2026-09-27,06:20:20,Broadband,0.0,lux
2026-09-27,06:20:20,Infrared,0.0,lux
2026-09-27,06:20:50,Temperature,23.26,°C
2026-09-27,06:20:50,Humidity,43.05,%
2026-09-27,06:20:50,AQI,1.93,
2026-09-27,06:20:50,TVOC,72.17,ppb
2026-09-27,06:20:50,eCO2,500.0,ppm
2026-09-27,06:20:50,Broadband,0.0,lux
2026-09-27,06:20:50,Infrared,0.0,lux
2026-09-27,06:21:20,Temperature,23.24,°C
2026-09-27,06:21:20,Humidity,43.03,%
2026-09-27,06:21:20,AQI,2.0,
2026-09-27,06:21:20,TVOC,71.1,ppb
2026-09-27,06:21:20,eCO2,497.97,ppm
2026-09-27,06:21:20,Broadband,0.0,lux
2026-09-27,06:21:20,Infrared,0.0,lux
2026-09-27,06:21:50,Temperature,23.23,°C
2026-09-27,06:21:50,Humidity,43.03,%
2026-09-27,06:21:50,AQI,1.87,
2026-09-27,06:21:50,TVOC,70.9,ppb
2026-09-27,06:21:50,eCO2,497.73,ppm
2026-09-27,06:21:50,Broadband,0.0,lux
2026-09-27,06:21:50,Infrared,0.0,lux
2026-09-27,06:22:20,Temperature,23.23,°C
2026-09-27,06:22:20,Humidity,43.04,%
2026-09-27,06:22:20,AQI,1.93,
2026-09-27,06:22:20,TVOC,72.83,ppb
2026-09-27,06:22:20,eCO2,501.27,ppm
2026-09-27,06:22:20,Broadband,0.0,lux
2026-09-27,06:22:20,Infrared,0.0,lux
2026-09-27,06:22:50,Temperature,23.25,°C
2026-09-27,06:22:50,Humidity,43.07,%
2026-09-27,06:22:50,AQI,1.93,
2026-09-27,06:22:50,TVOC,72.27,ppb
2026-09-27,06:22:50,eCO2,500.23,ppm
2026-09-27,06:22:50,Broadband,0.0,lux
2026-09-27,06:22:50,Infrared,0.0,lux
2026-09-27,06:23:20,Temperature,23.27,°C
2026-09-27,06:23:20,Humidity,43.04,%
2026-09-27,06:23:20,AQI,1.8,
2026-09-27,06:23:20,TVOC,69.4,ppb
2026-09-27,06:23:20,eCO2,494.8,ppm
2026-09-27,06:23:20,Broadband,0.0,lux
2026-09-27,06:23:20,Infrared,0.0,lux
2026-09-27,06:23:50,Temperature,23.25,°C
2026-09-27,06:23:50,Humidity,43.06,%
2026-09-27,06:23:50,AQI,1.77,
2026-09-27,06:23:50,TVOC,68.93,ppb
2026-09-27,06:23:50,eCO2,493.8,ppm
2026-09-27,06:23:50,Broadband,0.0,lux
2026-09-27,06:23:50,Infrared,0.0,lux
2026-09-27,06:24:20,Temperature,23.25,°C
2026-09-27,06:24:20,Humidity,43.06,%
2026-09-27,06:24:20,AQI,1.9,
2026-09-27,06:24:20,TVOC,71.03,ppb
2026-09-27,06:24:20,eCO2,497.8,ppm
2026-09-27,06:24:20,Broadband,0.0,lux
2026-09-27,06:24:20,Infrared,0.0,lux
2026-09-27,06:24:50,Temperature,23.24,°C
2026-09-27,06:24:50,Humidity,43.07,%
2026-09-27,06:24:50,AQI,1.83,
2026-09-27,06:24:50,TVOC,68.33,ppb
2026-09-27,06:24:50,eCO2,492.87,ppm
2026-09-27,06:24:50,Broadband,0.0,lux
2026-09-27,06:24:50,Infrared,0.0,lux
2026-09-27,06:25:20,Temperature,23.25,°C
2026-09-27,06:25:20,Humidity,43.08,%
2026-09-27,06:25:20,AQI,1.77,
2026-09-27,06:25:20,TVOC,69.6,ppb
2026-09-27,06:25:20,eCO2,495.3,ppm
2026-09-27,06:25:20,Broadband,0.0,lux
2026-09-27,06:25:20,Infrared,0.0,lux
2026-09-27,06:25:50,Temperature,23.25,°C
2026-09-27,06:25:50,Humidity,43.06,%
2026-09-27,06:25:50,AQI,1.83,
2026-09-27,06:25:50,TVOC,70.5,ppb
2026-09-27,06:25:50,eCO2,496.83,ppm
2026-09-27,06:25:50,Broadband,0.0,lux
2026-09-27,06:25:50,Infrared,0.0,lux
2026-09-27,06:26:20,Temperature,23.25,°C
2026-09-27,06:26:20,Humidity,43.05,%
2026-09-27,06:26:20,AQI,1.87,
2026-09-27,06:26:20,TVOC,68.87,ppb
2026-09-27,06:26:20,eCO2,493.83,ppm
2026-09-27,06:26:20,Broadband,0.0,lux
2026-09-27,06:26:20,Infrared,0.0,lux
2026-09-27,06:26:50,Temperature,23.25,°C
2026-09-27,06:26:50,Humidity,43.07,%
2026-09-27,06:26:50,AQI,1.77,
2026-09-27,06:26:50,TVOC,69.1,ppb
2026-09-27,06:26:50,eCO2,494.3,ppm
2026-09-27,06:26:50,Broadband,0.0,lux
2026-09-27,06:26:50,Infrared,0.0,lux
2026-09-27,06:27:20,Temperature,23.24,°C
2026-09-27,06:27:20,Humidity,43.09,%
2026-09-27,06:27:20,AQI,1.87,
2026-09-27,06:27:20,TVOC,69.1,ppb
2026-09-27,06:27:20,eCO2,494.27,ppm
2026-09-27,06:27:20,Broadband,0.0,lux
2026-09-27,06:27:20,Infrared,0.0,lux
2026-09-27,06:27:50,Temperature,23.25,°C
2026-09-27,06:27:50,Humidity,43.09,%
2026-09-27,06:27:50,AQI,1.87,
2026-09-27,06:27:50,TVOC,69.37,ppb
2026-09-27,06:27:50,eCO2,495.07,ppm
2026-09-27,06:27:50,Broadband,0.0,lux
2026-09-27,06:27:50,Infrared,0.0,lux
2026-09-27,06:28:20,Temperature,23.27,°C
2026-09-27,06:28:20,Humidity,43.04,%
2026-09-27,06:28:20,AQI,1.9,
2026-09-27,06:28:20,TVOC,71.67,ppb
2026-09-27,06:28:20,eCO2,499.0,ppm
2026-09-27,06:28:20,Broadband,0.0,lux
2026-09-27,06:28:20,Infrared,0.0,lux
2026-09-27,06:28:50,Temperature,23.23,°C
2026-09-27,06:28:50,Humidity,43.06,%
2026-09-27,06:28:50,AQI,1.9,
2026-09-27,06:28:50,TVOC,70.03,ppb
2026-09-27,06:28:50,eCO2,496.13,ppm
2026-09-27,06:28:50,Broadband,0.0,lux
2026-09-27,06:28:50,Infrared,0.0,lux
2026-09-27,06:29:20,Temperature,23.23,°C
2026-09-27,06:29:20,Humidity,43.07,%
2026-09-27,06:29:20,AQI,1.73,
2026-09-27,06:29:20,TVOC,69.57,ppb
2026-09-27,06:29:20,eCO2,495.2,ppm
2026-09-27,06:29:20,Broadband,0.0,lux
2026-09-27,06:29:20,Infrared,0.0,lux
2026-09-27,06:29:50,Temperature,23.23,°C
2026-09-27,06:29:50,Humidity,43.07,%
2026-09-27,06:29:50,AQI,1.93,
2026-09-27,06:29:50,TVOC,70.07,ppb
2026-09-27,06:29:50,eCO2,496.13,ppm
2026-09-27,06:29:50,Broadband,0.0,lux
2026-09-27,06:29:50,Infrared,0.0,lux
2026-09-27,06:30:20,Temperature,23.24,°C
2026-09-27,06:30:20,Humidity,43.07,%
2026-09-27,06:30:20,AQI,1.77,
2026-09-27,06:30:20,TVOC,68.27,ppb
2026-09-27,06:30:20,eCO2,492.5,ppm
2026-09-27,06:30:20,Broadband,0.0,lux
2026-09-27,06:30:20,Infrared,0.0,lux
2026-09-27,06:30:50,Temperature,23.21,°C
2026-09-27,06:30:50,Humidity,43.06,%
2026-09-27,06:30:50,AQI,1.87,
2026-09-27,06:30:50,TVOC,68.43,ppb
2026-09-27,06:30:50,eCO2,493.03,ppm
2026-09-27,06:30:50,Broadband,0.0,lux
2026-09-27,06:30:50,Infrared,0.0,lux
2026-09-27,06:31:20,Temperature,23.21,°C
2026-09-27,06:31:20,Humidity,43.12,%
2026-09-27,06:31:20,AQI,1.9,
2026-09-27,06:31:20,TVOC,70.2,ppb
2026-09-27,06:31:20,eCO2,496.4,ppm
2026-09-27,06:31:20,Broadband,0.0,lux
2026-09-27,06:31:20,Infrared,0.0,lux
2026-09-27,06:31:50,Temperature,23.18,°C
2026-09-27,06:31:50,Humidity,43.13,%
2026-09-27,06:31:50,AQI,1.73,
2026-09-27,06:31:50,TVOC,68.1,ppb
2026-09-27,06:31:50,eCO2,492.37,ppm
2026-09-27,06:31:50,Broadband,0.0,lux
2026-09-27,06:31:50,Infrared,0.0,lux
2026-09-27,06:32:20,Temperature,23.2,°C
2026-09-27,06:32:20,Humidity,43.16,%
2026-09-27,06:32:20,AQI,1.67,
2026-09-27,06:32:20,TVOC,67.37,ppb
2026-09-27,06:32:20,eCO2,490.9,ppm
2026-09-27,06:32:20,Broadband,0.0,lux
2026-09-27,06:32:20,Infrared,0.0,lux
2026-09-27,06:32:50,Temperature,23.22,°C
2026-09-27,06:32:50,Humidity,43.14,%
2026-09-27,06:32:50,AQI,1.73,
2026-09-27,06:32:50,TVOC,66.43,ppb
2026-09-27,06:32:50,eCO2,489.43,ppm
2026-09-27,06:32:50,Broadband,0.0,lux
2026-09-27,06:32:50,Infrared,0.0,lux
2026-09-27,06:33:20,Temperature,23.23,°C
2026-09-27,06:33:20,Humidity,43.14,%
2026-09-27,06:33:20,AQI,1.87,
2026-09-27,06:33:20,TVOC,68.83,ppb
2026-09-27,06:33:20,eCO2,493.63,ppm
2026-09-27,06:33:20,Broadband,0.0,lux
2026-09-27,06:33:20,Infrared,0.0,lux
2026-09-27,06:33:50,Temperature,23.24,°C
2026-09-27,06:33:50,Humidity,43.09,%
2026-09-27,06:33:50,AQI,1.63,
2026-09-27,06:33:50,TVOC,66.93,ppb
2026-09-27,06:33:50,eCO2,490.17,ppm
2026-09-27,06:33:50,Broadband,0.0,lux
2026-09-27,06:33:50,Infrared,0.0,lux
2026-09-27,06:34:20,Temperature,23.21,°C
2026-09-27,06:34:20,Humidity,43.1,%
2026-09-27,06:34:20,AQI,1.67,
2026-09-27,06:34:20,TVOC,65.93,ppb
2026-09-27,06:34:20,eCO2,488.43,ppm
2026-09-27,06:34:20,Broadband,0.0,lux
2026-09-27,06:34:20,Infrared,0.0,lux
2026-09-27,06:34:50,Temperature,23.19,°C
2026-09-27,06:34:50,Humidity,43.08,%
2026-09-27,06:34:50,AQI,1.77,
2026-09-27,06:34:50,TVOC,69.1,ppb
2026-09-27,06:34:50,eCO2,494.3,ppm
2026-09-27,06:34:50,Broadband,0.0,lux
2026-09-27,06:34:50,Infrared,0.0,lux
2026-09-27,06:35:20,Temperature,23.2,°C
2026-09-27,06:35:20,Humidity,43.11,%
2026-09-27,06:35:20,AQI,1.7,
2026-09-27,06:35:20,TVOC,67.37,ppb
2026-09-27,06:35:20,eCO2,490.97,ppm
2026-09-27,06:35:20,Broadband,0.0,lux
2026-09-27,06:35:20,Infrared,0.0,lux
2026-09-27,06:35:50,Temperature,23.19,°C
2026-09-27,06:35:50,Humidity,43.11,%
2026-09-27,06:35:50,AQI,1.8,
2026-09-27,06:35:50,TVOC,68.77,ppb
2026-09-27,06:35:50,eCO2,493.5,ppm
2026-09-27,06:35:50,Broadband,0.0,lux
2026-09-27,06:35:50,Infrared,0.0,lux
2026-09-27,06:36:20,Temperature,23.19,°C
2026-09-27,06:36:20,Humidity,43.12,%
2026-09-27,06:36:20,AQI,1.77,
2026-09-27,06:36:20,TVOC,68.8,ppb
2026-09-27,06:36:20,eCO2,493.9,ppm
2026-09-27,06:36:20,Broadband,0.0,lux
2026-09-27,06:36:20,Infrared,0.0,lux
2026-09-27,06:36:50,Temperature,23.16,°C
2026-09-27,06:36:50,Humidity,43.13,%
2026-09-27,06:36:50,AQI,1.77,
2026-09-27,06:36:50,TVOC,67.03,ppb
2026-09-27,06:36:50,eCO2,490.4,ppm
2026-09-27,06:36:50,Broadband,0.6,lux
2026-09-27,06:36:50,Infrared,0.0,lux
2026-09-27,06:37:20,Temperature,23.16,°C
2026-09-27,06:37:20,Humidity,43.2,%
2026-09-27,06:37:20,AQI,1.87,
2026-09-27,06:37:20,TVOC,68.47,ppb
2026-09-27,06:37:20,eCO2,493.17,ppm
2026-09-27,06:37:20,Broadband,1.0,lux
2026-09-27,06:37:20,Infrared,0.0,lux
2026-09-27,06:37:50,Temperature,23.18,°C
2026-09-27,06:37:50,Humidity,43.16,%
2026-09-27,06:37:50,AQI,1.87,
2026-09-27,06:37:50,TVOC,69.73,ppb
2026-09-27,06:37:50,eCO2,495.4,ppm
2026-09-27,06:37:50,Broadband,1.0,lux
2026-09-27,06:37:50,Infrared,0.0,lux
2026-09-27,06:38:20,Temperature,23.2,°C
2026-09-27,06:38:20,Humidity,43.13,%
2026-09-27,06:38:20,AQI,1.87,
2026-09-27,06:38:20,TVOC,69.57,ppb
2026-09-27,06:38:20,eCO2,495.4,ppm
2026-09-27,06:38:20,Broadband,1.0,lux
2026-09-27,06:38:20,Infrared,0.0,lux
2026-09-27,06:38:50,Temperature,23.22,°C
2026-09-27,06:38:50,Humidity,43.11,%
2026-09-27,06:38:50,AQI,1.8,
2026-09-27,06:38:50,TVOC,67.5,ppb
2026-09-27,06:38:50,eCO2,491.13,ppm
2026-09-27,06:38:50,Broadband,1.0,lux
2026-09-27,06:38:50,Infrared,0.0,lux
2026-09-27,06:39:20,Temperature,23.2,°C
2026-09-27,06:39:20,Humidity,43.08,%
2026-09-27,06:39:20,AQI,1.87,
2026-09-27,06:39:20,TVOC,69.17,ppb
2026-09-27,06:39:20,eCO2,494.47,ppm
2026-09-27,06:39:20,Broadband,1.0,lux
2026-09-27,06:39:20,Infrared,0.0,lux
2026-09-27,06:39:50,Temperature,23.2,°C
2026-09-27,06:39:50,Humidity,43.08,%
2026-09-27,06:39:50,AQI,1.77,
2026-09-27,06:39:50,TVOC,68.63,ppb
2026-09-27,06:39:50,eCO2,493.4,ppm
2026-09-27,06:39:50,Broadband,1.0,lux
2026-09-27,06:39:50,Infrared,0.0,lux
2026-09-27,06:40:20,Temperature,23.18,°C
2026-09-27,06:40:20,Humidity,43.13,%
2026-09-27,06:40:20,AQI,1.73,
2026-09-27,06:40:20,TVOC,69.3,ppb
2026-09-27,06:40:20,eCO2,494.63,ppm
2026-09-27,06:40:20,Broadband,1.0,lux
2026-09-27,06:40:20,Infrared,0.0,lux
2026-09-27,06:40:50,Temperature,23.18,°C
2026-09-27,06:40:50,Humidity,43.14,%
2026-09-27,06:40:50,AQI,1.9,
2026-09-27,06:40:50,TVOC,71.0,ppb
2026-09-27,06:40:50,eCO2,497.83,ppm
2026-09-27,06:40:50,Broadband,1.0,lux
2026-09-27,06:40:50,Infrared,0.0,lux
2026-09-27,06:41:20,Temperature,23.19,°C
2026-09-27,06:41:20,Humidity,43.14,%
2026-09-27,06:41:20,AQI,1.93,
2026-09-27,06:41:20,TVOC,71.4,ppb
2026-09-27,06:41:20,eCO2,498.4,ppm
2026-09-27,06:41:20,Broadband,1.0,lux
2026-09-27,06:41:20,Infrared,0.0,lux
2026-09-27,06:41:50,Temperature,23.22,°C
2026-09-27,06:41:50,Humidity,43.1,%
2026-09-27,06:41:50,AQI,1.83,
2026-09-27,06:41:50,TVOC,70.0,ppb
2026-09-27,06:41:50,eCO2,496.0,ppm
2026-09-27,06:41:50,Broadband,1.0,lux
2026-09-27,06:41:50,Infrared,0.0,lux
2026-09-27,06:42:20,Temperature,23.18,°C
2026-09-27,06:42:20,Humidity,43.08,%
2026-09-27,06:42:20,AQI,1.9,
2026-09-27,06:42:20,TVOC,69.77,ppb
2026-09-27,06:42:20,eCO2,495.37,ppm
2026-09-27,06:42:20,Broadband,1.0,lux
2026-09-27,06:42:20,Infrared,0.0,lux
2026-09-27,06:42:50,Temperature,23.18,°C
2026-09-27,06:42:50,Humidity,43.12,%
2026-09-27,06:42:50,AQI,2.0,
2026-09-27,06:42:50,TVOC,72.63,ppb
2026-09-27,06:42:50,eCO2,500.9,ppm
2026-09-27,06:42:50,Broadband,1.0,lux
2026-09-27,06:42:50,Infrared,0.0,lux
2026-09-27,06:43:20,Temperature,23.19,°C
2026-09-27,06:43:20,Humidity,43.14,%
2026-09-27,06:43:20,AQI,1.87,
2026-09-27,06:43:20,TVOC,70.27,ppb
2026-09-27,06:43:20,eCO2,496.6,ppm
2026-09-27,06:43:20,Broadband,1.0,lux
2026-09-27,06:43:20,Infrared,0.0,lux
2026-09-27,06:43:50,Temperature,23.18,°C
2026-09-27,06:43:50,Humidity,43.14,%
2026-09-27,06:43:50,AQI,1.97,
2026-09-27,06:43:50,TVOC,70.97,ppb
2026-09-27,06:43:50,eCO2,498.07,ppm
2026-09-27,06:43:50,Broadband,1.0,lux
2026-09-27,06:43:50,Infrared,0.0,lux
2026-09-27,06:44:20,Temperature,23.17,°C
2026-09-27,06:44:20,Humidity,43.15,%
2026-09-27,06:44:20,AQI,1.97,
2026-09-27,06:44:20,TVOC,72.57,ppb
2026-09-27,06:44:20,eCO2,500.73,ppm
2026-09-27,06:44:20,Broadband,1.0,lux
2026-09-27,06:44:20,Infrared,0.93,lux
2026-09-27,06:44:50,Temperature,23.18,°C
2026-09-27,06:44:50,Humidity,43.15,%
2026-09-27,06:44:50,AQI,1.8,
2026-09-27,06:44:50,TVOC,70.6,ppb
2026-09-27,06:44:50,eCO2,497.0,ppm
2026-09-27,06:44:50,Broadband,1.3,lux
2026-09-27,06:44:50,Infrared,1.0,lux
2026-09-27,06:45:20,Temperature,23.18,°C
2026-09-27,06:45:20,Humidity,43.13,%
2026-09-27,06:45:20,AQI,1.87,
2026-09-27,06:45:20,TVOC,71.1,ppb
2026-09-27,06:45:20,eCO2,498.07,ppm
2026-09-27,06:45:20,Broadband,2.0,lux
2026-09-27,06:45:20,Infrared,1.0,lux
2026-09-27,06:45:50,Temperature,23.18,°C
2026-09-27,06:45:50,Humidity,43.12,%
2026-09-27,06:45:50,AQI,1.8,
2026-09-27,06:45:50,TVOC,69.07,ppb
2026-09-27,06:45:50,eCO2,494.2,ppm
2026-09-27,06:45:50,Broadband,2.0,lux
2026-09-27,06:45:50,Infrared,1.0,lux
2026-09-27,06:46:20,Temperature,23.14,°C
2026-09-27,06:46:20,Humidity,43.14,%
2026-09-27,06:46:20,AQI,1.8,
2026-09-27,06:46:20,TVOC,69.33,ppb
2026-09-27,06:46:20,eCO2,494.87,ppm
2026-09-27,06:46:20,Broadband,2.0,lux
2026-09-27,06:46:20,Infrared,1.0,lux
2026-09-27,06:46:50,Temperature,23.13,°C
2026-09-27,06:46:50,Humidity,43.2,%
2026-09-27,06:46:50,AQI,1.83,
2026-09-27,06:46:50,TVOC,69.97,ppb
2026-09-27,06:46:50,eCO2,495.97,ppm
2026-09-27,06:46:50,Broadband,2.0,lux
2026-09-27,06:46:50,Infrared,1.0,lux
2026-09-27,06:47:20,Temperature,23.15,°C
2026-09-27,06:47:20,Humidity,43.21,%
2026-09-27,06:47:20,AQI,1.97,
2026-09-27,06:47:20,TVOC,73.5,ppb
2026-09-27,06:47:20,eCO2,502.53,ppm
2026-09-27,06:47:20,Broadband,2.0,lux
2026-09-27,06:47:20,Infrared,1.0,lux
2026-09-27,06:47:50,Temperature,23.14,°C
2026-09-27,06:47:50,Humidity,43.19,%
2026-09-27,06:47:50,AQI,1.9,
2026-09-27,06:47:50,TVOC,70.8,ppb
2026-09-27,06:47:50,eCO2,497.57,ppm
2026-09-27,06:47:50,Broadband,2.2,lux
2026-09-27,06:47:50,Infrared,1.0,lux
2026-09-27,06:48:20,Temperature,23.15,°C
2026-09-27,06:48:20,Humidity,43.21,%
2026-09-27,06:48:20,AQI,1.93,
2026-09-27,06:48:20,TVOC,71.33,ppb
2026-09-27,06:48:20,eCO2,498.33,ppm
2026-09-27,06:48:20,Broadband,3.0,lux
2026-09-27,06:48:20,Infrared,1.0,lux
2026-09-27,06:48:50,Temperature,23.19,°C
2026-09-27,06:48:50,Humidity,43.16,%
2026-09-27,06:48:50,AQI,1.93,
2026-09-27,06:48:50,TVOC,70.77,ppb
2026-09-27,06:48:50,eCO2,497.4,ppm
2026-09-27,06:48:50,Broadband,3.0,lux
2026-09-27,06:48:50,Infrared,1.0,lux
2026-09-27,06:49:20,Temperature,23.19,°C
2026-09-27,06:49:20,Humidity,43.13,%
2026-09-27,06:49:20,AQI,1.9,
2026-09-27,06:49:20,TVOC,72.77,ppb
2026-09-27,06:49:20,eCO2,501.17,ppm
2026-09-27,06:49:20,Broadband,3.0,lux
2026-09-27,06:49:20,Infrared,1.0,lux
2026-09-27,06:49:50,Temperature,23.18,°C
2026-09-27,06:49:50,Humidity,43.15,%
2026-09-27,06:49:50,AQI,1.93,
2026-09-27,06:49:50,TVOC,71.23,ppb
2026-09-27,06:49:50,eCO2,498.2,ppm
2026-09-27,06:49:50,Broadband,3.0,lux
2026-09-27,06:49:50,Infrared,1.0,lux
2026-09-27,06:50:20,Temperature,23.2,°C
2026-09-27,06:50:20,Humidity,43.14,%
2026-09-27,06:50:20,AQI,1.87,
2026-09-27,06:50:20,TVOC,71.83,ppb
2026-09-27,06:50:20,eCO2,499.47,ppm
2026-09-27,06:50:20,Broadband,3.0,lux
2026-09-27,06:50:20,Infrared,1.0,lux
2026-09-27,06:50:50,Temperature,23.22,°C
2026-09-27,06:50:50,Humidity,43.1,%
2026-09-27,06:50:50,AQI,1.97,
2026-09-27,06:50:50,TVOC,71.77,ppb
2026-09-27,06:50:50,eCO2,499.27,ppm
2026-09-27,06:50:50,Broadband,3.0,lux
2026-09-27,06:50:50,Infrared,1.0,lux
2026-09-27,06:51:20,Temperature,23.22,°C
2026-09-27,06:51:20,Humidity,43.08,%
2026-09-27,06:51:20,AQI,1.9,
2026-09-27,06:51:20,TVOC,73.13,ppb
2026-09-27,06:51:20,eCO2,501.7,ppm
2026-09-27,06:51:20,Broadband,3.0,lux
2026-09-27,06:51:20,Infrared,1.0,lux
2026-09-27,06:51:50,Temperature,23.22,°C
2026-09-27,06:51:50,Humidity,43.1,%
2026-09-27,06:51:50,AQI,1.93,
2026-09-27,06:51:50,TVOC,72.33,ppb
2026-09-27,06:51:50,eCO2,500.43,ppm
2026-09-27,06:51:50,Broadband,2.0,lux
2026-09-27,06:51:50,Infrared,1.0,lux
2026-09-27,06:52:20,Temperature,23.25,°C
2026-09-27,06:52:20,Humidity,43.07,%
2026-09-27,06:52:20,AQI,2.0,
2026-09-27,06:52:20,TVOC,72.9,ppb
2026-09-27,06:52:20,eCO2,501.53,ppm
2026-09-27,06:52:20,Broadband,2.5,lux
2026-09-27,06:52:20,Infrared,1.0,lux
2026-09-27,06:52:50,Temperature,23.22,°C
2026-09-27,06:52:50,Humidity,43.03,%
2026-09-27,06:52:50,AQI,1.87,
2026-09-27,06:52:50,TVOC,71.53,ppb
2026-09-27,06:52:50,eCO2,498.67,ppm
2026-09-27,06:52:50,Broadband,3.0,lux
2026-09-27,06:52:50,Infrared,1.0,lux
2026-09-27,06:53:20,Temperature,23.2,°C
2026-09-27,06:53:20,Humidity,43.09,%
2026-09-27,06:53:20,AQI,2.0,
2026-09-27,06:53:20,TVOC,72.73,ppb
2026-09-27,06:53:20,eCO2,501.2,ppm
2026-09-27,06:53:20,Broadband,3.0,lux
2026-09-27,06:53:20,Infrared,1.0,lux
2026-09-27,06:53:50,Temperature,23.2,°C
2026-09-27,06:53:50,Humidity,43.12,%
2026-09-27,06:53:50,AQI,1.93,
2026-09-27,06:53:50,TVOC,70.97,ppb
2026-09-27,06:53:50,eCO2,497.77,ppm
2026-09-27,06:53:50,Broadband,3.0,lux
2026-09-27,06:53:50,Infrared,1.0,lux
2026-09-27,06:54:20,Temperature,23.17,°C
2026-09-27,06:54:20,Humidity,43.13,%
2026-09-27,06:54:20,AQI,1.93,
2026-09-27,06:54:20,TVOC,72.37,ppb
2026-09-27,06:54:20,eCO2,500.7,ppm
2026-09-27,06:54:20,Broadband,3.0,lux
2026-09-27,06:54:20,Infrared,1.0,lux
2026-09-27,06:54:50,Temperature,23.18,°C
2026-09-27,06:54:50,Humidity,43.12,%
2026-09-27,06:54:50,AQI,2.0,
2026-09-27,06:54:50,TVOC,75.8,ppb
2026-09-27,06:54:50,eCO2,506.67,ppm
2026-09-27,06:54:50,Broadband,3.0,lux
2026-09-27,06:54:50,Infrared,1.0,lux
2026-09-27,06:55:20,Temperature,23.22,°C
2026-09-27,06:55:20,Humidity,43.11,%
2026-09-27,06:55:20,AQI,2.0,
2026-09-27,06:55:20,TVOC,72.73,ppb
2026-09-27,06:55:20,eCO2,500.93,ppm
2026-09-27,06:55:20,Broadband,3.0,lux
2026-09-27,06:55:20,Infrared,1.0,lux
2026-09-27,06:55:50,Temperature,23.21,°C
2026-09-27,06:55:50,Humidity,43.04,%
2026-09-27,06:55:50,AQI,1.97,
2026-09-27,06:55:50,TVOC,73.07,ppb
2026-09-27,06:55:50,eCO2,501.77,ppm
2026-09-27,06:55:50,Broadband,3.0,lux
2026-09-27,06:55:50,Infrared,1.0,lux
2026-09-27,06:56:20,Temperature,23.2,°C
2026-09-27,06:56:20,Humidity,43.05,%
2026-09-27,06:56:20,AQI,2.0,
2026-09-27,06:56:20,TVOC,73.07,ppb
2026-09-27,06:56:20,eCO2,501.77,ppm
2026-09-27,06:56:20,Broadband,3.0,lux
2026-09-27,06:56:20,Infrared,1.0,lux
2026-09-27,06:56:50,Temperature,23.2,°C
2026-09-27,06:56:50,Humidity,43.07,%
2026-09-27,06:56:50,AQI,1.83,
2026-09-27,06:56:50,TVOC,71.33,ppb
2026-09-27,06:56:50,eCO2,498.43,ppm
2026-09-27,06:56:50,Broadband,3.0,lux
2026-09-27,06:56:50,Infrared,1.0,lux
2026-09-27,06:57:20,Temperature,23.17,°C
2026-09-27,06:57:20,Humidity,43.13,%
2026-09-27,06:57:20,AQI,2.0,
2026-09-27,06:57:20,TVOC,74.53,ppb
2026-09-27,06:57:20,eCO2,504.4,ppm
2026-09-27,06:57:20,Broadband,3.93,lux
2026-09-27,06:57:20,Infrared,1.0,lux
2026-09-27,06:57:50,Temperature,23.16,°C
2026-09-27,06:57:50,Humidity,43.14,%
2026-09-27,06:57:50,AQI,1.97,
2026-09-27,06:57:50,TVOC,73.03,ppb
2026-09-27,06:57:50,eCO2,501.57,ppm
2026-09-27,06:57:50,Broadband,4.0,lux
2026-09-27,06:57:50,Infrared,1.0,lux
2026-09-27,06:58:20,Temperature,23.17,°C
2026-09-27,06:58:20,Humidity,43.12,%
2026-09-27,06:58:20,AQI,1.9,
2026-09-27,06:58:20,TVOC,73.53,ppb
2026-09-27,06:58:20,eCO2,502.5,ppm
2026-09-27,06:58:20,Broadband,4.0,lux
2026-09-27,06:58:20,Infrared,1.0,lux
2026-09-27,06:58:50,Temperature,23.16,°C
2026-09-27,06:58:50,Humidity,43.17,%
2026-09-27,06:58:50,AQI,2.0,
2026-09-27,06:58:50,TVOC,73.0,ppb
2026-09-27,06:58:50,eCO2,501.7,ppm
2026-09-27,06:58:50,Broadband,4.0,lux
2026-09-27,06:58:50,Infrared,1.0,lux
2026-09-27,06:59:20,Temperature,23.18,°C
2026-09-27,06:59:20,Humidity,43.13,%
2026-09-27,06:59:20,AQI,1.97,
2026-09-27,06:59:20,TVOC,73.2,ppb
2026-09-27,06:59:20,eCO2,502.03,ppm
2026-09-27,06:59:20,Broadband,4.67,lux
2026-09-27,06:59:20,Infrared,1.0,lux
2026-09-27,06:59:50,Temperature,23.17,°C
2026-09-27,06:59:50,Humidity,43.15,%
2026-09-27,06:59:50,AQI,1.97,
2026-09-27,06:59:50,TVOC,73.47,ppb
2026-09-27,06:59:50,eCO2,502.6,ppm
2026-09-27,06:59:50,Broadband,5.0,lux
2026-09-27,06:59:50,Infrared,1.0,lux
2026-09-27,07:00:20,Temperature,23.18,°C
2026-09-27,07:00:20,Humidity,43.15,%
2026-09-27,07:00:20,AQI,2.0,
2026-09-27,07:00:20,TVOC,76.8,ppb
2026-09-27,07:00:20,eCO2,508.63,ppm
2026-09-27,07:00:20,Broadband,5.0,lux
2026-09-27,07:00:20,Infrared,1.83,lux
2026-09-27,07:00:50,Temperature,23.18,°C
2026-09-27,07:00:50,Humidity,43.16,%
2026-09-27,07:00:50,AQI,2.0,
2026-09-27,07:00:50,TVOC,75.6,ppb
2026-09-27,07:00:50,eCO2,506.4,ppm
2026-09-27,07:00:50,Broadband,5.0,lux
2026-09-27,07:00:50,Infrared,2.0,lux
2026-09-27,07:01:20,Temperature,23.2,°C
2026-09-27,07:01:20,Humidity,43.14,%
2026-09-27,07:01:20,AQI,1.97,
2026-09-27,07:01:20,TVOC,76.03,ppb
2026-09-27,07:01:20,eCO2,507.17,ppm
2026-09-27,07:01:20,Broadband,5.9,lux
2026-09-27,07:01:20,Infrared,2.0,lux
2026-09-27,07:01:50,Temperature,23.18,°C
2026-09-27,07:01:50,Humidity,43.14,%
2026-09-27,07:01:50,AQI,1.97,
2026-09-27,07:01:50,TVOC,75.57,ppb
2026-09-27,07:01:50,eCO2,506.5,ppm
2026-09-27,07:01:50,Broadband,6.0,lux
2026-09-27,07:01:50,Infrared,2.0,lux
2026-09-27,07:02:20,Temperature,23.19,°C
2026-09-27,07:02:20,Humidity,43.16,%
2026-09-27,07:02:20,AQI,2.0,
2026-09-27,07:02:20,TVOC,76.0,ppb
2026-09-27,07:02:20,eCO2,506.97,ppm
2026-09-27,07:02:20,Broadband,6.0,lux
2026-09-27,07:02:20,Infrared,2.0,lux
2026-09-27,07:02:50,Temperature,23.17,°C
2026-09-27,07:02:50,Humidity,43.18,%
2026-09-27,07:02:50,AQI,1.97,
2026-09-27,07:02:50,TVOC,76.4,ppb
2026-09-27,07:02:50,eCO2,507.83,ppm
2026-09-27,07:02:50,Broadband,6.97,lux
2026-09-27,07:02:50,Infrared,2.0,lux
2026-09-27,07:03:20,Temperature,23.17,°C
2026-09-27,07:03:20,Humidity,43.19,%
2026-09-27,07:03:20,AQI,2.0,
2026-09-27,07:03:20,TVOC,75.87,ppb
2026-09-27,07:03:20,eCO2,506.87,ppm
2026-09-27,07:03:20,Broadband,7.0,lux
2026-09-27,07:03:20,Infrared,2.23,lux
2026-09-27,07:03:50,Temperature,23.19,°C
2026-09-27,07:03:50,Humidity,43.16,%
2026-09-27,07:03:50,AQI,1.93,
2026-09-27,07:03:50,TVOC,73.97,ppb
2026-09-27,07:03:50,eCO2,503.43,ppm
2026-09-27,07:03:50,Broadband,7.97,lux
2026-09-27,07:03:50,Infrared,3.0,lux
2026-09-27,07:04:20,Temperature,23.19,°C
2026-09-27,07:04:20,Humidity,43.14,%
2026-09-27,07:04:20,AQI,2.0,
2026-09-27,07:04:20,TVOC,76.13,ppb
2026-09-27,07:04:20,eCO2,507.23,ppm
2026-09-27,07:04:20,Broadband,8.43,lux
2026-09-27,07:04:20,Infrared,3.0,lux
2026-09-27,07:04:50,Temperature,23.2,°C
2026-09-27,07:04:50,Humidity,43.11,%
2026-09-27,07:04:50,AQI,2.0,
2026-09-27,07:04:50,TVOC,75.93,ppb
2026-09-27,07:04:50,eCO2,507.03,ppm
2026-09-27,07:04:50,Broadband,9.0,lux
2026-09-27,07:04:50,Infrared,3.0,lux
2026-09-27,07:05:20,Temperature,23.21,°C
2026-09-27,07:05:20,Humidity,43.12,%
2026-09-27,07:05:20,AQI,2.0,
2026-09-27,07:05:20,TVOC,76.57,ppb
2026-09-27,07:05:20,eCO2,508.23,ppm
2026-09-27,07:05:20,Broadband,9.9,lux
2026-09-27,07:05:20,Infrared,3.97,lux
2026-09-27,07:05:50,Temperature,23.23,°C
2026-09-27,07:05:50,Humidity,43.1,%
2026-09-27,07:05:50,AQI,2.0,
2026-09-27,07:05:50,TVOC,76.6,ppb
2026-09-27,07:05:50,eCO2,508.07,ppm
2026-09-27,07:05:50,Broadband,10.17,lux
2026-09-27,07:05:50,Infrared,4.0,lux
2026-09-27,07:06:20,Temperature,23.2,°C
2026-09-27,07:06:20,Humidity,43.09,%
2026-09-27,07:06:20,AQI,2.0,
2026-09-27,07:06:20,TVOC,77.1,ppb
2026-09-27,07:06:20,eCO2,509.27,ppm
2026-09-27,07:06:20,Broadband,11.0,lux
2026-09-27,07:06:20,Infrared,4.0,lux
2026-09-27,07:06:50,Temperature,23.19,°C
2026-09-27,07:06:50,Humidity,43.15,%
2026-09-27,07:06:50,AQI,2.0,
2026-09-27,07:06:50,TVOC,78.47,ppb
2026-09-27,07:06:50,eCO2,511.77,ppm
2026-09-27,07:06:50,Broadband,11.6,lux
2026-09-27,07:06:50,Infrared,4.67,lux
2026-09-27,07:07:20,Temperature,23.19,°C
2026-09-27,07:07:20,Humidity,43.17,%
2026-09-27,07:07:20,AQI,2.0,
2026-09-27,07:07:20,TVOC,77.4,ppb
2026-09-27,07:07:20,eCO2,509.7,ppm
2026-09-27,07:07:20,Broadband,12.0,lux
2026-09-27,07:07:20,Infrared,5.0,lux
2026-09-27,07:07:50,Temperature,23.21,°C
2026-09-27,07:07:50,Humidity,43.14,%
2026-09-27,07:07:50,AQI,1.97,
2026-09-27,07:07:50,TVOC,75.0,ppb
2026-09-27,07:07:50,eCO2,505.03,ppm
2026-09-27,07:07:50,Broadband,12.97,lux
2026-09-27,07:07:50,Infrared,5.0,lux
2026-09-27,07:08:20,Temperature,23.21,°C
2026-09-27,07:08:20,Humidity,43.16,%
2026-09-27,07:08:20,AQI,2.0,
2026-09-27,07:08:20,TVOC,76.57,ppb
2026-09-27,07:08:20,eCO2,508.03,ppm
2026-09-27,07:08:20,Broadband,13.5,lux
2026-09-27,07:08:20,Infrared,5.3,lux
2026-09-27,07:08:50,Temperature,23.21,°C
2026-09-27,07:08:50,Humidity,43.15,%
2026-09-27,07:08:50,AQI,2.0,
2026-09-27,07:08:50,TVOC,78.67,ppb
2026-09-27,07:08:50,eCO2,511.73,ppm
2026-09-27,07:08:50,Broadband,14.13,lux
2026-09-27,07:08:50,Infrared,6.0,lux
2026-09-27,07:09:20,Temperature,23.19,°C
2026-09-27,07:09:20,Humidity,43.12,%
2026-09-27,07:09:20,AQI,2.0,
2026-09-27,07:09:20,TVOC,77.7,ppb
2026-09-27,07:09:20,eCO2,510.4,ppm
2026-09-27,07:09:20,Broadband,15.0,lux
2026-09-27,07:09:20,Infrared,6.0,lux
2026-09-27,07:09:50,Temperature,23.17,°C
2026-09-27,07:09:50,Humidity,43.15,%
2026-09-27,07:09:50,AQI,2.0,
2026-09-27,07:09:50,TVOC,77.23,ppb
2026-09-27,07:09:50,eCO2,509.4,ppm
2026-09-27,07:09:50,Broadband,15.37,lux
2026-09-27,07:09:50,Infrared,6.07,lux
2026-09-27,07:10:20,Temperature,23.16,°C
2026-09-27,07:10:20,Humidity,43.16,%
2026-09-27,07:10:20,AQI,2.0,
2026-09-27,07:10:20,TVOC,77.7,ppb
2026-09-27,07:10:20,eCO2,510.37,ppm
2026-09-27,07:10:20,Broadband,16.0,lux
2026-09-27,07:10:20,Infrared,7.0,lux
2026-09-27,07:10:50,Temperature,23.17,°C
2026-09-27,07:10:50,Humidity,43.19,%
2026-09-27,07:10:50,AQI,2.0,
2026-09-27,07:10:50,TVOC,78.0,ppb
2026-09-27,07:10:50,eCO2,510.9,ppm
2026-09-27,07:10:50,Broadband,16.93,lux
2026-09-27,07:10:50,Infrared,7.0,lux
2026-09-27,07:11:20,Temperature,23.18,°C
2026-09-27,07:11:20,Humidity,43.17,%
2026-09-27,07:11:20,AQI,2.0,
2026-09-27,07:11:20,TVOC,75.57,ppb
2026-09-27,07:11:20,eCO2,506.4,ppm
2026-09-27,07:11:20,Broadband,17.1,lux
2026-09-27,07:11:20,Infrared,7.0,lux
2026-09-27,07:11:50,Temperature,23.17,°C
2026-09-27,07:11:50,Humidity,43.18,%
2026-09-27,07:11:50,AQI,2.0,
2026-09-27,07:11:50,TVOC,77.87,ppb
2026-09-27,07:11:50,eCO2,510.53,ppm
2026-09-27,07:11:50,Broadband,18.0,lux
2026-09-27,07:11:50,Infrared,7.57,lux
2026-09-27,07:12:20,Temperature,23.17,°C
2026-09-27,07:12:20,Humidity,43.19,%
2026-09-27,07:12:20,AQI,1.97,
2026-09-27,07:12:20,TVOC,76.73,ppb
2026-09-27,07:12:20,eCO2,508.53,ppm
2026-09-27,07:12:20,Broadband,18.3,lux
2026-09-27,07:12:20,Infrared,8.0,lux
2026-09-27,07:12:50,Temperature,23.15,°C
2026-09-27,07:12:50,Humidity,43.21,%
2026-09-27,07:12:50,AQI,2.0,
2026-09-27,07:12:50,TVOC,78.27,ppb
2026-09-27,07:12:50,eCO2,511.43,ppm
2026-09-27,07:12:50,Broadband,19.0,lux
2026-09-27,07:12:50,Infrared,8.0,lux
2026-09-27,07:13:20,Temperature,23.13,°C
2026-09-27,07:13:20,Humidity,43.25,%
2026-09-27,07:13:20,AQI,2.0,
2026-09-27,07:13:20,TVOC,78.2,ppb
2026-09-27,07:13:20,eCO2,511.33,ppm
2026-09-27,07:13:20,Broadband,19.97,lux
2026-09-27,07:13:20,Infrared,8.27,lux
2026-09-27,07:13:50,Temperature,23.13,°C
2026-09-27,07:13:50,Humidity,43.29,%
2026-09-27,07:13:50,AQI,2.0,
2026-09-27,07:13:50,TVOC,80.97,ppb
2026-09-27,07:13:50,eCO2,516.23,ppm
2026-09-27,07:13:50,Broadband,20.53,lux
2026-09-27,07:13:50,Infrared,9.0,lux
2026-09-27,07:14:20,Temperature,23.13,°C
2026-09-27,07:14:20,Humidity,43.31,%
2026-09-27,07:14:20,AQI,2.0,
2026-09-27,07:14:20,TVOC,79.4,ppb
2026-09-27,07:14:20,eCO2,513.33,ppm
2026-09-27,07:14:20,Broadband,21.33,lux
2026-09-27,07:14:20,Infrared,9.0,lux
2026-09-27,07:14:50,Temperature,23.12,°C
2026-09-27,07:14:50,Humidity,43.33,%
2026-09-27,07:14:50,AQI,2.0,
2026-09-27,07:14:50,TVOC,76.37,ppb
2026-09-27,07:14:50,eCO2,507.87,ppm
2026-09-27,07:14:50,Broadband,22.33,lux
2026-09-27,07:14:50,Infrared,9.6,lux
2026-09-27,07:15:20,Temperature,23.14,°C
2026-09-27,07:15:20,Humidity,43.31,%
2026-09-27,07:15:20,AQI,2.0,
2026-09-27,07:15:20,TVOC,79.07,ppb
2026-09-27,07:15:20,eCO2,512.77,ppm
2026-09-27,07:15:20,Broadband,23.0,lux
2026-09-27,07:15:20,Infrared,10.0,lux
2026-09-27,07:15:50,Temperature,23.16,°C
2026-09-27,07:15:50,Humidity,43.31,%
2026-09-27,07:15:50,AQI,2.0,
2026-09-27,07:15:50,TVOC,81.43,ppb
2026-09-27,07:15:50,eCO2,517.0,ppm
2026-09-27,07:15:50,Broadband,23.33,lux
2026-09-27,07:15:50,Infrared,10.0,lux
2026-09-27,07:16:20,Temperature,23.17,°C
2026-09-27,07:16:20,Humidity,43.27,%
2026-09-27,07:16:20,AQI,2.0,
2026-09-27,07:16:20,TVOC,78.7,ppb
2026-09-27,07:16:20,eCO2,512.1,ppm
2026-09-27,07:16:20,Broadband,24.0,lux
2026-09-27,07:16:20,Infrared,10.03,lux
2026-09-27,07:16:50,Temperature,23.19,°C
2026-09-27,07:16:50,Humidity,43.25,%
2026-09-27,07:16:50,AQI,2.0,
2026-09-27,07:16:50,TVOC,79.43,ppb
2026-09-27,07:16:50,eCO2,513.4,ppm
2026-09-27,07:16:50,Broadband,24.0,lux
2026-09-27,07:16:50,Infrared,11.0,lux
2026-09-27,07:17:20,Temperature,23.17,°C
2026-09-27,07:17:20,Humidity,43.23,%
2026-09-27,07:17:20,AQI,2.0,
2026-09-27,07:17:20,TVOC,79.67,ppb
2026-09-27,07:17:20,eCO2,513.77,ppm
2026-09-27,07:17:20,Broadband,24.9,lux
2026-09-27,07:17:20,Infrared,11.0,lux
2026-09-27,07:17:50,Temperature,23.18,°C
2026-09-27,07:17:50,Humidity,43.28,%
2026-09-27,07:17:50,AQI,2.0,
2026-09-27,07:17:50,TVOC,80.87,ppb
2026-09-27,07:17:50,eCO2,516.17,ppm
2026-09-27,07:17:50,Broadband,25.3,lux
2026-09-27,07:17:50,Infrared,11.0,lux
2026-09-27,07:18:20,Temperature,23.19,°C
2026-09-27,07:18:20,Humidity,43.25,%
2026-09-27,07:18:20,AQI,2.0,
2026-09-27,07:18:20,TVOC,80.2,ppb
2026-09-27,07:18:20,eCO2,514.87,ppm
2026-09-27,07:18:20,Broadband,26.3,lux
2026-09-27,07:18:20,Infrared,11.9,lux
2026-09-27,07:18:50,Temperature,23.16,°C
2026-09-27,07:18:50,Humidity,43.25,%
2026-09-27,07:18:50,AQI,2.0,
2026-09-27,07:18:50,TVOC,79.2,ppb
2026-09-27,07:18:50,eCO2,512.97,ppm
2026-09-27,07:18:50,Broadband,27.47,lux
2026-09-27,07:18:50,Infrared,12.0,lux
2026-09-27,07:19:20,Temperature,23.16,°C
2026-09-27,07:19:20,Humidity,43.28,%
2026-09-27,07:19:20,AQI,2.0,
2026-09-27,07:19:20,TVOC,81.83,ppb
2026-09-27,07:19:20,eCO2,517.77,ppm
2026-09-27,07:19:20,Broadband,28.57,lux
2026-09-27,07:19:20,Infrared,12.97,lux
2026-09-27,07:19:50,Temperature,23.15,°C
2026-09-27,07:19:50,Humidity,43.3,%
2026-09-27,07:19:50,AQI,2.0,
2026-09-27,07:19:50,TVOC,79.07,ppb
2026-09-27,07:19:50,eCO2,512.8,ppm
2026-09-27,07:19:50,Broadband,29.7,lux
2026-09-27,07:19:50,Infrared,13.03,lux
2026-09-27,07:20:20,Temperature,23.16,°C
2026-09-27,07:20:20,Humidity,43.33,%
2026-09-27,07:20:20,AQI,2.0,
2026-09-27,07:20:20,TVOC,80.43,ppb
2026-09-27,07:20:20,eCO2,515.23,ppm
2026-09-27,07:20:20,Broadband,30.8,lux
2026-09-27,07:20:20,Infrared,14.0,lux
2026-09-27,07:20:50,Temperature,23.13,°C
2026-09-27,07:20:50,Humidity,43.34,%
2026-09-27,07:20:50,AQI,2.0,
2026-09-27,07:20:50,TVOC,79.57,ppb
2026-09-27,07:20:50,eCO2,513.7,ppm
2026-09-27,07:20:50,Broadband,32.03,lux
2026-09-27,07:20:50,Infrared,14.1,lux
2026-09-27,07:21:20,Temperature,23.14,°C
2026-09-27,07:21:20,Humidity,43.39,%
2026-09-27,07:21:20,AQI,2.0,
2026-09-27,07:21:20,TVOC,82.13,ppb
2026-09-27,07:21:20,eCO2,518.2,ppm
2026-09-27,07:21:20,Broadband,33.0,lux
2026-09-27,07:21:20,Infrared,15.0,lux
2026-09-27,07:21:50,Temperature,23.14,°C
2026-09-27,07:21:50,Humidity,43.36,%
2026-09-27,07:21:50,AQI,2.0,
2026-09-27,07:21:50,TVOC,78.27,ppb
2026-09-27,07:21:50,eCO2,511.17,ppm
2026-09-27,07:21:50,Broadband,33.4,lux
2026-09-27,07:21:50,Infrared,15.0,lux
2026-09-27,07:22:20,Temperature,23.14,°C
2026-09-27,07:22:20,Humidity,43.39,%
2026-09-27,07:22:20,AQI,2.0,
2026-09-27,07:22:20,TVOC,78.47,ppb
2026-09-27,07:22:20,eCO2,511.77,ppm
2026-09-27,07:22:20,Broadband,34.07,lux
2026-09-27,07:22:20,Infrared,15.0,lux
2026-09-27,07:22:50,Temperature,23.16,°C
2026-09-27,07:22:50,Humidity,43.38,%
2026-09-27,07:22:50,AQI,2.0,
2026-09-27,07:22:50,TVOC,78.93,ppb
2026-09-27,07:22:50,eCO2,512.27,ppm
2026-09-27,07:22:50,Broadband,35.0,lux
2026-09-27,07:22:50,Infrared,15.97,lux
2026-09-27,07:23:20,Temperature,23.14,°C
2026-09-27,07:23:20,Humidity,43.35,%
2026-09-27,07:23:20,AQI,2.0,
2026-09-27,07:23:20,TVOC,78.67,ppb
2026-09-27,07:23:20,eCO2,511.8,ppm
2026-09-27,07:23:20,Broadband,35.87,lux
2026-09-27,07:23:20,Infrared,16.0,lux
2026-09-27,07:23:50,Temperature,23.15,°C
2026-09-27,07:23:50,Humidity,43.35,%
2026-09-27,07:23:50,AQI,2.0,
2026-09-27,07:23:50,TVOC,78.0,ppb
2026-09-27,07:23:50,eCO2,510.97,ppm
2026-09-27,07:23:50,Broadband,37.5,lux
2026-09-27,07:23:50,Infrared,16.8,lux
2026-09-27,07:24:20,Temperature,23.14,°C
2026-09-27,07:24:20,Humidity,43.34,%
2026-09-27,07:24:20,AQI,2.0,
2026-09-27,07:24:20,TVOC,78.4,ppb
2026-09-27,07:24:20,eCO2,511.53,ppm
2026-09-27,07:24:20,Broadband,38.8,lux
2026-09-27,07:24:20,Infrared,17.0,lux
2026-09-27,07:24:50,Temperature,23.12,°C
2026-09-27,07:24:50,Humidity,43.37,%
2026-09-27,07:24:50,AQI,2.0,
2026-09-27,07:24:50,TVOC,76.6,ppb
2026-09-27,07:24:50,eCO2,508.2,ppm
2026-09-27,07:24:50,Broadband,39.0,lux
2026-09-27,07:24:50,Infrared,17.0,lux
2026-09-27,07:25:20,Temperature,23.13,°C
2026-09-27,07:25:20,Humidity,43.43,%
2026-09-27,07:25:20,AQI,2.0,
2026-09-27,07:25:20,TVOC,77.1,ppb
2026-09-27,07:25:20,eCO2,509.17,ppm
2026-09-27,07:25:20,Broadband,39.57,lux
2026-09-27,07:25:20,Infrared,17.63,lux
2026-09-27,07:25:50,Temperature,23.13,°C
2026-09-27,07:25:50,Humidity,43.43,%
2026-09-27,07:25:50,AQI,2.0,
2026-09-27,07:25:50,TVOC,78.1,ppb
2026-09-27,07:25:50,eCO2,510.97,ppm
2026-09-27,07:25:50,Broadband,38.97,lux
2026-09-27,07:25:50,Infrared,17.1,lux
2026-09-27,07:26:20,Temperature,23.12,°C
2026-09-27,07:26:20,Humidity,43.44,%
2026-09-27,07:26:20,AQI,2.0,
2026-09-27,07:26:20,TVOC,77.17,ppb
2026-09-27,07:26:20,eCO2,509.17,ppm
2026-09-27,07:26:20,Broadband,38.0,lux
2026-09-27,07:26:20,Infrared,17.0,lux
2026-09-27,07:26:50,Temperature,23.12,°C
2026-09-27,07:26:50,Humidity,43.42,%
2026-09-27,07:26:50,AQI,2.0,
2026-09-27,07:26:50,TVOC,80.23,ppb
2026-09-27,07:26:50,eCO2,514.83,ppm
2026-09-27,07:26:50,Broadband,37.1,lux
2026-09-27,07:26:50,Infrared,16.53,lux
2026-09-27,07:27:20,Temperature,23.15,°C
2026-09-27,07:27:20,Humidity,43.42,%
2026-09-27,07:27:20,AQI,2.0,
2026-09-27,07:27:20,TVOC,76.27,ppb
2026-09-27,07:27:20,eCO2,507.5,ppm
2026-09-27,07:27:20,Broadband,37.0,lux
2026-09-27,07:27:20,Infrared,16.0,lux
2026-09-27,07:27:50,Temperature,23.19,°C
2026-09-27,07:27:50,Humidity,43.38,%
2026-09-27,07:27:50,AQI,2.0,
2026-09-27,07:27:50,TVOC,77.17,ppb
2026-09-27,07:27:50,eCO2,509.07,ppm
2026-09-27,07:27:50,Broadband,37.0,lux
2026-09-27,07:27:50,Infrared,16.0,lux
2026-09-27,07:28:20,Temperature,23.21,°C
2026-09-27,07:28:20,Humidity,43.29,%
2026-09-27,07:28:20,AQI,1.97,
2026-09-27,07:28:20,TVOC,74.1,ppb
2026-09-27,07:28:20,eCO2,503.67,ppm
2026-09-27,07:28:20,Broadband,37.0,lux
2026-09-27,07:28:20,Infrared,16.0,lux
2026-09-27,07:28:50,Temperature,23.17,°C
2026-09-27,07:28:50,Humidity,43.32,%
2026-09-27,07:28:50,AQI,1.97,
2026-09-27,07:28:50,TVOC,75.77,ppb
2026-09-27,07:28:50,eCO2,506.77,ppm
2026-09-27,07:28:50,Broadband,37.37,lux
2026-09-27,07:28:50,Infrared,16.0,lux
2026-09-27,07:29:20,Temperature,23.17,°C
2026-09-27,07:29:20,Humidity,43.34,%
2026-09-27,07:29:20,AQI,2.0,
2026-09-27,07:29:20,TVOC,77.23,ppb
2026-09-27,07:29:20,eCO2,509.3,ppm
2026-09-27,07:29:20,Broadband,36.57,lux
2026-09-27,07:29:20,Infrared,15.73,lux
2026-09-27,07:29:50,Temperature,23.15,°C
2026-09-27,07:29:50,Humidity,43.37,%
2026-09-27,07:29:50,AQI,2.0,
2026-09-27,07:29:50,TVOC,77.3,ppb
2026-09-27,07:29:50,eCO2,509.57,ppm
2026-09-27,07:29:50,Broadband,35.23,lux
2026-09-27,07:29:50,Infrared,15.0,lux
2026-09-27,07:30:20,Temperature,23.12,°C
2026-09-27,07:30:20,Humidity,43.46,%
2026-09-27,07:30:20,AQI,1.9,
2026-09-27,07:30:20,TVOC,75.5,ppb
2026-09-27,07:30:20,eCO2,505.93,ppm
2026-09-27,07:30:20,Broadband,33.6,lux
2026-09-27,07:30:20,Infrared,14.3,lux
2026-09-27,07:30:50,Temperature,23.11,°C
2026-09-27,07:30:50,Humidity,43.49,%
2026-09-27,07:30:50,AQI,1.93,
2026-09-27,07:30:50,TVOC,74.73,ppb
2026-09-27,07:30:50,eCO2,504.63,ppm
2026-09-27,07:30:50,Broadband,32.23,lux
2026-09-27,07:30:50,Infrared,13.77,lux
2026-09-27,07:31:20,Temperature,23.14,°C
2026-09-27,07:31:20,Humidity,43.48,%
2026-09-27,07:31:20,AQI,1.97,
2026-09-27,07:31:20,TVOC,77.03,ppb
2026-09-27,07:31:20,eCO2,508.93,ppm
2026-09-27,07:31:20,Broadband,30.6,lux
2026-09-27,07:31:20,Infrared,13.0,lux
2026-09-27,07:31:50,Temperature,23.14,°C
2026-09-27,07:31:50,Humidity,43.49,%
2026-09-27,07:31:50,AQI,2.0,
2026-09-27,07:31:50,TVOC,78.53,ppb
2026-09-27,07:31:50,eCO2,511.63,ppm
2026-09-27,07:31:50,Broadband,29.6,lux
2026-09-27,07:31:50,Infrared,12.53,lux
2026-09-27,07:32:20,Temperature,23.15,°C
2026-09-27,07:32:20,Humidity,43.47,%
2026-09-27,07:32:20,AQI,2.0,
2026-09-27,07:32:20,TVOC,75.8,ppb
2026-09-27,07:32:20,eCO2,506.6,ppm
2026-09-27,07:32:20,Broadband,28.9,lux
2026-09-27,07:32:20,Infrared,12.0,lux
2026-09-27,07:32:50,Temperature,23.14,°C
2026-09-27,07:32:50,Humidity,43.47,%
2026-09-27,07:32:50,AQI,2.0,
2026-09-27,07:32:50,TVOC,78.2,ppb
2026-09-27,07:32:50,eCO2,510.97,ppm
2026-09-27,07:32:50,Broadband,28.0,lux
2026-09-27,07:32:50,Infrared,12.0,lux
2026-09-27,07:33:20,Temperature,23.12,°C
2026-09-27,07:33:20,Humidity,43.47,%
2026-09-27,07:33:20,AQI,1.97,
2026-09-27,07:33:20,TVOC,76.13,ppb
2026-09-27,07:33:20,eCO2,507.27,ppm
2026-09-27,07:33:20,Broadband,28.57,lux
2026-09-27,07:33:20,Infrared,12.0,lux
2026-09-27,07:33:50,Temperature,23.1,°C
2026-09-27,07:33:50,Humidity,43.54,%
2026-09-27,07:33:50,AQI,2.0,
2026-09-27,07:33:50,TVOC,76.9,ppb
2026-09-27,07:33:50,eCO2,508.93,ppm
2026-09-27,07:33:50,Broadband,29.7,lux
2026-09-27,07:33:50,Infrared,12.0,lux
2026-09-27,07:34:20,Temperature,23.1,°C
2026-09-27,07:34:20,Humidity,43.57,%
2026-09-27,07:34:20,AQI,2.0,
2026-09-27,07:34:20,TVOC,77.63,ppb
2026-09-27,07:34:20,eCO2,510.07,ppm
2026-09-27,07:34:20,Broadband,31.2,lux
2026-09-27,07:34:20,Infrared,12.83,lux
2026-09-27,07:34:50,Temperature,23.15,°C
2026-09-27,07:34:50,Humidity,43.54,%
2026-09-27,07:34:50,AQI,2.0,
2026-09-27,07:34:50,TVOC,74.13,ppb
2026-09-27,07:34:50,eCO2,503.63,ppm
2026-09-27,07:34:50,Broadband,32.8,lux
2026-09-27,07:34:50,Infrared,13.1,lux
2026-09-27,07:35:20,Temperature,23.13,°C
2026-09-27,07:35:20,Humidity,43.54,%
2026-09-27,07:35:20,AQI,1.97,
2026-09-27,07:35:20,TVOC,73.83,ppb
2026-09-27,07:35:20,eCO2,503.17,ppm
2026-09-27,07:35:20,Broadband,34.47,lux
2026-09-27,07:35:20,Infrared,14.0,lux
2026-09-27,07:35:50,Temperature,23.12,°C
2026-09-27,07:35:50,Humidity,43.55,%
2026-09-27,07:35:50,AQI,1.97,
2026-09-27,07:35:50,TVOC,73.9,ppb
2026-09-27,07:35:50,eCO2,503.23,ppm
2026-09-27,07:35:50,Broadband,35.3,lux
2026-09-27,07:35:50,Infrared,14.0,lux
2026-09-27,07:36:20,Temperature,23.12,°C
2026-09-27,07:36:20,Humidity,43.61,%
2026-09-27,07:36:20,AQI,1.97,
2026-09-27,07:36:20,TVOC,75.77,ppb
2026-09-27,07:36:20,eCO2,506.5,ppm
2026-09-27,07:36:20,Broadband,36.2,lux
2026-09-27,07:36:20,Infrared,14.9,lux
2026-09-27,07:36:50,Temperature,23.1,°C
2026-09-27,07:36:50,Humidity,43.63,%
2026-09-27,07:36:50,AQI,1.97,
2026-09-27,07:36:50,TVOC,74.77,ppb
2026-09-27,07:36:50,eCO2,504.63,ppm
2026-09-27,07:36:50,Broadband,37.0,lux
2026-09-27,07:36:50,Infrared,15.0,lux
2026-09-27,07:37:20,Temperature,23.08,°C
2026-09-27,07:37:20,Humidity,43.64,%
2026-09-27,07:37:20,AQI,2.0,
2026-09-27,07:37:20,TVOC,75.33,ppb
2026-09-27,07:37:20,eCO2,505.8,ppm
2026-09-27,07:37:20,Broadband,38.1,lux
2026-09-27,07:37:20,Infrared,15.5,lux
2026-09-27,07:37:50,Temperature,23.08,°C
2026-09-27,07:37:50,Humidity,43.67,%
2026-09-27,07:37:50,AQI,1.97,
2026-09-27,07:37:50,TVOC,74.97,ppb
2026-09-27,07:37:50,eCO2,505.3,ppm
2026-09-27,07:37:50,Broadband,40.0,lux
2026-09-27,07:37:50,Infrared,16.2,lux
2026-09-27,07:38:20,Temperature,23.08,°C
2026-09-27,07:38:20,Humidity,43.71,%
2026-09-27,07:38:20,AQI,1.9,
2026-09-27,07:38:20,TVOC,74.2,ppb
2026-09-27,07:38:20,eCO2,503.63,ppm
2026-09-27,07:38:20,Broadband,41.7,lux
2026-09-27,07:38:20,Infrared,17.0,lux
2026-09-27,07:38:50,Temperature,23.09,°C
2026-09-27,07:38:50,Humidity,43.67,%
2026-09-27,07:38:50,AQI,2.0,
2026-09-27,07:38:50,TVOC,74.8,ppb
2026-09-27,07:38:50,eCO2,505.1,ppm
2026-09-27,07:38:50,Broadband,42.0,lux
2026-09-27,07:38:50,Infrared,17.0,lux
2026-09-27,07:39:20,Temperature,23.08,°C
2026-09-27,07:39:20,Humidity,43.66,%
2026-09-27,07:39:20,AQI,2.0,
2026-09-27,07:39:20,TVOC,76.17,ppb
2026-09-27,07:39:20,eCO2,507.27,ppm
2026-09-27,07:39:20,Broadband,42.67,lux
2026-09-27,07:39:20,Infrared,17.5,lux
2026-09-27,07:39:50,Temperature,23.1,°C
2026-09-27,07:39:50,Humidity,43.72,%
2026-09-27,07:39:50,AQI,2.0,
2026-09-27,07:39:50,TVOC,77.17,ppb
2026-09-27,07:39:50,eCO2,509.1,ppm
2026-09-27,07:39:50,Broadband,44.47,lux
2026-09-27,07:39:50,Infrared,18.03,lux
2026-09-27,07:40:20,Temperature,23.1,°C
2026-09-27,07:40:20,Humidity,43.66,%
2026-09-27,07:40:20,AQI,2.0,
2026-09-27,07:40:20,TVOC,76.23,ppb
2026-09-27,07:40:20,eCO2,507.27,ppm
2026-09-27,07:40:20,Broadband,45.67,lux
2026-09-27,07:40:20,Infrared,19.0,lux
2026-09-27,07:40:50,Temperature,23.1,°C
2026-09-27,07:40:50,Humidity,43.68,%
2026-09-27,07:40:50,AQI,1.97,
2026-09-27,07:40:50,TVOC,75.33,ppb
2026-09-27,07:40:50,eCO2,506.2,ppm
2026-09-27,07:40:50,Broadband,46.9,lux
2026-09-27,07:40:50,Infrared,19.6,lux
2026-09-27,07:41:20,Temperature,23.1,°C
2026-09-27,07:41:20,Humidity,43.7,%
2026-09-27,07:41:20,AQI,2.0,
2026-09-27,07:41:20,TVOC,76.67,ppb
2026-09-27,07:41:20,eCO2,508.37,ppm
2026-09-27,07:41:20,Broadband,47.3,lux
2026-09-27,07:41:20,Infrared,20.0,lux
2026-09-27,07:41:50,Temperature,23.13,°C
2026-09-27,07:41:50,Humidity,43.69,%
2026-09-27,07:41:50,AQI,1.97,
2026-09-27,07:41:50,TVOC,75.2,ppb
2026-09-27,07:41:50,eCO2,505.77,ppm
2026-09-27,07:41:50,Broadband,49.23,lux
2026-09-27,07:41:50,Infrared,20.6,lux
2026-09-27,07:42:20,Temperature,23.12,°C
2026-09-27,07:42:20,Humidity,43.69,%
2026-09-27,07:42:20,AQI,2.0,
2026-09-27,07:42:20,TVOC,75.47,ppb
2026-09-27,07:42:20,eCO2,506.13,ppm
2026-09-27,07:42:20,Broadband,50.8,lux
2026-09-27,07:42:20,Infrared,21.0,lux
2026-09-27,07:42:50,Temperature,23.1,°C
2026-09-27,07:42:50,Humidity,43.71,%
2026-09-27,07:42:50,AQI,2.0,
2026-09-27,07:42:50,TVOC,73.73,ppb
2026-09-27,07:42:50,eCO2,503.1,ppm
2026-09-27,07:42:50,Broadband,48.6,lux
2026-09-27,07:42:50,Infrared,20.33,lux
2026-09-27,07:43:20,Temperature,23.08,°C
2026-09-27,07:43:20,Humidity,43.73,%
2026-09-27,07:43:20,AQI,2.0,
2026-09-27,07:43:20,TVOC,78.97,ppb
2026-09-27,07:43:20,eCO2,512.7,ppm
2026-09-27,07:43:20,Broadband,44.73,lux
2026-09-27,07:43:20,Infrared,18.6,lux
2026-09-27,07:43:50,Temperature,23.1,°C
2026-09-27,07:43:50,Humidity,43.73,%
2026-09-27,07:43:50,AQI,2.0,
2026-09-27,07:43:50,TVOC,80.4,ppb
2026-09-27,07:43:50,eCO2,515.13,ppm
2026-09-27,07:43:50,Broadband,41.7,lux
2026-09-27,07:43:50,Infrared,17.23,lux
2026-09-27,07:44:20,Temperature,23.09,°C
2026-09-27,07:44:20,Humidity,43.74,%
2026-09-27,07:44:20,AQI,1.97,
2026-09-27,07:44:20,TVOC,77.3,ppb
2026-09-27,07:44:20,eCO2,509.43,ppm
2026-09-27,07:44:20,Broadband,42.03,lux
2026-09-27,07:44:20,Infrared,17.53,lux
2026-09-27,07:44:50,Temperature,23.1,°C
2026-09-27,07:44:50,Humidity,43.74,%
2026-09-27,07:44:50,AQI,2.0,
2026-09-27,07:44:50,TVOC,78.63,ppb
2026-09-27,07:44:50,eCO2,512.0,ppm
2026-09-27,07:44:50,Broadband,43.43,lux
2026-09-27,07:44:50,Infrared,18.0,lux
2026-09-27,07:45:20,Temperature,23.1,°C
2026-09-27,07:45:20,Humidity,43.74,%
2026-09-27,07:45:20,AQI,2.0,
2026-09-27,07:45:20,TVOC,79.57,ppb
2026-09-27,07:45:20,eCO2,513.47,ppm
2026-09-27,07:45:20,Broadband,44.83,lux
2026-09-27,07:45:20,Infrared,18.7,lux
2026-09-27,07:45:50,Temperature,23.08,°C
2026-09-27,07:45:50,Humidity,43.74,%
2026-09-27,07:45:50,AQI,2.0,
2026-09-27,07:45:50,TVOC,80.7,ppb
2026-09-27,07:45:50,eCO2,515.73,ppm
2026-09-27,07:45:50,Broadband,47.6,lux
2026-09-27,07:45:50,Infrared,19.93,lux
2026-09-27,07:46:20,Temperature,23.08,°C
2026-09-27,07:46:20,Humidity,43.76,%
2026-09-27,07:46:20,AQI,2.0,
2026-09-27,07:46:20,TVOC,80.03,ppb
2026-09-27,07:46:20,eCO2,514.43,ppm
2026-09-27,07:46:20,Broadband,50.47,lux
2026-09-27,07:46:20,Infrared,21.1,lux
2026-09-27,07:46:50,Temperature,23.05,°C
2026-09-27,07:46:50,Humidity,43.8,%
2026-09-27,07:46:50,AQI,2.0,
2026-09-27,07:46:50,TVOC,78.23,ppb
2026-09-27,07:46:50,eCO2,511.1,ppm
2026-09-27,07:46:50,Broadband,54.2,lux
2026-09-27,07:46:50,Infrared,22.53,lux
2026-09-27,07:47:20,Temperature,23.05,°C
2026-09-27,07:47:20,Humidity,43.85,%
2026-09-27,07:47:20,AQI,2.0,
2026-09-27,07:47:20,TVOC,80.43,ppb
2026-09-27,07:47:20,eCO2,515.07,ppm
2026-09-27,07:47:20,Broadband,57.97,lux
2026-09-27,07:47:20,Infrared,24.0,lux
2026-09-27,07:47:50,Temperature,23.08,°C
2026-09-27,07:47:50,Humidity,43.86,%
2026-09-27,07:47:50,AQI,2.0,
2026-09-27,07:47:50,TVOC,81.93,ppb
2026-09-27,07:47:50,eCO2,517.83,ppm
2026-09-27,07:47:50,Broadband,59.2,lux
2026-09-27,07:47:50,Infrared,25.0,lux
2026-09-27,07:48:20,Temperature,23.09,°C
2026-09-27,07:48:20,Humidity,43.83,%
2026-09-27,07:48:20,AQI,2.0,
2026-09-27,07:48:20,TVOC,82.6,ppb
2026-09-27,07:48:20,eCO2,519.17,ppm
2026-09-27,07:48:20,Broadband,59.0,lux
2026-09-27,07:48:20,Infrared,25.0,lux
2026-09-27,07:48:50,Temperature,23.08,°C
2026-09-27,07:48:50,Humidity,43.85,%
2026-09-27,07:48:50,AQI,2.0,
2026-09-27,07:48:50,TVOC,82.23,ppb
2026-09-27,07:48:50,eCO2,518.5,ppm
2026-09-27,07:48:50,Broadband,58.0,lux
2026-09-27,07:48:50,Infrared,24.6,lux
2026-09-27,07:49:20,Temperature,23.08,°C
2026-09-27,07:49:20,Humidity,43.84,%
2026-09-27,07:49:20,AQI,2.0,
2026-09-27,07:49:20,TVOC,80.37,ppb
2026-09-27,07:49:20,eCO2,515.03,ppm
2026-09-27,07:49:20,Broadband,58.27,lux
2026-09-27,07:49:20,Infrared,24.73,lux
2026-09-27,07:49:50,Temperature,23.08,°C
2026-09-27,07:49:50,Humidity,43.84,%
2026-09-27,07:49:50,AQI,2.0,
2026-09-27,07:49:50,TVOC,81.37,ppb
2026-09-27,07:49:50,eCO2,516.87,ppm
2026-09-27,07:49:50,Broadband,62.17,lux
2026-09-27,07:49:50,Infrared,26.5,lux
2026-09-27,07:50:20,Temperature,23.07,°C
2026-09-27,07:50:20,Humidity,43.84,%
2026-09-27,07:50:20,AQI,2.0,
2026-09-27,07:50:20,TVOC,81.03,ppb
2026-09-27,07:50:20,eCO2,516.4,ppm
2026-09-27,07:50:20,Broadband,62.3,lux
2026-09-27,07:50:20,Infrared,26.7,lux
2026-09-27,07:50:50,Temperature,23.06,°C
2026-09-27,07:50:50,Humidity,43.91,%
2026-09-27,07:50:50,AQI,2.0,
2026-09-27,07:50:50,TVOC,83.83,ppb
2026-09-27,07:50:50,eCO2,521.5,ppm
2026-09-27,07:50:50,Broadband,61.27,lux
2026-09-27,07:50:50,Infrared,26.0,lux
2026-09-27,07:51:20,Temperature,23.07,°C
2026-09-27,07:51:20,Humidity,43.94,%
2026-09-27,07:51:20,AQI,2.0,
2026-09-27,07:51:20,TVOC,82.17,ppb
2026-09-27,07:51:20,eCO2,518.37,ppm
2026-09-27,07:51:20,Broadband,59.0,lux
2026-09-27,07:51:20,Infrared,25.4,lux
2026-09-27,07:51:50,Temperature,23.09,°C
2026-09-27,07:51:50,Humidity,43.91,%
2026-09-27,07:51:50,AQI,2.0,
2026-09-27,07:51:50,TVOC,85.03,ppb
2026-09-27,07:51:50,eCO2,523.87,ppm
2026-09-27,07:51:50,Broadband,56.4,lux
2026-09-27,07:51:50,Infrared,24.3,lux
2026-09-27,07:52:20,Temperature,23.07,°C
2026-09-27,07:52:20,Humidity,43.91,%
2026-09-27,07:52:20,AQI,2.0,
2026-09-27,07:52:20,TVOC,83.9,ppb
2026-09-27,07:52:20,eCO2,521.4,ppm
2026-09-27,07:52:20,Broadband,56.43,lux
2026-09-27,07:52:20,Infrared,24.0,lux
2026-09-27,07:52:50,Temperature,23.04,°C
2026-09-27,07:52:50,Humidity,43.96,%
2026-09-27,07:52:50,AQI,2.0,
2026-09-27,07:52:50,TVOC,85.83,ppb
2026-09-27,07:52:50,eCO2,524.87,ppm
2026-09-27,07:52:50,Broadband,57.0,lux
2026-09-27,07:52:50,Infrared,24.33,lux
2026-09-27,07:53:20,Temperature,22.99,°C
2026-09-27,07:53:20,Humidity,44.08,%
2026-09-27,07:53:20,AQI,2.0,
2026-09-27,07:53:20,TVOC,81.0,ppb
2026-09-27,07:53:20,eCO2,516.33,ppm
2026-09-27,07:53:20,Broadband,55.9,lux
2026-09-27,07:53:20,Infrared,24.0,lux
2026-09-27,07:53:50,Temperature,23.03,°C
2026-09-27,07:53:50,Humidity,44.05,%
2026-09-27,07:53:50,AQI,2.0,
2026-09-27,07:53:50,TVOC,84.53,ppb
2026-09-27,07:53:50,eCO2,522.43,ppm
2026-09-27,07:53:50,Broadband,56.53,lux
2026-09-27,07:53:50,Infrared,24.2,lux
2026-09-27,07:54:20,Temperature,23.03,°C
2026-09-27,07:54:20,Humidity,44.02,%
2026-09-27,07:54:20,AQI,2.0,
2026-09-27,07:54:20,TVOC,85.87,ppb
2026-09-27,07:54:20,eCO2,524.83,ppm
2026-09-27,07:54:20,Broadband,59.63,lux
2026-09-27,07:54:20,Infrared,25.27,lux
2026-09-27,07:54:50,Temperature,23.05,°C
2026-09-27,07:54:50,Humidity,43.97,%
2026-09-27,07:54:50,AQI,2.0,
2026-09-27,07:54:50,TVOC,86.13,ppb
2026-09-27,07:54:50,eCO2,525.5,ppm
2026-09-27,07:54:50,Broadband,62.6,lux
2026-09-27,07:54:50,Infrared,26.5,lux
2026-09-27,07:55:20,Temperature,23.03,°C
2026-09-27,07:55:20,Humidity,44.0,%
2026-09-27,07:55:20,AQI,2.0,
2026-09-27,07:55:20,TVOC,84.77,ppb
2026-09-27,07:55:20,eCO2,523.0,ppm
2026-09-27,07:55:20,Broadband,66.93,lux
2026-09-27,07:55:20,Infrared,28.0,lux
2026-09-27,07:55:50,Temperature,23.06,°C
2026-09-27,07:55:50,Humidity,43.99,%
2026-09-27,07:55:50,AQI,2.0,
2026-09-27,07:55:50,TVOC,84.7,ppb
2026-09-27,07:55:50,eCO2,522.9,ppm
2026-09-27,07:55:50,Broadband,69.6,lux
2026-09-27,07:55:50,Infrared,29.0,lux
2026-09-27,07:56:20,Temperature,23.07,°C
2026-09-27,07:56:20,Humidity,43.97,%
2026-09-27,07:56:20,AQI,2.0,
2026-09-27,07:56:20,TVOC,88.43,ppb
2026-09-27,07:56:20,eCO2,529.5,ppm
2026-09-27,07:56:20,Broadband,71.07,lux
2026-09-27,07:56:20,Infrared,29.87,lux
2026-09-27,07:56:50,Temperature,23.07,°C
2026-09-27,07:56:50,Humidity,43.97,%
2026-09-27,07:56:50,AQI,2.0,
2026-09-27,07:56:50,TVOC,88.3,ppb
2026-09-27,07:56:50,eCO2,528.97,ppm
2026-09-27,07:56:50,Broadband,71.63,lux
2026-09-27,07:56:50,Infrared,30.27,lux
2026-09-27,07:57:20,Temperature,23.09,°C
2026-09-27,07:57:20,Humidity,43.92,%
2026-09-27,07:57:20,AQI,2.0,
2026-09-27,07:57:20,TVOC,87.9,ppb
2026-09-27,07:57:20,eCO2,528.6,ppm
2026-09-27,07:57:20,Broadband,76.83,lux
2026-09-27,07:57:20,Infrared,32.3,lux
2026-09-27,07:57:50,Temperature,23.12,°C
2026-09-27,07:57:50,Humidity,43.88,%
2026-09-27,07:57:50,AQI,2.0,
2026-09-27,07:57:50,TVOC,90.33,ppb
2026-09-27,07:57:50,eCO2,532.63,ppm
2026-09-27,07:57:50,Broadband,82.53,lux
2026-09-27,07:57:50,Infrared,34.63,lux
2026-09-27,07:58:20,Temperature,23.12,°C
2026-09-27,07:58:20,Humidity,43.89,%
2026-09-27,07:58:20,AQI,2.0,
2026-09-27,07:58:20,TVOC,90.23,ppb
2026-09-27,07:58:20,eCO2,532.67,ppm
2026-09-27,07:58:20,Broadband,84.07,lux
2026-09-27,07:58:20,Infrared,35.07,lux
2026-09-27,07:58:50,Temperature,23.11,°C
2026-09-27,07:58:50,Humidity,43.94,%
2026-09-27,07:58:50,AQI,2.0,
2026-09-27,07:58:50,TVOC,89.67,ppb
2026-09-27,07:58:50,eCO2,531.7,ppm
2026-09-27,07:58:50,Broadband,87.4,lux
2026-09-27,07:58:50,Infrared,36.6,lux
2026-09-27,07:59:20,Temperature,23.07,°C
2026-09-27,07:59:20,Humidity,44.0,%
2026-09-27,07:59:20,AQI,2.0,
2026-09-27,07:59:20,TVOC,88.33,ppb
2026-09-27,07:59:20,eCO2,529.37,ppm
2026-09-27,07:59:20,Broadband,89.0,lux
2026-09-27,07:59:20,Infrared,37.0,lux
2026-09-27,07:59:50,Temperature,23.07,°C
2026-09-27,07:59:50,Humidity,44.02,%
2026-09-27,07:59:50,AQI,2.0,
2026-09-27,07:59:50,TVOC,90.6,ppb
2026-09-27,07:59:50,eCO2,533.17,ppm
2026-09-27,07:59:50,Broadband,90.13,lux
2026-09-27,07:59:50,Infrared,37.93,lux
2026-09-27,08:00:20,Temperature,23.07,°C
2026-09-27,08:00:20,Humidity,44.01,%
2026-09-27,08:00:20,AQI,2.0,
2026-09-27,08:00:20,TVOC,91.77,ppb
2026-09-27,08:00:20,eCO2,535.2,ppm
2026-09-27,08:00:20,Broadband,92.2,lux
2026-09-27,08:00:20,Infrared,38.4,lux
2026-09-27,08:00:50,Temperature,23.03,°C
2026-09-27,08:00:50,Humidity,44.07,%
2026-09-27,08:00:50,AQI,2.0,
2026-09-27,08:00:50,TVOC,92.97,ppb
2026-09-27,08:00:50,eCO2,537.3,ppm
2026-09-27,08:00:50,Broadband,94.17,lux
2026-09-27,08:00:50,Infrared,39.0,lux
2026-09-27,08:01:20,Temperature,23.01,°C
2026-09-27,08:01:20,Humidity,44.17,%
2026-09-27,08:01:20,AQI,2.0,
2026-09-27,08:01:20,TVOC,95.43,ppb
2026-09-27,08:01:20,eCO2,541.3,ppm
2026-09-27,08:01:20,Broadband,93.07,lux
2026-09-27,08:01:20,Infrared,38.6,lux
2026-09-27,08:01:50,Temperature,23.06,°C
2026-09-27,08:01:50,Humidity,44.16,%
2026-09-27,08:01:50,AQI,2.0,
2026-09-27,08:01:50,TVOC,94.2,ppb
2026-09-27,08:01:50,eCO2,539.2,ppm
2026-09-27,08:01:50,Broadband,89.67,lux
2026-09-27,08:01:50,Infrared,37.43,lux
2026-09-27,08:02:20,Temperature,23.07,°C
2026-09-27,08:02:20,Humidity,44.16,%
2026-09-27,08:02:20,AQI,2.0,
2026-09-27,08:02:20,TVOC,93.07,ppb
2026-09-27,08:02:20,eCO2,537.47,ppm
2026-09-27,08:02:20,Broadband,87.1,lux
2026-09-27,08:02:20,Infrared,36.5,lux
2026-09-27,08:02:50,Temperature,23.08,°C
2026-09-27,08:02:50,Humidity,44.12,%
2026-09-27,08:02:50,AQI,2.0,
2026-09-27,08:02:50,TVOC,92.77,ppb
2026-09-27,08:02:50,eCO2,536.9,ppm
2026-09-27,08:02:50,Broadband,83.73,lux
2026-09-27,08:02:50,Infrared,35.33,lux
2026-09-27,08:03:20,Temperature,23.07,°C
2026-09-27,08:03:20,Humidity,44.13,%
2026-09-27,08:03:20,AQI,2.0,
2026-09-27,08:03:20,TVOC,94.2,ppb
2026-09-27,08:03:20,eCO2,539.57,ppm
2026-09-27,08:03:20,Broadband,81.1,lux
2026-09-27,08:03:20,Infrared,34.03,lux
2026-09-27,08:03:50,Temperature,23.08,°C
2026-09-27,08:03:50,Humidity,44.13,%
2026-09-27,08:03:50,AQI,2.0,
2026-09-27,08:03:50,TVOC,97.77,ppb
2026-09-27,08:03:50,eCO2,545.5,ppm
2026-09-27,08:03:50,Broadband,80.03,lux
2026-09-27,08:03:50,Infrared,33.87,lux
2026-09-27,08:04:20,Temperature,23.11,°C
2026-09-27,08:04:20,Humidity,44.13,%
2026-09-27,08:04:20,AQI,2.0,
2026-09-27,08:04:20,TVOC,93.93,ppb
2026-09-27,08:04:20,eCO2,538.93,ppm
2026-09-27,08:04:20,Broadband,78.57,lux
2026-09-27,08:04:20,Infrared,33.0,lux
2026-09-27,08:04:50,Temperature,23.08,°C
2026-09-27,08:04:50,Humidity,44.15,%
2026-09-27,08:04:50,AQI,2.0,
2026-09-27,08:04:50,TVOC,94.77,ppb
2026-09-27,08:04:50,eCO2,540.5,ppm
2026-09-27,08:04:50,Broadband,78.2,lux
2026-09-27,08:04:50,Infrared,33.0,lux
2026-09-27,08:05:20,Temperature,23.09,°C
2026-09-27,08:05:20,Humidity,44.11,%
2026-09-27,08:05:20,AQI,2.0,
2026-09-27,08:05:20,TVOC,98.57,ppb
2026-09-27,08:05:20,eCO2,546.87,ppm
2026-09-27,08:05:20,Broadband,78.5,lux
2026-09-27,08:05:20,Infrared,33.0,lux
2026-09-27,08:05:50,Temperature,23.08,°C
2026-09-27,08:05:50,Humidity,44.08,%
2026-09-27,08:05:50,AQI,2.0,
2026-09-27,08:05:50,TVOC,100.23,ppb
2026-09-27,08:05:50,eCO2,549.63,ppm
2026-09-27,08:05:50,Broadband,79.5,lux
2026-09-27,08:05:50,Infrared,33.83,lux
2026-09-27,08:06:20,Temperature,23.07,°C
2026-09-27,08:06:20,Humidity,44.14,%
2026-09-27,08:06:20,AQI,2.0,
2026-09-27,08:06:20,TVOC,99.53,ppb
2026-09-27,08:06:20,eCO2,548.4,ppm
2026-09-27,08:06:20,Broadband,81.77,lux
2026-09-27,08:06:20,Infrared,34.5,lux
2026-09-27,08:06:50,Temperature,23.05,°C
2026-09-27,08:06:50,Humidity,44.16,%
2026-09-27,08:06:50,AQI,2.0,
2026-09-27,08:06:50,TVOC,101.7,ppb
2026-09-27,08:06:50,eCO2,551.97,ppm
2026-09-27,08:06:50,Broadband,83.93,lux
2026-09-27,08:06:50,Infrared,35.23,lux
2026-09-27,08:07:20,Temperature,23.05,°C
2026-09-27,08:07:20,Humidity,44.19,%
2026-09-27,08:07:20,AQI,2.0,
2026-09-27,08:07:20,TVOC,103.13,ppb
2026-09-27,08:07:20,eCO2,554.4,ppm
2026-09-27,08:07:20,Broadband,85.9,lux
2026-09-27,08:07:20,Infrared,36.0,lux
2026-09-27,08:07:50,Temperature,23.08,°C
2026-09-27,08:07:50,Humidity,44.23,%
2026-09-27,08:07:50,AQI,2.0,
2026-09-27,08:07:50,TVOC,101.6,ppb
2026-09-27,08:07:50,eCO2,551.9,ppm
2026-09-27,08:07:50,Broadband,85.4,lux
2026-09-27,08:07:50,Infrared,35.7,lux
2026-09-27,08:08:20,Temperature,23.12,°C
2026-09-27,08:08:20,Humidity,44.16,%
2026-09-27,08:08:20,AQI,2.0,
2026-09-27,08:08:20,TVOC,98.47,ppb
2026-09-27,08:08:20,eCO2,546.73,ppm
2026-09-27,08:08:20,Broadband,80.43,lux
2026-09-27,08:08:20,Infrared,33.93,lux
2026-09-27,08:08:50,Temperature,23.13,°C
2026-09-27,08:08:50,Humidity,44.1,%
2026-09-27,08:08:50,AQI,2.0,
2026-09-27,08:08:50,TVOC,101.17,ppb
2026-09-27,08:08:50,eCO2,550.97,ppm
2026-09-27,08:08:50,Broadband,71.8,lux
2026-09-27,08:08:50,Infrared,30.8,lux
2026-09-27,08:09:20,Temperature,23.13,°C
2026-09-27,08:09:20,Humidity,44.04,%
2026-09-27,08:09:20,AQI,2.0,
2026-09-27,08:09:20,TVOC,100.87,ppb
2026-09-27,08:09:20,eCO2,550.6,ppm
2026-09-27,08:09:20,Broadband,69.0,lux
2026-09-27,08:09:20,Infrared,29.67,lux
2026-09-27,08:09:50,Temperature,23.11,°C
2026-09-27,08:09:50,Humidity,44.06,%
2026-09-27,08:09:50,AQI,2.0,
2026-09-27,08:09:50,TVOC,102.63,ppb
2026-09-27,08:09:50,eCO2,553.7,ppm
2026-09-27,08:09:50,Broadband,65.23,lux
2026-09-27,08:09:50,Infrared,28.23,lux
2026-09-27,08:10:20,Temperature,23.1,°C
2026-09-27,08:10:20,Humidity,44.21,%
2026-09-27,08:10:20,AQI,2.0,
2026-09-27,08:10:20,TVOC,101.77,ppb
2026-09-27,08:10:20,eCO2,552.2,ppm
2026-09-27,08:10:20,Broadband,63.47,lux
2026-09-27,08:10:20,Infrared,27.03,lux
2026-09-27,08:10:50,Temperature,23.09,°C
2026-09-27,08:10:50,Humidity,44.43,%
2026-09-27,08:10:50,AQI,2.0,
2026-09-27,08:10:50,TVOC,103.5,ppb
2026-09-27,08:10:50,eCO2,555.07,ppm
2026-09-27,08:10:50,Broadband,62.43,lux
2026-09-27,08:10:50,Infrared,27.0,lux
2026-09-27,08:11:20,Temperature,23.12,°C
2026-09-27,08:11:20,Humidity,44.36,%
2026-09-27,08:11:20,AQI,2.0,
2026-09-27,08:11:20,TVOC,101.23,ppb
2026-09-27,08:11:20,eCO2,551.23,ppm
2026-09-27,08:11:20,Broadband,66.97,lux
2026-09-27,08:11:20,Infrared,28.53,lux
2026-09-27,08:11:50,Temperature,23.11,°C
2026-09-27,08:11:50,Humidity,44.3,%
2026-09-27,08:11:50,AQI,2.0,
2026-09-27,08:11:50,TVOC,101.97,ppb
2026-09-27,08:11:50,eCO2,552.6,ppm
2026-09-27,08:11:50,Broadband,78.53,lux
2026-09-27,08:11:50,Infrared,32.63,lux
2026-09-27,08:12:20,Temperature,23.1,°C
2026-09-27,08:12:20,Humidity,44.28,%
2026-09-27,08:12:20,AQI,2.0,
2026-09-27,08:12:20,TVOC,103.07,ppb
2026-09-27,08:12:20,eCO2,554.6,ppm
2026-09-27,08:12:20,Broadband,82.8,lux
2026-09-27,08:12:20,Infrared,34.43,lux
2026-09-27,08:12:50,Temperature,23.04,°C
2026-09-27,08:12:50,Humidity,44.29,%
2026-09-27,08:12:50,AQI,2.0,
2026-09-27,08:12:50,TVOC,104.13,ppb
2026-09-27,08:12:50,eCO2,556.03,ppm
2026-09-27,08:12:50,Broadband,87.67,lux
2026-09-27,08:12:50,Infrared,36.17,lux
2026-09-27,08:13:20,Temperature,22.97,°C
2026-09-27,08:13:20,Humidity,44.55,%
2026-09-27,08:13:20,AQI,2.0,
2026-09-27,08:13:20,TVOC,100.27,ppb
2026-09-27,08:13:20,eCO2,549.87,ppm
2026-09-27,08:13:20,Broadband,90.67,lux
2026-09-27,08:13:20,Infrared,37.33,lux
2026-09-27,08:13:50,Temperature,23.02,°C
2026-09-27,08:13:50,Humidity,44.66,%
2026-09-27,08:13:50,AQI,2.0,
2026-09-27,08:13:50,TVOC,102.67,ppb
2026-09-27,08:13:50,eCO2,553.67,ppm
2026-09-27,08:13:50,Broadband,100.87,lux
2026-09-27,08:13:50,Infrared,41.07,lux
2026-09-27,08:14:20,Temperature,23.08,°C
2026-09-27,08:14:20,Humidity,44.53,%
2026-09-27,08:14:20,AQI,2.0,
2026-09-27,08:14:20,TVOC,107.23,ppb
2026-09-27,08:14:20,eCO2,561.27,ppm
2026-09-27,08:14:20,Broadband,111.63,lux
2026-09-27,08:14:20,Infrared,45.1,lux
2026-09-27,08:14:50,Temperature,23.1,°C
2026-09-27,08:14:50,Humidity,44.4,%
2026-09-27,08:14:50,AQI,2.0,
2026-09-27,08:14:50,TVOC,105.13,ppb
2026-09-27,08:14:50,eCO2,557.67,ppm
2026-09-27,08:14:50,Broadband,114.57,lux
2026-09-27,08:14:50,Infrared,46.5,lux
2026-09-27,08:15:20,Temperature,23.12,°C
2026-09-27,08:15:20,Humidity,44.37,%
2026-09-27,08:15:20,AQI,2.0,
2026-09-27,08:15:20,TVOC,106.9,ppb
2026-09-27,08:15:20,eCO2,560.77,ppm
2026-09-27,08:15:20,Broadband,118.9,lux
2026-09-27,08:15:20,Infrared,48.13,lux
2026-09-27,08:15:50,Temperature,23.11,°C
2026-09-27,08:15:50,Humidity,44.3,%
2026-09-27,08:15:50,AQI,2.0,
2026-09-27,08:15:50,TVOC,107.8,ppb
2026-09-27,08:15:50,eCO2,562.13,ppm
2026-09-27,08:15:50,Broadband,119.4,lux
2026-09-27,08:15:50,Infrared,48.3,lux
2026-09-27,08:16:20,Temperature,23.12,°C
2026-09-27,08:16:20,Humidity,44.34,%
2026-09-27,08:16:20,AQI,2.0,
2026-09-27,08:16:20,TVOC,111.5,ppb
2026-09-27,08:16:20,eCO2,567.97,ppm
2026-09-27,08:16:20,Broadband,114.5,lux
2026-09-27,08:16:20,Infrared,46.4,lux
2026-09-27,08:16:50,Temperature,23.12,°C
2026-09-27,08:16:50,Humidity,44.37,%
2026-09-27,08:16:50,AQI,2.0,
2026-09-27,08:16:50,TVOC,110.03,ppb
2026-09-27,08:16:50,eCO2,565.73,ppm
2026-09-27,08:16:50,Broadband,111.83,lux
2026-09-27,08:16:50,Infrared,45.33,lux
2026-09-27,08:17:20,Temperature,23.1,°C
2026-09-27,08:17:20,Humidity,44.35,%
2026-09-27,08:17:20,AQI,2.0,
2026-09-27,08:17:20,TVOC,112.33,ppb
2026-09-27,08:17:20,eCO2,569.4,ppm
2026-09-27,08:17:20,Broadband,116.43,lux
2026-09-27,08:17:20,Infrared,46.83,lux
2026-09-27,08:17:50,Temperature,23.1,°C
2026-09-27,08:17:50,Humidity,44.37,%
2026-09-27,08:17:50,AQI,2.0,
2026-09-27,08:17:50,TVOC,113.23,ppb
2026-09-27,08:17:50,eCO2,570.83,ppm
2026-09-27,08:17:50,Broadband,109.47,lux
2026-09-27,08:17:50,Infrared,44.4,lux
2026-09-27,08:18:20,Temperature,23.08,°C
2026-09-27,08:18:20,Humidity,44.36,%
2026-09-27,08:18:20,AQI,2.0,
2026-09-27,08:18:20,TVOC,115.1,ppb
2026-09-27,08:18:20,eCO2,573.97,ppm
2026-09-27,08:18:20,Broadband,106.07,lux
2026-09-27,08:18:20,Infrared,43.0,lux
2026-09-27,08:18:50,Temperature,23.07,°C
2026-09-27,08:18:50,Humidity,44.47,%
2026-09-27,08:18:50,AQI,2.0,
2026-09-27,08:18:50,TVOC,117.0,ppb
2026-09-27,08:18:50,eCO2,577.0,ppm
2026-09-27,08:18:50,Broadband,104.83,lux
2026-09-27,08:18:50,Infrared,42.0,lux
2026-09-27,08:19:20,Temperature,23.12,°C
2026-09-27,08:19:20,Humidity,44.48,%
2026-09-27,08:19:20,AQI,2.0,
2026-09-27,08:19:20,TVOC,115.87,ppb
2026-09-27,08:19:20,eCO2,575.23,ppm
2026-09-27,08:19:20,Broadband,101.17,lux
2026-09-27,08:19:20,Infrared,40.6,lux
2026-09-27,08:19:50,Temperature,23.13,°C
2026-09-27,08:19:50,Humidity,44.49,%
2026-09-27,08:19:50,AQI,2.0,
2026-09-27,08:19:50,TVOC,115.1,ppb
2026-09-27,08:19:50,eCO2,574.1,ppm
2026-09-27,08:19:50,Broadband,99.8,lux
2026-09-27,08:19:50,Infrared,39.7,lux
2026-09-27,08:20:20,Temperature,23.1,°C
2026-09-27,08:20:20,Humidity,44.41,%
2026-09-27,08:20:20,AQI,2.0,
2026-09-27,08:20:20,TVOC,117.1,ppb
2026-09-27,08:20:20,eCO2,577.27,ppm
2026-09-27,08:20:20,Broadband,103.13,lux
2026-09-27,08:20:20,Infrared,40.67,lux
2026-09-27,08:20:50,Temperature,23.1,°C
2026-09-27,08:20:50,Humidity,44.46,%
2026-09-27,08:20:50,AQI,2.0,
2026-09-27,08:20:50,TVOC,117.0,ppb
2026-09-27,08:20:50,eCO2,577.03,ppm
2026-09-27,08:20:50,Broadband,98.7,lux
2026-09-27,08:20:50,Infrared,39.17,lux
2026-09-27,08:21:20,Temperature,23.11,°C
2026-09-27,08:21:20,Humidity,44.46,%
2026-09-27,08:21:20,AQI,2.0,
2026-09-27,08:21:20,TVOC,118.2,ppb
2026-09-27,08:21:20,eCO2,578.87,ppm
2026-09-27,08:21:20,Broadband,92.83,lux
2026-09-27,08:21:20,Infrared,36.9,lux
2026-09-27,08:21:50,Temperature,23.07,°C
2026-09-27,08:21:50,Humidity,44.54,%
2026-09-27,08:21:50,AQI,2.0,
2026-09-27,08:21:50,TVOC,113.8,ppb
2026-09-27,08:21:50,eCO2,572.0,ppm
2026-09-27,08:21:50,Broadband,88.27,lux
2026-09-27,08:21:50,Infrared,35.43,lux
2026-09-27,08:22:20,Temperature,23.09,°C
2026-09-27,08:22:20,Humidity,44.56,%
2026-09-27,08:22:20,AQI,2.0,
2026-09-27,08:22:20,TVOC,117.0,ppb
2026-09-27,08:22:20,eCO2,576.9,ppm
2026-09-27,08:22:20,Broadband,77.4,lux
2026-09-27,08:22:20,Infrared,32.43,lux
2026-09-27,08:22:50,Temperature,23.15,°C
2026-09-27,08:22:50,Humidity,44.48,%
2026-09-27,08:22:50,AQI,2.0,
2026-09-27,08:22:50,TVOC,114.53,ppb
2026-09-27,08:22:50,eCO2,573.17,ppm
2026-09-27,08:22:50,Broadband,73.6,lux
2026-09-27,08:22:50,Infrared,32.2,lux
2026-09-27,08:23:20,Temperature,23.11,°C
2026-09-27,08:23:20,Humidity,44.45,%
2026-09-27,08:23:20,AQI,2.0,
2026-09-27,08:23:20,TVOC,116.7,ppb
2026-09-27,08:23:20,eCO2,576.47,ppm
2026-09-27,08:23:20,Broadband,82.07,lux
2026-09-27,08:23:20,Infrared,35.7,lux
2026-09-27,08:23:50,Temperature,23.08,°C
2026-09-27,08:23:50,Humidity,44.41,%
2026-09-27,08:23:50,AQI,2.0,
2026-09-27,08:23:50,TVOC,118.13,ppb
2026-09-27,08:23:50,eCO2,578.8,ppm
2026-09-27,08:23:50,Broadband,88.93,lux
2026-09-27,08:23:50,Infrared,39.03,lux
2026-09-27,08:24:20,Temperature,23.12,°C
2026-09-27,08:24:20,Humidity,44.48,%
2026-09-27,08:24:20,AQI,2.0,
2026-09-27,08:24:20,TVOC,122.37,ppb
2026-09-27,08:24:20,eCO2,585.4,ppm
2026-09-27,08:24:20,Broadband,96.53,lux
2026-09-27,08:24:20,Infrared,41.57,lux
2026-09-27,08:24:50,Temperature,23.15,°C
2026-09-27,08:24:50,Humidity,44.47,%
2026-09-27,08:24:50,AQI,2.0,
2026-09-27,08:24:50,TVOC,122.87,ppb
2026-09-27,08:24:50,eCO2,586.3,ppm
2026-09-27,08:24:50,Broadband,116.77,lux
2026-09-27,08:24:50,Infrared,48.67,lux
2026-09-27,08:25:20,Temperature,23.14,°C
2026-09-27,08:25:20,Humidity,44.42,%
2026-09-27,08:25:20,AQI,2.0,
2026-09-27,08:25:20,TVOC,121.53,ppb
2026-09-27,08:25:20,eCO2,584.03,ppm
2026-09-27,08:25:20,Broadband,122.23,lux
2026-09-27,08:25:20,Infrared,51.07,lux
2026-09-27,08:25:50,Temperature,23.16,°C
2026-09-27,08:25:50,Humidity,44.48,%
2026-09-27,08:25:50,AQI,2.0,
2026-09-27,08:25:50,TVOC,119.37,ppb
2026-09-27,08:25:50,eCO2,580.6,ppm
2026-09-27,08:25:50,Broadband,121.03,lux
2026-09-27,08:25:50,Infrared,50.3,lux
2026-09-27,08:26:20,Temperature,23.14,°C
2026-09-27,08:26:20,Humidity,44.46,%
2026-09-27,08:26:20,AQI,2.0,
2026-09-27,08:26:20,TVOC,121.73,ppb
2026-09-27,08:26:20,eCO2,584.3,ppm
2026-09-27,08:26:20,Broadband,136.3,lux
2026-09-27,08:26:20,Infrared,55.63,lux
2026-09-27,08:26:50,Temperature,23.1,°C
2026-09-27,08:26:50,Humidity,44.55,%
2026-09-27,08:26:50,AQI,2.0,
2026-09-27,08:26:50,TVOC,119.03,ppb
2026-09-27,08:26:50,eCO2,580.4,ppm
2026-09-27,08:26:50,Broadband,137.23,lux
2026-09-27,08:26:50,Infrared,56.0,lux
2026-09-27,08:27:20,Temperature,23.1,°C
2026-09-27,08:27:20,Humidity,44.65,%
2026-09-27,08:27:20,AQI,2.0,
2026-09-27,08:27:20,TVOC,119.37,ppb
2026-09-27,08:27:20,eCO2,580.8,ppm
2026-09-27,08:27:20,Broadband,141.83,lux
2026-09-27,08:27:20,Infrared,57.33,lux
2026-09-27,08:27:50,Temperature,23.09,°C
2026-09-27,08:27:50,Humidity,44.67,%
2026-09-27,08:27:50,AQI,2.0,
2026-09-27,08:27:50,TVOC,115.57,ppb
2026-09-27,08:27:50,eCO2,574.73,ppm
2026-09-27,08:27:50,Broadband,142.07,lux
2026-09-27,08:27:50,Infrared,56.57,lux
2026-09-27,08:28:20,Temperature,23.08,°C
2026-09-27,08:28:20,Humidity,44.65,%
2026-09-27,08:28:20,AQI,2.0,
2026-09-27,08:28:20,TVOC,121.2,ppb
2026-09-27,08:28:20,eCO2,583.67,ppm
2026-09-27,08:28:20,Broadband,133.03,lux
2026-09-27,08:28:20,Infrared,53.1,lux
2026-09-27,08:28:50,Temperature,23.1,°C
2026-09-27,08:28:50,Humidity,44.62,%
2026-09-27,08:28:50,AQI,2.0,
2026-09-27,08:28:50,TVOC,125.87,ppb
2026-09-27,08:28:50,eCO2,590.77,ppm
2026-09-27,08:28:50,Broadband,131.53,lux
2026-09-27,08:28:50,Infrared,52.2,lux
2026-09-27,08:29:20,Temperature,23.11,°C
2026-09-27,08:29:20,Humidity,44.67,%
2026-09-27,08:29:20,AQI,2.0,
2026-09-27,08:29:20,TVOC,122.03,ppb
2026-09-27,08:29:20,eCO2,584.77,ppm
2026-09-27,08:29:20,Broadband,127.73,lux
2026-09-27,08:29:20,Infrared,50.67,lux
2026-09-27,08:29:50,Temperature,23.12,°C
2026-09-27,08:29:50,Humidity,44.67,%
2026-09-27,08:29:50,AQI,2.0,
2026-09-27,08:29:50,TVOC,127.8,ppb
2026-09-27,08:29:50,eCO2,593.77,ppm
2026-09-27,08:29:50,Broadband,141.8,lux
2026-09-27,08:29:50,Infrared,55.4,lux
2026-09-27,08:30:20,Temperature,23.16,°C
2026-09-27,08:30:20,Humidity,44.73,%
2026-09-27,08:30:20,AQI,2.0,
2026-09-27,08:30:20,TVOC,120.67,ppb
2026-09-27,08:30:20,eCO2,582.73,ppm
2026-09-27,08:30:20,Broadband,156.73,lux
2026-09-27,08:30:20,Infrared,60.7,lux
2026-09-27,08:30:50,Temperature,23.14,°C
2026-09-27,08:30:50,Humidity,44.63,%
2026-09-27,08:30:50,AQI,2.0,
2026-09-27,08:30:50,TVOC,124.73,ppb
2026-09-27,08:30:50,eCO2,589.07,ppm
2026-09-27,08:30:50,Broadband,170.8,lux
2026-09-27,08:30:50,Infrared,65.87,lux
2026-09-27,08:31:20,Temperature,23.13,°C
2026-09-27,08:31:20,Humidity,44.6,%
2026-09-27,08:31:20,AQI,2.0,
2026-09-27,08:31:20,TVOC,129.87,ppb
2026-09-27,08:31:20,eCO2,596.87,ppm
2026-09-27,08:31:20,Broadband,166.73,lux
2026-09-27,08:31:20,Infrared,64.57,lux
2026-09-27,08:31:50,Temperature,23.12,°C
2026-09-27,08:31:50,Humidity,44.67,%
2026-09-27,08:31:50,AQI,2.0,
2026-09-27,08:31:50,TVOC,131.37,ppb
2026-09-27,08:31:50,eCO2,599.27,ppm
2026-09-27,08:31:50,Broadband,146.57,lux
2026-09-27,08:31:50,Infrared,57.07,lux
2026-09-27,08:32:20,Temperature,23.11,°C
2026-09-27,08:32:20,Humidity,44.82,%
2026-09-27,08:32:20,AQI,2.0,
2026-09-27,08:32:20,TVOC,130.5,ppb
2026-09-27,08:32:20,eCO2,597.97,ppm
2026-09-27,08:32:20,Broadband,153.37,lux
2026-09-27,08:32:20,Infrared,58.73,lux
2026-09-27,08:32:50,Temperature,23.1,°C
2026-09-27,08:32:50,Humidity,44.98,%
2026-09-27,08:32:50,AQI,2.0,
2026-09-27,08:32:50,TVOC,125.47,ppb
2026-09-27,08:32:50,eCO2,590.07,ppm
2026-09-27,08:32:50,Broadband,157.27,lux
2026-09-27,08:32:50,Infrared,60.0,lux
2026-09-27,08:33:20,Temperature,23.12,°C
2026-09-27,08:33:20,Humidity,44.91,%
2026-09-27,08:33:20,AQI,2.0,
2026-09-27,08:33:20,TVOC,127.93,ppb
2026-09-27,08:33:20,eCO2,594.17,ppm
2026-09-27,08:33:20,Broadband,161.67,lux
2026-09-27,08:33:20,Infrared,60.93,lux
2026-09-27,08:33:50,Temperature,23.14,°C
2026-09-27,08:33:50,Humidity,44.82,%
2026-09-27,08:33:50,AQI,2.0,
2026-09-27,08:33:50,TVOC,131.47,ppb
2026-09-27,08:33:50,eCO2,599.4,ppm
2026-09-27,08:33:50,Broadband,163.03,lux
2026-09-27,08:33:50,Infrared,61.2,lux
2026-09-27,08:34:20,Temperature,23.17,°C
2026-09-27,08:34:20,Humidity,44.77,%
2026-09-27,08:34:20,AQI,2.0,
2026-09-27,08:34:20,TVOC,130.57,ppb
2026-09-27,08:34:20,eCO2,598.0,ppm
2026-09-27,08:34:20,Broadband,157.3,lux
2026-09-27,08:34:20,Infrared,58.6,lux
2026-09-27,08:34:50,Temperature,23.16,°C
2026-09-27,08:34:50,Humidity,44.8,%
2026-09-27,08:34:50,AQI,2.0,
2026-09-27,08:34:50,TVOC,128.87,ppb
2026-09-27,08:34:50,eCO2,595.37,ppm
2026-09-27,08:34:50,Broadband,154.63,lux
2026-09-27,08:34:50,Infrared,57.13,lux
2026-09-27,08:35:20,Temperature,23.17,°C
2026-09-27,08:35:20,Humidity,44.88,%
2026-09-27,08:35:20,AQI,2.0,
2026-09-27,08:35:20,TVOC,126.67,ppb
2026-09-27,08:35:20,eCO2,592.1,ppm
2026-09-27,08:35:20,Broadband,156.97,lux
2026-09-27,08:35:20,Infrared,57.9,lux
2026-09-27,08:35:50,Temperature,23.17,°C
2026-09-27,08:35:50,Humidity,44.87,%
2026-09-27,08:35:50,AQI,2.0,
2026-09-27,08:35:50,TVOC,129.7,ppb
2026-09-27,08:35:50,eCO2,596.6,ppm
2026-09-27,08:35:50,Broadband,162.23,lux
2026-09-27,08:35:50,Infrared,60.13,lux
2026-09-27,08:36:20,Temperature,23.15,°C
2026-09-27,08:36:20,Humidity,44.96,%
2026-09-27,08:36:20,AQI,2.0,
2026-09-27,08:36:20,TVOC,126.57,ppb
2026-09-27,08:36:20,eCO2,591.73,ppm
2026-09-27,08:36:20,Broadband,170.97,lux
2026-09-27,08:36:20,Infrared,64.67,lux
2026-09-27,08:36:50,Temperature,23.16,°C
2026-09-27,08:36:50,Humidity,45.07,%
2026-09-27,08:36:50,AQI,2.0,
2026-09-27,08:36:50,TVOC,128.53,ppb
2026-09-27,08:36:50,eCO2,595.03,ppm
2026-09-27,08:36:50,Broadband,178.63,lux
2026-09-27,08:36:50,Infrared,67.57,lux
2026-09-27,08:37:20,Temperature,23.16,°C
2026-09-27,08:37:20,Humidity,45.07,%
2026-09-27,08:37:20,AQI,2.0,
2026-09-27,08:37:20,TVOC,131.33,ppb
2026-09-27,08:37:20,eCO2,599.17,ppm
2026-09-27,08:37:20,Broadband,190.3,lux
2026-09-27,08:37:20,Infrared,72.1,lux
2026-09-27,08:37:50,Temperature,23.13,°C
2026-09-27,08:37:50,Humidity,44.87,%
2026-09-27,08:37:50,AQI,2.0,
2026-09-27,08:37:50,TVOC,129.17,ppb
2026-09-27,08:37:50,eCO2,595.97,ppm
2026-09-27,08:37:50,Broadband,201.07,lux
2026-09-27,08:37:50,Infrared,76.93,lux
2026-09-27,08:38:20,Temperature,23.15,°C
2026-09-27,08:38:20,Humidity,44.84,%
2026-09-27,08:38:20,AQI,2.0,
2026-09-27,08:38:20,TVOC,135.93,ppb
2026-09-27,08:38:20,eCO2,606.03,ppm
2026-09-27,08:38:20,Broadband,201.7,lux
2026-09-27,08:38:20,Infrared,78.03,lux
2026-09-27,08:38:50,Temperature,23.19,°C
2026-09-27,08:38:50,Humidity,44.95,%
2026-09-27,08:38:50,AQI,2.4,
2026-09-27,08:38:50,TVOC,211.67,ppb
2026-09-27,08:38:50,eCO2,707.07,ppm
2026-09-27,08:38:50,Broadband,199.0,lux
2026-09-27,08:38:50,Infrared,77.63,lux
2026-09-27,08:39:20,Temperature,23.2,°C
2026-09-27,08:39:20,Humidity,45.01,%
2026-09-27,08:39:20,AQI,2.77,
2026-09-27,08:39:20,TVOC,272.37,ppb
2026-09-27,08:39:20,eCO2,766.33,ppm
2026-09-27,08:39:20,Broadband,201.5,lux
2026-09-27,08:39:20,Infrared,79.5,lux
2026-09-27,08:39:50,Temperature,23.21,°C
2026-09-27,08:39:50,Humidity,45.16,%
2026-09-27,08:39:50,AQI,2.9,
2026-09-27,08:39:50,TVOC,285.77,ppb
2026-09-27,08:39:50,eCO2,780.33,ppm
2026-09-27,08:39:50,Broadband,200.73,lux
2026-09-27,08:39:50,Infrared,78.97,lux
2026-09-27,08:40:20,Temperature,23.19,°C
2026-09-27,08:40:20,Humidity,45.05,%
2026-09-27,08:40:20,AQI,2.03,
2026-09-27,08:40:20,TVOC,197.57,ppb
2026-09-27,08:40:20,eCO2,689.6,ppm
2026-09-27,08:40:20,Broadband,215.53,lux
2026-09-27,08:40:20,Infrared,84.47,lux
2026-09-27,08:40:50,Temperature,23.18,°C
2026-09-27,08:40:50,Humidity,45.14,%
2026-09-27,08:40:50,AQI,2.37,
2026-09-27,08:40:50,TVOC,209.3,ppb
2026-09-27,08:40:50,eCO2,702.77,ppm
2026-09-27,08:40:50,Broadband,227.1,lux
2026-09-27,08:40:50,Infrared,89.1,lux
2026-09-27,08:41:20,Temperature,23.16,°C
2026-09-27,08:41:20,Humidity,45.3,%
2026-09-27,08:41:20,AQI,2.2,
2026-09-27,08:41:20,TVOC,177.8,ppb
2026-09-27,08:41:20,eCO2,663.3,ppm
2026-09-27,08:41:20,Broadband,232.3,lux
2026-09-27,08:41:20,Infrared,91.43,lux
2026-09-27,08:41:50,Temperature,23.18,°C
2026-09-27,08:41:50,Humidity,45.35,%
2026-09-27,08:41:50,AQI,2.47,
2026-09-27,08:41:50,TVOC,206.47,ppb
2026-09-27,08:41:50,eCO2,698.9,ppm
2026-09-27,08:41:50,Broadband,231.77,lux
2026-09-27,08:41:50,Infrared,92.7,lux
2026-09-27,08:42:20,Temperature,23.2,°C
2026-09-27,08:42:20,Humidity,45.41,%
2026-09-27,08:42:20,AQI,2.27,
2026-09-27,08:42:20,TVOC,206.97,ppb
2026-09-27,08:42:20,eCO2,700.77,ppm
2026-09-27,08:42:20,Broadband,229.37,lux
2026-09-27,08:42:20,Infrared,90.5,lux
2026-09-27,08:42:50,Temperature,23.25,°C
2026-09-27,08:42:50,Humidity,45.31,%
2026-09-27,08:42:50,AQI,2.63,
2026-09-27,08:42:50,TVOC,222.33,ppb
2026-09-27,08:42:50,eCO2,719.8,ppm
2026-09-27,08:42:50,Broadband,233.47,lux
2026-09-27,08:42:50,Infrared,91.83,lux
2026-09-27,08:43:20,Temperature,23.22,°C
2026-09-27,08:43:20,Humidity,45.35,%
2026-09-27,08:43:20,AQI,2.13,
2026-09-27,08:43:20,TVOC,193.77,ppb
2026-09-27,08:43:20,eCO2,684.8,ppm
2026-09-27,08:43:20,Broadband,230.17,lux
2026-09-27,08:43:20,Infrared,91.23,lux
2026-09-27,08:43:50,Temperature,23.23,°C
2026-09-27,08:43:50,Humidity,45.31,%
2026-09-27,08:43:50,AQI,2.7,
2026-09-27,08:43:50,TVOC,226.97,ppb
2026-09-27,08:43:50,eCO2,725.5,ppm
2026-09-27,08:43:50,Broadband,206.53,lux
2026-09-27,08:43:50,Infrared,82.67,lux
2026-09-27,08:44:20,Temperature,23.22,°C
2026-09-27,08:44:20,Humidity,45.31,%
2026-09-27,08:44:20,AQI,2.73,
2026-09-27,08:44:20,TVOC,227.4,ppb
2026-09-27,08:44:20,eCO2,725.87,ppm
2026-09-27,08:44:20,Broadband,187.13,lux
2026-09-27,08:44:20,Infrared,75.33,lux
2026-09-27,08:44:50,Temperature,23.18,°C
2026-09-27,08:44:50,Humidity,45.49,%
2026-09-27,08:44:50,AQI,2.37,
2026-09-27,08:44:50,TVOC,218.93,ppb
2026-09-27,08:44:50,eCO2,715.8,ppm
2026-09-27,08:44:50,Broadband,180.3,lux
2026-09-27,08:44:50,Infrared,73.33,lux
2026-09-27,08:45:20,Temperature,23.15,°C
2026-09-27,08:45:20,Humidity,45.63,%
2026-09-27,08:45:20,AQI,2.7,
2026-09-27,08:45:20,TVOC,224.43,ppb
2026-09-27,08:45:20,eCO2,722.37,ppm
2026-09-27,08:45:20,Broadband,199.27,lux
2026-09-27,08:45:20,Infrared,82.2,lux
2026-09-27,08:45:50,Temperature,23.13,°C
2026-09-27,08:45:50,Humidity,45.75,%
2026-09-27,08:45:50,AQI,2.0,
2026-09-27,08:45:50,TVOC,200.53,ppb
2026-09-27,08:45:50,eCO2,693.53,ppm
2026-09-27,08:45:50,Broadband,191.93,lux
2026-09-27,08:45:50,Infrared,79.7,lux
2026-09-27,08:46:20,Temperature,23.18,°C
2026-09-27,08:46:20,Humidity,45.72,%
2026-09-27,08:46:20,AQI,2.1,
2026-09-27,08:46:20,TVOC,207.17,ppb
2026-09-27,08:46:20,eCO2,701.87,ppm
2026-09-27,08:46:20,Broadband,178.1,lux
2026-09-27,08:46:20,Infrared,71.93,lux
2026-09-27,08:46:50,Temperature,23.17,°C
2026-09-27,08:46:50,Humidity,45.68,%
2026-09-27,08:46:50,AQI,2.07,
2026-09-27,08:46:50,TVOC,199.27,ppb
2026-09-27,08:46:50,eCO2,692.1,ppm
2026-09-27,08:46:50,Broadband,170.53,lux
2026-09-27,08:46:50,Infrared,69.77,lux
2026-09-27,08:47:20,Temperature,23.13,°C
2026-09-27,08:47:20,Humidity,45.76,%
2026-09-27,08:47:20,AQI,2.0,
2026-09-27,08:47:20,TVOC,184.5,ppb
2026-09-27,08:47:20,eCO2,673.4,ppm
2026-09-27,08:47:20,Broadband,172.57,lux
2026-09-27,08:47:20,Infrared,70.03,lux
2026-09-27,08:47:50,Temperature,23.19,°C
2026-09-27,08:47:50,Humidity,45.65,%
2026-09-27,08:47:50,AQI,2.17,
2026-09-27,08:47:50,TVOC,212.27,ppb
2026-09-27,08:47:50,eCO2,707.87,ppm
2026-09-27,08:47:50,Broadband,190.83,lux
2026-09-27,08:47:50,Infrared,75.57,lux
2026-09-27,08:48:20,Temperature,23.19,°C
2026-09-27,08:48:20,Humidity,45.53,%
2026-09-27,08:48:20,AQI,2.77,
2026-09-27,08:48:20,TVOC,226.4,ppb
2026-09-27,08:48:20,eCO2,724.7,ppm
2026-09-27,08:48:20,Broadband,197.9,lux
2026-09-27,08:48:20,Infrared,78.37,lux
2026-09-27,08:48:50,Temperature,23.21,°C
2026-09-27,08:48:50,Humidity,45.51,%
2026-09-27,08:48:50,AQI,2.87,
2026-09-27,08:48:50,TVOC,227.83,ppb
2026-09-27,08:48:50,eCO2,726.53,ppm
2026-09-27,08:48:50,Broadband,186.17,lux
2026-09-27,08:48:50,Infrared,75.53,lux
2026-09-27,08:49:20,Temperature,23.18,°C
2026-09-27,08:49:20,Humidity,45.44,%
2026-09-27,08:49:20,AQI,2.93,
2026-09-27,08:49:20,TVOC,232.27,ppb
2026-09-27,08:49:20,eCO2,731.6,ppm
2026-09-27,08:49:20,Broadband,191.0,lux
2026-09-27,08:49:20,Infrared,76.7,lux
2026-09-27,08:49:50,Temperature,23.19,°C
2026-09-27,08:49:50,Humidity,45.54,%
2026-09-27,08:49:50,AQI,3.0,
2026-09-27,08:49:50,TVOC,240.73,ppb
2026-09-27,08:49:50,eCO2,741.13,ppm
2026-09-27,08:49:50,Broadband,193.8,lux
2026-09-27,08:49:50,Infrared,76.97,lux
2026-09-27,08:50:20,Temperature,23.19,°C
2026-09-27,08:50:20,Humidity,45.47,%
2026-09-27,08:50:20,AQI,2.97,
2026-09-27,08:50:20,TVOC,230.9,ppb
2026-09-27,08:50:20,eCO2,729.87,ppm
2026-09-27,08:50:20,Broadband,203.03,lux
2026-09-27,08:50:20,Infrared,79.6,lux
2026-09-27,08:50:50,Temperature,23.13,°C
2026-09-27,08:50:50,Humidity,45.53,%
2026-09-27,08:50:50,AQI,2.97,
2026-09-27,08:50:50,TVOC,229.0,ppb
2026-09-27,08:50:50,eCO2,727.8,ppm
2026-09-27,08:50:50,Broadband,197.4,lux
2026-09-27,08:50:50,Infrared,77.73,lux
2026-09-27,08:51:20,Temperature,23.12,°C
2026-09-27,08:51:20,Humidity,45.8,%
2026-09-27,08:51:20,AQI,3.0,
2026-09-27,08:51:20,TVOC,243.13,ppb
2026-09-27,08:51:20,eCO2,743.8,ppm
2026-09-27,08:51:20,Broadband,198.57,lux
2026-09-27,08:51:20,Infrared,77.23,lux
2026-09-27,08:51:50,Temperature,23.13,°C
2026-09-27,08:51:50,Humidity,45.96,%
2026-09-27,08:51:50,AQI,2.97,
2026-09-27,08:51:50,TVOC,233.9,ppb
2026-09-27,08:51:50,eCO2,733.47,ppm
2026-09-27,08:51:50,Broadband,196.27,lux
2026-09-27,08:51:50,Infrared,76.1,lux
2026-09-27,08:52:20,Temperature,23.14,°C
2026-09-27,08:52:20,Humidity,45.81,%
2026-09-27,08:52:20,AQI,2.9,
2026-09-27,08:52:20,TVOC,231.87,ppb
2026-09-27,08:52:20,eCO2,731.0,ppm
2026-09-27,08:52:20,Broadband,189.53,lux
2026-09-27,08:52:20,Infrared,74.63,lux
2026-09-27,08:52:50,Temperature,23.17,°C
2026-09-27,08:52:50,Humidity,45.85,%
2026-09-27,08:52:50,AQI,3.0,
2026-09-27,08:52:50,TVOC,242.77,ppb
2026-09-27,08:52:50,eCO2,743.57,ppm
2026-09-27,08:52:50,Broadband,176.53,lux
2026-09-27,08:52:50,Infrared,71.27,lux
2026-09-27,08:53:20,Temperature,23.13,°C
2026-09-27,08:53:20,Humidity,45.96,%
2026-09-27,08:53:20,AQI,3.0,
2026-09-27,08:53:20,TVOC,240.83,ppb
2026-09-27,08:53:20,eCO2,741.4,ppm
2026-09-27,08:53:20,Broadband,165.3,lux
2026-09-27,08:53:20,Infrared,66.3,lux
2026-09-27,08:53:50,Temperature,23.2,°C
2026-09-27,08:53:50,Humidity,45.92,%
2026-09-27,08:53:50,AQI,3.0,
2026-09-27,08:53:50,TVOC,245.13,ppb
2026-09-27,08:53:50,eCO2,745.87,ppm
2026-09-27,08:53:50,Broadband,165.53,lux
2026-09-27,08:53:50,Infrared,63.4,lux
2026-09-27,08:54:20,Temperature,23.22,°C
2026-09-27,08:54:20,Humidity,45.89,%
2026-09-27,08:54:20,AQI,3.0,
2026-09-27,08:54:20,TVOC,246.73,ppb
2026-09-27,08:54:20,eCO2,748.0,ppm
2026-09-27,08:54:20,Broadband,161.93,lux
2026-09-27,08:54:20,Infrared,61.07,lux
2026-09-27,08:54:50,Temperature,23.19,°C
2026-09-27,08:54:50,Humidity,46.08,%
2026-09-27,08:54:50,AQI,3.0,
2026-09-27,08:54:50,TVOC,240.6,ppb
2026-09-27,08:54:50,eCO2,741.03,ppm
2026-09-27,08:54:50,Broadband,157.13,lux
2026-09-27,08:54:50,Infrared,60.0,lux
2026-09-27,08:55:20,Temperature,23.19,°C
2026-09-27,08:55:20,Humidity,45.78,%
2026-09-27,08:55:20,AQI,3.0,
2026-09-27,08:55:20,TVOC,243.87,ppb
2026-09-27,08:55:20,eCO2,744.73,ppm
2026-09-27,08:55:20,Broadband,147.53,lux
2026-09-27,08:55:20,Infrared,57.27,lux
2026-09-27,08:55:50,Temperature,23.15,°C
2026-09-27,08:55:50,Humidity,45.79,%
2026-09-27,08:55:50,AQI,2.97,
2026-09-27,08:55:50,TVOC,239.97,ppb
2026-09-27,08:55:50,eCO2,740.4,ppm
2026-09-27,08:55:50,Broadband,146.57,lux
2026-09-27,08:55:50,Infrared,56.87,lux
2026-09-27,08:56:20,Temperature,23.13,°C
2026-09-27,08:56:20,Humidity,45.8,%
2026-09-27,08:56:20,AQI,3.0,
2026-09-27,08:56:20,TVOC,239.23,ppb
2026-09-27,08:56:20,eCO2,739.57,ppm
2026-09-27,08:56:20,Broadband,145.6,lux
2026-09-27,08:56:20,Infrared,56.3,lux
2026-09-27,08:56:50,Temperature,23.14,°C
2026-09-27,08:56:50,Humidity,45.7,%
2026-09-27,08:56:50,AQI,3.0,
2026-09-27,08:56:50,TVOC,243.63,ppb
2026-09-27,08:56:50,eCO2,744.47,ppm
2026-09-27,08:56:50,Broadband,152.6,lux
2026-09-27,08:56:50,Infrared,58.1,lux
2026-09-27,08:57:20,Temperature,23.16,°C
2026-09-27,08:57:20,Humidity,45.72,%
2026-09-27,08:57:20,AQI,3.0,
2026-09-27,08:57:20,TVOC,248.9,ppb
2026-09-27,08:57:20,eCO2,750.3,ppm
2026-09-27,08:57:20,Broadband,160.0,lux
2026-09-27,08:57:20,Infrared,60.7,lux
2026-09-27,08:57:50,Temperature,23.22,°C
2026-09-27,08:57:50,Humidity,45.75,%
2026-09-27,08:57:50,AQI,3.0,
2026-09-27,08:57:50,TVOC,249.43,ppb
2026-09-27,08:57:50,eCO2,750.87,ppm
2026-09-27,08:57:50,Broadband,172.43,lux
2026-09-27,08:57:50,Infrared,65.73,lux
2026-09-27,08:58:20,Temperature,23.25,°C
2026-09-27,08:58:20,Humidity,45.9,%
2026-09-27,08:58:20,AQI,3.0,
2026-09-27,08:58:20,TVOC,248.57,ppb
2026-09-27,08:58:20,eCO2,749.87,ppm
2026-09-27,08:58:20,Broadband,183.63,lux
2026-09-27,08:58:20,Infrared,70.53,lux
2026-09-27,08:58:50,Temperature,23.27,°C
2026-09-27,08:58:50,Humidity,45.87,%
2026-09-27,08:58:50,AQI,3.0,
2026-09-27,08:58:50,TVOC,254.7,ppb
2026-09-27,08:58:50,eCO2,756.73,ppm
2026-09-27,08:58:50,Broadband,193.93,lux
2026-09-27,08:58:50,Infrared,74.3,lux
2026-09-27,08:59:20,Temperature,23.27,°C
2026-09-27,08:59:20,Humidity,46.0,%
2026-09-27,08:59:20,AQI,3.0,
2026-09-27,08:59:20,TVOC,248.9,ppb
2026-09-27,08:59:20,eCO2,750.27,ppm
2026-09-27,08:59:20,Broadband,197.73,lux
2026-09-27,08:59:20,Infrared,75.6,lux
2026-09-27,08:59:50,Temperature,23.28,°C
2026-09-27,08:59:50,Humidity,46.17,%
2026-09-27,08:59:50,AQI,3.0,
2026-09-27,08:59:50,TVOC,250.13,ppb
2026-09-27,08:59:50,eCO2,751.83,ppm
2026-09-27,08:59:50,Broadband,205.5,lux
2026-09-27,08:59:50,Infrared,78.93,lux
2026-09-27,09:00:20,Temperature,23.27,°C
2026-09-27,09:00:20,Humidity,46.24,%
2026-09-27,09:00:20,AQI,3.0,
2026-09-27,09:00:20,TVOC,249.5,ppb
2026-09-27,09:00:20,eCO2,751.03,ppm
2026-09-27,09:00:20,Broadband,210.3,lux
2026-09-27,09:00:20,Infrared,81.47,lux
2026-09-27,09:00:50,Temperature,23.25,°C
2026-09-27,09:00:50,Humidity,45.93,%
2026-09-27,09:00:50,AQI,3.0,
2026-09-27,09:00:50,TVOC,248.77,ppb
2026-09-27,09:00:50,eCO2,750.27,ppm
2026-09-27,09:00:50,Broadband,212.3,lux
2026-09-27,09:00:50,Infrared,83.1,lux
2026-09-27,09:01:20,Temperature,23.25,°C
2026-09-27,09:01:20,Humidity,45.73,%
2026-09-27,09:01:20,AQI,3.0,
2026-09-27,09:01:20,TVOC,251.1,ppb
2026-09-27,09:01:20,eCO2,752.8,ppm
2026-09-27,09:01:20,Broadband,218.87,lux
2026-09-27,09:01:20,Infrared,86.23,lux
2026-09-27,09:01:50,Temperature,23.27,°C
2026-09-27,09:01:50,Humidity,46.02,%
2026-09-27,09:01:50,AQI,3.0,
2026-09-27,09:01:50,TVOC,256.47,ppb
2026-09-27,09:01:50,eCO2,758.4,ppm
2026-09-27,09:01:50,Broadband,217.47,lux
2026-09-27,09:01:50,Infrared,86.37,lux
2026-09-27,09:02:20,Temperature,23.27,°C
2026-09-27,09:02:20,Humidity,46.13,%
2026-09-27,09:02:20,AQI,3.0,
2026-09-27,09:02:20,TVOC,251.77,ppb
2026-09-27,09:02:20,eCO2,753.37,ppm
2026-09-27,09:02:20,Broadband,226.53,lux
2026-09-27,09:02:20,Infrared,89.87,lux
2026-09-27,09:02:50,Temperature,23.29,°C
2026-09-27,09:02:50,Humidity,45.75,%
2026-09-27,09:02:50,AQI,3.0,
2026-09-27,09:02:50,TVOC,251.1,ppb
2026-09-27,09:02:50,eCO2,752.77,ppm
2026-09-27,09:02:50,Broadband,229.5,lux
2026-09-27,09:02:50,Infrared,91.33,lux
2026-09-27,09:03:20,Temperature,23.33,°C
2026-09-27,09:03:20,Humidity,45.63,%
2026-09-27,09:03:20,AQI,3.0,
2026-09-27,09:03:20,TVOC,250.33,ppb
2026-09-27,09:03:20,eCO2,751.87,ppm
2026-09-27,09:03:20,Broadband,206.27,lux
2026-09-27,09:03:20,Infrared,83.93,lux
2026-09-27,09:03:50,Temperature,23.32,°C
2026-09-27,09:03:50,Humidity,45.55,%
2026-09-27,09:03:50,AQI,3.0,
2026-09-27,09:03:50,TVOC,253.03,ppb
2026-09-27,09:03:50,eCO2,754.6,ppm
2026-09-27,09:03:50,Broadband,177.6,lux
2026-09-27,09:03:50,Infrared,73.87,lux
2026-09-27,09:04:20,Temperature,23.29,°C
2026-09-27,09:04:20,Humidity,45.93,%
2026-09-27,09:04:20,AQI,3.0,
2026-09-27,09:04:20,TVOC,248.6,ppb
2026-09-27,09:04:20,eCO2,749.97,ppm
2026-09-27,09:04:20,Broadband,195.03,lux
2026-09-27,09:04:20,Infrared,80.07,lux
2026-09-27,09:04:50,Temperature,23.3,°C
2026-09-27,09:04:50,Humidity,46.19,%
2026-09-27,09:04:50,AQI,3.0,
2026-09-27,09:04:50,TVOC,252.63,ppb
2026-09-27,09:04:50,eCO2,754.43,ppm
2026-09-27,09:04:50,Broadband,207.17,lux
2026-09-27,09:04:50,Infrared,84.5,lux
2026-09-27,09:05:20,Temperature,23.29,°C
2026-09-27,09:05:20,Humidity,45.89,%
2026-09-27,09:05:20,AQI,3.0,
2026-09-27,09:05:20,TVOC,255.77,ppb
2026-09-27,09:05:20,eCO2,757.9,ppm
2026-09-27,09:05:20,Broadband,211.1,lux
2026-09-27,09:05:20,Infrared,86.33,lux
2026-09-27,09:05:50,Temperature,23.28,°C
2026-09-27,09:05:50,Humidity,45.73,%
2026-09-27,09:05:50,AQI,3.0,
2026-09-27,09:05:50,TVOC,259.13,ppb
2026-09-27,09:05:50,eCO2,761.27,ppm
2026-09-27,09:05:50,Broadband,203.1,lux
2026-09-27,09:05:50,Infrared,83.8,lux
2026-09-27,09:06:20,Temperature,23.31,°C
2026-09-27,09:06:20,Humidity,45.94,%
2026-09-27,09:06:20,AQI,3.0,
2026-09-27,09:06:20,TVOC,253.0,ppb
2026-09-27,09:06:20,eCO2,754.83,ppm
2026-09-27,09:06:20,Broadband,219.67,lux
2026-09-27,09:06:20,Infrared,89.63,lux
2026-09-27,09:06:50,Temperature,23.25,°C
2026-09-27,09:06:50,Humidity,45.89,%
2026-09-27,09:06:50,AQI,3.0,
2026-09-27,09:06:50,TVOC,248.27,ppb
2026-09-27,09:06:50,eCO2,749.6,ppm
2026-09-27,09:06:50,Broadband,228.57,lux
2026-09-27,09:06:50,Infrared,93.0,lux
2026-09-27,09:07:20,Temperature,23.15,°C
2026-09-27,09:07:20,Humidity,46.14,%
2026-09-27,09:07:20,AQI,3.0,
2026-09-27,09:07:20,TVOC,242.9,ppb
2026-09-27,09:07:20,eCO2,743.57,ppm
2026-09-27,09:07:20,Broadband,230.03,lux
2026-09-27,09:07:20,Infrared,93.8,lux
2026-09-27,09:07:50,Temperature,23.19,°C
2026-09-27,09:07:50,Humidity,46.2,%
2026-09-27,09:07:50,AQI,3.0,
2026-09-27,09:07:50,TVOC,247.53,ppb
2026-09-27,09:07:50,eCO2,748.6,ppm
2026-09-27,09:07:50,Broadband,233.53,lux
2026-09-27,09:07:50,Infrared,95.23,lux
2026-09-27,09:08:20,Temperature,23.24,°C
2026-09-27,09:08:20,Humidity,46.06,%
2026-09-27,09:08:20,AQI,3.0,
2026-09-27,09:08:20,TVOC,259.77,ppb
2026-09-27,09:08:20,eCO2,762.23,ppm
2026-09-27,09:08:20,Broadband,238.97,lux
2026-09-27,09:08:20,Infrared,97.2,lux
2026-09-27,09:08:50,Temperature,23.27,°C
2026-09-27,09:08:50,Humidity,46.01,%
2026-09-27,09:08:50,AQI,3.0,
2026-09-27,09:08:50,TVOC,261.43,ppb
2026-09-27,09:08:50,eCO2,764.1,ppm
2026-09-27,09:08:50,Broadband,244.4,lux
2026-09-27,09:08:50,Infrared,99.63,lux
2026-09-27,09:09:20,Temperature,23.28,°C
2026-09-27,09:09:20,Humidity,45.9,%
2026-09-27,09:09:20,AQI,3.0,
2026-09-27,09:09:20,TVOC,264.23,ppb
2026-09-27,09:09:20,eCO2,767.0,ppm
2026-09-27,09:09:20,Broadband,244.23,lux
2026-09-27,09:09:20,Infrared,100.0,lux
2026-09-27,09:09:50,Temperature,23.29,°C
2026-09-27,09:09:50,Humidity,45.87,%
2026-09-27,09:09:50,AQI,3.0,
2026-09-27,09:09:50,TVOC,264.03,ppb
2026-09-27,09:09:50,eCO2,766.7,ppm
2026-09-27,09:09:50,Broadband,245.5,lux
2026-09-27,09:09:50,Infrared,100.0,lux
2026-09-27,09:10:20,Temperature,23.33,°C
2026-09-27,09:10:20,Humidity,46.16,%
2026-09-27,09:10:20,AQI,3.0,
2026-09-27,09:10:20,TVOC,258.07,ppb
2026-09-27,09:10:20,eCO2,760.37,ppm
2026-09-27,09:10:20,Broadband,245.1,lux
2026-09-27,09:10:20,Infrared,100.0,lux
2026-09-27,09:10:50,Temperature,23.32,°C
2026-09-27,09:10:50,Humidity,46.41,%
2026-09-27,09:10:50,AQI,3.0,
2026-09-27,09:10:50,TVOC,250.53,ppb
2026-09-27,09:10:50,eCO2,752.23,ppm
2026-09-27,09:10:50,Broadband,251.1,lux
2026-09-27,09:10:50,Infrared,102.33,lux
2026-09-27,09:11:20,Temperature,23.36,°C
2026-09-27,09:11:20,Humidity,46.15,%
2026-09-27,09:11:20,AQI,3.0,
2026-09-27,09:11:20,TVOC,251.33,ppb
2026-09-27,09:11:20,eCO2,752.77,ppm
2026-09-27,09:11:20,Broadband,260.03,lux
2026-09-27,09:11:20,Infrared,105.7,lux
2026-09-27,09:11:50,Temperature,23.36,°C
2026-09-27,09:11:50,Humidity,46.07,%
2026-09-27,09:11:50,AQI,3.0,
2026-09-27,09:11:50,TVOC,249.83,ppb
2026-09-27,09:11:50,eCO2,751.2,ppm
2026-09-27,09:11:50,Broadband,270.23,lux
2026-09-27,09:11:50,Infrared,109.0,lux
2026-09-27,09:12:20,Temperature,23.35,°C
2026-09-27,09:12:20,Humidity,46.25,%
2026-09-27,09:12:20,AQI,3.0,
2026-09-27,09:12:20,TVOC,245.57,ppb
2026-09-27,09:12:20,eCO2,746.63,ppm
2026-09-27,09:12:20,Broadband,276.63,lux
2026-09-27,09:12:20,Infrared,111.0,lux
2026-09-27,09:12:50,Temperature,23.34,°C
2026-09-27,09:12:50,Humidity,46.25,%
2026-09-27,09:12:50,AQI,3.0,
2026-09-27,09:12:50,TVOC,252.63,ppb
2026-09-27,09:12:50,eCO2,754.27,ppm
2026-09-27,09:12:50,Broadband,272.63,lux
2026-09-27,09:12:50,Infrared,109.57,lux
2026-09-27,09:13:20,Temperature,23.33,°C
2026-09-27,09:13:20,Humidity,45.96,%
2026-09-27,09:13:20,AQI,3.0,
2026-09-27,09:13:20,TVOC,259.43,ppb
2026-09-27,09:13:20,eCO2,761.73,ppm
2026-09-27,09:13:20,Broadband,253.67,lux
2026-09-27,09:13:20,Infrared,103.4,lux
2026-09-27,09:13:50,Temperature,23.31,°C
2026-09-27,09:13:50,Humidity,45.94,%
2026-09-27,09:13:50,AQI,3.0,
2026-09-27,09:13:50,TVOC,260.87,ppb
2026-09-27,09:13:50,eCO2,763.3,ppm
2026-09-27,09:13:50,Broadband,252.07,lux
2026-09-27,09:13:50,Infrared,102.63,lux
2026-09-27,09:14:20,Temperature,23.31,°C
2026-09-27,09:14:20,Humidity,46.43,%
2026-09-27,09:14:20,AQI,3.0,
2026-09-27,09:14:20,TVOC,252.37,ppb
2026-09-27,09:14:20,eCO2,754.17,ppm
2026-09-27,09:14:20,Broadband,265.57,lux
2026-09-27,09:14:20,Infrared,107.13,lux
2026-09-27,09:14:50,Temperature,23.29,°C
2026-09-27,09:14:50,Humidity,46.96,%
2026-09-27,09:14:50,AQI,2.97,
2026-09-27,09:14:50,TVOC,239.37,ppb
2026-09-27,09:14:50,eCO2,739.7,ppm
2026-09-27,09:14:50,Broadband,257.0,lux
2026-09-27,09:14:50,Infrared,103.5,lux
2026-09-27,09:15:20,Temperature,23.28,°C
2026-09-27,09:15:20,Humidity,47.1,%
2026-09-27,09:15:20,AQI,2.97,
2026-09-27,09:15:20,TVOC,238.93,ppb
2026-09-27,09:15:20,eCO2,739.0,ppm
2026-09-27,09:15:20,Broadband,235.37,lux
2026-09-27,09:15:20,Infrared,96.47,lux
2026-09-27,09:15:50,Temperature,23.27,°C
2026-09-27,09:15:50,Humidity,47.08,%
2026-09-27,09:15:50,AQI,2.97,
2026-09-27,09:15:50,TVOC,236.23,ppb
2026-09-27,09:15:50,eCO2,736.1,ppm
2026-09-27,09:15:50,Broadband,228.17,lux
2026-09-27,09:15:50,Infrared,94.3,lux
2026-09-27,09:16:20,Temperature,23.25,°C
2026-09-27,09:16:20,Humidity,47.25,%
2026-09-27,09:16:20,AQI,2.83,
2026-09-27,09:16:20,TVOC,229.27,ppb
2026-09-27,09:16:20,eCO2,728.13,ppm
2026-09-27,09:16:20,Broadband,241.33,lux
2026-09-27,09:16:20,Infrared,98.9,lux
2026-09-27,09:16:50,Temperature,23.25,°C
2026-09-27,09:16:50,Humidity,47.41,%
2026-09-27,09:16:50,AQI,2.93,
2026-09-27,09:16:50,TVOC,233.57,ppb
2026-09-27,09:16:50,eCO2,733.1,ppm
2026-09-27,09:16:50,Broadband,257.8,lux
2026-09-27,09:16:50,Infrared,104.63,lux
2026-09-27,09:17:20,Temperature,23.27,°C
2026-09-27,09:17:20,Humidity,47.5,%
2026-09-27,09:17:20,AQI,2.93,
2026-09-27,09:17:20,TVOC,235.03,ppb
2026-09-27,09:17:20,eCO2,734.8,ppm
2026-09-27,09:17:20,Broadband,257.47,lux
2026-09-27,09:17:20,Infrared,105.03,lux
2026-09-27,09:17:50,Temperature,23.28,°C
2026-09-27,09:17:50,Humidity,47.46,%
2026-09-27,09:17:50,AQI,3.0,
2026-09-27,09:17:50,TVOC,240.73,ppb
2026-09-27,09:17:50,eCO2,741.17,ppm
2026-09-27,09:17:50,Broadband,247.5,lux
2026-09-27,09:17:50,Infrared,102.13,lux
2026-09-27,09:18:20,Temperature,23.27,°C
2026-09-27,09:18:20,Humidity,47.63,%
2026-09-27,09:18:20,AQI,3.0,
2026-09-27,09:18:20,TVOC,251.73,ppb
2026-09-27,09:18:20,eCO2,753.3,ppm
2026-09-27,09:18:20,Broadband,251.03,lux
2026-09-27,09:18:20,Infrared,104.43,lux
2026-09-27,09:18:50,Temperature,23.27,°C
2026-09-27,09:18:50,Humidity,47.88,%
2026-09-27,09:18:50,AQI,3.0,
2026-09-27,09:18:50,TVOC,271.87,ppb
2026-09-27,09:18:50,eCO2,774.8,ppm
2026-09-27,09:18:50,Broadband,258.07,lux
2026-09-27,09:18:50,Infrared,106.73,lux
2026-09-27,09:19:20,Temperature,23.25,°C
2026-09-27,09:19:20,Humidity,48.01,%
2026-09-27,09:19:20,AQI,3.0,
2026-09-27,09:19:20,TVOC,275.87,ppb
2026-09-27,09:19:20,eCO2,779.1,ppm
2026-09-27,09:19:20,Broadband,269.93,lux
2026-09-27,09:19:20,Infrared,111.27,lux
2026-09-27,09:19:50,Temperature,23.26,°C
2026-09-27,09:19:50,Humidity,47.8,%
2026-09-27,09:19:50,AQI,3.0,
2026-09-27,09:19:50,TVOC,267.63,ppb
2026-09-27,09:19:50,eCO2,770.53,ppm
2026-09-27,09:19:50,Broadband,278.2,lux
2026-09-27,09:19:50,Infrared,114.9,lux
2026-09-27,09:20:20,Temperature,23.26,°C
2026-09-27,09:20:20,Humidity,47.7,%
2026-09-27,09:20:20,AQI,3.0,
2026-09-27,09:20:20,TVOC,270.6,ppb
2026-09-27,09:20:20,eCO2,773.57,ppm
2026-09-27,09:20:20,Broadband,279.77,lux
2026-09-27,09:20:20,Infrared,115.0,lux
2026-09-27,09:20:50,Temperature,23.25,°C
2026-09-27,09:20:50,Humidity,48.06,%
2026-09-27,09:20:50,AQI,3.0,
2026-09-27,09:20:50,TVOC,276.57,ppb
2026-09-27,09:20:50,eCO2,779.97,ppm
2026-09-27,09:20:50,Broadband,277.67,lux
2026-09-27,09:20:50,Infrared,114.67,lux
2026-09-27,09:21:20,Temperature,23.24,°C
2026-09-27,09:21:20,Humidity,48.18,%
2026-09-27,09:21:20,AQI,3.0,
2026-09-27,09:21:20,TVOC,271.23,ppb
2026-09-27,09:21:20,eCO2,774.33,ppm
2026-09-27,09:21:20,Broadband,279.1,lux
2026-09-27,09:21:20,Infrared,115.87,lux
2026-09-27,09:21:50,Temperature,23.24,°C
2026-09-27,09:21:50,Humidity,48.03,%
2026-09-27,09:21:50,AQI,3.0,
2026-09-27,09:21:50,TVOC,265.47,ppb
2026-09-27,09:21:50,eCO2,768.2,ppm
2026-09-27,09:21:50,Broadband,290.13,lux
2026-09-27,09:21:50,Infrared,118.2,lux
2026-09-27,09:22:20,Temperature,23.25,°C
2026-09-27,09:22:20,Humidity,47.81,%
2026-09-27,09:22:20,AQI,3.0,
2026-09-27,09:22:20,TVOC,260.77,ppb
2026-09-27,09:22:20,eCO2,763.13,ppm
2026-09-27,09:22:20,Broadband,289.6,lux
2026-09-27,09:22:20,Infrared,118.77,lux
2026-09-27,09:22:50,Temperature,23.26,°C
2026-09-27,09:22:50,Humidity,47.67,%
2026-09-27,09:22:50,AQI,3.0,
2026-09-27,09:22:50,TVOC,261.47,ppb
2026-09-27,09:22:50,eCO2,763.93,ppm
2026-09-27,09:22:50,Broadband,280.13,lux
2026-09-27,09:22:50,Infrared,116.17,lux
2026-09-27,09:23:20,Temperature,23.26,°C
2026-09-27,09:23:20,Humidity,47.77,%
2026-09-27,09:23:20,AQI,3.0,
2026-09-27,09:23:20,TVOC,258.93,ppb
2026-09-27,09:23:20,eCO2,761.23,ppm
2026-09-27,09:23:20,Broadband,292.8,lux
2026-09-27,09:23:20,Infrared,119.63,lux
2026-09-27,09:23:50,Temperature,23.27,°C
2026-09-27,09:23:50,Humidity,47.83,%
2026-09-27,09:23:50,AQI,3.0,
2026-09-27,09:23:50,TVOC,252.83,ppb
2026-09-27,09:23:50,eCO2,754.6,ppm
2026-09-27,09:23:50,Broadband,297.23,lux
2026-09-27,09:23:50,Infrared,121.27,lux
2026-09-27,09:24:20,Temperature,23.26,°C
2026-09-27,09:24:20,Humidity,47.8,%
2026-09-27,09:24:20,AQI,3.0,
2026-09-27,09:24:20,TVOC,246.97,ppb
2026-09-27,09:24:20,eCO2,748.27,ppm
2026-09-27,09:24:20,Broadband,297.07,lux
2026-09-27,09:24:20,Infrared,121.5,lux
2026-09-27,09:24:50,Temperature,23.26,°C
2026-09-27,09:24:50,Humidity,47.95,%
2026-09-27,09:24:50,AQI,3.0,
2026-09-27,09:24:50,TVOC,257.37,ppb
2026-09-27,09:24:50,eCO2,759.43,ppm
2026-09-27,09:24:50,Broadband,305.47,lux
2026-09-27,09:24:50,Infrared,123.3,lux
2026-09-27,09:25:20,Temperature,23.32,°C
2026-09-27,09:25:20,Humidity,47.7,%
2026-09-27,09:25:20,AQI,3.0,
2026-09-27,09:25:20,TVOC,254.27,ppb
2026-09-27,09:25:20,eCO2,756.27,ppm
2026-09-27,09:25:20,Broadband,305.27,lux
2026-09-27,09:25:20,Infrared,123.23,lux
2026-09-27,09:25:50,Temperature,23.33,°C
2026-09-27,09:25:50,Humidity,47.31,%
2026-09-27,09:25:50,AQI,3.0,
2026-09-27,09:25:50,TVOC,258.1,ppb
2026-09-27,09:25:50,eCO2,760.4,ppm
2026-09-27,09:25:50,Broadband,301.77,lux
2026-09-27,09:25:50,Infrared,122.7,lux
2026-09-27,09:26:20,Temperature,23.31,°C
2026-09-27,09:26:20,Humidity,47.6,%
2026-09-27,09:26:20,AQI,3.0,
2026-09-27,09:26:20,TVOC,261.17,ppb
2026-09-27,09:26:20,eCO2,763.67,ppm
2026-09-27,09:26:20,Broadband,290.77,lux
2026-09-27,09:26:20,Infrared,119.9,lux
2026-09-27,09:26:50,Temperature,23.31,°C
2026-09-27,09:26:50,Humidity,47.72,%
2026-09-27,09:26:50,AQI,3.0,
2026-09-27,09:26:50,TVOC,261.0,ppb
2026-09-27,09:26:50,eCO2,763.3,ppm
2026-09-27,09:26:50,Broadband,309.87,lux
2026-09-27,09:26:50,Infrared,126.1,lux
2026-09-27,09:27:20,Temperature,23.28,°C
2026-09-27,09:27:20,Humidity,47.85,%
2026-09-27,09:27:20,AQI,3.0,
2026-09-27,09:27:20,TVOC,254.3,ppb
2026-09-27,09:27:20,eCO2,756.3,ppm
2026-09-27,09:27:20,Broadband,304.9,lux
2026-09-27,09:27:20,Infrared,124.9,lux
2026-09-27,09:27:50,Temperature,23.28,°C
2026-09-27,09:27:50,Humidity,47.85,%
2026-09-27,09:27:50,AQI,3.0,
2026-09-27,09:27:50,TVOC,252.03,ppb
2026-09-27,09:27:50,eCO2,753.77,ppm
2026-09-27,09:27:50,Broadband,302.43,lux
2026-09-27,09:27:50,Infrared,124.03,lux
2026-09-27,09:28:20,Temperature,23.28,°C
2026-09-27,09:28:20,Humidity,47.85,%
2026-09-27,09:28:20,AQI,3.0,
2026-09-27,09:28:20,TVOC,252.03,ppb
2026-09-27,09:28:20,eCO2,753.8,ppm
2026-09-27,09:28:20,Broadband,292.47,lux
2026-09-27,09:28:20,Infrared,120.83,lux
2026-09-27,09:28:50,Temperature,23.3,°C
2026-09-27,09:28:50,Humidity,47.81,%
2026-09-27,09:28:50,AQI,3.0,
2026-09-27,09:28:50,TVOC,254.17,ppb
2026-09-27,09:28:50,eCO2,755.9,ppm
2026-09-27,09:28:50,Broadband,290.63,lux
2026-09-27,09:28:50,Infrared,120.47,lux
2026-09-27,09:29:20,Temperature,23.3,°C
2026-09-27,09:29:20,Humidity,47.79,%
2026-09-27,09:29:20,AQI,3.0,
2026-09-27,09:29:20,TVOC,249.57,ppb
2026-09-27,09:29:20,eCO2,750.97,ppm
2026-09-27,09:29:20,Broadband,289.47,lux
2026-09-27,09:29:20,Infrared,120.43,lux
2026-09-27,09:29:50,Temperature,23.3,°C
2026-09-27,09:29:50,Humidity,47.8,%
2026-09-27,09:29:50,AQI,3.0,
2026-09-27,09:29:50,TVOC,251.83,ppb
2026-09-27,09:29:50,eCO2,753.53,ppm
2026-09-27,09:29:50,Broadband,305.03,lux
2026-09-27,09:29:50,Infrared,124.47,lux
2026-09-27,09:30:20,Temperature,23.3,°C
2026-09-27,09:30:20,Humidity,47.87,%
2026-09-27,09:30:20,AQI,3.0,
2026-09-27,09:30:20,TVOC,243.1,ppb
2026-09-27,09:30:20,eCO2,743.7,ppm
2026-09-27,09:30:20,Broadband,326.67,lux
2026-09-27,09:30:20,Infrared,132.1,lux
2026-09-27,09:30:50,Temperature,23.31,°C
2026-09-27,09:30:50,Humidity,47.92,%
2026-09-27,09:30:50,AQI,2.97,
2026-09-27,09:30:50,TVOC,243.3,ppb
2026-09-27,09:30:50,eCO2,743.97,ppm
2026-09-27,09:30:50,Broadband,312.03,lux
2026-09-27,09:30:50,Infrared,129.3,lux
2026-09-27,09:31:20,Temperature,23.3,°C
2026-09-27,09:31:20,Humidity,48.17,%
2026-09-27,09:31:20,AQI,3.0,
2026-09-27,09:31:20,TVOC,245.4,ppb
2026-09-27,09:31:20,eCO2,746.47,ppm
2026-09-27,09:31:20,Broadband,302.5,lux
2026-09-27,09:31:20,Infrared,125.8,lux
2026-09-27,09:31:50,Temperature,23.3,°C
2026-09-27,09:31:50,Humidity,48.37,%
2026-09-27,09:31:50,AQI,3.0,
2026-09-27,09:31:50,TVOC,258.87,ppb
2026-09-27,09:31:50,eCO2,761.1,ppm
2026-09-27,09:31:50,Broadband,304.33,lux
2026-09-27,09:31:50,Infrared,126.13,lux
2026-09-27,09:32:20,Temperature,23.28,°C
2026-09-27,09:32:20,Humidity,48.53,%
2026-09-27,09:32:20,AQI,3.0,
2026-09-27,09:32:20,TVOC,268.13,ppb
2026-09-27,09:32:20,eCO2,771.23,ppm
2026-09-27,09:32:20,Broadband,302.27,lux
2026-09-27,09:32:20,Infrared,125.1,lux
2026-09-27,09:32:50,Temperature,23.29,°C
2026-09-27,09:32:50,Humidity,48.53,%
2026-09-27,09:32:50,AQI,3.0,
2026-09-27,09:32:50,TVOC,261.9,ppb
2026-09-27,09:32:50,eCO2,764.5,ppm
2026-09-27,09:32:50,Broadband,304.07,lux
2026-09-27,09:32:50,Infrared,125.9,lux
2026-09-27,09:33:20,Temperature,23.33,°C
2026-09-27,09:33:20,Humidity,48.38,%
2026-09-27,09:33:20,AQI,3.0,
2026-09-27,09:33:20,TVOC,257.17,ppb
2026-09-27,09:33:20,eCO2,759.53,ppm
2026-09-27,09:33:20,Broadband,320.23,lux
2026-09-27,09:33:20,Infrared,132.13,lux
2026-09-27,09:33:50,Temperature,23.34,°C
2026-09-27,09:33:50,Humidity,48.3,%
2026-09-27,09:33:50,AQI,3.0,
2026-09-27,09:33:50,TVOC,254.93,ppb
2026-09-27,09:33:50,eCO2,756.87,ppm
2026-09-27,09:33:50,Broadband,319.2,lux
2026-09-27,09:33:50,Infrared,132.57,lux
2026-09-27,09:34:20,Temperature,23.33,°C
2026-09-27,09:34:20,Humidity,48.58,%
2026-09-27,09:34:20,AQI,3.0,
2026-09-27,09:34:20,TVOC,260.07,ppb
2026-09-27,09:34:20,eCO2,762.5,ppm
2026-09-27,09:34:20,Broadband,302.2,lux
2026-09-27,09:34:20,Infrared,125.93,lux
2026-09-27,09:34:50,Temperature,23.31,°C
2026-09-27,09:34:50,Humidity,48.81,%
2026-09-27,09:34:50,AQI,3.0,
2026-09-27,09:34:50,TVOC,259.23,ppb
2026-09-27,09:34:50,eCO2,761.53,ppm
2026-09-27,09:34:50,Broadband,271.53,lux
2026-09-27,09:34:50,Infrared,113.47,lux
2026-09-27,09:35:20,Temperature,23.33,°C
2026-09-27,09:35:20,Humidity,48.84,%
2026-09-27,09:35:20,AQI,3.0,
2026-09-27,09:35:20,TVOC,261.9,ppb
2026-09-27,09:35:20,eCO2,764.43,ppm
2026-09-27,09:35:20,Broadband,240.0,lux
2026-09-27,09:35:20,Infrared,101.4,lux
2026-09-27,09:35:50,Temperature,23.28,°C
2026-09-27,09:35:50,Humidity,49.1,%
2026-09-27,09:35:50,AQI,3.0,
2026-09-27,09:35:50,TVOC,261.07,ppb
2026-09-27,09:35:50,eCO2,763.47,ppm
2026-09-27,09:35:50,Broadband,234.6,lux
2026-09-27,09:35:50,Infrared,98.93,lux
2026-09-27,09:36:20,Temperature,23.27,°C
2026-09-27,09:36:20,Humidity,48.86,%
2026-09-27,09:36:20,AQI,3.0,
2026-09-27,09:36:20,TVOC,269.57,ppb
2026-09-27,09:36:20,eCO2,772.53,ppm
2026-09-27,09:36:20,Broadband,253.83,lux
2026-09-27,09:36:20,Infrared,106.03,lux
2026-09-27,09:36:50,Temperature,23.28,°C
2026-09-27,09:36:50,Humidity,48.68,%
2026-09-27,09:36:50,AQI,3.0,
2026-09-27,09:36:50,TVOC,263.83,ppb
2026-09-27,09:36:50,eCO2,766.43,ppm
2026-09-27,09:36:50,Broadband,275.5,lux
2026-09-27,09:36:50,Infrared,114.0,lux
2026-09-27,09:37:20,Temperature,23.31,°C
2026-09-27,09:37:20,Humidity,48.46,%
2026-09-27,09:37:20,AQI,3.0,
2026-09-27,09:37:20,TVOC,258.8,ppb
2026-09-27,09:37:20,eCO2,761.33,ppm
2026-09-27,09:37:20,Broadband,295.43,lux
2026-09-27,09:37:20,Infrared,121.23,lux
2026-09-27,09:37:50,Temperature,23.34,°C
2026-09-27,09:37:50,Humidity,48.42,%
2026-09-27,09:37:50,AQI,3.0,
2026-09-27,09:37:50,TVOC,250.2,ppb
2026-09-27,09:37:50,eCO2,751.87,ppm
2026-09-27,09:37:50,Broadband,302.93,lux
2026-09-27,09:37:50,Infrared,123.93,lux
2026-09-27,09:38:20,Temperature,23.33,°C
2026-09-27,09:38:20,Humidity,48.35,%
2026-09-27,09:38:20,AQI,3.0,
2026-09-27,09:38:20,TVOC,251.27,ppb
2026-09-27,09:38:20,eCO2,752.77,ppm
2026-09-27,09:38:20,Broadband,312.47,lux
2026-09-27,09:38:20,Infrared,127.23,lux
2026-09-27,09:38:50,Temperature,23.33,°C
2026-09-27,09:38:50,Humidity,48.51,%
2026-09-27,09:38:50,AQI,3.0,
2026-09-27,09:38:50,TVOC,247.9,ppb
2026-09-27,09:38:50,eCO2,749.17,ppm
2026-09-27,09:38:50,Broadband,299.67,lux
2026-09-27,09:38:50,Infrared,122.5,lux
2026-09-27,09:39:20,Temperature,23.32,°C
2026-09-27,09:39:20,Humidity,48.75,%
2026-09-27,09:39:20,AQI,3.0,
2026-09-27,09:39:20,TVOC,241.1,ppb
2026-09-27,09:39:20,eCO2,741.53,ppm
2026-09-27,09:39:20,Broadband,316.0,lux
2026-09-27,09:39:20,Infrared,127.7,lux
2026-09-27,09:39:50,Temperature,23.29,°C
2026-09-27,09:39:50,Humidity,48.99,%
2026-09-27,09:39:50,AQI,3.0,
2026-09-27,09:39:50,TVOC,244.53,ppb
2026-09-27,09:39:50,eCO2,745.43,ppm
2026-09-27,09:39:50,Broadband,283.43,lux
2026-09-27,09:39:50,Infrared,116.5,lux
2026-09-27,09:40:20,Temperature,23.27,°C
2026-09-27,09:40:20,Humidity,49.12,%
2026-09-27,09:40:20,AQI,3.0,
2026-09-27,09:40:20,TVOC,253.57,ppb
2026-09-27,09:40:20,eCO2,755.33,ppm
2026-09-27,09:40:20,Broadband,250.53,lux
2026-09-27,09:40:20,Infrared,104.57,lux
2026-09-27,09:40:50,Temperature,23.24,°C
2026-09-27,09:40:50,Humidity,49.15,%
2026-09-27,09:40:50,AQI,3.0,
2026-09-27,09:40:50,TVOC,257.7,ppb
2026-09-27,09:40:50,eCO2,759.93,ppm
2026-09-27,09:40:50,Broadband,244.0,lux
2026-09-27,09:40:50,Infrared,102.43,lux
2026-09-27,09:41:20,Temperature,23.24,°C
2026-09-27,09:41:20,Humidity,49.02,%
2026-09-27,09:41:20,AQI,3.0,
2026-09-27,09:41:20,TVOC,258.57,ppb
2026-09-27,09:41:20,eCO2,760.73,ppm
2026-09-27,09:41:20,Broadband,275.57,lux
2026-09-27,09:41:20,Infrared,114.63,lux
2026-09-27,09:41:50,Temperature,23.26,°C
2026-09-27,09:41:50,Humidity,48.99,%
2026-09-27,09:41:50,AQI,3.0,
2026-09-27,09:41:50,TVOC,264.23,ppb
2026-09-27,09:41:50,eCO2,766.8,ppm
2026-09-27,09:41:50,Broadband,340.53,lux
2026-09-27,09:41:50,Infrared,138.73,lux
2026-09-27,09:42:20,Temperature,23.28,°C
2026-09-27,09:42:20,Humidity,48.86,%
2026-09-27,09:42:20,AQI,3.0,
2026-09-27,09:42:20,TVOC,262.07,ppb
2026-09-27,09:42:20,eCO2,764.77,ppm
2026-09-27,09:42:20,Broadband,372.23,lux
2026-09-27,09:42:20,Infrared,151.33,lux
2026-09-27,09:42:50,Temperature,23.35,°C
2026-09-27,09:42:50,Humidity,48.68,%
2026-09-27,09:42:50,AQI,3.0,
2026-09-27,09:42:50,TVOC,265.4,ppb
2026-09-27,09:42:50,eCO2,768.17,ppm
2026-09-27,09:42:50,Broadband,369.47,lux
2026-09-27,09:42:50,Infrared,150.4,lux
2026-09-27,09:43:20,Temperature,23.42,°C
2026-09-27,09:43:20,Humidity,48.4,%
2026-09-27,09:43:20,AQI,3.0,
2026-09-27,09:43:20,TVOC,271.6,ppb
2026-09-27,09:43:20,eCO2,774.67,ppm
2026-09-27,09:43:20,Broadband,392.23,lux
2026-09-27,09:43:20,Infrared,158.77,lux
2026-09-27,09:43:50,Temperature,23.4,°C
2026-09-27,09:43:50,Humidity,48.42,%
2026-09-27,09:43:50,AQI,3.0,
2026-09-27,09:43:50,TVOC,272.4,ppb
2026-09-27,09:43:50,eCO2,775.47,ppm
2026-09-27,09:43:50,Broadband,384.9,lux
2026-09-27,09:43:50,Infrared,156.23,lux
2026-09-27,09:44:20,Temperature,23.34,°C
2026-09-27,09:44:20,Humidity,48.84,%
2026-09-27,09:44:20,AQI,3.0,
2026-09-27,09:44:20,TVOC,277.27,ppb
2026-09-27,09:44:20,eCO2,780.5,ppm
2026-09-27,09:44:20,Broadband,383.7,lux
2026-09-27,09:44:20,Infrared,155.77,lux
2026-09-27,09:44:50,Temperature,23.34,°C
2026-09-27,09:44:50,Humidity,49.09,%
2026-09-27,09:44:50,AQI,3.0,
2026-09-27,09:44:50,TVOC,287.37,ppb
2026-09-27,09:44:50,eCO2,790.9,ppm
2026-09-27,09:44:50,Broadband,350.1,lux
2026-09-27,09:44:50,Infrared,144.7,lux
2026-09-27,09:45:20,Temperature,23.35,°C
2026-09-27,09:45:20,Humidity,49.12,%
2026-09-27,09:45:20,AQI,3.0,
2026-09-27,09:45:20,TVOC,290.33,ppb
2026-09-27,09:45:20,eCO2,793.17,ppm
2026-09-27,09:45:20,Broadband,326.4,lux
2026-09-27,09:45:20,Infrared,136.47,lux
2026-09-27,09:45:50,Temperature,23.34,°C
2026-09-27,09:45:50,Humidity,48.93,%
2026-09-27,09:45:50,AQI,3.0,
2026-09-27,09:45:50,TVOC,295.93,ppb
2026-09-27,09:45:50,eCO2,797.1,ppm
2026-09-27,09:45:50,Broadband,356.37,lux
2026-09-27,09:45:50,Infrared,147.6,lux
2026-09-27,09:46:20,Temperature,23.31,°C
2026-09-27,09:46:20,Humidity,49.12,%
2026-09-27,09:46:20,AQI,3.0,
2026-09-27,09:46:20,TVOC,311.87,ppb
2026-09-27,09:46:20,eCO2,804.93,ppm
2026-09-27,09:46:20,Broadband,379.7,lux
2026-09-27,09:46:20,Infrared,156.9,lux
2026-09-27,09:46:50,Temperature,23.28,°C
2026-09-27,09:46:50,Humidity,49.23,%
2026-09-27,09:46:50,AQI,3.0,
2026-09-27,09:46:50,TVOC,315.8,ppb
2026-09-27,09:46:50,eCO2,806.5,ppm
2026-09-27,09:46:50,Broadband,384.0,lux
2026-09-27,09:46:50,Infrared,159.27,lux
2026-09-27,09:47:20,Temperature,23.29,°C
2026-09-27,09:47:20,Humidity,49.34,%
2026-09-27,09:47:20,AQI,3.0,
2026-09-27,09:47:20,TVOC,320.2,ppb
2026-09-27,09:47:20,eCO2,808.03,ppm
2026-09-27,09:47:20,Broadband,366.2,lux
2026-09-27,09:47:20,Infrared,151.17,lux
2026-09-27,09:47:50,Temperature,23.28,°C
2026-09-27,09:47:50,Humidity,49.31,%
2026-09-27,09:47:50,AQI,3.0,
2026-09-27,09:47:50,TVOC,306.43,ppb
2026-09-27,09:47:50,eCO2,802.97,ppm
2026-09-27,09:47:50,Broadband,358.8,lux
2026-09-27,09:47:50,Infrared,147.57,lux
2026-09-27,09:48:20,Temperature,23.25,°C
2026-09-27,09:48:20,Humidity,49.35,%
2026-09-27,09:48:20,AQI,3.0,
2026-09-27,09:48:20,TVOC,300.63,ppb
2026-09-27,09:48:20,eCO2,800.17,ppm
2026-09-27,09:48:20,Broadband,352.27,lux
2026-09-27,09:48:20,Infrared,144.33,lux
2026-09-27,09:48:50,Temperature,23.26,°C
2026-09-27,09:48:50,Humidity,49.57,%
2026-09-27,09:48:50,AQI,3.0,
2026-09-27,09:48:50,TVOC,297.17,ppb
2026-09-27,09:48:50,eCO2,797.87,ppm
2026-09-27,09:48:50,Broadband,347.67,lux
2026-09-27,09:48:50,Infrared,142.37,lux
2026-09-27,09:49:20,Temperature,23.26,°C
2026-09-27,09:49:20,Humidity,49.59,%
2026-09-27,09:49:20,AQI,3.0,
2026-09-27,09:49:20,TVOC,299.37,ppb
2026-09-27,09:49:20,eCO2,799.2,ppm
2026-09-27,09:49:20,Broadband,347.63,lux
2026-09-27,09:49:20,Infrared,142.67,lux
2026-09-27,09:49:50,Temperature,23.28,°C
2026-09-27,09:49:50,Humidity,49.65,%
2026-09-27,09:49:50,AQI,3.0,
2026-09-27,09:49:50,TVOC,304.67,ppb
2026-09-27,09:49:50,eCO2,801.93,ppm
2026-09-27,09:49:50,Broadband,340.0,lux
2026-09-27,09:49:50,Infrared,138.87,lux
2026-09-27,09:50:20,Temperature,23.29,°C
2026-09-27,09:50:20,Humidity,49.46,%
2026-09-27,09:50:20,AQI,3.0,
2026-09-27,09:50:20,TVOC,300.8,ppb
2026-09-27,09:50:20,eCO2,800.27,ppm
2026-09-27,09:50:20,Broadband,315.37,lux
2026-09-27,09:50:20,Infrared,129.9,lux
2026-09-27,09:50:50,Temperature,23.3,°C
2026-09-27,09:50:50,Humidity,49.31,%
2026-09-27,09:50:50,AQI,3.0,
2026-09-27,09:50:50,TVOC,301.23,ppb
2026-09-27,09:50:50,eCO2,800.3,ppm
2026-09-27,09:50:50,Broadband,293.73,lux
2026-09-27,09:50:50,Infrared,121.53,lux
2026-09-27,09:51:20,Temperature,23.27,°C
2026-09-27,09:51:20,Humidity,49.47,%
2026-09-27,09:51:20,AQI,3.0,
2026-09-27,09:51:20,TVOC,299.23,ppb
2026-09-27,09:51:20,eCO2,799.63,ppm
2026-09-27,09:51:20,Broadband,301.17,lux
2026-09-27,09:51:20,Infrared,123.03,lux
2026-09-27,09:51:50,Temperature,23.31,°C
2026-09-27,09:51:50,Humidity,49.44,%
2026-09-27,09:51:50,AQI,3.0,
2026-09-27,09:51:50,TVOC,303.23,ppb
2026-09-27,09:51:50,eCO2,801.73,ppm
2026-09-27,09:51:50,Broadband,283.1,lux
2026-09-27,09:51:50,Infrared,116.13,lux
2026-09-27,09:52:20,Temperature,23.32,°C
2026-09-27,09:52:20,Humidity,49.49,%
2026-09-27,09:52:20,AQI,3.0,
2026-09-27,09:52:20,TVOC,304.27,ppb
2026-09-27,09:52:20,eCO2,802.4,ppm
2026-09-27,09:52:20,Broadband,256.5,lux
2026-09-27,09:52:20,Infrared,106.23,lux
2026-09-27,09:52:50,Temperature,23.29,°C
2026-09-27,09:52:50,Humidity,49.67,%
2026-09-27,09:52:50,AQI,3.0,
2026-09-27,09:52:50,TVOC,300.93,ppb
2026-09-27,09:52:50,eCO2,800.77,ppm
2026-09-27,09:52:50,Broadband,230.03,lux
2026-09-27,09:52:50,Infrared,95.73,lux
2026-09-27,09:53:20,Temperature,23.31,°C
2026-09-27,09:53:20,Humidity,49.86,%
2026-09-27,09:53:20,AQI,3.0,
2026-09-27,09:53:20,TVOC,301.57,ppb
2026-09-27,09:53:20,eCO2,800.13,ppm
2026-09-27,09:53:20,Broadband,231.43,lux
2026-09-27,09:53:20,Infrared,95.6,lux
2026-09-27,09:53:50,Temperature,23.3,°C
2026-09-27,09:53:50,Humidity,49.73,%
2026-09-27,09:53:50,AQI,3.0,
2026-09-27,09:53:50,TVOC,292.9,ppb
2026-09-27,09:53:50,eCO2,795.53,ppm
2026-09-27,09:53:50,Broadband,231.23,lux
2026-09-27,09:53:50,Infrared,95.1,lux
2026-09-27,09:54:20,Temperature,23.33,°C
2026-09-27,09:54:20,Humidity,49.44,%
2026-09-27,09:54:20,AQI,3.0,
2026-09-27,09:54:20,TVOC,292.0,ppb
2026-09-27,09:54:20,eCO2,793.97,ppm
2026-09-27,09:54:20,Broadband,230.1,lux
2026-09-27,09:54:20,Infrared,95.0,lux
2026-09-27,09:54:50,Temperature,23.35,°C
2026-09-27,09:54:50,Humidity,49.45,%
2026-09-27,09:54:50,AQI,3.0,
2026-09-27,09:54:50,TVOC,288.47,ppb
2026-09-27,09:54:50,eCO2,791.83,ppm
2026-09-27,09:54:50,Broadband,228.3,lux
2026-09-27,09:54:50,Infrared,94.1,lux
2026-09-27,09:55:20,Temperature,23.35,°C
2026-09-27,09:55:20,Humidity,49.72,%
2026-09-27,09:55:20,AQI,3.0,
2026-09-27,09:55:20,TVOC,292.77,ppb
2026-09-27,09:55:20,eCO2,795.0,ppm
2026-09-27,09:55:20,Broadband,220.8,lux
2026-09-27,09:55:20,Infrared,91.67,lux
2026-09-27,09:55:50,Temperature,23.32,°C
2026-09-27,09:55:50,Humidity,49.83,%
2026-09-27,09:55:50,AQI,3.0,
2026-09-27,09:55:50,TVOC,293.63,ppb
2026-09-27,09:55:50,eCO2,795.87,ppm
2026-09-27,09:55:50,Broadband,211.57,lux
2026-09-27,09:55:50,Infrared,88.5,lux
2026-09-27,09:56:20,Temperature,23.32,°C
2026-09-27,09:56:20,Humidity,49.77,%
2026-09-27,09:56:20,AQI,3.0,
2026-09-27,09:56:20,TVOC,290.37,ppb
2026-09-27,09:56:20,eCO2,792.9,ppm
2026-09-27,09:56:20,Broadband,223.33,lux
2026-09-27,09:56:20,Infrared,92.13,lux
2026-09-27,09:56:50,Temperature,23.32,°C
2026-09-27,09:56:50,Humidity,49.66,%
2026-09-27,09:56:50,AQI,3.0,
2026-09-27,09:56:50,TVOC,286.63,ppb
2026-09-27,09:56:50,eCO2,789.83,ppm
2026-09-27,09:56:50,Broadband,238.9,lux
2026-09-27,09:56:50,Infrared,97.9,lux
2026-09-27,09:57:20,Temperature,23.3,°C
2026-09-27,09:57:20,Humidity,49.59,%
2026-09-27,09:57:20,AQI,3.0,
2026-09-27,09:57:20,TVOC,278.67,ppb
2026-09-27,09:57:20,eCO2,782.0,ppm
2026-09-27,09:57:20,Broadband,252.6,lux
2026-09-27,09:57:20,Infrared,102.63,lux
2026-09-27,09:57:50,Temperature,23.31,°C
2026-09-27,09:57:50,Humidity,49.6,%
2026-09-27,09:57:50,AQI,3.0,
2026-09-27,09:57:50,TVOC,279.53,ppb
2026-09-27,09:57:50,eCO2,782.6,ppm
2026-09-27,09:57:50,Broadband,259.27,lux
2026-09-27,09:57:50,Infrared,105.13,lux
2026-09-27,09:58:20,Temperature,23.34,°C
2026-09-27,09:58:20,Humidity,49.49,%
2026-09-27,09:58:20,AQI,3.0,
2026-09-27,09:58:20,TVOC,286.37,ppb
2026-09-27,09:58:20,eCO2,789.5,ppm
2026-09-27,09:58:20,Broadband,255.43,lux
2026-09-27,09:58:20,Infrared,103.87,lux
2026-09-27,09:58:50,Temperature,23.32,°C
2026-09-27,09:58:50,Humidity,49.3,%
2026-09-27,09:58:50,AQI,3.0,
2026-09-27,09:58:50,TVOC,282.5,ppb
2026-09-27,09:58:50,eCO2,786.0,ppm
2026-09-27,09:58:50,Broadband,239.17,lux
2026-09-27,09:58:50,Infrared,97.87,lux
2026-09-27,09:59:20,Temperature,23.32,°C
2026-09-27,09:59:20,Humidity,49.36,%
2026-09-27,09:59:20,AQI,3.0,
2026-09-27,09:59:20,TVOC,287.33,ppb
2026-09-27,09:59:20,eCO2,790.63,ppm
2026-09-27,09:59:20,Broadband,218.63,lux
2026-09-27,09:59:20,Infrared,90.33,lux
2026-09-27,09:59:50,Temperature,23.37,°C
2026-09-27,09:59:50,Humidity,49.47,%
2026-09-27,09:59:50,AQI,3.0,
2026-09-27,09:59:50,TVOC,296.03,ppb
2026-09-27,09:59:50,eCO2,796.87,ppm
2026-09-27,09:59:50,Broadband,205.83,lux
2026-09-27,09:59:50,Infrared,85.1,lux
2026-09-27,10:00:20,Temperature,23.39,°C
2026-09-27,10:00:20,Humidity,49.31,%
2026-09-27,10:00:20,AQI,3.0,
2026-09-27,10:00:20,TVOC,294.2,ppb
2026-09-27,10:00:20,eCO2,796.3,ppm
2026-09-27,10:00:20,Broadband,204.97,lux
2026-09-27,10:00:20,Infrared,84.1,lux
2026-09-27,10:00:50,Temperature,23.39,°C
2026-09-27,10:00:50,Humidity,49.32,%
2026-09-27,10:00:50,AQI,3.0,
2026-09-27,10:00:50,TVOC,290.83,ppb
2026-09-27,10:00:50,eCO2,793.13,ppm
2026-09-27,10:00:50,Broadband,204.43,lux
2026-09-27,10:00:50,Infrared,83.87,lux
2026-09-27,10:01:20,Temperature,23.36,°C
2026-09-27,10:01:20,Humidity,49.44,%
2026-09-27,10:01:20,AQI,3.0,
2026-09-27,10:01:20,TVOC,287.37,ppb
2026-09-27,10:01:20,eCO2,790.47,ppm
2026-09-27,10:01:20,Broadband,199.6,lux
2026-09-27,10:01:20,Infrared,82.37,lux
2026-09-27,10:01:50,Temperature,23.38,°C
2026-09-27,10:01:50,Humidity,49.58,%
2026-09-27,10:01:50,AQI,3.0,
2026-09-27,10:01:50,TVOC,290.13,ppb
2026-09-27,10:01:50,eCO2,793.13,ppm
2026-09-27,10:01:50,Broadband,201.3,lux
2026-09-27,10:01:50,Infrared,83.13,lux
2026-09-27,10:02:20,Temperature,23.36,°C
2026-09-27,10:02:20,Humidity,49.72,%
2026-09-27,10:02:20,AQI,3.0,
2026-09-27,10:02:20,TVOC,286.3,ppb
2026-09-27,10:02:20,eCO2,789.6,ppm
2026-09-27,10:02:20,Broadband,207.4,lux
2026-09-27,10:02:20,Infrared,86.53,lux
2026-09-27,10:02:50,Temperature,23.32,°C
2026-09-27,10:02:50,Humidity,49.87,%
2026-09-27,10:02:50,AQI,3.0,
2026-09-27,10:02:50,TVOC,287.43,ppb
2026-09-27,10:02:50,eCO2,790.33,ppm
2026-09-27,10:02:50,Broadband,220.13,lux
2026-09-27,10:02:50,Infrared,92.3,lux
2026-09-27,10:03:20,Temperature,23.33,°C
2026-09-27,10:03:20,Humidity,49.94,%
2026-09-27,10:03:20,AQI,3.0,
2026-09-27,10:03:20,TVOC,290.63,ppb
2026-09-27,10:03:20,eCO2,792.9,ppm
2026-09-27,10:03:20,Broadband,243.07,lux
2026-09-27,10:03:20,Infrared,102.43,lux
2026-09-27,10:03:50,Temperature,23.33,°C
2026-09-27,10:03:50,Humidity,49.86,%
2026-09-27,10:03:50,AQI,3.0,
2026-09-27,10:03:50,TVOC,289.03,ppb
2026-09-27,10:03:50,eCO2,792.1,ppm
2026-09-27,10:03:50,Broadband,271.97,lux
2026-09-27,10:03:50,Infrared,114.33,lux
2026-09-27,10:04:20,Temperature,23.34,°C
2026-09-27,10:04:20,Humidity,49.6,%
2026-09-27,10:04:20,AQI,3.0,
2026-09-27,10:04:20,TVOC,288.27,ppb
2026-09-27,10:04:20,eCO2,791.07,ppm
2026-09-27,10:04:20,Broadband,289.93,lux
2026-09-27,10:04:20,Infrared,120.23,lux
2026-09-27,10:04:50,Temperature,23.37,°C
2026-09-27,10:04:50,Humidity,49.29,%
2026-09-27,10:04:50,AQI,3.0,
2026-09-27,10:04:50,TVOC,291.27,ppb
2026-09-27,10:04:50,eCO2,794.3,ppm
2026-09-27,10:04:50,Broadband,316.13,lux
2026-09-27,10:04:50,Infrared,129.5,lux
2026-09-27,10:05:20,Temperature,23.35,°C
2026-09-27,10:05:20,Humidity,49.41,%
2026-09-27,10:05:20,AQI,3.0,
2026-09-27,10:05:20,TVOC,288.37,ppb
2026-09-27,10:05:20,eCO2,791.47,ppm
2026-09-27,10:05:20,Broadband,330.17,lux
2026-09-27,10:05:20,Infrared,134.77,lux
2026-09-27,10:05:50,Temperature,23.36,°C
2026-09-27,10:05:50,Humidity,49.6,%
2026-09-27,10:05:50,AQI,3.0,
2026-09-27,10:05:50,TVOC,289.2,ppb
2026-09-27,10:05:50,eCO2,791.6,ppm
2026-09-27,10:05:50,Broadband,381.03,lux
2026-09-27,10:05:50,Infrared,153.13,lux
2026-09-27,10:06:20,Temperature,23.35,°C
2026-09-27,10:06:20,Humidity,49.83,%
2026-09-27,10:06:20,AQI,3.0,
2026-09-27,10:06:20,TVOC,299.47,ppb
2026-09-27,10:06:20,eCO2,799.53,ppm
2026-09-27,10:06:20,Broadband,422.2,lux
2026-09-27,10:06:20,Infrared,168.3,lux
2026-09-27,10:06:50,Temperature,23.34,°C
2026-09-27,10:06:50,Humidity,50.36,%
2026-09-27,10:06:50,AQI,3.0,
2026-09-27,10:06:50,TVOC,300.43,ppb
2026-09-27,10:06:50,eCO2,799.73,ppm
2026-09-27,10:06:50,Broadband,420.2,lux
2026-09-27,10:06:50,Infrared,167.8,lux
2026-09-27,10:07:20,Temperature,23.37,°C
2026-09-27,10:07:20,Humidity,50.37,%
2026-09-27,10:07:20,AQI,3.0,
2026-09-27,10:07:20,TVOC,299.7,ppb
2026-09-27,10:07:20,eCO2,799.97,ppm
2026-09-27,10:07:20,Broadband,382.9,lux
2026-09-27,10:07:20,Infrared,153.9,lux
2026-09-27,10:07:50,Temperature,23.39,°C
2026-09-27,10:07:50,Humidity,50.14,%
2026-09-27,10:07:50,AQI,3.0,
2026-09-27,10:07:50,TVOC,296.77,ppb
2026-09-27,10:07:50,eCO2,798.23,ppm
2026-09-27,10:07:50,Broadband,340.97,lux
2026-09-27,10:07:50,Infrared,137.77,lux
2026-09-27,10:08:20,Temperature,23.39,°C
2026-09-27,10:08:20,Humidity,50.15,%
2026-09-27,10:08:20,AQI,3.0,
2026-09-27,10:08:20,TVOC,294.5,ppb
2026-09-27,10:08:20,eCO2,796.13,ppm
2026-09-27,10:08:20,Broadband,308.43,lux
2026-09-27,10:08:20,Infrared,125.43,lux
2026-09-27,10:08:50,Temperature,23.36,°C
2026-09-27,10:08:50,Humidity,50.21,%
2026-09-27,10:08:50,AQI,3.0,
2026-09-27,10:08:50,TVOC,288.27,ppb
2026-09-27,10:08:50,eCO2,791.37,ppm
2026-09-27,10:08:50,Broadband,285.03,lux
2026-09-27,10:08:50,Infrared,115.8,lux
2026-09-27,10:09:20,Temperature,23.35,°C
2026-09-27,10:09:20,Humidity,50.15,%
2026-09-27,10:09:20,AQI,3.0,
2026-09-27,10:09:20,TVOC,289.9,ppb
2026-09-27,10:09:20,eCO2,792.47,ppm
2026-09-27,10:09:20,Broadband,269.9,lux
2026-09-27,10:09:20,Infrared,109.13,lux
2026-09-27,10:09:50,Temperature,23.38,°C
2026-09-27,10:09:50,Humidity,50.08,%
2026-09-27,10:09:50,AQI,3.0,
2026-09-27,10:09:50,TVOC,293.83,ppb
2026-09-27,10:09:50,eCO2,795.9,ppm
2026-09-27,10:09:50,Broadband,257.23,lux
2026-09-27,10:09:50,Infrared,103.6,lux
2026-09-27,10:10:20,Temperature,23.39,°C
2026-09-27,10:10:20,Humidity,50.14,%
2026-09-27,10:10:20,AQI,3.0,
2026-09-27,10:10:20,TVOC,297.57,ppb
2026-09-27,10:10:20,eCO2,798.83,ppm
2026-09-27,10:10:20,Broadband,244.77,lux
2026-09-27,10:10:20,Infrared,98.17,lux
2026-09-27,10:10:50,Temperature,23.39,°C
2026-09-27,10:10:50,Humidity,50.0,%
2026-09-27,10:10:50,AQI,3.0,
2026-09-27,10:10:50,TVOC,293.5,ppb
2026-09-27,10:10:50,eCO2,795.47,ppm
2026-09-27,10:10:50,Broadband,234.83,lux
2026-09-27,10:10:50,Infrared,93.87,lux
2026-09-27,10:11:20,Temperature,23.39,°C
2026-09-27,10:11:20,Humidity,49.95,%
2026-09-27,10:11:20,AQI,3.0,
2026-09-27,10:11:20,TVOC,290.07,ppb
2026-09-27,10:11:20,eCO2,792.83,ppm
2026-09-27,10:11:20,Broadband,224.4,lux
2026-09-27,10:11:20,Infrared,89.7,lux
2026-09-27,10:11:50,Temperature,23.4,°C
2026-09-27,10:11:50,Humidity,49.9,%
2026-09-27,10:11:50,AQI,3.0,
2026-09-27,10:11:50,TVOC,289.27,ppb
2026-09-27,10:11:50,eCO2,792.1,ppm
2026-09-27,10:11:50,Broadband,217.93,lux
2026-09-27,10:11:50,Infrared,87.13,lux
2026-09-27,10:12:20,Temperature,23.42,°C
2026-09-27,10:12:20,Humidity,49.96,%
2026-09-27,10:12:20,AQI,3.0,
2026-09-27,10:12:20,TVOC,288.07,ppb
2026-09-27,10:12:20,eCO2,791.4,ppm
2026-09-27,10:12:20,Broadband,217.4,lux
2026-09-27,10:12:20,Infrared,86.83,lux
2026-09-27,10:12:50,Temperature,23.44,°C
2026-09-27,10:12:50,Humidity,49.92,%
2026-09-27,10:12:50,AQI,3.0,
2026-09-27,10:12:50,TVOC,298.23,ppb
2026-09-27,10:12:50,eCO2,799.2,ppm
2026-09-27,10:12:50,Broadband,203.07,lux
2026-09-27,10:12:50,Infrared,81.57,lux
2026-09-27,10:13:20,Temperature,23.39,°C
2026-09-27,10:13:20,Humidity,50.22,%
2026-09-27,10:13:20,AQI,3.0,
2026-09-27,10:13:20,TVOC,289.33,ppb
2026-09-27,10:13:20,eCO2,791.83,ppm
2026-09-27,10:13:20,Broadband,186.23,lux
2026-09-27,10:13:20,Infrared,75.0,lux
2026-09-27,10:13:50,Temperature,23.37,°C
2026-09-27,10:13:50,Humidity,50.56,%
2026-09-27,10:13:50,AQI,3.0,
2026-09-27,10:13:50,TVOC,281.53,ppb
2026-09-27,10:13:50,eCO2,785.03,ppm
2026-09-27,10:13:50,Broadband,192.47,lux
2026-09-27,10:13:50,Infrared,76.83,lux
2026-09-27,10:14:20,Temperature,23.39,°C
2026-09-27,10:14:20,Humidity,50.52,%
2026-09-27,10:14:20,AQI,3.0,
2026-09-27,10:14:20,TVOC,286.6,ppb
2026-09-27,10:14:20,eCO2,789.6,ppm
2026-09-27,10:14:20,Broadband,191.23,lux
2026-09-27,10:14:20,Infrared,76.6,lux
2026-09-27,10:14:50,Temperature,23.38,°C
2026-09-27,10:14:50,Humidity,50.27,%
2026-09-27,10:14:50,AQI,3.0,
2026-09-27,10:14:50,TVOC,285.17,ppb
2026-09-27,10:14:50,eCO2,787.93,ppm
2026-09-27,10:14:50,Broadband,185.9,lux
2026-09-27,10:14:50,Infrared,74.63,lux
2026-09-27,10:15:20,Temperature,23.37,°C
2026-09-27,10:15:20,Humidity,50.09,%
2026-09-27,10:15:20,AQI,3.0,
2026-09-27,10:15:20,TVOC,294.1,ppb
2026-09-27,10:15:20,eCO2,795.73,ppm
2026-09-27,10:15:20,Broadband,178.57,lux
2026-09-27,10:15:20,Infrared,72.33,lux
2026-09-27,10:15:50,Temperature,23.36,°C
2026-09-27,10:15:50,Humidity,49.98,%
2026-09-27,10:15:50,AQI,3.0,
2026-09-27,10:15:50,TVOC,286.27,ppb
2026-09-27,10:15:50,eCO2,788.9,ppm
2026-09-27,10:15:50,Broadband,173.33,lux
2026-09-27,10:15:50,Infrared,71.0,lux
2026-09-27,10:16:20,Temperature,23.37,°C
2026-09-27,10:16:20,Humidity,49.84,%
2026-09-27,10:16:20,AQI,3.0,
2026-09-27,10:16:20,TVOC,289.8,ppb
2026-09-27,10:16:20,eCO2,793.2,ppm
2026-09-27,10:16:20,Broadband,175.47,lux
2026-09-27,10:16:20,Infrared,71.47,lux
2026-09-27,10:16:50,Temperature,23.37,°C
2026-09-27,10:16:50,Humidity,49.63,%
2026-09-27,10:16:50,AQI,3.0,
2026-09-27,10:16:50,TVOC,288.27,ppb
2026-09-27,10:16:50,eCO2,791.03,ppm
2026-09-27,10:16:50,Broadband,179.43,lux
2026-09-27,10:16:50,Infrared,72.97,lux
2026-09-27,10:17:20,Temperature,23.37,°C
2026-09-27,10:17:20,Humidity,49.66,%
2026-09-27,10:17:20,AQI,3.0,
2026-09-27,10:17:20,TVOC,288.83,ppb
2026-09-27,10:17:20,eCO2,791.73,ppm
2026-09-27,10:17:20,Broadband,185.33,lux
2026-09-27,10:17:20,Infrared,75.0,lux
2026-09-27,10:17:50,Temperature,23.38,°C
2026-09-27,10:17:50,Humidity,49.88,%
2026-09-27,10:17:50,AQI,3.0,
2026-09-27,10:17:50,TVOC,288.07,ppb
2026-09-27,10:17:50,eCO2,791.33,ppm
2026-09-27,10:17:50,Broadband,195.53,lux
2026-09-27,10:17:50,Infrared,78.6,lux
2026-09-27,10:18:20,Temperature,23.38,°C
2026-09-27,10:18:20,Humidity,50.04,%
2026-09-27,10:18:20,AQI,3.0,
2026-09-27,10:18:20,TVOC,291.23,ppb
2026-09-27,10:18:20,eCO2,793.83,ppm
2026-09-27,10:18:20,Broadband,206.07,lux
2026-09-27,10:18:20,Infrared,82.43,lux
2026-09-27,10:18:50,Temperature,23.39,°C
2026-09-27,10:18:50,Humidity,50.23,%
2026-09-27,10:18:50,AQI,3.0,
2026-09-27,10:18:50,TVOC,288.9,ppb
2026-09-27,10:18:50,eCO2,792.03,ppm
2026-09-27,10:18:50,Broadband,217.8,lux
2026-09-27,10:18:50,Infrared,87.0,lux
2026-09-27,10:19:20,Temperature,23.41,°C
2026-09-27,10:19:20,Humidity,50.37,%
2026-09-27,10:19:20,AQI,3.0,
2026-09-27,10:19:20,TVOC,288.03,ppb
2026-09-27,10:19:20,eCO2,791.27,ppm
2026-09-27,10:19:20,Broadband,224.07,lux
2026-09-27,10:19:20,Infrared,89.8,lux
2026-09-27,10:19:50,Temperature,23.41,°C
2026-09-27,10:19:50,Humidity,50.35,%
2026-09-27,10:19:50,AQI,3.0,
2026-09-27,10:19:50,TVOC,286.23,ppb
2026-09-27,10:19:50,eCO2,789.27,ppm
2026-09-27,10:19:50,Broadband,220.3,lux
2026-09-27,10:19:50,Infrared,88.7,lux
2026-09-27,10:20:20,Temperature,23.4,°C
2026-09-27,10:20:20,Humidity,50.11,%
2026-09-27,10:20:20,AQI,3.0,
2026-09-27,10:20:20,TVOC,283.53,ppb
2026-09-27,10:20:20,eCO2,786.5,ppm
2026-09-27,10:20:20,Broadband,217.77,lux
2026-09-27,10:20:20,Infrared,87.73,lux
2026-09-27,10:20:50,Temperature,23.39,°C
2026-09-27,10:20:50,Humidity,50.09,%
2026-09-27,10:20:50,AQI,3.0,
2026-09-27,10:20:50,TVOC,284.2,ppb
2026-09-27,10:20:50,eCO2,787.57,ppm
2026-09-27,10:20:50,Broadband,214.63,lux
2026-09-27,10:20:50,Infrared,86.7,lux
2026-09-27,10:21:20,Temperature,23.4,°C
2026-09-27,10:21:20,Humidity,50.07,%
2026-09-27,10:21:20,AQI,3.0,
2026-09-27,10:21:20,TVOC,283.07,ppb
2026-09-27,10:21:20,eCO2,786.43,ppm
2026-09-27,10:21:20,Broadband,211.03,lux
2026-09-27,10:21:20,Infrared,85.17,lux
2026-09-27,10:21:50,Temperature,23.4,°C
2026-09-27,10:21:50,Humidity,50.02,%
2026-09-27,10:21:50,AQI,3.0,
2026-09-27,10:21:50,TVOC,275.63,ppb
2026-09-27,10:21:50,eCO2,778.8,ppm
2026-09-27,10:21:50,Broadband,212.13,lux
2026-09-27,10:21:50,Infrared,85.6,lux
2026-09-27,10:22:20,Temperature,23.48,°C
2026-09-27,10:22:20,Humidity,49.67,%
2026-09-27,10:22:20,AQI,3.0,
2026-09-27,10:22:20,TVOC,284.23,ppb
2026-09-27,10:22:20,eCO2,787.83,ppm
2026-09-27,10:22:20,Broadband,224.33,lux
2026-09-27,10:22:20,Infrared,89.83,lux
2026-09-27,10:22:50,Temperature,23.5,°C
2026-09-27,10:22:50,Humidity,49.4,%
2026-09-27,10:22:50,AQI,3.0,
2026-09-27,10:22:50,TVOC,293.27,ppb
2026-09-27,10:22:50,eCO2,795.33,ppm
2026-09-27,10:22:50,Broadband,242.53,lux
2026-09-27,10:22:50,Infrared,96.2,lux
2026-09-27,10:23:20,Temperature,23.43,°C
2026-09-27,10:23:20,Humidity,49.7,%
2026-09-27,10:23:20,AQI,3.0,
2026-09-27,10:23:20,TVOC,284.63,ppb
2026-09-27,10:23:20,eCO2,788.0,ppm
2026-09-27,10:23:20,Broadband,260.43,lux
2026-09-27,10:23:20,Infrared,102.5,lux
2026-09-27,10:23:50,Temperature,23.41,°C
2026-09-27,10:23:50,Humidity,50.04,%
2026-09-27,10:23:50,AQI,3.0,
2026-09-27,10:23:50,TVOC,281.47,ppb
2026-09-27,10:23:50,eCO2,784.9,ppm
2026-09-27,10:23:50,Broadband,269.47,lux
2026-09-27,10:23:50,Infrared,105.8,lux
2026-09-27,10:24:20,Temperature,23.41,°C
2026-09-27,10:24:20,Humidity,50.23,%
2026-09-27,10:24:20,AQI,3.0,
2026-09-27,10:24:20,TVOC,283.4,ppb
2026-09-27,10:24:20,eCO2,787.07,ppm
2026-09-27,10:24:20,Broadband,270.77,lux
2026-09-27,10:24:20,Infrared,106.6,lux
2026-09-27,10:24:50,Temperature,23.41,°C
2026-09-27,10:24:50,Humidity,50.3,%
2026-09-27,10:24:50,AQI,3.0,
2026-09-27,10:24:50,TVOC,276.07,ppb
2026-09-27,10:24:50,eCO2,779.47,ppm
2026-09-27,10:24:50,Broadband,272.0,lux
2026-09-27,10:24:50,Infrared,107.73,lux
2026-09-27,10:25:20,Temperature,23.42,°C
2026-09-27,10:25:20,Humidity,50.33,%
2026-09-27,10:25:20,AQI,3.0,
2026-09-27,10:25:20,TVOC,279.67,ppb
2026-09-27,10:25:20,eCO2,783.03,ppm
2026-09-27,10:25:20,Broadband,273.97,lux
2026-09-27,10:25:20,Infrared,108.43,lux
2026-09-27,10:25:50,Temperature,23.42,°C
2026-09-27,10:25:50,Humidity,50.1,%
2026-09-27,10:25:50,AQI,3.0,
2026-09-27,10:25:50,TVOC,281.87,ppb
2026-09-27,10:25:50,eCO2,785.17,ppm
2026-09-27,10:25:50,Broadband,281.73,lux
2026-09-27,10:25:50,Infrared,111.47,lux
2026-09-27,10:26:20,Temperature,23.43,°C
2026-09-27,10:26:20,Humidity,49.95,%
2026-09-27,10:26:20,AQI,3.0,
2026-09-27,10:26:20,TVOC,281.0,ppb
2026-09-27,10:26:20,eCO2,784.37,ppm
2026-09-27,10:26:20,Broadband,288.87,lux
2026-09-27,10:26:20,Infrared,114.37,lux
2026-09-27,10:26:50,Temperature,23.4,°C
2026-09-27,10:26:50,Humidity,50.15,%
2026-09-27,10:26:50,AQI,3.0,
2026-09-27,10:26:50,TVOC,274.47,ppb
2026-09-27,10:26:50,eCO2,777.57,ppm
2026-09-27,10:26:50,Broadband,299.23,lux
2026-09-27,10:26:50,Infrared,118.2,lux
2026-09-27,10:27:20,Temperature,23.41,°C
2026-09-27,10:27:20,Humidity,50.22,%
2026-09-27,10:27:20,AQI,3.0,
2026-09-27,10:27:20,TVOC,274.27,ppb
2026-09-27,10:27:20,eCO2,777.43,ppm
2026-09-27,10:27:20,Broadband,311.03,lux
2026-09-27,10:27:20,Infrared,122.5,lux
2026-09-27,10:27:50,Temperature,23.42,°C
2026-09-27,10:27:50,Humidity,49.96,%
2026-09-27,10:27:50,AQI,3.0,
2026-09-27,10:27:50,TVOC,279.93,ppb
2026-09-27,10:27:50,eCO2,783.37,ppm
2026-09-27,10:27:50,Broadband,316.03,lux
2026-09-27,10:27:50,Infrared,124.2,lux
2026-09-27,10:28:20,Temperature,23.42,°C
2026-09-27,10:28:20,Humidity,49.97,%
2026-09-27,10:28:20,AQI,3.0,
2026-09-27,10:28:20,TVOC,273.63,ppb
2026-09-27,10:28:20,eCO2,776.9,ppm
2026-09-27,10:28:20,Broadband,320.0,lux
2026-09-27,10:28:20,Infrared,125.43,lux
2026-09-27,10:28:50,Temperature,23.42,°C
2026-09-27,10:28:50,Humidity,50.17,%
2026-09-27,10:28:50,AQI,3.0,
2026-09-27,10:28:50,TVOC,273.87,ppb
2026-09-27,10:28:50,eCO2,777.03,ppm
2026-09-27,10:28:50,Broadband,314.4,lux
2026-09-27,10:28:50,Infrared,122.8,lux
2026-09-27,10:29:20,Temperature,23.42,°C
2026-09-27,10:29:20,Humidity,50.06,%
2026-09-27,10:29:20,AQI,3.0,
2026-09-27,10:29:20,TVOC,273.77,ppb
2026-09-27,10:29:20,eCO2,776.97,ppm
2026-09-27,10:29:20,Broadband,306.9,lux
2026-09-27,10:29:20,Infrared,119.57,lux
2026-09-27,10:29:50,Temperature,23.43,°C
2026-09-27,10:29:50,Humidity,50.02,%
2026-09-27,10:29:50,AQI,3.0,
2026-09-27,10:29:50,TVOC,272.3,ppb
2026-09-27,10:29:50,eCO2,775.37,ppm
2026-09-27,10:29:50,Broadband,300.77,lux
2026-09-27,10:29:50,Infrared,117.07,lux
2026-09-27,10:30:20,Temperature,23.42,°C
2026-09-27,10:30:20,Humidity,49.98,%
2026-09-27,10:30:20,AQI,3.0,
2026-09-27,10:30:20,TVOC,270.13,ppb
2026-09-27,10:30:20,eCO2,773.23,ppm
2026-09-27,10:30:20,Broadband,293.2,lux
2026-09-27,10:30:20,Infrared,114.33,lux
2026-09-27,10:30:50,Temperature,23.4,°C
2026-09-27,10:30:50,Humidity,50.0,%
2026-09-27,10:30:50,AQI,3.0,
2026-09-27,10:30:50,TVOC,270.77,ppb
2026-09-27,10:30:50,eCO2,773.87,ppm
2026-09-27,10:30:50,Broadband,288.57,lux
2026-09-27,10:30:50,Infrared,113.0,lux
2026-09-27,10:31:20,Temperature,23.41,°C
2026-09-27,10:31:20,Humidity,50.04,%
2026-09-27,10:31:20,AQI,3.0,
2026-09-27,10:31:20,TVOC,268.37,ppb
2026-09-27,10:31:20,eCO2,771.23,ppm
2026-09-27,10:31:20,Broadband,290.83,lux
2026-09-27,10:31:20,Infrared,114.0,lux
2026-09-27,10:31:50,Temperature,23.43,°C
2026-09-27,10:31:50,Humidity,49.92,%
2026-09-27,10:31:50,AQI,3.0,
2026-09-27,10:31:50,TVOC,269.3,ppb
2026-09-27,10:31:50,eCO2,772.37,ppm
2026-09-27,10:31:50,Broadband,293.8,lux
2026-09-27,10:31:50,Infrared,115.33,lux
2026-09-27,10:32:20,Temperature,23.46,°C
2026-09-27,10:32:20,Humidity,49.92,%
2026-09-27,10:32:20,AQI,3.0,
2026-09-27,10:32:20,TVOC,272.5,ppb
2026-09-27,10:32:20,eCO2,775.77,ppm
2026-09-27,10:32:20,Broadband,296.0,lux
2026-09-27,10:32:20,Infrared,116.0,lux
2026-09-27,10:32:50,Temperature,23.47,°C
2026-09-27,10:32:50,Humidity,49.75,%
2026-09-27,10:32:50,AQI,3.0,
2026-09-27,10:32:50,TVOC,274.27,ppb
2026-09-27,10:32:50,eCO2,777.47,ppm
2026-09-27,10:32:50,Broadband,295.9,lux
2026-09-27,10:32:50,Infrared,115.93,lux
2026-09-27,10:33:20,Temperature,23.46,°C
2026-09-27,10:33:20,Humidity,49.81,%
2026-09-27,10:33:20,AQI,3.0,
2026-09-27,10:33:20,TVOC,273.5,ppb
2026-09-27,10:33:20,eCO2,776.67,ppm
2026-09-27,10:33:20,Broadband,288.33,lux
2026-09-27,10:33:20,Infrared,113.73,lux
2026-09-27,10:33:50,Temperature,23.43,°C
2026-09-27,10:33:50,Humidity,50.01,%
2026-09-27,10:33:50,AQI,3.0,
2026-09-27,10:33:50,TVOC,271.13,ppb
2026-09-27,10:33:50,eCO2,774.0,ppm
2026-09-27,10:33:50,Broadband,281.37,lux
2026-09-27,10:33:50,Infrared,111.3,lux
2026-09-27,10:34:20,Temperature,23.45,°C
2026-09-27,10:34:20,Humidity,50.33,%
2026-09-27,10:34:20,AQI,3.0,
2026-09-27,10:34:20,TVOC,266.07,ppb
2026-09-27,10:34:20,eCO2,768.83,ppm
2026-09-27,10:34:20,Broadband,280.63,lux
2026-09-27,10:34:20,Infrared,111.2,lux
2026-09-27,10:34:50,Temperature,23.46,°C
2026-09-27,10:34:50,Humidity,50.34,%
2026-09-27,10:34:50,AQI,3.0,
2026-09-27,10:34:50,TVOC,266.03,ppb
2026-09-27,10:34:50,eCO2,768.87,ppm
2026-09-27,10:34:50,Broadband,279.43,lux
2026-09-27,10:34:50,Infrared,110.8,lux
2026-09-27,10:35:20,Temperature,23.48,°C
2026-09-27,10:35:20,Humidity,50.19,%
2026-09-27,10:35:20,AQI,3.0,
2026-09-27,10:35:20,TVOC,271.2,ppb
2026-09-27,10:35:20,eCO2,774.37,ppm
2026-09-27,10:35:20,Broadband,268.33,lux
2026-09-27,10:35:20,Infrared,106.73,lux
2026-09-27,10:35:50,Temperature,23.49,°C
2026-09-27,10:35:50,Humidity,49.73,%
2026-09-27,10:35:50,AQI,3.0,
2026-09-27,10:35:50,TVOC,273.17,ppb
2026-09-27,10:35:50,eCO2,776.37,ppm
2026-09-27,10:35:50,Broadband,265.7,lux
2026-09-27,10:35:50,Infrared,106.0,lux
2026-09-27,10:36:20,Temperature,23.47,°C
2026-09-27,10:36:20,Humidity,49.86,%
2026-09-27,10:36:20,AQI,3.0,
2026-09-27,10:36:20,TVOC,271.93,ppb
2026-09-27,10:36:20,eCO2,775.13,ppm
2026-09-27,10:36:20,Broadband,268.93,lux
2026-09-27,10:36:20,Infrared,107.13,lux
2026-09-27,10:36:50,Temperature,23.46,°C
2026-09-27,10:36:50,Humidity,49.68,%
2026-09-27,10:36:50,AQI,3.0,
2026-09-27,10:36:50,TVOC,272.87,ppb
2026-09-27,10:36:50,eCO2,776.03,ppm
2026-09-27,10:36:50,Broadband,280.0,lux
2026-09-27,10:36:50,Infrared,111.63,lux
2026-09-27,10:37:20,Temperature,23.45,°C
2026-09-27,10:37:20,Humidity,49.8,%
2026-09-27,10:37:20,AQI,3.0,
2026-09-27,10:37:20,TVOC,270.67,ppb
2026-09-27,10:37:20,eCO2,773.73,ppm
2026-09-27,10:37:20,Broadband,300.63,lux
2026-09-27,10:37:20,Infrared,119.63,lux
2026-09-27,10:37:50,Temperature,23.44,°C
2026-09-27,10:37:50,Humidity,50.28,%
2026-09-27,10:37:50,AQI,3.0,
2026-09-27,10:37:50,TVOC,264.73,ppb
2026-09-27,10:37:50,eCO2,767.53,ppm
2026-09-27,10:37:50,Broadband,320.4,lux
2026-09-27,10:37:50,Infrared,127.67,lux
2026-09-27,10:38:20,Temperature,23.41,°C
2026-09-27,10:38:20,Humidity,50.62,%
2026-09-27,10:38:20,AQI,3.0,
2026-09-27,10:38:20,TVOC,263.07,ppb
2026-09-27,10:38:20,eCO2,765.67,ppm
2026-09-27,10:38:20,Broadband,319.8,lux
2026-09-27,10:38:20,Infrared,128.0,lux
2026-09-27,10:38:50,Temperature,23.39,°C
2026-09-27,10:38:50,Humidity,50.63,%
2026-09-27,10:38:50,AQI,3.0,
2026-09-27,10:38:50,TVOC,262.13,ppb
2026-09-27,10:38:50,eCO2,764.77,ppm
2026-09-27,10:38:50,Broadband,311.57,lux
2026-09-27,10:38:50,Infrared,125.1,lux
2026-09-27,10:39:20,Temperature,23.41,°C
2026-09-27,10:39:20,Humidity,50.43,%
2026-09-27,10:39:20,AQI,3.0,
2026-09-27,10:39:20,TVOC,276.2,ppb
2026-09-27,10:39:20,eCO2,779.53,ppm
2026-09-27,10:39:20,Broadband,326.4,lux
2026-09-27,10:39:20,Infrared,130.97,lux
2026-09-27,10:39:50,Temperature,23.43,°C
2026-09-27,10:39:50,Humidity,50.33,%
2026-09-27,10:39:50,AQI,3.0,
2026-09-27,10:39:50,TVOC,273.83,ppb
2026-09-27,10:39:50,eCO2,776.87,ppm
2026-09-27,10:39:50,Broadband,335.37,lux
2026-09-27,10:39:50,Infrared,135.0,lux
2026-09-27,10:40:20,Temperature,23.44,°C
2026-09-27,10:40:20,Humidity,50.33,%
2026-09-27,10:40:20,AQI,3.0,
2026-09-27,10:40:20,TVOC,275.4,ppb
2026-09-27,10:40:20,eCO2,778.7,ppm
2026-09-27,10:40:20,Broadband,341.7,lux
2026-09-27,10:40:20,Infrared,137.3,lux
2026-09-27,10:40:50,Temperature,23.44,°C
2026-09-27,10:40:50,Humidity,50.17,%
2026-09-27,10:40:50,AQI,3.0,
2026-09-27,10:40:50,TVOC,274.27,ppb
2026-09-27,10:40:50,eCO2,777.5,ppm
2026-09-27,10:40:50,Broadband,356.47,lux
2026-09-27,10:40:50,Infrared,143.17,lux
2026-09-27,10:41:20,Temperature,23.44,°C
2026-09-27,10:41:20,Humidity,49.9,%
2026-09-27,10:41:20,AQI,3.0,
2026-09-27,10:41:20,TVOC,276.63,ppb
2026-09-27,10:41:20,eCO2,779.93,ppm
2026-09-27,10:41:20,Broadband,367.9,lux
2026-09-27,10:41:20,Infrared,147.8,lux
2026-09-27,10:41:50,Temperature,23.42,°C
2026-09-27,10:41:50,Humidity,50.41,%
2026-09-27,10:41:50,AQI,3.0,
2026-09-27,10:41:50,TVOC,319.83,ppb
2026-09-27,10:41:50,eCO2,798.63,ppm
2026-09-27,10:41:50,Broadband,370.93,lux
2026-09-27,10:41:50,Infrared,149.17,lux
2026-09-27,10:42:20,Temperature,23.46,°C
2026-09-27,10:42:20,Humidity,50.63,%
2026-09-27,10:42:20,AQI,3.0,
2026-09-27,10:42:20,TVOC,308.3,ppb
2026-09-27,10:42:20,eCO2,803.63,ppm
2026-09-27,10:42:20,Broadband,360.03,lux
2026-09-27,10:42:20,Infrared,144.4,lux
2026-09-27,10:42:50,Temperature,23.57,°C
2026-09-27,10:42:50,Humidity,49.74,%
2026-09-27,10:42:50,AQI,3.0,
2026-09-27,10:42:50,TVOC,299.67,ppb
2026-09-27,10:42:50,eCO2,799.5,ppm
2026-09-27,10:42:50,Broadband,363.13,lux
2026-09-27,10:42:50,Infrared,145.63,lux
2026-09-27,10:43:20,Temperature,23.63,°C
2026-09-27,10:43:20,Humidity,49.21,%
2026-09-27,10:43:20,AQI,3.0,
2026-09-27,10:43:20,TVOC,300.03,ppb
2026-09-27,10:43:20,eCO2,799.3,ppm
2026-09-27,10:43:20,Broadband,380.53,lux
2026-09-27,10:43:20,Infrared,153.27,lux
2026-09-27,10:43:50,Temperature,23.63,°C
2026-09-27,10:43:50,Humidity,49.02,%
2026-09-27,10:43:50,AQI,3.0,
2026-09-27,10:43:50,TVOC,322.3,ppb
2026-09-27,10:43:50,eCO2,808.77,ppm
2026-09-27,10:43:50,Broadband,390.9,lux
2026-09-27,10:43:50,Infrared,157.73,lux
2026-09-27,10:44:20,Temperature,23.66,°C
2026-09-27,10:44:20,Humidity,48.89,%
2026-09-27,10:44:20,AQI,3.0,
2026-09-27,10:44:20,TVOC,322.43,ppb
2026-09-27,10:44:20,eCO2,808.87,ppm
2026-09-27,10:44:20,Broadband,408.43,lux
2026-09-27,10:44:20,Infrared,164.5,lux
2026-09-27,10:44:50,Temperature,23.66,°C
2026-09-27,10:44:50,Humidity,48.86,%
2026-09-27,10:44:50,AQI,3.0,
2026-09-27,10:44:50,TVOC,351.03,ppb
2026-09-27,10:44:50,eCO2,818.47,ppm
2026-09-27,10:44:50,Broadband,420.63,lux
2026-09-27,10:44:50,Infrared,170.0,lux
2026-09-27,10:45:20,Temperature,23.69,°C
2026-09-27,10:45:20,Humidity,49.08,%
2026-09-27,10:45:20,AQI,3.0,
2026-09-27,10:45:20,TVOC,380.8,ppb
2026-09-27,10:45:20,eCO2,828.4,ppm
2026-09-27,10:45:20,Broadband,404.63,lux
2026-09-27,10:45:20,Infrared,161.9,lux
