:020000041000EA
:1000000000B5324B212058609868022188439860DF
:10001000D860186158612E4B002199600221596106
:100020000121F02299502B49196001219960352056
:1000300000F044F80222904214D00621196600F024
:1000400034F8196E01211966002018661A6600F04E
:100050002CF8196E196E196E052000F02FF8012189
:100060000842F9D1002199601B49196000215960AB
:100070001A491B48016001219960EB211966A021F2
:10008000196600F012F800219960164914480160C1
:100090000121996001BC002800D000471248134993
:1000A000086003C880F30888084703B5996A0420EC
:1000B0000142FBD001200142F8D103BD02B5186610
:1000C0001866FFF7F2FF186E186E02BD00000240BE
:1000D000000000180000070000035F00212200005C
:1000E000F4000018222000A00001001008ED00E03C
:1000F00000000000000000000000000074B24E7A12
:1001000000200420F7010010CB010010CD010010E9
:10011000C9010010C9010010C9010010C901001077
:10012000C9010010C9010010C9010010059E00108E
:10013000C9010010C9010010819E0010F99E001035
:10014000C1010010C1010010C1010010C101001067
:10015000C1010010C1010010C1010010C101001057
:10016000C1010010C1010010C1010010C101001047
:10017000C1010010C1010010C1010010C101001037
:10018000C1010010C1010010C1010010C101001027
:10019000C1010010C1010010C1010010C101001017
:1001A000C1010010C1010010C1010010C101001007
:1001B000C1010010C1010010C1010010C1010010F7
:1001C000EFF30580103800BE00BE00BE00BE00BECA
:1001D00000BE00BEF2EB887108B0001028B000101D
:1001E0003802001090A31AE700201E49086006C8D4
:1001F00081F3088810471C480068002801D00020BF
:10020000F3E70DA40ECC002902D000F012F8F9E7B4
:100210001649174A002000E001C19142FCD115495E
:100220008847154988471549884700BEFDE701C939
:1002300001C29A42FBD3704728B00010C0000020D2
:100240005C100020C4BF0010000004200000042047
:10025000C4BF0010001004200010042000000000A3
:100260007047000008ED00E0000000D05C100020A6
:1002700084200220E94A001041040010E14A0010E5
:10028000F0B5DE4657464E464546E0B58DB000F027
:10029000AFFB642008F020FA224B234C9B46234BF3
:1002A0009A46234B9946234B0593A3896068984649
:1002B00002F0CEFF267A6789E589029003912068D3
:1002C00002F0C6FF5A4600900191152106A804F0DD
:1002D000C7FB06A9002000F0D1FB4346524615217A
:1002E00006A804F0BDFB06A9012000F0C7FB3300FF
:1002F0004A461521009706A804F0B2FB06A9022081
:1003000000F0BCFB2B00059A152106A804F0A8FB01
:10031000032006A900F0B2FBFA20800008F0DCF907
:10032000C3E7C04650A700106C18002068A7001053
:100330007CA7001094A70010F0B5DE46574645464E
:100340004E46E0B519208FB000F016FED023802273
:100350001B0692045A6207F0D5FE06AB9C46334B4F
:100360000F259846324B12269A46324B4746059344
:10037000314B0B900693314B6544079300239B460A
:100380000AAC6644FA210BA8890008F04FF90C204A
:1003900000F0A8FC80460E2000F0A4FC00230C9383
:1003A0000D935B4681460DA90CA82B7023803380EA
:1003B00000F0E8FC32002100280000F061FD0C9BF9
:1003C00050463B600D9B7B602B783B7223887B8182
:1003D0003388BB814346FB814B463B8204F000FDE2
:1003E0000C9802F035FF029003910D9802F030FF57
:1003F000029A039B00900191059804F079FD3388DF
:1004000022882978069804F073FD4A4641460798E9
:1004100004F06EFDD02380221B061969920411425C
:1004200001D15A61AEE79A61ACE7C0466C18002072
:10043000A8A70010C4A70010F0A7001020A8001063
:1004400010B582B004F07CFCFA20800001F04CFC76
:100450003A4804F0C5FC3A4804F0C2FC394804F0BC
:10046000BFFC00F08FF800F0C3FA0020364900F01E
:1004700005FB0120354900F001FB0220344900F062
:10048000FDFA3449032000F0F9FAC820800001F099
:100490002BFC3149314806F0E1FF0321022000F036
:1004A0003DFD0321032000F039FD0022012102203F
:1004B00000F04EFD00220121032000F049FD032140
:1004C000002000F0FBFB2449254806F0C7FF03216C
:1004D000042000F023FD0321052000F01FFD002271
:1004E0000121042000F034FD00220121052000F04C
:1004F0002FFD1C4804F074FC00F014FC00F09AFC82
:10050000194804F06DFC002402238022174900934F
:10051000920000231648019408F0D2FE01238022A5
:1005200014490093520000231348019408F0C8FEB8
:10053000124804F055FC09F027F8FEE750A8001017
:100540007CA80010A0A80010CCA80010E4A80010FF
:10055000F8A800100CA90010A08601003810002097
:100560004010002020A900104CA9001070A9001014
:100570008102001074A900103903001080A9001036
:10058000FEE7C046F8B5CE464746062080B500F0E7
:10059000F3FC072000F0F0FC082000F0EDFC09203F
:1005A00000F0EAFC0A2000F0E7FC0B2000F0E4FC7D
:1005B0008024D023802080218022402680251B0695
:1005C00064008000C90012015E625D625C62586274
:1005D00059625A629E619D619C61986199619A61BC
:1005E00008F06EFC012800D1D9E1642008F074F80D
:1005F000D024802324065B006361DB1863618023C1
:10060000DB00A361802380251B01A3610220002160
:10061000656101F055FB02200021A56101F050FB4E
:1006200008F04EFC012800D1DDE10F2008F054F85D
:10063000D024802324065B006361DB186361802380
:10064000DB00A361802380251B01A3610220002120
:10065000656101F035FB02200021A56101F030FB4E
:1006600008F02EFC012800D1B9E1052008F034F88B
:10067000D024802324065B006361DB186361802340
:10068000DB00A361802380251B01A36102200021E0
:10069000656101F015FB02200021A56101F010FB4E
:1006A00008F00EFC012800D195E1052008F014F8AF
:1006B000D024802324065B00A361DB1863618023C0
:1006C000DB00A361802380251B01A36102200021A0
:1006D000656101F0F5FA02200021A56101F0F0FA50
:1006E00008F0EEFB012800D171E1052007F0F4FFCE
:1006F000D0244023240601200021A36101F0E0FA68
:1007000080238027802680255B009946A361FF0017
:10071000DB18360163610220A7610021A6616561D3
:10072000984601F0CDFA02200021A56101F0C8FA37
:100730003220002101F0C4FA4B46A3614346022057
:10074000A3610021A7616661656101F0B9FA022029
:100750000021A56101F0B4FA3220002101F0B0FAC5
:100760003220002101F0ACFA08F0AAFB012800D1E8
:1007700029E1022007F0B0FFD02440232406012005
:100780000021A36101F09CFA802380278026802528
:100790005B009946A361FF00DB183601A3610220CC
:1007A000A7610021A6616561984601F089FA0220DF
:1007B0000021A56101F084FA3220002101F080FAC5
:1007C0004B46A36143460220A3610021A7616661F5
:1007D000656101F075FA02200021A56101F070FA4F
:1007E0003220002101F06CFA3220002101F068FA79
:1007F00008F066FB012800D1E1E0022007F06CFF61
:10080000D0244023240601200021A36101F058FADE
:1008100080238027802680255B009946A361FF0006
:10082000DB183601A3610220A7610021A661656182
:10083000984601F045FA02200021A56101F040FA36
:100840003220002101F03CFA4B466361434602200E
:10085000A3610021A761A661656101F031FA022060
:100860000021A56101F02CFA3220002101F028FAC4
:10087000FA200021C00001F023FA08F021FB012832
:1008800000D198E0052007F027FFD024402324065C
:1008900001200021A36101F013FA80238027802624
:1008A00080255B009946A361FF00DB183601A36138
:1008B0000220A7610021A6616561984601F000FA57
:1008C00002200021A56101F0FBF93220002101F096
:1008D000F7F94B46A361434602206361002167613B
:1008E000A661656101F0ECF902200021A56101F02B
:1008F000E7F93220002101F0E3F93220002101F074
:10090000DFF908F0DDFA012851D0052007F0E4FEF8
:10091000D0244023240601200021A36101F0D0F956
:1009200080238027802680255B009946A361FF00F5
:10093000DB183601A3610220A7610021A661656171
:10094000984601F0BDF902200021A56101F0B8F937
:100950003220002101F0B4F94B46A3614346022046
:10096000A361002167616661656101F0A9F9022058
:100970000021A56101F0A4F93220002101F0A0F9C5
:100980003220002101F09CF908F09AFA01280AD0DF
:10099000052007F0A1FEC0BCB946B046F8BD6330E3
:1009A00001F0A2F924E6043001F09EF9F3E70430E7
:1009B00001F09AF9ACE7043001F096F965E70130EF
:1009C00001F092F91CE7013001F08EF9D4E6043011
:1009D00001F08AF98CE6043001F086F968E604300B
:1009E00001F082F944E60E3001F07EF920E6C046BF
:1009F000F8B5D024CE4647464023240680B50120D2
:100A0000A361002101F05CF98023802780268025E6
:100A10005B009946A361FF00DB183601A361022049
:100A2000A7610021A6616561984601F049F9A561B9
:100A30000220002101F044F93220002101F040F9A8
:100A40004B46636143460220A3610021A761A66172
:100A5000656101F035F9A5610220002101F030F94E
:100A60003220002101F02CF9FA200021C00001F011
:100A700027F9C0BCB946B046F8BDC046F0B54646F9
:100A8000D6464F468C4AC0B5031C0E00032800D939
:100A90000323DBB2D025D45C40232D06AB610120BB
:100AA000002101F00DF9E30600D4DFE080235B00B4
:100AB0006B61A30600D4DFE0D02380221B069200E6
:100AC0005A61630600D4DFE0D02380221B06D200E7
:100AD0005A61D025802380271B012D066B610220DF
:100AE00000216F6101F0ECF802200021AF6101F0FC
:100AF000E7F83220002101F0E3F8E30700D4D7E063
:100B000080235B006B61A30700D4CBE0D02380225D
:100B10001B0692005A61630700D4BDE0D0238022F7
:100B20001B06D2005A61D02380221B061201240723
:100B300000D4AFE05A61D024802524060220002191
:100B4000656101F0BDF802200021A56101F0B8F84F
:100B50003220002101F0B4F83220002101F0B0F879
:100B60003578002D7DD040239A469946303B9846F3
:100B70004BE080235B006361AB0655D580239B006F
:100B8000636153462B4255D08023DB006361EB0940
:100B900055D080231B0163618027022000216761FB
:100BA00001F08EF802200021A76101F089F83220BF
:100BB000002101F085F8EB074FD580235B006361CE
:100BC000AB0746D580239B0063616B073DD580232F
:100BD000DB00636180231B012D0734D56361802511
:100BE00002200021656101F06BF802200021A5615F
:100BF00001F066F83220002101F062F83220002175
:100C000001F05EF83578002D2BD04B460120636152
:100C1000002101F055F8434601362B42A9D180232B
:100C20005B00A361AB06A9D480239B00A36153465C
:100C30002B42A9D18023DB00A361EB09A9D180233A
:100C40001B01A361A8E7A361C9E78023DB00A361BF
:100C5000C0E780239B00A361B7E780235B00A3610B
:100C6000AEE7E0BCBA46B146A846F0BD80235B00C3
:100C7000AB61A30600D51FE7D02380221B0692009C
:100C80009A61630600D51FE7D02380221B06D2009D
:100C90009A611EE79A614EE7D02380221B06D2009C
:100CA0009A6140E7D02380221B0692009A6132E7C6
:100CB00080235B00AB6126E754AB001000B58023B6
:100CC00085B06A465B4203431373002351730448A3
:100CD00000933921023303AA06F0EAFB05B000BDF8
:100CE0003810002030B585B000256B469D818023EB
:100CF0000B225B426A44034313700123084C0093A8
:100D00003921200006F0D4FB022339212000009570
:100D100003AA06F0D7FB6B46988905B030BDC046E4
:100D20003810002010B5642084B000F0DDFF0023EF
:100D30006A46D3720B22114C382100936A44013366
:100D4000200006F0BFFB08226B461100DB7A194039
:100D50001A4201D004B010BD6846094B1A8882813E
:100D60009B7803AA8373009103233821200006F0A7
:100D70009FFB0A2000F0B8FFECE7C04640100020BF
:100D8000A0A90010F0B5C64600B586B00F006946B0
:100D9000234B244C1A8806008A819B7803AA8B7304
:100DA00000239846382100932000033306F080FB8F
:100DB000552000F099FF434604AD2A0038210093E6
:100DC0002000073306F07EFBF023EA781B031404AF
:100DD0001C40AB8868785BBA9BB21C43AB780003BD
:100DE0001B0118431209104302F00AFAD6218905A3
:100DF00002F0FFF90C4902F0FCF93860200002F023
:100E0000FFF9D621890502F0F4F9084902F0F1F959
:100E1000074902F0D4F9306006B080BCB846F0BD96
:100E2000A4A90010401000200000C8420000484360
:100E30000000484230B585B06A4600250E4C0F4B85
:100E400053219381200003AA0223009506F030FB72
:100E5000322000F049FF84236A469B00938153218E
:100E6000022303AA2000009506F022FB142000F0C4
:100E70003BFF05B030BDC0464010002010F0FFFF22
:100E8000F0B5CE46474680B585B001271500212331
:100E90006A4600268146204C1373884603AA5321D4
:100EA00020000097203B06F003FB4A460123532114
:100EB0002000009606F006FB6A462223D3720B221E
:100EC00053216A4420000097213B06F0F1FA03AA5F
:100ED000022353212000009606F0F4FA6B464246A6
:100EE0009B89532113806A462423D3720B2220004E
:100EF0006A440097233B06F0DBFA022353212000CB
:100F0000009603AA06F0DEFA6B469B892B8005B09B
:100F1000C0BCB946B046F0BD40100020094A83006D
:100F20009A1810B514684022544080322240064C72
:100F3000C000A44663441A60044B9C466044416070
:100F400010BDC04604C0014004D001400040014033
:100F5000074B8000C3181B68C90092000A435A401F
:100F60000C231340034A9446604403607047C04614
:100F700004C0014004D001400123D0228340120666
:100F800093629361094A83009A1811684022514084
:100F900080320A400649C0008C4663441A60054B03
:100FA0009C460523604443607047C04604C001402E
:100FB00004D00140004001408023DB051868000F89
:100FC0007047C0460FB400B5084883B003F008FF6F
:100FD000049B002B07D005A91800019103F064FDC4
:100FE000034803F0FDFE012003F076FDA8A90010E0
:100FF0004CA8001010B50148FFF7E4FFB8A9001095
:1010000070B5EFF3108C72B60D4D2B68002BFCD031
:10101000BFF35F8F0724CB08C618C05C01230C40C8
:10102000A3401C000440034207D118433070BFF3B3
:101030005F8F2C608CF3108870BD1000FFF7C2FF2B
:101040002C0100D0F8B54746CE46884680B5EFF370
:10105000108C72B6214D2C68002CFCD0BFF35F8F32
:101060009A422CD8D4080727055D06190124174099
:10107000BC402C421FD007210127894609E0D40833
:10108000055D06194C4639001440A1400C00294268
:1010900011D001329342F2D201204042BFF35F8F60
:1010A00000220E4B1A608CF3108800280FDBC0BCA6
:1010B000B946B046F8BD254310003570EEE7BFF3E2
:1010C0005F8F00232B608CF3108801204042434641
:1010D000002BECD00898FFF775FFC0462C0100D01C
:1010E000044A1078431CDBB2172B00D9102313706D
:1010F0007047C046580F002010B5034B0100180080
:10110000024AFFF77DFF10BD04180020C8A9001097
:1011100010B5064B064C82B00100009318221F2325
:101120002000FFF78FFF02B010BDC046E8A90010F5
:10113000041800200021044B044ABFF35F8F02C350
:101140009342FAD17047C046000100D0800100D020
:10115000054B064A1360064A136053609360D360E0
:1011600013615361936170478080808000E400E0E8
:1011700004E400E01F2318401E3B8340002905D0F3
:10118000C021044A4900535013607047802201492E
:101190008B50FAE700E100E001228240034B1B681C
:1011A00013405A1E9341D8B27047C04600E100E098
:1011B00001238340014A13607047C04600E200E00B
:1011C000064B10309B688000C358054A00209B1ACC
:1011D00047229A424041C0B27047C04600ED00E04D
:1011E0005C0F002010B5EFF3108C72B60F4A136835
:1011F000002BFCD0BFF35F8F0D4B10309B6880003D
:101200001B580C4A934201D099420CD1084B9B6861
:101210001950BFF35F8FBFF35F8F0022034B1A603B
:101220008CF3108810BD01F02BF8C046240100D0CB
:1012300000ED00E0C1010010F0B557464E46DE4615
:101240004546E0B58A4685B00600EFF3108972B6D0
:1012500063490B68002BFCD0BFF35F8F0021614B0B
:1012600059568C46002900DAB7E049000D005E4C63
:101270006544AD0067190291B979103619705B4B5E
:10128000B1009B6801915B58191B472935D8012192
:1012900018008843C679964200D875E09B46029BA9
:1012A000019E9846039507E04D006D18AD00651945
:1012B000EB7993424ED92800062141560029F3DAF2
:1012C00045465B4601960295061D494D0396039ED1
:1012D000043FBF1B3F05474E7F0D3743664687805F
:1012E00086710298604480002418E2715246424898
:1012F000A5802060A171A26018E040498B4200D017
:101300006BE03F4B3B4963533E4B0235043B651951
:101310005B1B1B055B0D0B437B803B4BFA71BB805A
:10132000FF23BB715346BB6001233B432F4A019906
:1013300092685350BFF35F8FBFF35F8F0022284B3B
:101340001A6089F3108805B0F0BCBB46B246A946C6
:10135000A046F0BD01964646029686885B46760515
:10136000B346061D039D03965E463615B346061D1D
:10137000B046C3445E4604356519751BE0262D054D
:101380006D0D36023543A2E7204BFA719C460300EF
:1013900066461B1B5B415E43360DB446AE1CB04631
:1013A000A0444646164B6353164B0435043B9B1B27
:1013B0001B05104E5B0D33437B806319C31A043B3E
:1013C0001B055B0D3343BB806346BB715346BB605B
:1013D000094B03603B000B43A8E700F051FFC046F8
:1013E000240100D07C2002205C0F002000ED00E0F2
:1013F00001BD000000E0FFFF01488047C10100106F
:1014000000A1FFFFA40F002001BDFFFFAAAA00005A
:1014100010B58308040003202040FF24054AC000C3
:101420009446844081409B0063441A68A2430A4367
:101430001A6010BD00E400E070B501240443EFF32E
:101440000581EFF3108C72B6274A1368002BFCD08D
:10145000BFF35F8F254A0500254BAD1A6D416B43E5
:101460001B0D244D8900AE685BB27658A64224D08D
:1014700006215156994224D01221515699422AD020
:101480001E215156994228D02A215156994226D0E0
:1014900036215156994224D0422151560524994271
:1014A00010D0154A117813708171BFF35F8F00223D
:1014B0000D4B1A608CF3108870BDAA680F4C545005
:1014C000EFE700246100091989005218FF2191718A
:1014D0000B499180E5E70124F4E70224F2E70324B5
:1014E000F0E70424EEE7C046240100D05C0F0020A2
:1014F000AAAA000000ED00E07C200220C10100103B
:1015000001BDFFFF10B5084B084C82B001000093ED
:10151000002205232000FFF795FD002801DB1F2393
:10152000181A02B010BDC04604AA00108020022084
:10153000024B9C46614489000160704740000034C2
:1015400070B5114C114DAC420FD2FF262368002B11
:101550000CD0FFF7C5FD01002000FFF7E9FFA680D2
:10156000BFF35F8F0834AC42F0D370BDFFF7B8FD16
:1015700001002000FFF7DCFF2671BFF35F8F083406
:10158000AC42E3D3F1E7C0464C1000205C100020D1
:1015900010B50400FFF7A4FD01002000FFF7C8FF0D
:1015A000FF232371BFF35F8F10BDC04610B5040049
:1015B0000120FFF7ADFD034BC3189B002360BFF371
:1015C0005F8F10BD40000034034B9C46614489008E
:1015D0000160BFF35F8F7047400000340A4B196809
:1015E000EFF3108072B60A68002AFCD0BFF35F8F59
:1015F0001B68BFF35F8F00221A6080F3108840BF22
:10160000002000217047C046541F0020F0B5DE4680
:1016100057464E464546E0B583B0EFF305820323B7
:101620001340B54A990052580091904601229A40C1
:101630009346B24B1A60B24B01935B46B148436389
:10164000434608229B5E9946002B3ADA43469B8824
:101650001BB2002B00DB9DE043469B79002B00D0A2
:10166000E1E0434608241C5F002C20DB43465A6916
:1016700063001B19DB00D3189D68DC686B1C00D16C
:1016800003E1A048009984466144826A0B69AE1A5E
:101690009B1A9E4213D35A46036A1A420FD09948A6
:1016A00000F0D4FB8C4202DCC7D18542C5D940BFD3
:1016B00003B0F0BCBB46B246A946A046F0BD0D61E2
:1016C000EDE7424652695B0092464B44DB009A4488
:1016D00053469E68DF6800F0B9FB8F42B6DC00D14C
:1016E000F8E0002F00DAD9E05246534654691B69EE
:1016F000019A934200D1CCE0414652460820085E50
:101700005288000421001043984704000D00230074
:101710002B4300D1C2E0002D00DBDFE030003900B8
:10172000001BA94153469860D96000229A5E002AA6
:1017300000DA8BE743465D6953009C18E4002C19DE
:10174000A768E4688C4200DD80E702D1874200D9B7
:101750007CE74646328108360DE08C4200D1C6E077
:101760001E000023F25E002A0ADB53009C18E400EE
:101770002C19A768E4689B18DB00EB188C42ECDDA1
:1017800053461A804B46338043469B881BB2002B3E
:1017900000DA61E743461A69EFF3108172B6136805
:1017A000002BFCD0BFF35F8F43469E880123424647
:1017B0005B42938036B21369BFF35F8F00221A60D9
:1017C00081F31088002E00DA46E743465D6908334E
:1017D00042469C467700BF19FF00EF19BB68604680
:1017E00098460823D15E9246FC68002907DA0EE08D
:1017F000A24246D018000023C15E002906DB4B0040
:101800005B18DB00EB18DA68A242F1DD5246068075
:101810000023FE5E3980002EDCDA904643469B7939
:10182000002B00D11DE700234246937143464646F4
:101830000821595E08364B1C00D138E747468946D7
:10184000556902E006004B1C18D04B005B18DB000A
:10185000E8180A008C46E95E43881BB2002BF1DAD7
:1018600001235B42DC178360C4604A4503D03180AA
:101870003B8903803A81E1464B1CE6D1B8464C4691
:10188000F2E69A684245B5D9C0E7631C00D0F8E695
:1018900005E7200023699847002825D15346424692
:1018A0001B8813811269EFF3108372B61168002947
:1018B000FCD0BFF35F8F4246514652880A804246B1
:1018C000494651801269BFF35F8F0021116083F395
:1018D0001088BBE6864200D803E7B7E6094800F067
:1018E000B5FA001969411DE7656824680FE787426A
:1018F00000D835E744E7C046941C00203C70054002
:101900000D1600100040054070B52E4C2569002DC5
:1019100004D00A212C48FFF70BFE70BD2B4E03218B
:10192000300000F089FAE660FFF7DAFB284B03226B
:101930009C46D02322701B061B6801216370254B37
:101940006044A3600F2380002061022063806369EC
:101950004942A18019800231198647311D835852AE
:1019600018315A5275325C399952183201319952F4
:101970001832013199521832013199520835183212
:101980009D5202311832995218320131995218324F
:10199000013199521832013199521832013199525C
:1019A0001832013199520C4B0C49DC600130356220
:1019B000FFF718FC01210320FFF7DCFB084B1D603B
:1019C000A7E7C046C80F0020541F00200040054074
:1019D00040000034FFFF1000941C00200D16001082
:1019E0003860054000487047C80F0020F8B51F0058
:1019F00008AB1B7804001600002B08D100F02EFA6B
:101A000032003B00121A8B41002B00DA53E02269AE
:101A1000EFF3108072B61368002BFCD0BFF35F8F1A
:101A20000223E15E63694A005218D2009B18002924
:101A300037DB1A8862802269BFF35F8F002515604B
:101A400080F31088069A9E60DF601A61079A5A61D7
:101A50005A8801325204520C101C002A1FD082B244
:101A60005880080410432669EFF3108772B6326875
:101A7000002AFCD0BFF35F8FA2881A80A18023695F
:101A8000BFF35F8F00221A6087F310880B49237819
:101A90008C4601329A40E36863441A60F8BD012025
:101AA000DDE72369BFF35F8F00221A6080F310889F
:101AB00001204042F2E70020F0E7C0463C20000051
:101AC00070B501000469EFF3108C72B6206800282D
:101AD000FCD0BFF35F8F02200D5E4C696800401997
:101AE000C0002418002D37DB208848800869BFF328
:101AF0005F8F002606608CF31088E360638804988B
:101B0000013320615B0405985B0CA26060611A1CC4
:101B1000002B1FD093B22804628018430A69EFF3A8
:101B2000108C72B61368002BFCD0BFF35F8F8B88CC
:101B300023808D800B69BFF35F8F00221A608CF3C6
:101B400010880B7801329A40CB6808498C46634470
:101B50001A6070BD0122DDE70B69BFF35F8F0022C1
:101B60001A608CF3108801204042F2E73C2000000C
:101B700010B543890A1493421ADD53009B18426939
:101B8000DB00D3180469EFF3108C72B62268002AC8
:101B9000FCD0BFF35F8F5A88090494B2090C8A42C3
:101BA00008D00369BFF35F8F00221A608CF310889E
:101BB000002010BD8022120214435C8001230269C0
:101BC0008371BFF35F8F002111608CF3108804498B
:101BD00002788C469340C268012062441360E8E7B3
:101BE0003C20000040787047F0B504000D00062648
:101BF0007642F717C64636196F4100B582B08F425C
:101C000014D811D000F02AF932003B00121A8B418F
:101C1000002B17DC002B47D02000290000F028F90A
:101C200002B080BCB846F0BD8642EBD9002200234A
:101C300016001F0000F012F932003B00121A8B410F
:101C4000002BE7DD00F00AF932003B00121A8B414D
:101C5000002B0ADB00230193154B3200009315483B
:101C60003B00FFF72DFF0028D6DB00239C46B04643
:101C7000114A124E736A9F4204D8B16A8845CBD983
:101C80009F42C9D11168EFF3108072B60B68002B28
:101C9000FCD0BFF35F8F1368BFF35F8F614619609D
:101CA00080F3108820BFE5E7002AB5D0CAE7C04618
:101CB000DD150010C80F0020541F00200040054013
:101CC00070B504000D0000F0C9F8802300196941C7
:101CD0001B06994202D3012002494042FFF784FFCC
:101CE00070BDC046FFFFFF7F70B5060000F0B6F87C
:101CF000FA2204000D00002330000021920001F0C0
:101D000041FA8023001969411B06994202D3012040
:101D100002494042FFF768FF70BDC046FFFFFF7FEA
:101D2000F0B5D6464F464646C0B504000D0082B019
:101D3000EFF305830F00002B31D13B4B98461B6816
:101D4000834227D0394B9946DB689A464B4650462A
:101D50001E7800F07BF80B00514602000436B600F6
:101D600071582000891A8C4629000026801A994152
:101D70008E4224DC21D020BF2D4A536ABB422AD395
:101D8000926A0120A24213D302B0E0BCBA46B14627
:101D9000A846F0BD43465B688B42D3D1EBE72449AC
:101DA00000204B6AAB42EFD38A6A0130A242EBD2E9
:101DB0005B1B5A1E9341D8B2E6E78445DBD900F09D
:101DC0004DF822002B00121A8B41002B05DA184A1D
:101DD000536ABB42D4D20020D6E700230193154BAF
:101DE0002200009348462B00FFF76AFE011EEEDD3D
:101DF00043461C605D600E4B5A6ABA4211D39B6A1F
:101E0000A3420CD34846FFF7B3FE094A0020536AA9
:101E1000BB42B9D3926A0130A242B5D2C8E7BA42F6
:101E2000F0D120BFEEE7C046C00F0020C80F002051
:101E300000400540DD15001010B5024A0248FFF7CA
:101E4000DFF810BD20AA0010081800200300416A26
:101E50000A00986A596A8A42FAD17047034B596A54
:101E60000A00986A596A9142FAD1704700400540C9
:101E7000064A536A9942FCD807D1044B02E05A6AD9
:101E8000914202D19A6A8242F9D3704700400540DC
:101E9000F8B5DE464E4657464546E0B58B4605004A
:101EA0000A991800160000F051FB0A9B6C001F02F3
:101EB000324B64199C46A4006444636881469F4287
:101EC00000D967602B1FDBB29846012B30D9C023A5
:101ED00080229B01E31812011A60294BAD00595969
:101EE0009A4600291BD17301E026226853401E4008
:101EF000802342465B01E3181E60012A30D980230B
:101F000080229B01E31812011A6053464A4667601B
:101F10005A51F0BCBB46B246A946A046F8BD586926
:101F200000F014FB013043001B18033BFDD2DAE73D
:101F30005B46012BCBD1C02303229B01E3181A601F
:101F4000023AA3681A42FCD07301E0262268AD0071
:101F500053401E4080230A4A5B019246E3181E60EC
:101F60005A462168514003220A401A6001225B460A
:101F70009A40A3681A42FCD0C1E7C04600800040E6
:101F80000C180020F0B546464F46D646C0B51F0097
:101F9000344B44009C462418A4006444636888467B
:101FA0001600FF2B02D880235B006360031FDBB2A7
:101FB0009A46012B30D9C02380229B01E3181201DD
:101FC0001A60294B85005959994600291BD1730184
:101FD000E026226853401E40802352465B01E318EE
:101FE0001E60012A30D9802380229B01E318120150
:101FF0001A6080235B0063604B465F51E0BCBA46C9
:10200000B146A846F0BD586900F0A0FA013043007F
:102010001B18033BFDD2DAE74346012BCBD1C0238B
:1020200003229B01E3181A60023AA3681A42FCD00B
:102030007301E0262268850053401E4080230A4A2F
:102040005B019146E3181E6042462168514003221D
:102050000A401A60012342469340A2681342FCD012
:10206000C1E7C046008000400C180020014B8000F2
:10207000C05870470C180020F8B5040021481E0015
:1020800017000D0000F062FA0100380000F05EFA5F
:10209000069B36041B031E432368002B20DB1A4BD0
:1020A0001A49E3185A1E93418022920194465B42DA
:1020B0001B0B174A1B0363441360164A13601F006F
:1020C0000A689743FBD1144B2560E2182123A060D6
:1020D00013602368002BFCDA0823E6601360F8BD68
:1020E0003F2322681340AB42D9D1A3681B051B0DC7
:1020F0008342D4D1EE22E368D2021340B342CED160
:10210000EDE7C046001BB7000040FDBF08C000401F
:1021100000E0004000F000400430000010B58024D2
:102120001C4BE4051C6000281AD001231A4C1843EC
:102130001A4BDC611A4C44401C625962986280213F
:10214000144BC9051960174817490860E021C904F4
:102150001960002A07D18022144B12061A6010BDA4
:102160000E4BD861EBE753019B1A9B009A18802312
:1021700012015B049A4209D213000D490B60074B10
:102180005A608022094BD2051A60E8E7094B1A0011
:10219000F3E7C04600B00540D3C007B0008005405B
:1021A0002D3FF84FFCFF01000820014000A0054032
:1021B000841C0020FFFFFF008023024A9B000B438A
:1021C000D362704700800540142310B501001888C1
:1021D00004331B88984710BD162310B501001888DA
:1021E00002331B88984710BDF8B54746CE4680B5E8
:1021F0000F1E19D01423994604330400002501262C
:1022000098464B461888434621681B88984701C466
:10221000431E9841013540420640AF42F1D13000A3
:10222000C0BCB946B046F8BD0126F8E7142370B526
:102230000400188804331B880D00054998470300E3
:102240000020002C01DB0130A04029009847C04647
:1022500055420000AA23064A1B0113608D235B0030
:10226000D3600449044B19605368002BFCDA7047B3
:102270000040024000B0FA00006002407047C046D3
:1022800010B50148FEF79EFE44AA001070B5074D38
:10229000074EB54209D20024013E761BB60808CD90
:1022A000984723000134B342F9D170BD08A700104C
:1022B00048A7001070B5074D074EB54209D200245B
:1022C000013E761BB60808CD984723000134B3427F
:1022D000F9D170BD3CA7001048A70010054B064A75
:1022E00006491A60064A074B1A6010000B689843AB
:1022F000FBD1704700E00040BFCDFBFE08C00040AE
:10230000FE7F3C0000F00040044BDB6C002B03D14F
:102310008022034BD2021A607047C0460000115061
:102320004C201150044A054B1A60054A1368DB0122
:102330008033FBD17047C046FFFFFF0100F0004033
:1023400008C000404022034B9A675A671A67DA6652
:102350007047C04600F0014010B5FEF7EBFE10BD1F
:10236000F8B52749274C284D641AA4082200302CC0
:1023700000D930222800920000F0E2FF2F2C3BD839
:1023800030202F21A700EB195B07204A001BDB0F31
:10239000091B052916D92600002B01D0EA51661C1D
:1023A000C01AE3189B004108EB18C900C9181A604D
:1023B0005A6008338B42FAD1012303421CD0984360
:1023C0008419A700EA51631C2F2C15D09B00EA50FA
:1023D000A31C2E2C10D09B00EA50E31C2D2C0BD0FC
:1023E0009B00EA50231D2C2C06D09B00EA50631D55
:1023F0002B2C01D09B00EA50054B9D60F8BDC046D8
:1024000000010010C001001000000020C1010010F8
:1024100000ED00E0002310B5294C82B0A367FFF760
:1024200019FF0122274B1A60636C012BFCD1032298
:10243000254B1A60224A936B012BFCD10133009388
:102440000121224A22480433FFF716FE0523012109
:102450000093204A2048FFF70FFE002202210420AB
:102460001E4BFFF78FFD0022012105201C4BFFF7BB
:1024700089FD0022002107201A4BFFF783FD00226F
:1024800000210820174BFFF77DFD8023DB00009320
:10249000002200210920134BFFF7FAFC0022104B09
:1024A00000210620FFF76EFD0420FFF7DFFD0E4937
:1024B00000F04CF801000020FFF77EFE02B010BDD6
:1024C000008000403CB0004030B00040002F685910
:1024D00000800240008C864700C00240001BB7000D
:1024E00040597307006CDC0240420F000148042190
:1024F000014B1847E00F0020E9210010124A936FAA
:102500009B0815D29066D166002905D0FFE7FFE74A
:10251000FFE7516F106F704704B580210906C2179D
:102520005140002800D0C84308F0AEF8002104BD97
:10253000F0B5146E556E576F166FFFF7E3FF146614
:10254000556657671667F0BD000000D0114A936FBB
:102550009B0813D210665166002905D0FFE7FFE7FC
:10256000FFE7516F106F704704B5002801D00020BD
:10257000C04308F089F8002104BDC046F0B5146ED0
:10258000556E576F166FFFF7E5FF14665566576770
:102590001667F0BD000000D094464A4A926F920838
:1025A000624601D228E0C046F0B5464E346E756EE4
:1025B000776F366F00F020F89446424A14665566ED
:1025C000576716676246F0BD94463E4A926F92087E
:1025D000624601D254E0C046F0B53A4E346E756E94
:1025E000776F366F00F04CF89446364A146655669D
:1025F000576716676246F0BD002B24DB11D0002917
:102600003EDA00B5C943404200D1013100F038F84C
:10261000C943404200D10131DB43524200D1013372
:1026200000BD002AEBD1002801D1002905D00020EF
:10263000C90FC90701D1C043410800B508F04CF8E3
:102640000022002300BD00B500290ADBDB43524213
:1026500000D1013300F014F8C943404200D10131E8
:1026600000BDC943404200D10131DB43524200D199
:10267000013300F005F8DB43524200D1013300BDC5
:10268000002923D1002B18D1002A0CD0BC460D4FB5
:1026900038667A6600210023FFE7FFE7FFE77A6FDD
:1026A000386F67467047002801D00748010000B521
:1026B00008F012F80022002300BD02000B000020E9
:1026C00000217047000000D0FFFFFFFF002B00D06B
:1026D000BFE0130C28D1002AE7D080B4114F39662F
:1026E0007A66FFE7FFE730B4040C7B6F396F1B0499
:1026F00023433B667A66FFE7FFE7FFE7C04684B205
:102700007B6F3D6F1B0423433B667A66FFE7FFE761
:10271000C04600232C042D0C7A6F386F00196941D4
:10272000B0BC7047000000D0F0B594460025140EF0
:1027300001D112020835140F01D112010435940F92
:1027400001D192000235D40F01D152000135D40BD2
:102750000134254F7C66254C3C660E0C93B2FFE796
:10276000FFE7FFE73C6F6643360C7703BE467343D3
:10277000DF0B5B04C01AB941130C7343DB18C91A91
:10278000CE086643360CB64493B273431F0F1B0149
:10279000C01AB941130C73431F0B1B05C01AB94172
:1027A000860D8F023E436643360C092D24DB520A08
:1027B0007243801A7703460A6643360C16235B1B66
:1027C000DE40DF40BF1964466643821B7046043515
:1027D00006330100D940A840C01900D30131A242FC
:1027E00006D20023F0BD0000000000D0FFFFFFFF75
:1027F000121B0130F3D3F1E709277F1BFE4064462B
:10280000A2B27243801A00D20139220C7243130C17
:102810001204821A99410B007046043513370100E7
:10282000F940A840801900D30131002B02D1A24207
:102830000AD2F0BD013000D30131121BFAD2013BA4
:10284000F8D1A24200D2F0BD013000D30131121BF9
:10285000F7E7F0B51C0C00D080E00CB400251C0A92
:1028600004D11B02160E3343120208351C0B04D18F
:102870001B01160F3343120104359C0B04D19B003E
:10288000960F334392000235DC0B02D192185B4164
:1028900001351C00971864410134464F7C66464C54
:1028A0003C660E0CFFE7FFE7FFE7C0463C6F664360
:1028B000360C7703BE4697B27743C01B00D201396E
:1028C000C01B00D201399FB27743C91BC91B170C2B
:1028D00077437E04FF0B801BB941CE086643360C5C
:1028E0000C2D33DBB644120B1F053A431B0B97B27A
:1028F0007743C01B00D201399FB27743C91B170C25
:1029000077433E043F0C801BB941860D8F023E4346
:10291000664329277F1BFE400C3D7746AF40BF1919
:1029200030BCA2B2ABB272437343801A9941220CFD
:102930007243130C1204801A994102000B000137F4
:10294000001BA941F9D2781E0021F0BD0C277F1B86
:10295000FE4077467F0BAF40FF19E0E700245D1C87
:1029600007D0144F7D663966FFE7FFE7FFE7FFE713
:102970003C6F95B29EB265436643401BB141150C56
:102980001E0C6543664336042F0C3E432D04401B4A
:10299000B141994204D202000B0020000021F0BD99
:1029A00001D19042F7D3801A994101349942F2D370
:1029B000F6E70000000000D0FFFFFFFF4840414065
:1029C000484018B41B4B5B68FC46019308BD04DF0C
:1029D000572C001018B4174B1B68FC46019308BD18
:1029E00000DF612C00109446134A926F920809D2BE
:1029F000624618B40F4BDB68FC46019308BD0CDF40
:102A0000192F00100C4AF0B5146E556E576F166FE3
:102A10006246FFF7EEFF084A146655665767166769
:102A2000F0BD18B4034B9B68FC46019308BD08DF5A
:102A3000BD2D0010E8110020000000D0FFB550406F
:102A40004240504059404B40594000E0FFB5154FBF
:102A50004C00640D03D0BC4204D10C0314D80020F8
:102A6000090D09055C00640D03D0BC4204D11C03B0
:102A70000AD800221B0D1B0501264B4009D44B40F0
:102A800003D58B4200D18242FFBD9942FCD19042D6
:102A9000FFBD0B43DB1803431343F5D0C94349186B
:102AA000FFBD0000FF07000000B5FFF7CFFF80412A
:102AB00000BDC04600B5FFF7C1FF01D9002000BD31
:102AC000012000BD00B5FFF7B9FF804100BD012026
:102AD00040054A00121804D85A00121801D80020E4
:102AE00070470120704700000021002805D1704781
:102AF000C1174840401AFAD0C90713B5064B1B68E6
:102B000098470CBC441CA2401005120B0349091B3A
:102B100009051943114310BD501F00201F04000078
:102B200010B54C00620D8023D218DB00D21A5B0571
:102B30007E2A10DD9E3A13DACC170903490819439F
:102B40005242D140640001341532202A05DAD040C7
:102B50000843604310BD002010BD0846604310BD0F
:102B6000C80FC018013810BD18B4044B5B6AFC468E
:102B7000019308BD24DFC93000100000E8110020D7
:102B8000132370B51D78012D19D014DD1F48FFF7F0
:102B900023FB06001E48FFF71FFB1E4C802231005E
:102BA000200000F0CDFB022D2DD01B48FFF70CFBC1
:102BB0001A4B186070BD1A4B164CA364F5E7184BFE
:102BC000144C23606360A360E36023616361A361CD
:102BD000E36123626362A362E36223636363A363CB
:102BE000E36323646364A364E36423656365A365AB
:102BF000E36523666366A366E36623676367A3678B
:102C0000E367A364D1E7064BA364CEE75344000017
:102C100053460000E81100204C330000501F0020F4
:102C2000252C001007B5604601880A0A0230DF2A09
:102C3000FAD1C9B2820804D3028840880004104344
:102C400000E00068014A5050039007BDE8110020E1
:102C50000FB403BC0CBCF0B50124E407634000E0F2
:102C6000F0B50C0DCF0F661E3605891B640503D326
:102C7000C943404200D30131640D03D0661CF60AFB
:102C800007D0E41B00207F00791C89078912803C53
:102C900024031D0DDF0F6E1E36059B1B6D0503D330
:102CA000DB43524200D301336D0D03D06E1CF60A94
:102CB00007D0ED1B00227F007B1C9B079B12803DF1
:102CC0002D032F1B661B58D4A446202E46DA20372E
:102CD0001400BC401D00BD40F24033412A4380181F
:102CE0005941CB0F05D0C943C04300226442504133
:102CF000514162464D0D28D10D0D07D100281FD03E
:102D0000241940414941013A0D0DF9D0640006D320
:102D1000013000D30131002C01D140084000013ABC
:102D20000BD4941CE40A04D112051144DB071944A6
:102D3000F0BDD907204B194300E0D9070020F0BDB2
:102D40000029DDD1002CDBD1F0BD0132C6074008DF
:102D5000CD0728434908002EE1D0D9E73C2E29DAD7
:102D6000203E40371400BC4000D00124F240144300
:102D70001A00BB401C43D317ACE7AC46202F08DA3F
:102D800020360400B4400D00B540F84039412843D6
:102D9000A5E73C2F0CDA203F40360400B44000D0B9
:102DA0000124F84004430800B1400C43C117EAE78E
:102DB00010001900002494E70000F07FF0B50C0D1E
:102DC000661E3605891BE60A6405640D02D0651C83
:102DD000ED0A04D0002001210905803C2403A4460B
:102DE0001C0D671E3F05DB1BE70A6405640D02D05E
:102DF000651CED0A04D0002201231B05803C24033E
:102E00007740644497B484B296B27443070C7E430F
:102E1000150C6F4380B26843361802D301200004BA
:102E20003F183004350C00197D41844688B29AB2AF
:102E300050430C0C62431F0C7C438EB27E439219AC
:102E400002D301263604A4191604170C361867415C
:102E500001BC81B29AB25143040C62431B0C5C4327
:102E600080B25843121802D3012000042418100421
:102E7000130C401863412D185E410020474106BCE9
:102E800088B293B258430C0C6343120C544389B27A
:102E900051435B1802D301210904641819041A0C68
:102EA000091862416D1856410020474118BCF902CB
:102EB000720D1143F0026A0D1043ED020A0D03D1A9
:102EC0006D1940414941013B124E9B1B7600B342B4
:102ED0000ED26D0007D3013000267141664635439E
:102EE00001D1400840001B05C918E4072144F0BD8A
:102EF0000BDA013306D1013004D101314F0D01D07D
:102F00004908F2E7E1070020F0BD01363105002055
:102F1000EBE70000FF030000F0B51C0D671E3F0546
:102F2000DB1BE70A6405640D02D0661CF60A04D0B8
:102F3000002201231B05803C2403D0252D060026FA
:102F4000F6432E661E096E66CE0FF619B44649008A
:102F50004F0D02D07E1CF60A03D000200021403F16
:102F60003F033E1BB600B444013F7F05C91B49081F
:102F70002E6F013676089C02950D25437543ED139F
:102F80007543AD1301356D10F603761B0CB4CC02FE
:102F9000450D2C43A2B2B3B25A43270C7B43350CE8
:102FA0006F43A4B26C431B1902D3012424043F19BC
:102FB0001C041D0CA4187D4124196D41009A91B286
:102FC000ACB26143170C7C432B0C5F4392B25A4363
:102FD000A41802D301221204BF182204230C521891
:102FE0007B41019C6C431B19520ED9010A434401D9
:102FF000A01A81B2B2B2514303145A43360C734340
:1030000087B27743D617D21900277E4136049B1921
:103010001704160C7F185E417316ED18F301002695
:1030200080337541A90F06D16400690AE8055B0A7F
:10303000184309D22FE00422944480337541A90A31
:10304000A8059B0A184326D3404149412404009A0D
:10305000019B0D005543641B4343E41A95B286B2AD
:103060007543170C7E43030C5F4392B25A43B61864
:1030700002D301221204BF183204330C52197B41CF
:1030800052429C41002C02D40022013051414008A0
:10309000CA071043490802B06246D7079210084B8E
:1030A000D218084B9A4203D212058918C919F0BDEB
:1030B0000020002A01DC3900F0BD01331905F5E7D5
:1030C000FD030000FE070000002200B5203200F0E2
:1030D00004F8080000BD000000220B150AD410B54A
:1030E000944600F031F81414013400DA0021CB17B3
:1030F000144C20470020002170476244343A0CD41D
:103100000C2A07DA04009140904052422032D44009
:10311000214310BDD843D94310BD203207D40C46FB
:103120009440524220321141D040204310BD08004B
:10313000C917203203D452422032104110BD18006A
:10314000190010BDFB3000100A0DCC0F531E1B05DB
:10315000C91A520503D3C943404200D30131520D6D
:1031600003D0531CDB0A07D0121B00206400611C33
:1031700089078912803A1203014BD21A7047000066
:10318000FF03000051434343C9188C46110C83B21E
:103190004B4310B4040C614392B280B2504362437B
:1031A0001C041B0C001910BC59411304120CC0184C
:1031B00051416144704700004840414048400E4B37
:1031C0005B6818470C4B1B6818470C4A936F9B08A9
:1031D00002D2094BDB681847F0B5146E556E576F75
:1031E000166FFFF7F6FF054A1466556657671667B0
:1031F000F0BD014B9B681847E8120020000000D08A
:10320000491A002808D1084670470000C10FC907B5
:1032100000D54042002817D0F44603B40B4B1B687E
:10322000984706BC81409E384042803107D20B0649
:1032300007D04900490AC0051043084360470130E0
:10324000F8E7490A8902F5E770470000501F00209F
:10325000034BDB6FFC4618477CDFF53200100000A3
:10326000E8120020132310B512481C78FEF7B4FFB3
:103270000100012C0AD003DD80220F4800F060F825
:103280000E48FEF7A1FF0E4B186010BD0A4C5422E9
:10329000200000F055F80B4B6365A365E3652366DA
:1032A0006366A366E36623676367A367E3672362D6
:1032B000E361E5E753460000E81200204C330000CC
:1032C000501F0020C932001007B5604601880A0A65
:1032D0000230DF2AFAD1C9B2820804D302884088BA
:1032E0000004104300E00068014A5050039007BDFD
:1032F000E8120020C30FDB0741000A0E07D0FF2AA7
:1033000008D00909054A8918194340077047190070
:10331000002070470249C918FAE700000000003891
:103320000000F07F01480421014B1847F00F0020F6
:10333000E9210010014B1B6818470000F00F002026
:10334000014B5B6818470000F00F00209A4200D242
:10335000885470477047C046F8B55746DE464E461B
:103360004546E0B599460A9B07009A460D9B88465C
:1033700093460B9C9B073BD10C9B9C423DD21E1B52
:103380000B9415000C005E442A004B4601352100C9
:103390002020B847B542F7D1A0460B9C002C20D086
:1033A000454636195346321B013C185D29004B46F1
:1033B000B847002CF6D12B00350098460D9B9B0793
:1033C0000FD55B46EC1A0C9BA3420AD94646984699
:1033D0002A004B46310020200134B84701354445CE
:1033E000F6D32800F0BCBB46B246A946A046F8BDBD
:1033F00016001500002CD3D1E0E71600002CCFD129
:103400001500EEE7F0B54F464646D646C0B584B047
:1034100098460EAB1B7894469946129B0D9C109FC4
:10342000119E9A0725D4002E65D1BC4221D20122DB
:103430001A409246202C00D1E9E00C9A551E302209
:1034400002E0202C00D17BE001342A55A742F8D8B5
:103450005246002A0DD0B4420BD20C9A551E30228F
:10346000202C02D171E0202C2DD001342A55B442F9
:10347000F9D1DA063CD55A052ED4002C28D10F9A62
:10348000102A00D1B6E0022A00D1BCE030220C9C08
:10349000227001244A46002A65D15A0700D499E0D7
:1034A0002B220C9D2A55013403930C9B62460093FA
:1034B000029643460194FFF74FFF04B0E0BCBA46C2
:1034C000B146A846F0BD2024DA06EDD55A0503D44E
:1034D000A74266D0B44264D00F9A102A71D0022A53
:1034E00057D0202CE0D02200013430250C9FBD5451
:1034F000202CD9D0CEE7012215001D40AA461A4241
:1035000036D04A46002A4AD10C321A4247D1BC4230
:10351000A1D2202C91D1202E17D82024DA06C3D591
:103520005A051BD4202F01D0202ED5D11F220F9D4C
:10353000102D6FD0022DD8D162250C9FBD54D0E73D
:103540005246002A79D0202EBDD92024DA06ABD5E8
:103550005A0503D4202FE9D0202EE7D00F9A102A45
:10356000A2D12024A0E72D220C9D2A5501349BE7EF
:10357000BC4200D37DE7202C00D05EE7DA06F0D510
:103580005A05EED4202F62D0202EEAD134001F221B
:10359000CDE7202C00D187E722000134CCE7013EA3
:1035A000B5E7621E012CC2D10F9A102A00D06AE73B
:1035B0009A063BD558220C9C2270283A627002244D
:1035C00068E79A060ED4202CCBD078220C9D2A5581
:1035D000013486E71A0700D466E720220C9D2A559D
:1035E000013461E7202CBCD058250C9A12191570B3
:1035F000013476E79A0608D558220C9C22703022B6
:103600006270022446E76032F7E77822F5E7002A85
:1036100083D1B3E7A21E013C9D0603D478250C9FFD
:10362000BD5460E758250C9FBD545CE778220C9C84
:103630002270483A627002242CE7DA0600D433E79D
:103640005A058BD4202F00D044E71F226FE73C009F
:103650001F226CE710B5002800D110BD01F074FBEB
:10366000FBE7C0460B0010B5002802D049681B6874
:10367000984710BDF0B557464E464546DE46E0B584
:1036800099B08246894690460893229A239B10005F
:103690001900FFF71CFA002800D0CDE022982399EA
:1036A0000122D94B5242FFF70DFA002800D0C3E0A7
:1036B000229823990122D54B5242FFF7F5F90028B1
:1036C00000D0B9E02298239900220023FFF7ECF9FB
:1036D000002800D0F1E1229E239F8023269ADB0060
:1036E0001A400D92269A1A4201D106232493802370
:1036F000269A1B011A403B0093460996334300D09B
:10370000B3E0002A00D0C2E1002300240A930B9406
:10371000002304250993259B0024AB4200D95C1BA0
:103720000223269A1A400C92269A134203D06B4227
:103730006B415B421C40099B002B07D00A9A0B9BF4
:1037400030003900FFF74FF906000F002298239947
:1037500000220023FFF7A8F9002803D080210906E2
:103760007B181F00269AAA4B009601971340089ECB
:103770000493249B039402934246330049465046E7
:1037800000F0AAF90400002D67D02020269A4946AF
:10379000024013005A4253415B42621C18400A9295
:1037A000330022004530D047099A6F1ED317D41832
:1037B0005C40D30F9B46002501E0202D13D008AAC2
:1037C00094461F23200063440A2101355E19FEF749
:1037D000BDFE3031317020000A21FEF7B7FE260011
:1037E0000400092EE9D805230693002304930A3325
:1037F00003935B46089E029310AB0A9A00934946D6
:103800003300504605970195FFF7FCFD0C9A040024
:10381000002A22D04246851A259AAA421DD9B046CE
:103820005746160022004346494620200135B84736
:103830000134AE42F6D810E0269B42460493259B05
:1038400049460393249B50460293229B239C00935A
:103850000194089B00F040F90400200019B0F0BC6E
:10386000BB46B246A946A046F0BD6A4B78009C46CE
:10387000400D6044FFF73CF9674A684BFFF7D1F809
:10388000674A684BFFF7A6F8674A3B031B0B1A43CE
:1038900004000D0009981100644B0022FFF791F815
:1038A000634A644BFFF7BDF802000B0020002900BB
:1038B000FFF790F8FFF734F90990FFF719F95E4A1E
:1038C0005E4B04000D00FFF7ACF800225C4BFFF7E5
:1038D00081F8FFF725F95B4A5B4B29000C9020002B
:1038E000FFF79FF804000C980D00FFF701F9574A05
:1038F000574BFFF796F802000B0020002900FFF756
:1039000060F804000D0002000B000A940B95FFF70D
:1039100088F804000D000A980B9902000B00FFF7CD
:1039200059F800220E900F914A4B20002900FFF712
:103930005AF80022484BFFF74DF802000B00200018
:103940002900FFF750F80022444BFFF743F802002C
:103950000B0020002900FFF746F80A9A0B9B0D0088
:1039600080210400C9050020FFF72BF802000B009E
:1039700020002900FFF72EF802000B000E980F9987
:10398000FFF731F80022284BFFF724F8344B0C9C4A
:103990009C46644423050022FFF743F804000D0011
:1039A00002000B00300039000A940B95FFF77CF8F9
:1039B00000285DD123002A00C625099963318D4274
:1039C000AD4159466D420435002900D1A3E61343A9
:1039D00063D030003900234A234BFFF76BF80028EF
:1039E00007D0002230003900204BFFF75DF8002897
:1039F00053D1249B002B00D18DE60D9B5A1E934181
:103A0000249AD31A249386E6FFFFEF7FFFFFEFFF90
:103A1000FFF7FFFF01FCFFFFFB799F501344D33FEB
:103A2000B3C8608B288AC63F0000F03F0000F83F13
:103A300061436F63A787D23F71A379094F930A400F
:103A40000000E03F1655B5BBB16B0240EF39FAFEFE
:103A5000422EE63F00002C400000244000001840A9
:103A6000FF0300002D431CEBE2361A3F80842E41F9
:103A7000099B0022013B09932000164B2900FEF709
:103A8000B2FF0A00010003000A910B9294E70023A1
:103A900000240A930B9400230993249A099B9A42C9
:103AA00014DDD31A013B24938023269ADB001A43AA
:103AB00000230025269209932DE6802212069446C3
:103AC000229B1E00239B63441F0006E600232493D1
:103AD000EAE7C04600002440F0B54546DE464E46C3
:103AE0005746E0B595B08B46904699461E9A1F9B67
:103AF0000A9019001000209DFEF7E9FF002800D071
:103B0000B0E11E981F990122C74B5242FEF7CCFF2D
:103B1000002800D037E11E981F990122C34B524262
:103B2000FEF7D0FF002800D0A7E01E981F990022C2
:103B3000BF4BFEF7C7FF002800D088E01E981F99F2
:103B40000022BC4BFEF7B0FF002800D07FE01E989B
:103B50001F9900220023FEF7A7FF002800D0FAE0FB
:103B600000230B938023229C229ADB001C401A42E4
:103B700000D102E1092D00D87CE106A98C462C0079
:103B8000172200233021093C62440133D154EF1A3B
:103B9000202B00D132E1A342F7D10022A44B0692A0
:103BA00007931E981F99FEF7BBFF0500FEF7A0FFC5
:103BB00002000B001E981F99FEF703FF069A079B51
:103BC000FEF72FFF08900991FEF7CEFF0600FEF7E3
:103BD0008BFF02000B0008980999FEF7F2FE002205
:103BE000954B08900991FEF76DFF002800D1D2E0B7
:103BF00001363000FEF778FF069A079BFEF75AFF62
:103C0000002801D000260135AA46002F00D098E0F8
:103C10002800FEF76DFF02000B001E981F99FEF7AB
:103C2000D0FE854B002206000F00FEF73DFF0CABD7
:103C30009A46002845D10022300039007E4BFEF71D
:103C400041FF00283DD1EB073BD5013539E0229BF0
:103C500042460493219B594603930A981E9B1F9C3E
:103C60000295009301944B46FFF704FD15B0F0BC9C
:103C7000BB46B246A946A046F0BD229B5B0767D46F
:103C800003226E4B22990192039121990291009394
:103C900042464B4659460A98FFF75EFBE6E706AAFE
:103CA00094461723280063440A2101341E19FEF7A5
:103CB00025FC3031280031700A21FEF71FFC051E5B
:103CC00076D0202CEBD10323229A1340012B1DD157
:103CD000219B002B1AD00B9B002B00D0BBE0229A1B
:103CE0000C33134200D0B6E0219BA34200D887E0FA
:103CF00006AB9C4617223023624404E0219901342C
:103D000013558C4259D0202CF8D12024229B0194A9
:103D10000393219B02935346B9E706AA94461723BF
:103D20000A216344300001341D19FEF70FFC3031C5
:103D3000297030000A21013FFEF708FC092E46D900
:103D40000600202CE9D155460CAB20249A46B8E752
:103D500004223B4B96E71E9A1F9B00200021FEF792
:103D600030FE01230B938023229C229ADB001E90BD
:103D70001F911C401A4200D0FCE60022314B06275E
:103D8000069207930DE7229B0393219B0293042342
:103D900001932D4B7BE7002208980999264BFEF7EB
:103DA00083FE002800D02FE7002E4FD101362BE7ED
:103DB0000323229A1340012B66D0202CA6D00B9B04
:103DC000002B1FD02D235246135501349EE7554634
:103DD000202CB9D030233A19002F08D0172006A97B
:103DE000013409180B55202CAED09442F6D10CABFF
:103DF0009A462E2352461355013462E72024CCE61E
:103E0000202C83D0229B5B0708D4229B1B0700D465
:103E10007CE7202352461355013477E72B23524683
:103E20001355013472E7C046FFFFEFFFFFFFEF7F3E
:103E300065CDCD4165CDCDC10000E03F98AA001011
:103E400090AA001080842E41A0AA0010F30700D48D
:103E5000DAE60136D8E6219B013B2193A34200D943
:103E600046E7AAE7229B0393219B02930323019336
:103E7000074B0CE7074BEA009B185C681B682F0098
:103E80000693079400248CE6219B002B95D022E713
:103E90009CAA001048AD0010F0B55746DE464E46CD
:103EA0004546E0B5A5B01F002E9B91460D93CA4A2A
:103EB000CA4B82468B461A60002900D129E20023B2
:103EC00038789846002800D12BE2C54B44460C9325
:103ED000C44B55464E460E930AE0631C984622009A
:103EE00033005946A84744463878002800D187E077
:103EF00001372528F1D108239A46043B9946023B15
:103F00009846013B00229C460B943878791C0300AC
:103F1000203BDBB2102B03D80C9C9B00E3589F4640
:103F20000300303B0B9C0B92092B3AD90023984697
:103F30002A2800D1DDE000239A462E284BD003002A
:103F4000683BDBB2122B1ED80E9A9B00D3589F46BB
:103F500063460F001A43D8E743460F001A43D4E7DD
:103F60004B460F001A43D0E710230F001A43CCE74B
:103F700053460F001A43C8E780235B000B9A7878FA
:103F80001A430B9201310F0067284FD82428A4D977
:103F90000300253BDBB2422B9FD893499B00CB58B3
:103FA0009F46002398460B9B47469C4600E0013104
:103FB000BB00DB195B001F180878303F0300303B63
:103FC000092BF4D963460B930023B8469A460F0099
:103FD00001312E28B3D180200B9AC00002430B92EE
:103FE00030225242944678780B0084446246092A73
:103FF00000D8AAE12A2800D1B9E10F0001319EE7DB
:10400000A046AA46B146C84503D301235B424B44B0
:1040100098464B46424659460020D047200025B0DE
:10402000F0BCBB46B246A946A046F0BD01006939C6
:10403000C9B20F2900D950E701238B409C466B4B36
:10404000994663464A4613400F9362464B461A42CE
:1040500000D068E10A2956D0072900D03DE70D9B22
:1040600002CB9846002900D092E10B9B10211A0048
:104070008A43100011310843814680201A00C00095
:104080000240110003421CD114AB9C461F220F2397
:1040900062440D959C4615000F9B0B9402E0202B6B
:1040A0000CD0110064460C4020003730092C00D899
:1040B00007380133E8540A090F29F0D80B9C0D9DED
:1040C0000F934B46082206935346059208320392FB
:1040D000002204930F9B029201931CAB22000093D9
:1040E000594633002800FFF78DF9434604000D932D
:1040F000FAE60D9B04CB9046002A79DB78780D9385
:104100000F00013117E70D9B02CB14930B789C46EF
:1041100018005346002B00D134E1002815D0534637
:10412000013B013399460D940B9C89444A460B0090
:10413000A14601E0934203D05C780133002CF9D111
:104140004A465B1A0D9C0B920F938023DB00994625
:104150000B9A13400D934B461A4204D00F9B5345C4
:1041600001D953460F93022399460B9A13400B93A0
:104170004B46134200D1F5E16346002B00D1D6E156
:104180000D9B002B00D182E10B1BD14631009A46DA
:104190003B00A1442E005F464D4622009B468946C7
:1041A00009E04B463900541CB0475346185D0028BF
:1041B00000D192E122009542F3D14B465A46A946DE
:1041C000BB46350017001E004C460B9B002B00D051
:1041D000ADE1149B0D9387E6993E0010801C0020F2
:1041E000ACAB0010F0AB00103CAC001041900000F4
:1041F0000B9A283802430B924246524278789046F6
:104200000F000D93013196E678786C2800D15DE1BE
:1042100080230B9A5B001A430B920131B3E6802393
:104220009B00ABE67878682800D148E180230B9AA0
:1042300001311A430B92A6E6672800D1B2E0472865
:1042400000D11AE1452800D11CE10B9A0721049204
:1042500042460D9B0392073352468B43190002924C
:104260000CC92800009201930D9122003300594699
:10427000FFF700FA040037E6462800D18DE00B9ADC
:104280000721049242460D9B0392073352468B430B
:10429000190002920CC92800009201930D9122008E
:1042A00033005946FFF718FC04001DE6631C9846CE
:1042B0002200330059462520A847444614E60D9BAA
:1042C00004330F93631C99460B9B9A0700D40AE1B1
:1042D0000D9B2200187859463300A84743464444B2
:1042E000012B00D86FE1B0462E0025004C46B946A0
:1042F0005F4622004346013439002020B047AC42DB
:10430000F7D12C00BB4635004F4646460F9B0D9318
:10431000EAE5D64B38789A4600239846002800D024
:10432000D3E500246FE66F2842D000D8FDE11023CA
:10433000782800D19BE00B9A9A430B920A239C4663
:10434000002314930A330F9338E057460B9AB900B1
:10435000C919490001330F181878303F010030396E
:104360000929F4D9BA460B921F00591CE7E50D9BA9
:10437000B87804CB0237D143C9170A4092460D934F
:10438000791CDCE5002800D1DFE602235B42C8E6A9
:1043900021200B9A0243914676E620230B9A1A437A
:1043A0000B926CE780230B9A1B011A430B924CE78C
:1043B00008239C460023149308330F930B98802303
:1043C0000200DB001A4011000200184200D080E019
:1043D0000C239A431000802302009B001A400B928A
:1043E000184200D0F1E0802302005B001A409146A1
:1043F0000D9A04321492184200D0C3E2430600D54D
:10440000D7E0030600D421E30D9B1B880993002B02
:1044100000D02DE110339843002900D128E100237A
:10442000994643460593534604930F9B0690039386
:10443000002302934B4601931CAB22000093594684
:1044400033002800FEF7DEFF0400C2E6582809D03A
:10445000622800D0E3E202239C4600231493023337
:104460000F93ABE720230B9A1A430B92103B9C4609
:104470000023149310330F93A0E780230B9A1B01A2
:104480001A430B9220230B9A1A430B92DDE60B1B67
:104490009A460F9B99463B0037005E469B4622009A
:1044A0003B003100A84753460134185D0028F6D17F
:1044B0004B460F935B46B3463E001F0085E6C02384
:1044C0000B9AB8781A430B92F91C5CE5C0239B0049
:1044D000F6E70D239A4310007DE75B463500BB46A7
:1044E0004E461F0071E64346012B66D9631E4344C6
:1044F00032002E001D003B00A2465F4691469B46BF
:1045000022004B46013439002020B047AC42F7D19D
:104510005B463500BB464E46A14654461F000D9BE8
:104520004A461878594633004444A847EEE60F9BA4
:10453000A146984500D84CE64444E41AB0462E0003
:1045400025004C46B9465F462200434601343900F7
:104550002020B047AC42F7D12C00BB4635004F4677
:10456000464636E60F98804500D873E24346E21887
:10457000131A32002E001D003B0091465F469B46F9
:104580000F9122004B46013439002020B047AC4245
:10459000F7D15B46BB461F0043460F9901330F938B
:1045A0000B7835009C464E466046002800D0E7E573
:1045B0000FE60D9B1B78099329E70D9B22001878C5
:1045C00059463300A8474C46A0E60D9AFA3BFF3BFC
:1045D00007329A430133994691444B460D93136831
:1045E000526815921A4306D1103290430022099264
:1045F000002900D083E06122810600D54122D2B299
:104600000A9214AA91460A9A00210A3A0B9242464B
:104610001792524618925A46B24609911E001F310F
:10462000149B4944BB4616941A9500246746984645
:104630008946159D19901B920AE03032D2B24B4642
:1046400001341A55A8454CD0202C4CD006000D0042
:104650003A00002330002900FDF7B6FFD2B2092A44
:10466000EBD90B9B9C466244D2B2E8E7553300106D
:104670006123820600D54123DBB20A3B0B934346FC
:1046800014A91F228C46159353466244B2460D94DA
:1046900017974C468046A9461700099D0F9E169312
:1046A00008E03033DBB201343B55B5420ED3202C49
:1046B0000CD0050031002800FDF748FFCBB20929D6
:1046C000EFD90B9A94466344DBB2ECE7159B404666
:1046D0009846169B4D465646A1469A460D9C179FF6
:1046E0009FE6B742B0D9179B56469846189B5F463F
:1046F0009A461B9B09949B46169C19981A9D434603
:104700000593534604930F9B069003930023029353
:10471000099B01931CAB22000093594633002800EB
:10472000FEF770FE0400FFF7DFFB10230B9A9A439D
:104730000F92692800D091E10B9980230A00DB00D9
:104740001A4010000A00194203D0112118008A43B0
:104750000F920F9A802311009B0019408C461A4239
:104760005BD1802311005B00194089460D9904310B
:104770000B911A4200D0B2E013005B0600D4EDE0CA
:104780000D9B1B781A00D90F0D91002B00D1A3E0CF
:10479000100014AA944642461F23159252466344C1
:1047A000A846BA464D461494B14604001F0016921E
:1047B00001E0202D0FD020000A21FDF7C7FE0135B2
:1047C0007E193031317020000A21FDF7BFFE26002E
:1047D0000400092EEDD8159B4E46A946454698463D
:1047E000169B57469A46149C0F9B06934346059387
:1047F000534604930A2303930D9B02934B46019364
:104800001CAB22000093594633002800FEF7FAFD46
:104810000B9B04000D93FFF767FB07220D9B0733EB
:104820009343013294469C4462460D920CCBD90FBF
:104830000B911100194300D19BE0D91713911291EC
:104840005140109113995940119110981199129A51
:10485000139B801A99411090119114AA94464246D4
:104860000023159252469946169232001F33634434
:10487000A8464E46BA4614941F00109C119D9146BE
:1048800001E0202E10D0200029000A220023FDF78D
:104890009BFE013630322B00BA550D002200040079
:1048A000002BEED1092AECD8159B109411954546A2
:1048B00098464B46169AB14657461E009246149C9F
:1048C0000F9B069343460593534604930A23039391
:1048D0000B9B02934B461CE7002885D159E70D9BA3
:1048E0001B68DA0F1100002B00D1A6E0DA17981828
:1048F000504014AA91461F2342464B44A8460D94AB
:10490000169704006546B1461F001491159201E008
:10491000202D0FD020000A21FDF718FE01357E1949
:104920003031317020000A21FDF710FE260004000E
:10493000092EEDD8159BAC4645469846149B4E462D
:1049400019000D9C169F0F9B0291069343460593F9
:10495000534604930A230393634650E713001B0650
:104960006ED50D9B00229B5ED9175A184A4092B211
:1049700009E7002399460028A2D1002200231092C3
:1049800011936AE70D9B1B689946002B03D11033E6
:104990009843002938D16123820600D54123DBB238
:1049A0000A3B0D9343461693534614A91F228C4687
:1049B00017932B0062444D46B246159418978046D3
:1049C000170099460B9C0F9E08E03033DBB2013490
:1049D0003B55B5420ED3202C0CD0050031002800E9
:1049E000FDF7B4FDCBB20929EFD90D9A9446634483
:1049F000DBB2ECE7169B40469846179B56464D4661
:104A00009A460B94189F159C43460593534604936E
:104A10000F9B06900393002302930B9B0BE50B99CE
:104A200080230A00DB001A4010000A00194200D05F
:104A30008BE610239A430F928BE6002883D158E728
:104A40000D9B1B68D9175A184A409CE60D9B1B68A2
:104A50000993DCE4030001330F93A5E50B926DE4A9
:104A60000CB430B585B008AC08CC064D0A000094F3
:104A7000010028000394FFF70FFA05B030BC08BC12
:104A800002B018474D33001000B585B003910121E5
:104A900002900093034813004A4202A9FFF7FCF971
:104AA00005B000BD6536001010B5094A0300146852
:104AB00084B0002C08D0012200910648524203A97C
:104AC000A047012004B010BD00F08AF90020F9E7EA
:104AD000801C00205536001000BEFDE77047C04620
:104AE00010B5FFF7F9FFC04670B5FDF7CFFB074DD6
:104AF000074EB54209D20024013E761BB60808CD08
:104B0000984723000134B342F9D170BD48A7001083
:104B100050A70010030010B5080011001B6898474B
:104B200010BDC046F0B5C64600B5437D07000D0078
:104B30001600002B38D0002A2EDD00216A1E904678
:104B40006A5C037D4C1C00200A2A0CD0A64216D0B9
:104B500043461B5D21000D3B5A4253416A5CDBB268
:104B60004C1C0A2AF2D1002BF0D1884217DB02211B
:104B700010483B689847A64207D02000E8E78642E5
:104B800003DD311A3B6828189847AD19013D2B7891
:104B90000D3B5A4253413B7580BCB846F0BD091AE3
:104BA0003B6828189847E2E70368110028009847F7
:104BB000F2E7C04698AD0010F8B50B680D005A1C1E
:104BC000CB180A601871802A00D0F8BD0E4B1C6803
:104BD000002C15D00D4E0F1D02E02469002C0FD0C3
:104BE0002368002BF9D03368002B01D0A342F4D105
:104BF000200039002A68FFF795FF2469002CEFD1C7
:104C000000232B60E1E7C0466018002068180020F0
:104C1000F0B5DE4657464E464546E0B585B017002E
:104C20001C0006000D00FDF719F90023314A121887
:104C30004B41802109068B4202D301222E4B524266
:104C40002E4908008A4605F03FFD01906B1C03D1F8
:104C5000300005F0C9FC0500002C26D0284B9846F2
:104C6000284B1C68002C15D0002F21D1264F02E0C4
:104C70002469002C0ED02368002BF9D03B68002B50
:104C800001D09C42F4D120002A003100C0472469A1
:104C9000002CF0D1019B002B28D1280005B0F0BCDE
:104CA000BB46B246A946A046F0BD184B9846D7E78A
:104CB000154B994602ABDF1D0A239B4602E024698F
:104CC000002CE7D02368002BF9D04B461B68002B43
:104CD00001D0A342F3D12A0031002000C0475B4637
:104CE0000122390020003B70C047E8E7504605F03C
:104CF000ABFCD2E740420F00FFFFFF7F54100020C3
:104D0000254B00106018002068180020154B00107B
:104D10000A4A1368002B05D10CE01A001B691032F7
:104D2000002B07D09842F8D1002902D10369136003
:104D3000016170470029FCD01060FAE7601800207C
:104D400010B500F07DFA10BDF0B5CE46474680B5EF
:104D500083B06B460600DD1D2870FDF77FF8002349
:104D60001A4A12184B41802109068B4202D30122B4
:104D7000174B524217490800884605F0A5FC164B10
:104D800081461C68002C14D0144F02E02469002CCA
:104D90000FD02368002BF9D03B68002B01D09C4238
:104DA000F4D1200001222900FFF7BCFE2469002C69
:104DB000EFD14B46002B05D1300003B0C0BCB94643
:104DC000B046F0BD404605F03FFCF5E740420F001D
:104DD000FFFFFF7F5410002060180020681800209B
:104DE00070B5040005F000FC01230100050001225C
:104DF0002000FFF70DFF084B1C68002C06D06368ED
:104E0000002B05D098472469002CF8D1280070BDEC
:104E10002469002CF3D1F9E760180020F0B5CE46E4
:104E2000474680B5A3B004000D00FDF717F8002336
:104E3000294A12184B41802109068B4202D30122D4
:104E4000264B5242264F380005F03EFC0023060058
:104E5000019322002B00234801A9FFF715FE019BB7
:104E60008046002B14D1204B1C68002C06D06368B0
:104E7000002B0BD098472469002CF8D1002E25D1A7
:104E8000404623B0C0BCB946B046F0BD2469ECE74B
:104E9000154B1D689946002D1CD0144C02E02D695D
:104EA000002D0FD02B68002BF9D02368002B01D0E8
:104EB000AB42F4D12800019A02A9FFF733FE2D6915
:104EC000002DEFD14B4601951C68CEE7380005F068
:104ED000BBFBD5E70195D1E740420F00FFFFFF7F05
:104EE00054100020B94B00106018002068180020F2
:104EF0000FB400B583B004A901C90191FFF78EFF7B
:104F000003B008BC04B01847024B1860024B19608C
:104F10007047C046FC1700200018002010B5024B57
:104F20001878FCF745F910BD7E200220154B70B5AE
:104F30001A68002A22D0EFF3108172B61068002898
:104F4000FCD0BFF35F8F00200F4A596010701B68C0
:104F5000BFF35F8F186081F31088002400250B4E8B
:104F60003078FCF719F9002804D100240025290025
:104F7000200070BD3078FCF71BF9F8E7FA24002513
:104F8000A400ECE78C1C00207F2002207E20022061
:104F900070B5040000200E0001F078FB002836D028
:104FA000002001F089FB002831D0FCF757FF0023D7
:104FB000184A12184B41802109068B4216D2164D11
:104FC000280005F081FB002821D0002001F05EFBC5
:104FD00000280FD101200021404200F07FFD032472
:104FE0006442280005F030FB200070BD01220B4B0D
:104FF0005242E4E7002001F05FFB0028EAD02100E4
:105000003200002001F062FB041EEAD1E7E703242E
:105010006442E9E740420F00581F0020FFFFFF7F76
:1050200010B5FCF71BFF00230E4A12184B418021DC
:1050300009068B4202D301220B4B52420B4C20003B
:1050400005F042FB00280CD001200021404200F076
:1050500045FD002001F084FB0028F5D1200005F07B
:10506000F3FA10BD40420F00FFFFFF7F581F0020E2
:10507000F8B5DE46574680B505000C00FCF7EEFE9D
:105080000023374A12184B41802109068B4202D374
:105090000122344B5242344908008A4605F014FB81
:1050A000002803D1C0BCBB46B246F8BD002001F0C9
:1050B000EDFA00284AD00026002C43DD2B4B9B46FE
:1050C00014E0A919002001F085FB07000120002150
:1050D000404200F003FD002001F042FBFCF7BEFE61
:1050E000224BF61918605960B4422BDD002001F004
:1050F00091FBA71B0200B84200DD3A00002AE0D174
:1051000001200021404200F0E9FC002001F028FBD2
:10511000002001F0BBFA002814D0002001F07AFB37
:105120000028E1D1FCF79AFE5B460F001A685B6825
:10513000002184460E4812184B419F4202D8D3D119
:105140009445D1D9504605F07FFAABE70020002105
:10515000064B18605960504605F076FAA2E7C04643
:1051600040420F00FFFFFF7F581F0020E01100208A
:1051700020A1070030B52B4C85B00021200005F0A0
:1051800093FA00281CD1284B1A68002A16D0EFF396
:10519000108172B610680028FCD0BFF35F8F012425
:1051A0002248596002781B68D2B20470BFF35F8F47
:1051B0000020186081F31088002A17D005B030BD98
:1051C00001200021404200F089FC002001F074FA27
:1051D0000500200005F038FA002DEFD0144B1B68B5
:1051E000002BEBD0134A10689847E7E7FCF7FAFB6F
:1051F0000400FCF733FEFA220023920012184B4100
:10520000802109068B4202D301220B4B524201211D
:10521000029100210191094920000091FCF7E6FB71
:10522000CCE7C046581F00208C1C00207F200220A5
:10523000FC17002000180020FFFFFF7F2D4F0010FB
:10524000D02310B51B0684B01C68FCF7CBFBFCF721
:10525000C9FCA04202D0002004B010BD2A4B00219E
:1052600000201B7801F0A0FC28480368002B47D0E1
:105270000120FCF747F9FF23254C264920701840F0
:10528000FBF7B0FF20780121FBF774FF0520FBF747
:1052900097FF002826D1082200211F48FEF74AF870
:1052A000FCF7A0FB0400FCF7D9FDFA2200239200D2
:1052B00012184B41802109068B4202D30122174B61
:1052C00052420121029100210191154920000091D3
:1052D000FCF78CFB0028BEDB12480121FFF718FD0C
:1052E0000120B9E70120FBF713FF0B4B0100180069
:1052F000FCF76AF9002205200B49FBF79DFFEBE75D
:10530000FCF746F9B4E7C04624B00010581F00204F
:105310007E200220755100108C1C0020FFFFFF7FB3
:105320002D4F0010001000201D4F00100048704746
:1053300014AE001000487047C0AD001010B5040056
:1053400017480378002B20D0002C06D1154B1648A7
:105350004380063BFF3B038010BD052C19D8134B3F
:10536000A400E05812490123013804E001330A8007
:105370000231142B0FD0C25C002AF7D1C022DBB25D
:105380005B00920008481343E5E7112100F01AF88A
:10539000DAE70020E0E7CA2303489B00DBE7C046CA
:1053A000701F02200904000038180020A8AD00106A
:1053B0003A18002010B5024800F0D8F810BDC046D9
:1053C000481F002030B54B1E012900D1A7E0664AD6
:1053D00011780D092C0030349F2900D9A2E0047007
:1053E000012B00D1BEE00F21147821400C00303495
:1053F000092900D998E04470022B00D1B2E054781A
:105400002509290030319F2C00D990E08170032BB1
:1054100000D1A7E00F2121400C003034092900D928
:1054200087E0C470042B00D19CE094782509290002
:1054300030319F2C00D97FE00171052B00D191E024
:105440000F2121400C003034092900D976E0447145
:10545000062B00D186E0D4782509290030319F2C15
:1054600000D96EE08171072B00D17BE00F21214034
:105470000C003034092966D8C471082B00D171E0C2
:1054800014792509290030319F2C5FD80172092B2E
:1054900068D00F2121400C003034092958D84472BB
:1054A0000A2B5FD054792509290030319F2C52D81E
:1054B00081720B2B56D00F2121400C00303409296A
:1054C0004BD8C4720C2B4DD094792509290030316A
:1054D0009F2C00D9073101730D2B43D00F212140A0
:1054E0000C003034092901D937310C0044730E2BDC
:1054F00038D0D1790C09220030329F2900D90732E7
:1055000082730F2B2ED00F220A4011003731092A47
:1055100001D830321100C173102B23D0103000237A
:10552000037030BD07345AE737310C0063E70731A9
:105530006CE737310C0074E707317DE737310C0039
:1055400085E707318EE737310C0095E707319DE796
:1055500037310C00A3E70731AAE737310C00C472DA
:105560000C2BB1D1C018DAE7481F002010B588B065
:1055700004000D2200216846FDF7DCFE0D2200210B
:1055800004A8FDF7D7FE6A464B236846137004A9AA
:1055900000230D2205F068F8152108222000694437
:1055A000FDF7CEFE08B010BD7047C0460022014B8B
:1055B0001A7070477D2002204B790020FF2B0BD101
:1055C0008B79002B08D1CB79012B05D1082A03D97F
:1055D000024B8A7809301A707047C0467D2002203D
:1055E0000120704710B5012901D0012010BD1449D8
:1055F0005379107909781B02034300209942F5D1B1
:105600005378012B08D0022BF0D100206422002116
:10561000FCF784FD0120E9E7D17890780902014385
:1056200080200A0040000240014206D0CA091A4008
:10563000480A03231940FCF7F9FD01204042F8E72E
:105640007D20022000487047D0AE001070B50500E4
:1056500014000120012909D153780020012B05D124
:10566000637912791B021343072B00D070BD210010
:105670002800024A9F3300F0E9FEF7E728AE001049
:105680000123037000487047F4AE00104B780A788D
:105690001B0213438A7810B512041A43CB781B06F9
:1056A00013439622D200934200D010BD0022012065
:1056B00011004042FCF7BAFDF8B500F035F90C23B3
:1056C000194DFF22AB6705201849FBF7B5FD184CB3
:1056D000402200212000FDF72DFE40270023012657
:1056E0002121144A66702783A260136063545F31DE
:1056F000618445396354104A10496360E26027872A
:10570000A1620B606362E26204F0B6FF80239B0536
:105710002E64EB6490230A4A0120EA508022094B50
:105720005202DA64F8BDC04600001150990400200E
:10573000801800208400105000011050800010508C
:1057400010D001000020115010B501210520FBF7F9
:1057500011FD10BD10B500220021024800F004F92F
:1057600010BDC046A0180020044B1970002904D0B9
:1057700080219023024A8902D1507047792002206B
:10578000002011500B785B0602D14B78052B00D01E
:1057900070478A78014B1A60FAE7C0460000115042
:1057A000F0B5C646CB7800B59B079C0F2000012CB6
:1057B00056D08D780A794B797F211B022940EE095A
:1057C00013434A0094462C4F92195201BA1895700F
:1057D00001257540557000255B055B0DD570138361
:1057E000D476CA00012E2BD0244CA0468C01424412
:1057F0003C19A260156000292BD0214AC9009046AF
:10580000414461603F223F339343022830D032004D
:105810001C4C624421685201BF181B4ACB18F96026
:105820002360934226D8194A83064A4013438022B4
:10583000120613437A681360012080BCB846F0BD9D
:10584000134CA0468C0142443C19A2621560002909
:1058500008D100237601BE1973600E4BF360EBE7AD
:105860000020EAE7094AC900904641446162C9E75D
:105870005B00CCE7FCF704FD80180020840010508A
:1058800004001050881C0020FF0F10500000105022
:10589000800010500001105010B504F0EDFE10BD56
:1058A00010B57F200C0020404000E40911000019D1
:1058B0001A00034B4001C01800F056F8012010BD3B
:1058C000801800207F23180010B50840CA090B4239
:1058D00003D107497D3B9B1A8B66400080188022CC
:1058E000044B40010021C018120104F0FDFE10BD60
:1058F00000201150801800207F22130010B50B40AB
:105900000A4200D110BDC9095B005B1804485B0165
:10591000C018002300220349C37004F0E5FEF1E73C
:1059200080180020FFF7FFFF80220A4B520410B5B9
:105930001A60094B09491A6010000B689843FBD1A3
:105940008022002152010648FDF7F4FC0922054B94
:105950005A6710BD00E0004000F0004008C0004061
:105960000000105000001150002310B5C382013315
:10597000828283760161040004F06EFE002804D068
:1059800080219023074A8902D150200004F0B4FE00
:10599000002802D00123237710BD200004F08CFEE4
:1059A000FAE7C046002011507047C0467047C04615
:1059B00000207047002070477047C0467047C046BF
:1059C0007047C0467047C046024B5878431E984106
:1059D000C0B27047E0150020024B18784007C00F96
:1059E0007047C046E0150020F0B5D6464F46464603
:1059F000C0B52F4B07009A461B780E00FF2B01D035
:105A0000012041E000293ED0002154222948FDF721
:105A100091FC0022284C294B20001A70FBF7B8FD9E
:105A2000274B1C60274C2000143CFBF7BFFD2000D7
:105A300001F0B6FB244B254D1C60254B002B28D0D4
:105A40002800FFF71DFE234B18602B78224A002404
:105A50009146204A90460EE043461B6862019B181F
:105A6000002B10D05B68002B0DD0984701342B78A9
:105A7000E4B2A3420FD3A342EED8E31A5B014B4436
:105A80005B68002BF1D10020E0BCBA46B146A846C5
:105A9000F0BD2B78DAE75346310038001F70FFF76E
:105AA0000BFE0028EFD03800FFF74EFE0120EBE799
:105AB00034100020E0150020D81500207A200220A4
:105AC000341600202C1000203816002078200220E8
:105AD0008156001030140020BCAF0010F0B5DE4637
:105AE00057464E464546E0B5C94B91B003931B78E7
:105AF000FF2B00D145E1C74BC74E9B465F46C74BC6
:105B00000DAC0293C64B019335686A69EFF31081BF
:105B100072B61368002BFCD0BFF35F8FA961280019
:105B2000210001F06BF96A69AB69BFF35F8F002157
:105B3000116083F31088002800D122E16378082BDC
:105B4000E2D89B00FB589F466368002BDCD0A0681E
:105B50009847D9E77F222179B04D0A405300EB18CE
:105B60009846C809804440460123303005799D435A
:105B70000571057903339D430571002A00D107E1C2
:105B80004346A84A1B7D1278934200D3F7E0A64A09
:105B90005B011568ED18002D00D1F2E0A368627971
:105BA0002078AD69A847AFE7A04A1378002B00D151
:105BB000E7E01378013BDBB213701378002BA3D11D
:105BC0000122964D01212B78042013432B7034239E
:105BD000EA5C8A43EA54EA5C8243EA540133EA5CB1
:105BE0008A43EA54EA5C8243EA54237800209B46C5
:105BF00000F08CFC602223791A40602A00D1F2E088
:105C0000402A00D1F8E0DB06DB0E012B00D115E1C4
:105C1000022B00D1CBE0002B00D0E4E0202A00D101
:105C20000FE2002A00D0DEE06379092B00D9DAE028
:105C30007F4A9B00D3589F46784D2B78DB0700D4D2
:105C400062E7FFF7BFFE5FE7029BDB78DB0700D46C
:105C50005AE76068FFF7AAFE56E7704D2B78DB071E
:105C600000D451E728780007C00FFFF7A9FE4BE7E3
:105C700023786B4A994693466A4B6B4A98469246FC
:105C80003A00002547461B78B0464E4691460EE046
:105C900053461B686A019B18002B00D17EE0DB682D
:105CA0003000984701353B78EDB2AB420CD3AB42A4
:105CB000EED8EB1A5B015B44DB6830009847013596
:105CC0003B78EDB2AB42F2D2544D54220021280071
:105CD000FDF730FB1022FF21281DFDF72BFB2800CC
:105CE0002022FF21143046464F46FDF723FB00F0EB
:105CF00003FC2379AB7007E723784B4A9946494B5D
:105D0000924698463200BB464E460025474691468D
:105D10001B780DE053461B686A019B18002B41D08D
:105D2000DB683000984701353B78EDB2AB420ED3CB
:105D30009D42EFD3019AEB1A94465B016344DB6802
:105D40003000984701353B78EDB2AB42F0D2029D6E
:105D5000542200212800FDF7EDFA1022FF213548DA
:105D6000FDF7E8FA28002022FF2114304E465F4656
:105D7000FDF7E0FA00F0C0FBFFF720FEC4E6934217
:105D800013D011B0F0BCBB46B246A946A046F0BD48
:105D9000A3686279207800F0CDFBB5E646464F4611
:105DA0001E4DA4E74E465F46E4E71D4DF6E6702320
:105DB000217A0B4217D1C80982460F330B405B0092
:105DC00098461848EB1853441B7D0078834260D2F4
:105DD00015485B01006881469944002A00D14FE1D3
:105DE0004B46002B5DD120780021FFF76BFD802111
:105DF0002078FFF767FD87E60F4800F087FB012159
:105E000058460EAAFFF722FC002800D07CE6EAE7FD
:105E10003410002014AF001038160020E0150020C8
:105E2000BCAF001078200220301400207A2002201D
:105E300038AF0010E41500204D560010237A0F2BC8
:105E4000D1D8D64AEB181B791278934234D3CAD1F1
:105E5000D34D686900F05AFB012158466B690EAAC0
:105E60009847002800D04FE66022150023791D4096
:105E70001A42B8D163790A3B012BB4D800F046FB33
:105E800063790A2B00D17FE158460EA900F0C8FAC9
:105E90003AE6834200D0EEE0C14B9946002A00D199
:105EA000EEE04B46586900F031FB4B460121584665
:105EB0005B690EAA9847A7E7BA4A5B011568ED1817
:105EC000002DC6D18FE7A37999466B789945DBD031
:105ED0006B78002B00D02AE14B466B70002B00D171
:105EE00022E148460138C0B2FFF724FA002800D169
:105EF00074E143780793022B00D06FE10122C1794E
:105F0000B1468B11491113400A40302112015B0147
:105F100013432A78A8468A4313432B7009239A46D1
:105F200082445646BA46C37882781B021343C3188C
:105F300005939A4B04939A4B08939A4B09939A4B67
:105F40000A93059BB34200D84BE1737801220B2BD7
:105F500003D13378F278F6187378042B00D03AE145
:105F6000059B00279B1B9BB20693049B0B921D78FD
:105F700019E0099A7B011568ED18002D00D12AE17E
:105F8000310058462B69069A98478446082803D959
:105F9000069A824200D30BE1049B01371D78FFB2C1
:105FA000BD4200D217E1AF42E3D3089B7D1B9C4664
:105FB0006D016544E4E76B780CAA02321370584611
:105FC00001230EA900F042FA9EE5E3881A0AD8B22E
:105FD0000F2A00D907E775499300CB589F460EA8B2
:105FE00000F09AFA5846A179FFF7B4FB02222B7809
:105FF00013432B7088E5E388012B00D0F3E60822D9
:106000002B78584693430EA92B7000F009FA7BE5D4
:10601000022029780CAB9A1C8B068908DB0F014003
:106020000B431380584602230EA900F00FFA6BE5CC
:10603000E388012B00D0D6E608222B7813432B707F
:1060400022E7237A0F2B00D9CDE6544AEB181B79AF
:106050001278934228D2534A5B011568ED18002D3F
:1060600000D1C0E6686900F051FA012158466B6919
:106070000EAA9847C8E6002A00D0B4E60023994645
:1060800062790220130004928343012B11D0002A6D
:1060900000D0A8E62B004344534430331B790CAAAC
:1060A0009B07DB0F0232BCE7934200D09BE63C4DDE
:1060B000D8E7E388002B12D1039B1878049B012BAF
:1060C00023D0FFF7FFFB43460221EB185344303344
:1060D0001A790A4301211A711A790A431A714B4637
:1060E000002B00D110E5586900F010FA4B46012151
:1060F0005B690EAA58469847002000F007FA35233E
:10610000EB5CDB0700D5FFE4BEE6FFF7F5FB43469B
:106110000221EB18534430331A798A431A711A79E1
:1061200004998A431A71DAE7FFF748FCACE60021CC
:106130005846FFF719FB5846FFF7AEFB0022924680
:10614000174AAB780592174A049306922A00134B1C
:106150005546984692461B780EE0069B6A011B68DE
:106160009B18002B56D0DB685846984743460135AC
:106170001B78EDB2AB4239D3AB42EED8059AEB1A9D
:1061800094465B016344EEE70CAB9A1C584601232E
:106190000EA9157000F05AF9B6E4C0467820022026
:1061A000BCAF001030140020F415002060AF0010C8
:1061B0000B9A012A4DD0002A3CD00023B07804E08D
:1061C0000133DBB20F71934234D2C118C9B24144DA
:1061D0000D79FF2DF4D04E464546574600236B708F
:1061E00001E64E465746FFF7E7FB4DE6554654227B
:1061F00000212800FDF79EF81022FF21281DFDF741
:1062000099F828002022FF211430FDF793F8049B11
:10621000AB7061E65546FAE7FFF714FA021E00D1AB
:10622000E1E5D37891781B020B4358460EA900F0A4
:106230000DF9E9E565463B0031002A000A9800F0B7
:1062400059FDAC46049B66441B78BB4200D378E6FC
:10625000C1E7174B29699942AFD1079AADE7FFF71C
:10626000A7FB021E00D1BEE5584613780EA900F028
:10627000EDF8C9E52189FFF761F8021EF4D1B2E516
:10628000022A0FD0FFF796FB021ECAD1ABE5FFF73B
:106290004DF8021E00D1A6E5122358460EA900F0C3
:1062A000D5F8B1E5FFF746F8021EBAD19BE5C04626
:1062B00019690010F8B557464E46DE4645460C00B3
:1062C000E0B516001F00002A3CD01F4B00259A465F
:1062D000702399461D4B9B4617E05B46200099783A
:1062E00000F0CAFC00281FD021004046FFF758FAF2
:1062F000002819D0A378DA09012A1CD00A9A01359E
:1063000013702378E418B5421CDA6378052B0BD19F
:10631000E3789B079B0FBB4206D153464A461B7846
:106320009846A3781A42D8D00020F0BCBB46B246AB
:10633000A946A046F8BD0B9A013513702378E418DE
:10634000B542E2DB0120F0E734100020E015002028
:10635000702270B5094B0C001D788B781A4201D061
:10636000002070BD064B2000997800F085FC0028C5
:10637000F6D021002800FFF713FAF2E734100020CE
:10638000E01500200B007F2010B51840DB093433E6
:106390004000044AC018044B1168C01800F028FCE3
:1063A00010BDC04634160020E01500200B007F20F1
:1063B00010B51840DB0934334000044AC018044BC0
:1063C0001168C01800F03CFC10BDC0463416002017
:1063D000E015002070B57F240F480C4064000419BC
:1063E000CD09641930342079C00701D5002070BD73
:1063F000012625790948354300782571FFF750FAC1
:106400000028F4D1012223799343237123790332A5
:1064100093432371EAE7C046E015002034100020C2
:1064200070B5094C0600082220000D00FCF788FF1B
:1064300000238021E360A3602B7830009943002281
:106440000023FFF7C7FF70BDC0150020F8B5CE468A
:1064500047469046264E80B58146082230000D0002
:106460001F00FCF76DFF4346B3600023F381EC7916
:10647000AB7924021C43231CBC4200D93B1C9FB2B5
:10648000B381002C0ED0002F18D04346002B2CD007
:106490003B1C402F1BD89FB233787F2B1CD8002188
:1064A000144A0FE080212B780022994348460023AC
:1064B000FFF790FFC0BCB946B046F8BD7F2300226D
:1064C000317899433B004846FFF784FFF2E74023C9
:1064D0009FB233787F2BE2D9064C3A004146200028
:1064E000FCF72EFF80212200ECE70020E2E7C04607
:1064F000C01500208015002010B51422002102488C
:10650000FCF718FF10BDC046C0150020014B1861F4
:106510007047C046C015002010B5054C0100082288
:106520002000FCF70DFF0023A360E36010BDC04610
:10653000C015002070B5384C1D0023780600DA091C
:10654000C9098A4210D00020002D00D070BD210062
:106550003000FFF717F92369002B03D02200032135
:10656000300098470120F1E7A0687F2B05D800286C
:1065700034D02A002949FCF7E3FEE289A1685219C8
:10658000E38892B24919E281A160934214D03F2D71
:1065900012D9A389981A051C80B240282AD82078DD
:1065A000ADB27F2828D800219A4232D01B4A2B0056
:1065B0003000FFF70FFFC9E72369002B05D0220049
:1065C00002213000984700280AD080212378002239
:1065D000994330000023FFF7FDFEB7E70020B5E741
:1065E00000213000FFF76EF930008021FFF76AF9D3
:1065F0000120ABE74025D2E79A4207D0074C2A009A
:106600002000FCF79DFE80212200D0E7802100229F
:10661000CDE70022CBE7C046C01500208015002042
:1066200070B50500FFF7D0F9002800D170BDFFF765
:10663000D3F90028FAD1C8236B43124CE618F1783D
:106640000029F3D010331C19200000F0C1FB3F28B3
:10665000ECD90020F178FFF795FE0028E6D0200065
:1066600000F0B6FB3F2808D9074BEA01D218F178B1
:1066700040230020FFF7AEFED8E7F1780020FFF7B7
:1066800095FED3E7B81400203414002010B50400A0
:10669000FFF79AF9002801D1002010BDFFF79CF9FF
:1066A0000028F9D1C8226243024B01309B181B79A4
:1066B0001840F2E7B8140020C82310B5434302483D
:1066C000181800F067FB10BDC8140020F0B5C824EE
:1066D000C646802344431F4F1034050000B53C19C3
:1066E0005B029A4200D31C4A200092B200F0D4FB15
:1066F0008046FFF769F9002803D1404680BCB846C0
:10670000F0BDFFF769F90028F7D1C8266E43BE191E
:10671000F378002BF1D0200000F05AFB3F28ECD991
:106720000020F178FFF72EFE0028E6D0200000F0D0
:106730004FFB3F2808D9094BEA01D218F1784023D2
:106740000020FFF747FED8E7F1780020FFF72EFE84
:10675000D3E7C046B8140020FFFF00003414002027
:10676000F8B50600FFF730F9002801D10020F8BD88
:10677000FFF732F90028F9D1C82474432500134FDC
:106780002435ED19280000F005FB0028EED03F1954
:106790000020B978FFF7F6FD0028E7D00C4BF40194
:1067A000E41821002800402200F076FBB978051E8D
:1067B00008D0030022000020FFF70CFE0028D5D0EF
:1067C0002800D4E70020FFF7F1FDCFE7B814002040
:1067D0007414002070B5C82444430C4B0500E41821
:1067E00080235B029A4200D3094A200092B200F053
:1067F0001BFC0600200000F0CDFA3F2801D8300035
:1068000070BD2800FFF7ACFFF9E7C046DC1400209C
:10681000FFFF0000C82310B543430248181800F0DA
:10682000D7FA10BDDC140020F0B50025184C83B059
:10683000C82200212000FCF77DFD164B21001D70B1
:10684000FF236371E1235B02A36020000823402241
:10685000A37338310095073B103000F065FA27002C
:106860000123210020002600402278310093B83710
:10687000243000F059FAC0363800FAF789FE3000AB
:10688000FAF786FEE56127622663656303B0F0BD13
:10689000B8140020B41400200B4B196B00290AD047
:1068A0001A6A002A0DD000221A621A63DA610022E5
:1068B0005A63012070471A6A002AFAD0D961196216
:1068C000F7E71A63F3E7C046B814002070B50F4C21
:1068D000052200212000FCF72DFD0D4D2B78DA0755
:1068E00007D50C4C9B070CD50121200000F078FC4B
:1068F00070BD2000103000F053FC2B78054C9B0736
:10690000F2D4200000F04CFCEEE7C046B8140020A2
:10691000B4140020DC140020F0B54B79060083B0DD
:10692000022B02D18B79022B03D00025280003B063
:10693000F0BD214FBB78002BF7D18B7809253B7038
:106940000C780C196378242B0BD1082A02D80FE09D
:10695000AA420DD32378E4185D196378ADB2242BD5
:10696000F6D0052B08D0042B02D163790A2B11D065
:106970000020FFF755FED9E721003000FFF7E8FCC3
:106980000028D2D0A3787B7023785D19E41863784F
:10699000ADB2E8E7094B2778019301330093022257
:1069A00002233000E119FFF785FC0028BDD00E3529
:1069B000ED19ADB2DCE7C046B8140020BA140020CF
:1069C000F8B5602314001278050013400020202B36
:1069D00007D1304A6379277916781B023B439E42E0
:1069E00000D0F8BD6378222B1AD007D8202B34D0E2
:1069F000212BF6D101293ED00120F2E7232BF0D143
:106A0000012940D00329F7D1234B002BF4D0E178A2
:106A1000A37809020020194300E000BF0120E0E74D
:106A2000012930D00329E7D101252E00A378E4788D
:106A3000023924021C431471264024321000714094
:106A400000F0CEFB154B002BD6D0620800203100A1
:106A50002A4000E000BF0120C3E701290BD0032931
:106A6000CAD10F4B002BC7D0083200201100FEF70F
:106A70000DFE0120B5E7072321002800094AFFF792
:106A8000E5FC0120ADE721002800FFF7C9FC01204B
:106A9000A7E7C046B8140020000000000000000076
:106AA0008D560010C0140020F0B54F464646D6461D
:106AB000364DC0B5EA781F0080460C00AB788A429C
:106AC0003BD08B4210D00020E0BCBA46B146A8466D
:106AD000F0BD2F4B002B04D02E4800F071F9002898
:106AE00051D00020FFF79CFDAB78A34201D00120DC
:106AF000EAE7294B002B02D0002000E000BF002075
:106B0000FFF72EFE0028F2D1244C200000F042F9BD
:106B10000028ECD1002FEAD0BF06E8D1243C404643
:106B2000A178FFF72FFC0028E1D000230022404687
:106B3000A178FFF74FFC0120C6E710239A46184EB4
:106B4000AA4431005046BAB200F06EFA154B002B41
:106B5000BFD06B79FF2BBCD0002FBAD0F219914671
:106B600003E00136B145B4D06B7932789A42F8D15E
:106B7000504600F025F90028F3D15346103B5979CF
:106B800000E000BFEDE700E000BFAAE7B814002076
:106B900000000000C814002000000000DC140020E9
:106BA000341400200000000000B5030083B0002969
:106BB00010D00020012B07D80A78002A04D00B48F7
:106BC000C2540120012A01D003B000BD1800FEF715
:106BD0000BFFF9E7012301A900200B80FEF704FF5A
:106BE0000028F1D00122014B1A70EDE7D4150020E6
:106BF000037870B5DB0704000E00DD0F002B17D102
:106C000003785B0701D5280070BD0121300049429F
:106C100003F042FD2378DB07DD0F002B0AD1237838
:106C20005B0708D40422237801251343237002E074
:106C30000025E8E70025300003F006FDE3E7C04645
:106C400070B50C00012106004942200003F024FD2C
:106C500033785B07DD0F002B04DB200003F0F4FC2E
:106C6000280070BD3378DB0704D4042233789343C3
:106C70003370F2E70025F0E7437902791B021343F2
:106C8000C2785B0592075B0D920F022A1DD0032A82
:106C90000CD00020012A08D102394A425141124A3F
:106CA0009446614499424041C0B2704702394A1E3D
:106CB00091410E4A494211408022D2009446002060
:106CC000614499424041C0B2EFE7022905D000205B
:106CD00040229A424041C0B2E7E7054A9818434231
:106CE0005841C0B2E1E7C046FF03000040FCFFFF8F
:106CF00000FEFFFF8A1870B5914207D27F264C78BC
:106D0000052C04D00C7809198A42F8D870BD3400DB
:106D10008D782C4064000419ED0963550C7809192D
:106D20008A42ECD8F2E7C046F0B5C64600B504008A
:106D300006A805788020884617001E0000028242BF
:106D400026D8E068002803D00121494203F0A4FCC2
:106D50002069002803D00121494203F09DFC4346ED
:106D6000236073045B0CED031D430023E068638123
:106D7000A780E5802381002801D003F065FC20690D
:106D8000002801D003F060FC012080BCB846F0BDB3
:106D90000020FAE710B5048941898288A3B288B23D
:106DA0008C4207D31B1A9BB2101C9A4200D9181CA4
:106DB00080B210BD5100091A5B189BB2F4E7C046BF
:106DC00003894089181A43425841C0B27047C046EF
:106DD00010B5048941898288A3B288B28C4207D356
:106DE0001B1A9BB200209A4201D9D21A90B210BD50
:106DF0005100091A5B189BB2F4E7C04670B5040055
:106E000000690E00002803D00121494203F044FC30
:106E100025896089A288A9B283B285422CD3CD1A74
:106E2000ADB2002D2ED0AA4208D2914230D3891A99
:106E30008BB263819A4203D89B1A9BB29A42FBD9C8
:106E4000E28821685204520C53433000C918FCF701
:106E500077FA63890125591C89B2A2888B4213D91C
:106E600000215200891A89B220696181002801D06D
:106E700003F0EAFB280070BD5500ED1A4D19ADB2C4
:106E8000002DD0D1618989B252009142ECDBE9E753
:106E900089188BB26381CDE7F0B546464F46D6469A
:106EA000C0B50600006989469046002803D001213C
:106EB000494203F0F1FB31897289B5888BB294B2F3
:106EC000914254D31F1BBFB2002F4AD0BD4205D2FE
:106ED000AB4251D25B199CB22F0074814346B84536
:106EE0003DD89FB2A54203D8641BA4B2A542FBD9EA
:106EF000F28831685204520C904662432B1B9BB2BD
:106F0000891842469F4225D953439BB21A004846EE
:106F10009A46FCF715FA434648467D1B64195C43C4
:106F200031685044A2B2FCF70BFA7189B588CB19CD
:106F30009BB26A00994216D99B1A9BB23069738141
:106F4000002801D003F080FB3800E0BCBA46B1460F
:106F5000A846F0BD48467A43FCF7F2F9E5E73B1C4A
:106F6000BFE773899BB26A009342E7DBE4E76F00F7
:106F70003F1BDF19BFB2A7E75B1B9CB2ACE7C04663
:106F8000F8B50400C0680E00002803D00121494272
:106F900003F082FB258920896189A288ADB283B282
:106FA0008FB2884229D3DB1B9BB29A4209D8E7797A
:106FB000FF0906D1E068002801D003F045FB380046
:106FC000F8BD95421ED32B009B1A9BB29342FBD275
:106FD000E28820685204520C53433100C018FCF779
:106FE000AFF96B1C9BB2A2889D4218D900235200B6
:106FF0009B1A9BB201272381DCE75100C91B5B1858
:107000009BB2D2E72B00E28820685204520C534313
:107010003100C018FCF794F90135A288ABB25200D8
:107020009342E7DBE4E7C046F0B557464546DE4607
:107030004E46E0B5140005000F0083B0002A75D05D
:10704000C068002803D00121494203F025FB2E89A6
:10705000E9796A89AB88B6B292B2C90945D196423C
:1070600000D36DE059008A1AB21892B20021894605
:107070009A4234D29A1A111C92B2A24200D9211C0F
:107080008AB29146EA885204520C90464A46B21897
:1070900092B292464A46D21A92B2934634009E4227
:1070A00003D3E41AA4B29C42FBD24246624328684E
:1070B0001B1B9BB2801842464B4554D34B463900AC
:1070C0005A43FCF73DF9AB885B00564501D89A4519
:1070D00003DB5246D31A9BB29A4653462B81E8688B
:1070E000002825D003F0B0FA22E0E9884904490CD1
:1070F00088469C4227D2964247D3B11A89B28C4621
:107100005800E11A89B28B4661460919814208DBB1
:10711000D11889B20E1BB6B28A46B2423BD9361A92
:10712000B6B2A21992B29246A146B7E70023994699
:10713000484603B0F0BCBB46B246A946A046F0BDE7
:10714000B21A92B292E700218946002BC7D041467D
:10715000E41A4C431600D118002289B28A46994697
:1071600093463F199AE753439BB21A0039005C4497
:107170000193FCF7E5F8414622004A43019B286849
:1071800092B2F918FCF7DCF89DE75800811A7118E3
:1071900089B28C46B5E7A146B04200DD7EE7BEE786
:1071A00010B50400C068002803D00121494203F053
:1071B00073FA2069002803D00121494203F06CFAD8
:1071C0000023E06863812381002801D003F03CFAAA
:1071D0002069002801D003F037FA012010BDC04615
:1071E00070B50400C0680D00002803D00121494299
:1071F00003F052FA2069002803D00121494203F02C
:107200004BFA7F21E379ED011940E0682943E171F0
:10721000002801D003F018FA2069002801D003F0FB
:1072200013FA012070BDC0460022014B5A6070471E
:1072300028140020F0B5DE4657464E464546E0B5D8
:10724000070083B00CA80192027800203C689B469E
:10725000E066616001219146E166002B34DD5A1E33
:10726000904680225200944680264025616F102966
:10727000FCD00021002801D13979890240451DD078
:10728000624611432161A159616B0D420BD001206F
:10729000636D40424B463B7103B0F0BCBB46B24607
:1072A000A946A046F0BDA16F0029ECD02169019B41
:1072B000195401308345EDD03C68D7E74B46012295
:1072C0005A4053021943DBE70020E3E7F0B5574685
:1072D0004E46DE4645468446E0B583B01F000CAB03
:1072E00018786346914600221B680190DA660132E5
:1072F0005960DA66002F4FDD7A1E90466246127999
:1073000001269202802493463A0046407602802568
:107310003700002046461021A2469046AD00841B4F
:10732000624254414A4664423C4000945C46125CCE
:107330002243009C22431A615A6B1142FCD05246F0
:107340009C58002C10D1B04221D00022013093462D
:107350008045E4D16346019A1A7103B0F0BCBB4684
:10736000B246A946A046F0BD5A6D012293465A6B1B
:107370002A42FCD01A6E5A46002AE6D0002C03D0CE
:10738000E30701D42407E5D401204042E2E7019A53
:10739000002ADAD19346EAE70020DBE7F8B5DE46BB
:1073A00057464E4645468346E0B505200C00FAF7A1
:1073B0005DFE0600600821008019FBF7C7F8430056
:1073C00098468044070005214046FBF7BFF83B1A6A
:1073D0009A461E4B8146700080199C4231D81C4948
:1073E000FBF7B4F8451C5B461C680023E366226883
:1073F00004335A400233134080225201A218136012
:107400005346E3614B462362434601204F2B03D989
:1074100050214046FBF79AF8A023E050E36F390073
:107420005D400C4B2D042D0CE3181D600123300032
:10743000E366FBF78BF8F0BCBB46B246A946A04614
:10744000F8BD0549FBF782F8451CCCE73F420F0029
:10745000809698007C10000040787D01104A70B53D
:10746000821A531E9A41072352429A430D4B1032FF
:107470001A600D4B0D4C1A60150023689D432B1E9E
:10748000FAD166240268FF340571D5661460633C46
:107490008833FF3CD5639563D450FFF77FFF70BD01
:1074A0003810002000E0004000F0004008C000401C
:1074B00010B582B004AC24780094FFF707FF02B047
:1074C00010BDC04610B582B004AC24780094FFF71C
:1074D000B1FE02B010BDC04603BDC04610B50400E9
:1074E000FAF7E8FEA04710BDF0B5040087B00F2002
:1074F0000E001700F9F750FE002105000F20F9F7E4
:1075000039FE00220023009201930123184A0293BE
:107510005370D023049605940026002401210220F4
:1075200003971B06002C14D01A6D1042FCD05C652A
:1075300040BF1A6D114203D120BF1A6D1142FBD01A
:107540009A6DA2420AD000266C46B200A458E9E720
:107550009A6D1A6D1142FBD140BFE5E70136062E48
:10756000F2D129000F20F9F705FE07B0F0BDC046A3
:10757000341800200D4B0E4A70B5934210D31C00F6
:107580000C4A99180B4D0C4A92686051FF20C000BC
:1075900023500A4B0A4823500A48FFF7A5FF70BD45
:1075A00001235B421C000849ECE7C04600080420A8
:1075B00000000420F407000000ED00E0DD7400107E
:1075C000FC070000D9740010F307000010B5EFF3BA
:1075D000108C72B60A4B9A688300D058814205D04D
:1075E000084A90420AD3084A904207D2044A926855
:1075F000D150BFF35F8F8CF3108810BDFAF740FEB7
:1076000000ED00E0C0010010D4010010F8B5CE4636
:107610004746431E80B50A3314D8072304001A00D6
:1076200008342240234259D01300093BA34209D316
:107630001030841A00F0CCFC4D4927000B68002B59
:1076400029D10FE000F0C4FC49490B68002B07D09A
:1076500000F0E0FF00273800C0BCB946B046F8BDD6
:10766000002700240725434B1A0018001D4231D182
:107670000025414E75603060404EB4460726634495
:10768000B3430B603E499A1A0A603E495D601D6033
:107690000A6042600360002FDADB002CD8D0394A40
:1076A00016689446A642D3D33349324D0A68AA429B
:1076B0000ED335482F18BA420AD888465068A042DF
:1076C0001BD21168002918D0A94211D272B6FEE768
:1076D00072B6FEE7DA1DAA431000C9E700F078FC95
:1076E000234927000B68002BBCD0002CD7DAAFE76A
:1076F000B942EBD890460A00E0E79A42A8D01700BA
:107700000837AF420BD3204B99464D44AF4206D8C1
:10771000434611681960A04203D272B6FEE772B602
:10772000FEE7051B102D09D91319580701D072B6B1
:10773000FEE71960414620005D600B606346361A23
:107740001E600F4B19688E4200D21E6080231B06FC
:1077500003435360002313600C4A13680133136022
:1077600000F058FF7B0700D175E772B6FEE7C04610
:10777000B41C0020601F002034200220F8FF01000C
:1077800004200220F41F0220FFFF0100102002202D
:1077900070B500283AD02C4D083804000600A842E5
:1077A00008D32A4BEB18984204D84368002B2EDBF1
:1077B00072B6FEE772B6FEE75B005B08436000F05E
:1077C00007FC234A6168136822485B1813600300B2
:1077D0001A001B689C42FBD8824206D0AA421BD3E7
:1077E0001A4884466544AA4216D850681518AC4217
:1077F0001ED06018834211D02360B24200D01660C0
:10780000154A13680133136000F004FF70BD02686D
:10781000002AD1D072B6FEE772B6FEE70F480068C4
:107820008342E9D058681B68411871603360E4E70F
:107830000918501851608342E2D1084816000068C8
:107840008342EFD11360DBE7601F0020FFFF0100E0
:10785000F41F02203420022014200220B41C002037
:1078600010B502F06FFB054C2368022B00D8FEE731
:1078700002F068FB2368022BFAD8F8E7C01C00204E
:10788000F8B5D0231B061A682E4B9100CB58002B5D
:1078900001D172B6FEE7836B002B02DB836B012BF9
:1078A00032DD0126284C056B2368013D196B2368E6
:1078B000DB6B3340C91A23689B6B002B03DB236807
:1078C0009B6B012B2CDD01235B42012761680E6B52
:1078D0006168C96B3940761A6168896B002903DBDE
:1078E0006168896B012910DD002B0DD1934222D0F4
:1078F0009D006259926B023206D0180002F05AFBCA
:107900000222635952429A63F8BD1049496800291E
:10791000EAD1AE42E8DC41688907E5D50123E5E715
:107920000A4B1B68002BCED18D42CCDB4768374217
:1079300006D1013BC9E70121044A9B009950E3E7C6
:107940000D00C2E7841F0220A41C0020702002202A
:10795000F0B5D6464F464646484BC0B51B680400B6
:107960009846474B0F001B689946464B1B689A4642
:10797000EFF3108172B6D02636063368424D9B0075
:10798000EA5881F3108879230021D154EFF3108253
:1079900072B633689B00E85882F31088083001F013
:1079A000FFFF631C30D04444EFF3108172B6D02245
:1079B000120613689B00EB5881F310889C60A04569
:1079C00015D8EFF3108072B613689B00E95880F366
:1079D00010884846083101F0CBFF2C4B1A68A242B0
:1079E00000D91C60E0BCBA46B146A846F0BDEFF332
:1079F000108072B613689B00E95880F310885046D7
:107A0000083101F0B5FFEDE7002FCCD0204B5A68CC
:107A1000EFF3108072B631688900695880F31088DE
:107A2000CA60EFF3108072B631688900695880F33C
:107A3000108890680861EFF3108072B63168890091
:107A4000695880F31088906808314160EFF3108026
:107A500072B631688900695880F3108808319160E6
:107A6000EFF3108172B632689200AA5881F3108841
:107A700093611A6801321A60B4E7C046642002209C
:107A8000B01C0020B81C0020A41C002008200220EC
:107A90003C200220D0200006036825499B005A584C
:107AA00070B5002A01D172B6FEE7013A5A50036858
:107AB0009A005158002900D070BD01201D4954582A
:107AC0001D4AD15C084201D172B6FEE71B4D2E78EB
:107AD000002E13D0013EF6B22E70002E05D1814348
:107AE000D154BFF35F8F164B1860D02302261B06BC
:107AF0001868115C0E4203D172B6FEE772B6FEE75B
:107B00006B78002B01D172B6FEE7013BDBB26B70E4
:107B1000002B06D1B1431154BFF35F8F0122094BF3
:107B20001A6002F027FA002CC6D002F00BFAC3E765
:107B3000841F022070200220601F0220641F022088
:107B4000300100D0340100D0F8B5D0244746CE46ED
:107B500024062268674B920080B5D658664FB36BF7
:107B6000023300D098E023689A00B958894600296A
:107B700036D1624A624D90460222E95C94460A423E
:107B800001D172B6FEE742465278002A38D040460C
:107B9000013AD2B24270002A07D162469143E954B9
:107BA000BFF35F8F0122574B1A60B36B023300D0D3
:107BB00099E002F0DFF9B36B023300D195E072B6C1
:107BC000D023504A1B0611681B68002900D167E0CA
:107BD000BFF35F8F42465278002A24D072B6FEE788
:107BE0000023BB5001222368454D9446E95C0A42BC
:107BF00008D0424A90461278002A05D172B6FEE7B4
:107C000072B6FEE772B6FEE74046013AD2B20270A3
:107C1000002AB1D162469143E954BFF35F8F3A4BDA
:107C20001A602368A8E7012241464A700221EA5CF3
:107C30000A43EA54D0231B061A68334B19680029FB
:107C40003CD0BFF35F8F43461B78002B22D101212C
:107C5000404601700120A95C0143A954D021484647
:107C600009060A689200B850002800D077E7086833
:107C700001212A5C9446114239D042461370002BF0
:107C800000D06CE762468A432A54BFF35F8F1E4BD5
:107C9000196064E772B6FEE7C0BCB946B046F8BDED
:107CA000E95C890705D543465B78FF2B17D172B68F
:107CB000FEE71168002900D08AE7FAE7A95CC90746
:107CC00009D543461B78FF2B01D172B6FEE741462A
:107CD0005A1C0A70C2E719680029B2D1FBE7424674
:107CE00001335370A6E772B6FEE772B6FEE772B6CE
:107CF000FEE7C046A41C0020841F0220641F02204F
:107D0000601F0220340100D0300100D0F0B5C6461B
:107D100000B5EFF3108572B6D0231B061A683F4BEF
:107D20009100CB58002B01D072B6FEE73C4B3D4E84
:107D30001968002938D0BFF35F8F3B4C6378002B64
:107D400018D1012302216370B35C0B43B354374F46
:107D50003B68002B25D0D021354A09060B681068F6
:107D6000984600283AD0BFF35F8F2278002A03D0CC
:107D700072B6FEE772B6FEE74346F15C01239C460D
:107D8000634619434346F1543B68012001333B608D
:107D9000D02320701B061968735C184211D172B68B
:107DA000FEE7FFF7D1FED6E7B15C890705D51E4C8B
:107DB0006378FF2B2ED172B6FEE719680029BAD17D
:107DC000FBE72270012293437354BFF35F8F184B7C
:107DD0001A6085F3108880BCB846F0BDF05C84461C
:107DE00001206346184211D02278FF2A01D172B6D1
:107DF000FEE7531C23703B6801333B600968735CEA
:107E00001842CCD02270002AE3D1DBE711680029A8
:107E1000A9D1FBE70133637099E7C046841F0220B4
:107E2000340100D0601F0220641F0220941F022032
:107E3000300100D0F0B5C646544C00B5544E554FF5
:107E40001CE0554BDB68DD68AB6B013300D081E093
:107E50002800083001F0A4FD504A1368013B13606C
:107E60002368013B23603368002B01D0FFF712FE2B
:107E7000686BFFF78DFC2800FFF78AFCD0252D06E4
:107E80002368002B1AD072B63368002B0BD02968F8
:107E90008A00BB58002B14D00133BB502B689B00C9
:107EA000FB58012B31D02368002BCAD13368002B3B
:107EB000E6D0FFF7EFFD2368002BE4D180BCB84685
:107EC000F0BD374B1A68002A35D0364B9846BFF3C1
:107ED0005F8F354B587800281ED1012042465870DC
:107EE000505C022294466246104342465054D021D0
:107EF0002E48090602680968002A31D0BFF35F8F57
:107F0000187800280AD072B6FEE7294B1B68002BB0
:107F1000C9D1FFF719FEC6E772B6FEE70120187057
:107F2000434642465B5C03435354D0231B06196807
:107F30008A00BB58B0E71B4A505C9046800705D5C5
:107F4000194B5978FF2918D172B6FEE71868002836
:107F5000BDD1FBE73368002BB0D0FFF79BFDADE749
:107F60004246525CD20704D51A78FF2A08D172B66D
:107F7000FEE70268002AC1D1FBE701315970B6E77C
:107F800001321A708A00BB5886E7C046901F022053
:107F900030200220841F0220502002208C1F02204B
:107FA000340100D0601F0220641F0220300100D085
:107FB000941F022010B501F0C5FF044CFFF73AFFF3
:107FC0002368022BFAD901F0BDFFF7E7C01C00209F
:107FD000F0B5C646444B00B51B68002B16D0EFF336
:107FE000108572B6D0231B061A68404B9100CB58FF
:107FF000002B0ED072B6FEE7227001229343735419
:10800000BFF35F8F3A4B1A6085F3108880BCB84687
:10801000F0BD384B384E1968002938D0BFF35F8F58
:10802000364C6378002B01D072B6FEE701230221A3
:108030006370B35C0B43B354314F3B68002B23D0C8
:10804000D0212B4A09060B681068984600282BD0CF
:10805000BFF35F8F2278002A14D14346F15C0123DD
:108060009C46634619434346F1543B680120013363
:108070003B60D02320701B061968735C1842BBD18B
:1080800072B6FEE772B6FEE7FFF75EFDD8E7B15CB9
:10809000890705D5194C6378FF2B22D172B6FEE70C
:1080A00019680029BAD1FBE7F05C844601206346D9
:1080B000184212D02278FF2A01D172B6FEE7531C73
:1080C00023703B6801333B600968735C1842D7D06A
:1080D0002270002A00D097E78FE711680029B7D1F6
:1080E000FBE701336370A7E730200220841F0220E2
:1080F000300100D0340100D0601F0220641F022034
:10810000941F0220014B18687047C046642002206B
:10811000014B18687047C0468C1F0220F8B5DE4638
:1081200057464E464546884BE0B51B68002B49D163
:10813000864B1D6801351D60002D4FD0844B99463C
:108140004B461B68AB4263D9824C834D2B681A6B3C
:1081500093009B189B00E358012B00D8ADE06B689F
:108160001A6B93009B189B00E358012B00D8CCE0BE
:10817000D0231B061C68002C00D1E1E001262B68EF
:108180009B6B023306D0002001F014FF02222B6803
:1081900052429A63002E00D1ACE0012C17D0D023BC
:1081A0001B061B680024012B00D1B6E06B689B6B9B
:1081B00002330CD0012001F0FDFE02226B68524216
:1081C0009A6304E0654A13680133136000242000B9
:1081D000F0BCBB46B246A946A046F8BD604B1A6843
:1081E0001268002A65D15F4A19681068186011602A
:1081F0005D490A6801320A601A681268002A00D0D4
:108200008EE0534B994601234A465B42136097E741
:10821000534E504C33681B68002B71D000239B4693
:10822000524B984633E05A4682611A68013A1A6006
:10823000C36A002B0ED0026A476A97607A605A6858
:10824000924602001C32924535D05A46C2621A68E4
:10825000013A1A604346026B1B689A4201D94346B1
:108260001A6093009B189B00E21894465268976826
:10827000C26007617960916062468261E2580132B2
:10828000E250FFF7FDFA33681B68002B38D03368E3
:10829000DB68D86883689D423CD3C1680269836902
:1082A0008A60516001005F6808318F42BBD15A601B
:1082B000B9E772B6FEE75F60C7E76B681A6B9300B9
:1082C0009B189B00E358012B31D9D0231B061C6857
:1082D000274B1B68002B00D15FE70126002C00D044
:1082E0004DE7002E2ED1224B01245B68002B00D0DD
:1082F0005CE76CE71E4B5B68002B00D166E74CE740
:1083000001234A465B4213601FE7D0231B06002669
:108310001C68E3E74A46136017E7154A536055E7C0
:108320001B680B4ADB6891461B68136008E7D02383
:108330001B061C680E4B1A68002ADCD00026CDE70D
:10834000012433E7340031E7941F02206420022027
:1083500008200220C01C0020A41C0020182002209D
:10836000B01C0020B81C00200C2002209C1F022002
:1083700070200220F8B5DE4657464E464546E0B529
:1083800072B6954D2B68002B0AD1D0231B061968B5
:10839000924F934E934C2368002B1ED172B6FEE78A
:1083A000D0231B061868904A81005358002B24D014
:1083B0008A4F8B4E01335350D0231B0619689846C1
:1083C0008C001359874C012BE5D12368002BE2D197
:1083D000FFF7BAFB43461968DDE723680222013B39
:1083E0002360D0231B06186894463B5C1A4212D0C7
:1083F0007278002A27D172B6FEE77C4B774F196856
:10840000002900D1BEE0BFF35F8F754E7378002B5B
:1084100003D072B6FEE772B6FEE701230221737045
:108420003B5C0B433B54D0231B061868704B196808
:10843000002900D1B7E0BFF35F8F3378002B00D164
:1084400091E072B6FEE7013AD2B27270002A07D10B
:10845000624693433B54BFF35F8F0122634B1A6024
:1084600023680024002B72D1624B1B68002B6ED056
:10847000614E3368002B53D0604B614C9B46002308
:108480009C4634E06046D8621068013810601F696D
:10849000D8689A69876078601800B84657680830CD
:1084A00087426CD01768B84601277F42B946C84456
:1084B000474617605F461A6B3F68BA4201D95F466C
:1084C0003A609700B84642449200A718B9467F68C0
:1084D000B846DF60BF681F6178604746B8604846AD
:1084E0009861A3580133A3503368002B10D0F36870
:1084F000DB68186ADA6A80464746586AB86047609F
:108500001C27B846576898444745BBD15060B9E727
:108510003C4B1A681268002A52D13B4B013A1A6050
:108520003A4B3B4F1E6898468C00002E0CD001231E
:108530009946FFF7F3FD002801D04B463B51013E21
:10854000002EF6D143461E603C59631E9C412B68A9
:10855000002B01D0FFF79EFA2000F0BCBB46B246CC
:10856000A946A046F8BD0123012133703B5C0B43B3
:108570003B54D0231B061868810053581AE747461E
:1085800057608FE7395C890705D5154E7378FF2B47
:1085900006D172B6FEE71968002900D033E7FAE782
:1085A000013373703FE7395CC90704D53378FF2B7B
:1085B0000CD172B6FEE71968002900D03BE7FAE754
:1085C0001B68DB681A68104B1A60A9E70133337027
:1085D00081005358EEE6C04630200220601F022082
:1085E000641F0220941F0220841F0220340100D047
:1085F000300100D08C1F02201C2002209C1F022072
:10860000C01C0020B01C00200820022018200220DE
:1086100070200220044B10B51868002800D110BD4E
:10862000FFF7A8FEFBE7C0463020022070B505002A
:108630000C0000280FD0002901D172B6FEE7214EB0
:108640003368002B09D1204B1868204B1B68012B85
:108650000BD072B6FEE772B6FEE7FFF757FB1A4B78
:1086600018681A4B1B68012BF3D12B681C19834225
:1086700019D9A3421AD9A04218D22C60201A00217D
:10868000FFF766F901243368002B12D1D0231B06B3
:108690001B680F4A9B009A58002A0FD001210D4AEF
:1086A0009950200070BDA342E7D8E4E72C60002475
:1086B000E9E7FFF75FFE0028E8D0F2E701F042FCAF
:1086C000EFE7C0463020022064200220941F0220E1
:1086D000841F02207020022070B5041E12D0134D9A
:1086E0002B68002B01D0FFF711FB114B1B68012BEE
:1086F00001D072B6FEE700212000FFF729F92B68B0
:10870000002B0ED1D0231B061B680A4A9B009A58E7
:10871000002A03D00121084A995070BD01F012FCD3
:10872000FBE7FFF727FE0028ECD0F6E73020022019
:10873000941F0220841F022070200220F0B5D02355
:108740004E46DE46574645461B06E0B51A68B94B0D
:1087500004001968B84E87B000293ED0BFF35F8F80
:10876000B64D6B78002B13D1012302216B70B35CE3
:108770000B43B354D023B24A1B0611681B6800296F
:1087800074D0BFF35F8F2A78002A03D072B6FEE759
:1087900072B6FEE7012201212A70F25C0A43F2540C
:1087A000D02109060A68A74B9200D358002B12D19A
:1087B000A54B1B68002B1DD00122A44BA400E25046
:1087C0000A680120B15C084259D02B78002B00D0F8
:1087D000E5E072B6FEE772B6FEE7B15C890705D543
:1087E000964D6B78FF2B51D172B6FEE719680029C0
:1087F000B4D1FBE7954AA000804603921350EFF3F3
:10880000108272B60B68924F9B00FB5882F310885F
:108810005B6B90491A688A4208D15968914205D128
:108820009A688A4202D1DB68934214D0EFF3108039
:1088300072B6D022120613689B00F95880F3108894
:10884000EFF3108C72B613689B00F8588CF3108805
:108850004031F7F795FE804B9B461B6899467F4B4E
:108860001B680193012B14D072B6FEE7F15CC907B7
:1088700007D52B78FF2B00D0A5E072B6FEE772B6C5
:10888000FEE71168002900D07BE7FAE701336B703F
:1088900070E74346FA58FB589269196B8B005B18D6
:1088A0006F499B008C46634402919A4200D195E047
:1088B0000123A3409C464B469800029B48449A469D
:1088C0008000824451469A4608302B0050448A4624
:1088D000310004944E464446012265469846894636
:1088E0000EE0002A04D05B4659461B68013B0B6032
:1088F00014235B429C46C018E244002E6BD0013E1C
:1089000053461B68002BECD04368834200D18EE0B5
:10891000049A0596944605E039598A422CD05B6842
:10892000834237D0DA68916B4E1CF5D156682E42DF
:10893000F5D04546A0464346FB58644699634346F6
:10894000FB5894639C464346FA5063468A464E461B
:10895000002B0BD002981A6B8146604693009B183F
:108960009B0080694B44984200D17BE0D0231B06DA
:108970001A689300FB5824E7916B8C4502D0916BE9
:10898000023152D151682942C9D064464E4645460B
:108990009463EBE763460022059E0493A8E7013B3E
:1089A000DBB22B70002B05D18143B154BFF35F8F35
:1089B000234B1860D02302201B061968725C1042FA
:1089C00004D172B6FEE701332B70E9E66B78002B19
:1089D00018D172B6FEE74E464546C7E74346F858FB
:1089E000083000F0DDFF4346FB5842461B6BB95888
:1089F0009800C018029B80009C460831604400F03B
:108A0000ABFF55E7013BDBB26B70002B06D1824315
:108A10007254BFF35F8F0122064B1A6007B0F0BC9F
:108A2000BB46B246A946A046F0BD72B6FEE700229C
:108A30005EE7C046340100D0601F0220641F0220A0
:108A4000300100D0841F0220941F022070200220D9
:108A5000A41C0020A5A5A5A59C1F02203020022053
:108A6000C01C002063465868012399466346494666
:108A7000DB6B0B40D31A0200E240114203D04246A6
:108A8000BA585268904303220240540814D07A68BE
:108A9000126B94467A686146D46B01221440091B1C
:108AA0008C4602408B4207DD7868806B002803DB30
:108AB0007868806B01282BDD002A00D156E701245D
:108AC0003A683868126BC06B2040121A934207DD77
:108AD0003B689B6B002B03DB3B689B6BA34221DD58
:108AE000D02352461B061B68511C00D13EE7019A59
:108AF0009A4220D0019884003B599B6B023300D1ED
:108B000034E701F057FA02223B5952429A632DE7AB
:108B1000039948680028CFD1002A11D1D0231B0621
:108B20001B68E4E7039B1A68002AD9D1D0231B06EF
:108B30001B680192DBE7930001220399CA5015E7F5
:108B4000019A63469246BAE710B50C00002812D08D
:108B5000EFF3108C72B6D0231B061A68074B9200F5
:108B6000D1588CF310881C3100F002FF0121200045
:108B7000FEF7EEFE10BD72B6FEE7C046A41C002054
:108B8000F8B5030008001100002B3ED05D68EFF33C
:108B9000108772B6D022120616681D4CB6003659E0
:108BA00087F310883562EFF3108772B61668B60047
:108BB000365987F31088AF687762EFF3108772B683
:108BC0001668B600365987F31088AF681C367E6089
:108BD000EFF3108C72B61668B60036598CF3108815
:108BE0001C36AE60EFF3108572B61268920012590F
:108BF00085F31088D3621A6801321A60002901D007
:108C000001204042FEF7A4FEF8BD72B6FEE7C04662
:108C1000A41C0020C36870B5D86800284DD0016A34
:108C2000426AC36A8A60516001005C681C318C42F0
:108C300041D00022C2621A68013A1A60214B1B68B7
:108C4000002B22D104008369C168026908348A605C
:108C500051605968A14232D01A68013A1A601A4B21
:108C6000026B19688A4200D91A60930017499B1851
:108C70009B00CD186A689668C26006617460946053
:108C8000CA5885610132CA500AE0114B5A6894688B
:108C900002624462616091601A68C36201321A60C4
:108CA000FEF7EEFDD0231B061A680A4B9200D0583F
:108CB000431E984170BD5A60BBE772B6FEE75A602A
:108CC000CAE7C046941F02209C1F0220C01C00203F
:108CD0001C20022070200220034B1B680360034B02
:108CE0001B6843607047C0460C20022064200220AD
:108CF000F8B5CE46474604000D0080B5002846D0A2
:108D0000002942D072B65F4E3368002B11D0D023B9
:108D10001B0619685C4A88001358002B53D0013396
:108D20001350D0231B061B689B00D358012B00D186
:108D30006DE0564803689C4663689846EFF31089D7
:108D400072B6D02109060B68514A9B009F5889F3DF
:108D500010887923FF5C002F1BD12B685A1C30D060
:108D60004C4A276811688F421ED0616861451BD844
:108D700000232B6001243368002B01D0FEF78AFE0C
:108D80002000C0BCB946B046F8BD72B6FEE772B668
:108D9000FEE7EFF3108072B6096889008A5880F305
:108DA00010880021D154E5E761464746C91B8B4234
:108DB000DED961465B1A43442B6013682360036865
:108DC00063600024D7E7344B1868002836D0334B53
:108DD0009846BFF35F8F324B5F78002F1FD101277A
:108DE00040465F70475C0220844660460743404629
:108DF0004754D0212B4F09063868096800282CD029
:108E0000BFF35F8F1F78002F0BD072B6FEE7264BA3
:108E10001B68002B00D08CE7FEF796FE89E772B640
:108E2000FEE701271F70434640465B5C3B434354CB
:108E3000D0231B0619688800135870E71748475C51
:108E40008046BF0705D5164B5978FF2917D172B652
:108E5000FEE71F68002FBCD1FBE74046405CC0071F
:108E600004D51878FF2805D172B6FEE738680028C7
:108E7000C6D1FBE701301870880013584FE7013165
:108E80005970B6E730200220841F0220642002209F
:108E9000A41C00200C200220340100D0601F0220FE
:108EA000641F0220300100D0941F0220D023012132
:108EB0001B061A68014B9200D150704770200220A7
:108EC00070B53D4D01202B68002B00D170BD72B6EE
:108ED0002B68002B0AD1394C24682B68002B01D059
:108EE000FEF7D8FD63425C416000EFE7D0231B062C
:108EF0001868334A81005358002B0FD00133535068
:108F0000D0231B061B682D4C9B00D358012BE3D1AB
:108F10002368002BE0D1FEF717FEDDE7294B196827
:108F2000002908D02849BFF35F8F284B5C78002CBC
:108F30000FD072B6FEE724490C5CA40705D5234B7D
:108F40005878FF2830D172B6FEE71C68002CEAD1B1
:108F5000FBE7012402265C700C5C34430C54D020E7
:108F60001B4C000626680068002E11D0BFF35F8FEF
:108F70001C78002C01D072B6FEE701241C700B5C3B
:108F800023430B54D0231B06186881005358B5E7C0
:108F90000E5CF60704D51978FF2908D172B6FEE7F2
:108FA0002668002EE2D1FBE701305870D7E7013187
:108FB000197081005358A1E730200220941F02202D
:108FC000841F0220340100D0601F0220641F022091
:108FD000300100D0F8B5041E19D0EFF3108272B63C
:108FE000D0231B061B682E4D9B00EB5882F3108884
:108FF000984201D072B6FEE7C36D002B09D0016B19
:10900000826D013BC365914201D0002B03D000204B
:10901000F8BD72B6FEE706000836300000F0C0FC6E
:109020002023A26D9B1AE3611E4B226319688A42BA
:1090300000D91A6093001C499B189B00C81842680D
:109040009768E26027617E609660CA58A06101322D
:10905000CA50A36B002B02DBA36B012B01DD0120A7
:10906000D6E7D0231B06A26B1B689A4210D0A36BD5
:109070009B00EB589B6B0233F1D0A06B00F09AFF82
:109080000222A36B52429B00EB5801209A63BFE778
:109090000121A26B054B92000120D150B8E7C046D8
:1090A000A41C00209C1F0220C01C00207020022055
:1090B000D0231B061B68064A9B009A5810B5002A4D
:1090C00003D00121034A995010BD00F03BFFFBE79C
:1090D000841F02207020022070B572B6354B1B68C9
:1090E000002B10D0D0231B061868334A8100535838
:1090F000002B09D001335350D0231B061B689B0063
:10910000D358012B0DD070BD2C4B196800292ED0DF
:109110002B49BFF35F8F2B4B5C78002C08D072B6C5
:10912000FEE7294B1B68002BEDD1FEF70DFDEAE7AA
:10913000012402255C700C5C2C430C54D020234C81
:10914000000625680068002D1FD0BFF35F8F1C78D4
:10915000002C01D072B6FEE701241C700B5C234387
:109160000B54D0231B06186881005358C2E71449DA
:109170000C5CA40705D5134B5878FF2811D172B6A3
:10918000FEE71C68002CC4D1FBE70D5CED0704D59D
:109190001978FF2908D172B6FEE72568002DD4D1D1
:1091A000FBE701305870C9E701311970810053584D
:1091B000A0E7C04630200220841F0220340100D0E6
:1091C000601F0220641F0220941F0220300100D083
:1091D000F0B5C64600B50500FFF77EFF2C4A2D4FBF
:1091E0001368013313603B68002B26D02A4E2B4AAC
:1091F0001368013313602B65294B2A6B19688A4267
:1092000000D91A60280093009B189B00F1184A6847
:1092100008309468EA602C6160609060F258A9613F
:109220000132F2503B68002B2ED13B68002B01D05D
:10923000FEF730FC80BCB846F0BD1368164E012B1B
:10924000D5D1A0239B0098463400B04420001434AC
:1092500000F072FB4445F9D1124B9846180000F01B
:109260006BFB114C200000F067FB104800F064FB22
:109270000F4800F061FB0F4800F05EFB42460E4BCA
:109280001A600E4B1C60B2E72800FEF7F9FACCE733
:109290008C1F022030200220C01C0020981F0220BA
:1092A0009C1F0220C81F0220DC1F02201C2002205D
:1092B000502002203C200220B01C0020B81C0020BE
:1092C000F8B5CE46474680B59700804638000D0079
:1092D0009946FEF79BF9061E00D19CE07C20FEF724
:1092E00095F9041E00D193E07C220021FAF722F8C0
:1092F000300066633A00A521FAF71CF8666B002D72
:109300004BD040222B78A354002B43D06B780132F2
:10931000A354002B3ED0AB780132A354002B39D09C
:10932000EB780132A354002B34D02B790132A354B3
:10933000002B2FD06B790132A354002B2AD0AB79AC
:109340000132A354002B25D0EB790132A354002B1A
:1093500020D02B7A0132A354002B1BD06B7A013220
:10936000A354002B16D0AB7A0132A354002B11D09A
:10937000EB7A0132A354002B0CD02B7B0132A35487
:10938000002B07D06B7B0132A354002B02D04E235D
:10939000AA7BE2544F230022E254089B1F2B01D9E1
:1093A00072B6FEE720002363A365083000F0D0FA10
:1093B00020001C3000F0CCFA2023089A043F9B1AAE
:1093C000E3610723F01998434A4641466461A46269
:1093D00000F0A8FD01235B42A363104B2060984579
:1093E00011D00F4B98450ED0099B002B00D01C606C
:1093F00001235B4220006360FFF7EAFE0120C0BC4E
:10940000B946B046F8BD0122E36B1343E363EBE7D3
:109410003000FEF7BDF901204042F0E7B57F0010B3
:1094200061780010F8B5CE46474680B59700804673
:1094300038000D009946FEF7E9F8061E00D19BE0C2
:109440007C20FEF7E3F8041E00D192E07C2200218C
:10945000F9F770FF300066633A00A521F9F76AFF5B
:10946000666B002D4BD040222B78A354002B43D0A9
:109470006B780132A354002B3ED0AB780132A35459
:10948000002B39D0EB780132A354002B34D02B7948
:109490000132A354002B2FD06B790132A354002B3F
:1094A0002AD0AB790132A354002B25D0EB790132BD
:1094B000A354002B20D02B7A0132A354002B1BD0B5
:1094C0006B7A0132A354002B16D0AB7A0132A3542D
:1094D000002B11D0EB7A0132A354002B0CD02B7B44
:1094E0000132A354002B07D06B7B0132A354002B15
:1094F00002D04E23AA7BE2544F230022E254089B61
:109500001F2B01D972B6FEE720002363A365083044
:1095100000F01EFA20001C3000F01AFA2023089AEE
:10952000043F9B1AE3610723F01998434A464146DA
:109530006461A46200F0F6FC01235B42A363104B5C
:109540002060984510D00F4B98450DD00A9B002BFA
:1095500000D01C60099B20006360FFF739FE0120EA
:10956000C0BCB946B046F8BD0122E36B1343E363C8
:10957000ECE73000FEF70CF901204042F0E7C0466E
:10958000B57F001061780010F0B5D6464F464646CC
:10959000C0B56F4B84B080206A469A461F003023C6
:1095A000C0009380FEF732F8051E00D1B7E0694B8A
:1095B00000269846684B99467C20FEF727F8041E43
:1095C00000D1B2E07C220021F9F7B4FE802228000D
:1095D0006563D200A521F9F7ADFEFF239B009C46F1
:1095E0000723656B442265449D435C4B23646B46B3
:1095F0001B79A354002B39D06B465B790132A354FD
:10960000002B33D06B469B790132A354002B2DD015
:109610006B46DB790132A354002B27D06B461B7AB3
:109620000132A354002B21D06B465B7A0132A35444
:10963000002B1BD06B469B7A0132A354002B15D014
:109640006B46DB7A0132A354002B0FD06B461B7B99
:109650000132A354002B09D06B465B7B0132A3542B
:10966000002B03D06B469A7B4E23E25400234F22FB
:109670002000A35408302363A36500F069F920009B
:109680001C3000F065F920230022E36141462800E8
:109690006461A46200F046FC01235B42A3632D4B8E
:1096A0002060984536D02E4B984533D001235B423D
:1096B0003C6020006360FFF78BFD0121484608CF26
:1096C000B2009E638350012E14D0802031236A465D
:1096D000C0009380FDF79AFF214B050098460126B4
:1096E000002800D068E753464A465B689E63536093
:1096F00072B6FEE70129FBD100F038FB01281AD031
:109700000130F5D0174B1B6804B0E0BCBA46B14637
:10971000A846F0BD0122E36B1343E363C6E708CF1D
:109720000D4A986391461360CFE72800FEF730F8A2
:1097300001214942C2E772B601220B4B52421A6024
:1097400000220A4B1E600A4B1A6000F0ADFCD9E7FC
:10975000F81F0220B57F0010A41C002049444C458E
:1097600061780010DCAF00100820022030200220B9
:1097700064200220F8B51D4B00201B68002B00D18F
:10978000F8BD00F00FFCD0231B061C681849A2008E
:109790008B58002B02D001338B50F1E7154D164E3C
:1097A0002B68002B12D0BFF35F8F144B1A78002A5E
:1097B00001D072B6FEE701221A70335D13433355B0
:1097C000D0231B061C68A2008B58E4E7375DFF0717
:1097D00005D50A4D2C78FF2C05D172B6FEE72B6813
:1097E000002BE0D1FBE701342C70D4E730200220BD
:1097F000841F0220300100D0601F0220641F02205D
:10980000284B70B51B68002B10D0D02000060368D1
:1098100025499B005A58002A01D172B6FEE7013A49
:109820005A5003689A005158002900D070BD012099
:109830001E4954581E4AD15C084205D01D4D2E7851
:10984000002E03D172B6FEE772B6FEE7013EF6B215
:109850002E70002E05D18143D154BFF35F8F164B7C
:109860001860D02302261B061868115C0E4201D135
:1098700072B6FEE76B78002B01D172B6FEE7013BB2
:10988000DBB26B70002B06D1B1431154BFF35F8F75
:1098900001220A4B1A6000F06DFB002CC6D000F0CC
:1098A00051FBC3E730200220841F022070200220D9
:1098B000601F0220641F0220300100D0340100D05C
:1098C000184B70B51B68002B10D0D02424062368D9
:1098D00015499B005A58002A01D172B6FEE7013A99
:1098E0005A5023689A005258002A00D070BD0121B6
:1098F0000E4DEA5C114205D00D4E3478002C03D198
:1099000072B6FEE772B6FEE7013CE4B23470002C9A
:1099100005D18A43EA54BFF35F8F064B196000F00C
:1099200045FBE3E730200220841F0220601F022055
:10993000641F0220300100D003000833012243607D
:10994000C360036100235242826003607047C046D7
:10995000002303617047C04643689A684B608A6081
:109960005160996003680861013303607047C04625
:10997000030030B50D6808336A1C0DD01C005B680D
:109980001A68AA42FAD94B60996003688C60013367
:1099900061600861036030BD04696368F3E7C04635
:1099A0000369416882688A6051605968814205D0C4
:1099B0000022026118680138186070475A60F7E7A2
:1099C000F0B55746DE464E464546E0B5CE4A8BB02A
:1099D00003922822CD4BCE4F0193CE4BB9469A46E7
:1099E000CD4B93461F004B461B681D68002D00D1D0
:1099F000A7E0DB681D68FEF7EBFAFEF783FB019B2F
:109A000002901B68834200D9ADE0019A1060854244
:109A100000D844E10022029B3868E91A00F0B4FD46
:109A2000FEF7F8FD002800D136E11022002106A83B
:109A3000F9F780FC0022386806A900F071FC0028C4
:109A4000D1D0069B0898002B73DB089C6369002B20
:109A500002D0201DFFF7A4FFFEF754FB019B050079
:109A60001B68984200D2CBE0019B1D60069B092B2E
:109A7000E0D8039A9B00D3589F465B46E05C0123E5
:109A80005A460343A3540799A26924618B18636063
:109A9000AB4200D919E1691A8A4200D95DE1410758
:109AA00010D4012398435B46E0542000236A984772
:109AB000C0E7EB1A9A4200D91BE1236A20009847BD
:109AC0003300A269D61866602461B542F1D29D4286
:109AD00001D2B342F1D94B46211D1868FFF748FF68
:109AE000E3E75B460122E35C13435A46A354079B1A
:109AF000A361002B00D136E15B1963602461211D55
:109B0000AB4200D9ECE053461868FFF731FF91E70C
:109B10005B460122E35C93435A46A3548AE75B46C3
:109B2000E35C9A0700D4E0E0012293435A46A35431
:109B300080E7079B09999847069B002B00DA79E795
:109B400083E7FEF745FAFEF7DDFA019B02001B688A
:109B50000290834207D8019B1A6053461B681A681B
:109B600053425A4157E74B461B681A68002A3BD0BC
:109B70000422049790460BE0012293435A46A354D3
:109B8000236A200098474B461B681A68002A2AD08F
:109B9000DB68DC681E68271D3800FFF701FF5B46A5
:109BA0004246E35C1A42E7D0A3692461F518F64304
:109BB0006560B3420AD82E00F643236A2000984716
:109BC000A3692461ED186560B342F4D953463900A6
:109BD0001868FFF7CDFE236A200098474B461B68A4
:109BE0001A68002AD4D1049F5246494612680A6076
:109BF00052461360019B029A1A60FEF70BFD14E7B0
:109C00004B461B681A68002A3FD0042202949046F3
:109C1000049005970BE0012293435A46A354236A0C
:109C2000200098474B461B681A68002A2AD0DB6838
:109C3000DC681E68271D3800FFF7B2FE5B4642460F
:109C4000E35C1A42E7D0A3692461F518F643656026
:109C5000B3420AD82E00F643236A20009847A3692E
:109C60002461ED186560B342F4D953463900186891
:109C7000FFF77EFE236A200098474B461B681A6850
:109C8000002AD4D1029C049D059F52464946126881
:109C90000A6052461360E7E6FFF70AFAC5E6FEF7E8
:109CA000B9FC4B461B68DB68DE68341D2000FFF7FB
:109CB00077FE5B46F35C5A0721D4012293435A4650
:109CC000B3543000336A9847AFE6A94202D99942AB
:109CD00000D8E4E64B46211D1868FFF749FEA9E6C7
:109CE0004B461868FFF744FEA4E62000FDF750FD40
:109CF000A0E65346211D1868FFF73AFED5E6A046B8
:109D00002B00029C11E0C046E0AF001000200220B2
:109D1000AC1C0020BC1C002068200220E31A9A42E0
:109D200014D8336A300098472B00B26936619D1809
:109D30007560A542F2D9A34201D9AB42F1D944469C
:109D40004B4621001868FFF713FEBAE74446534616
:109D500021001868FFF70CFEB3E75346211D186871
:109D6000FFF706FE66E672B6FEE7C04670B584B041
:109D7000FFF7B2F91A4C2368002B18D0FFF740FD0B
:109D80002368002B0FD0174B8022029301235B42E4
:109D9000019320330093144900231448D200FFF7A5
:109DA00041FB002801D172B6FEE704B070BD104E31
:109DB0003000FFF7C1FD0F4D2800FFF7BDFD0E4B32
:109DC00000221E600D4B10210A201D6000F054FA85
:109DD00020600028D2D00A4900F046FBCEE7C046FA
:109DE000682002206C2002204CAB0010C1990010AA
:109DF000A01F0220B41F0220AC1C0020BC1C0020AD
:109E000044AB00107047C046000000000000000096
:109E10000BA10CC9126892009B581868203080F37F
:109E20000988022080F31488BFF36F8F3FBCAE46D1
:109E300008BC04BC62B61847C046C046C046C0460F
:109E4000000000D0A41C0020D0231B061A6DD207EE
:109E500004D501219A6D1A6D1142FBD1D023FF2246
:109E60001B061A658022024B52051A607047C046D5
:109E700004ED00E000000000000000000000000011
:109E8000EFF309811AA00CC8106880001B1818682D
:109E900020390160F0C144464D4656465F46F0C148
:109EA000146E556E566F176F3039F0C1106808B5D3
:109EB00072B6FEF743FC62B60CBC1168086810303D
:109EC000F0C8A046A946B246BB4680F309880D22D9
:109ED00012073038F0C81466556656671767F0C821
:109EE0001847C046C046C046C046C046C046C046E9
:109EF000000000D0A41C002010B5FFF73BFC0400BC
:109F0000FEF70CF9002803D08022034B52051A609B
:109F10002000FFF7D5FC10BD04ED00E010B5F7F709
:109F200069F8C04610B58024031F64041C60043B1C
:109F300019600349043B1960143B40381A6010BD96
:109F40001D9F0010D02212061268084B9200D358B1
:109F5000002B01D072B6FEE78022054B52051A6035
:109F6000BFF34F8FBFF36F8F7047C046401F002075
:109F700004ED00E0D0231B061B6808499B005A58DB
:109F8000002A08D00020585005495B58BFF35F8F66
:109F9000106083F3108862B67047C046401F0020EF
:109FA000681F0220EFF3108072B6704780F31088AC
:109FB0007047C046D0231B061A68824202D0002296
:109FC0005A65704772B6FEE7002310B5084A094C7F
:109FD000052023601360F8F749F8FA218900F8F7A3
:109FE000B5FA054B013818600723236010BDC04641
:109FF00018E000E010E000E014E000E070B5224B53
:10A000001A78D0231B061B689A4230D0FF231F4AC0
:10A010001B0411680E200B4313601D49FDF7D6FA8F
:10A020000B201C49FDF7D2FAD023FF221B061A652C
:10A030001A6DD20704D501219A6D1A6D1142FBD118
:10A04000D0252D062C68FF210F342000F7F7E0F90A
:10A0500020001149F7F7C6F801212000F7F78AF828
:10A06000FFF7D6FE2868FEF769FBF6F7C3FFFFF798
:10A07000ABFFFF23054A1B0611680F200B4313603B
:10A080000649FDF7A3FAC1E74810002020ED00E0E3
:10A09000819E0010059E0010499E0010F99E001040
:10A0A00010B572B6FFF7AAFF10B50D4C2378FF2B41
:10A0B00001D072B6FEE70C20F7F71EF80D20F7F777
:10A0C0001BF800232370D0231B061B68002B01D034
:10A0D00072B6FEE70348FDF74DFAFFF78FFFC04663
:10A0E00048100020A1A0001010B500F071FA014B3B
:10A0F000186010BDF01F0220F0B5DE4657464546F9
:10A100004E460400E0B585B0FEF7E6FF4523270084
:10A11000E55C24376DB2002D16DDA66C002E06D04E
:10A12000B26BF36B03949A4241D372B6FEE7636A53
:10A13000002B09D03800FEF76DFD002834D1013D19
:10A14000EBB26DB2002BE8D14523FF22E254FFF7BA
:10A1500057FBFEF7C1FF44232600E55C10366DB2C5
:10A16000002D05DC63E0013DEAB26DB2002A5ED04D
:10A170002369002B5BD03000FEF74CFD0028F2D0A5
:10A18000FEF794FEEFE7B068FEF724FF4B46B3609E
:10A190005B46B36343460190013359D1736A002B88
:10A1A00062D1019B002BCAD0FEF780FEC7E7B26BDD
:10A1B0009342C4D945239A46F35C326C5BB298460D
:10A1C000B36B9946002A15D101234B449B46336853
:10A1D0009946002BD7D05B46B363434601331AD16F
:10A1E000736A002BABD030002430FEF713FD00283B
:10A1F000DAD1A4E703A97068F9F7A2F87268336CA2
:10A20000B168D2184B46726001338A421BD2B363E5
:10A2100043460133E4D0FDF77BFF40458FD94346E9
:10A220007F2B13D0452201335BB2B35487E744231D
:10A23000FF22E254FFF7E4FA05B0F0BCBB46B24699
:10A24000A946A046F0BD32687260E0E772B6FEE74C
:10A25000FDF75EFF4045A4D943467F2BF6D052461A
:10A2600001335BB2B3549CE730002430FEF7D2FCDC
:10A27000002896D098E7C046F8B504000D001700F6
:10A2800000280AD0030C0A0C002B08D1002A41D167
:10A2900028006043030055330FD972B6FEE7002A49
:10A2A000FBD1291CA0B2AAB2424389B29BB24B4354
:10A2B000120C9B181B0CEBD0EFE75430FDF7A6F9FE
:10A2C000061E25D00300002D27D13360F4633564CA
:10A2D000FEF702FF316CF36B32684B43D0185B1A08
:10A2E0007260D218F260FF2300244422B060300074
:10A2F000B463B3540132B3541030FFF71DFB300088
:10A300002430FFF719FBFFF77BFA5023F754B464AE
:10A310003000F8BD131C011CC4E75433D5E7C04618
:10A32000F0B5CE46474680B585B004000D000192D9
:10A33000002800D174E000294AD0FEF7C1FD0028B2
:10A340004BD0FEF7C9FEA36B9946002B6AD1019B47
:10A35000002B35D002A8FEF7BFFC00234427984607
:10A360004526FFF74DFAFDF733FEFEF7B5FEE35D38
:10A370005BB2013301D14346E355A35D5BB20133C8
:10A3800001D14346A355FFF73BFA01A902A8FEF706
:10A39000AFFC002826D1FEF79FFEA36B002B2ED02A
:10A3A000FFF72EFA2000FFF7A7FEFEF733F9FEF7BE
:10A3B00093FEA36B9946002B34D1019B002BD0D187
:10A3C000FFF71EFA002005B0C0BCB946B046F0BD8C
:10A3D000036C002BB1D072B6FEE7019B002BB0D00E
:10A3E00072B6FEE72000FFF787FEFEF713F9FEF7CF
:10A3F00073FEA36B002BE3D0FFF702FAD7E7FFF75A
:10A40000FFF9200001992430FEF79EFB2000FFF7A2
:10A4100073FEFEF7FFF80028C9D1FEF749FEC6E734
:10A4200072B6FEE7226C002A0AD0E168A368891898
:10A43000E160994201D32168E1602800F8F780FFCC
:10A440004B46013BA3632369002B03D1FFF7D8F9E7
:10A450000120B8E720001030FEF7DCFB0028F5D023
:10A46000FEF726FEF2E7C04610B5002836D00029D8
:10A4700033D0444B5A68904200D174E01A68002AE5
:10A480002ED0DA68904200D179E09A68002A43D051
:10A490005A69904200D170E01A69002A48D0DA69FE
:10A4A000904262D09A69002A3CD05A6A904260D0A9
:10A4B0001A6A002A42D0DA6A904258D09A6A002A70
:10A4C00042D05A6B904256D01A6B002A42D0DA6BB7
:10A4D000904244D09A6B002A1BD010BD72B6FEE7A2
:10A4E000DA6890424BD05A69904246D01A00DC6933
:10A4F000A0423AD05C6AA0423BD0DC6AA04236D08F
:10A500005C6BA04237D0DC6BA04228D01160506059
:10A51000E3E738331A00F9E75A6990422DD01A0060
:10A520000832E4E75A6A904223D01A001832E4E76E
:10A53000DA69904219D01A001032DBE7DA6A9042E9
:10A5400015D01A002032DBE75A6B904213D01A0064
:10A550002832D8E71A00DC6B3032A042D6D107226D
:10A56000D2009A18D2E70022FAE70322F8E7052280
:10A57000F6E70422F4E70622F2E70222F0E70122DE
:10A58000EEE7C046E813002070B5040016000D0089
:10A59000FEF7A2FD4422A35C5BB2013301D100238C
:10A5A000A3544522A35C5BB2013301D10023A35421
:10A5B000FFF726F9A36B002B03D02000FFF79CFDCB
:10A5C00070BD2000320029002430FEF7D9FAF4E7EC
:10A5D00010B51C20FDF71AF8041E03D0002308C094
:10A5E000FFF7AAF9200010BD10B583070AD00300B9
:10A5F000032102E001330B4205D01A78002AF9D179
:10A60000181A10BD030019680C4A0D4C8A188A43A9
:10A6100022420FD15968094A04338A188A432242D8
:10A6200008D15968054A04338A188A432242F1D076
:10A6300000E001331A78002AFBD1E1E7FFFEFEFEBD
:10A64000808080800000000001B40248844601BC84
:10A65000604700BFE901002001B40248844601BC04
:10A66000604700BF8D0B002001B40248844601BC46
:10A67000604700BF9D02002001B40248844601BC2F
:10A68000604700BF9103002001B40248844601BC2A
:10A69000604700BFD10E002001B40248844601BCCF
:10A6A000604700BFA901002001B40248844601BCF4
:10A6B000604700BFC100002001B40248844601BCCD
:10A6C000604700BF450C002001B40248844601BC2D
:10A6D000604700BF7501002001B40248844601BCF8
:10A6E000604700BFD10E002001B40248844601BC7F
:10A6F000604700BFF50B002001B40248844601BC4E
:10A70000604700BFB50B0020DD22001009230010B8
:10A71000ED24001025330010812B0010653200104D
:10A720001524001025230010452300105923001084
:10A730004115001061230010091900107D2200103E
:10A740005111001029720010B5530010E9A000103B
:10A75000543A25342E31662A432020483A25342E97
:10A76000316625252020200065434F323A202534CC
:10A77000752070706D202020202020004151493A22
:10A780002564202054564F433A253475207070625A
:10A79000200000004C7578204C696768743A2025C9
:10A7A00035752020202020000A2D2D2D2053656E88
:10A7B000736F722052656164696E6773202D2D2D51
:10A7C0000000000054656D70657261747572653AC1
:10A7D00020252E326620C2B043207C2048756D694A
:10A7E000646974793A20252E32662025250A0000F6
:10A7F0004151493A2025642028312D3529207C20DB
:10A8000054564F433A20256420707062207C2065A6
:10A81000434F323A2025642070706D0A000000001A
:10A8200042726F616462616E642028566973696266
:10A830006C65202B204952293A202564207C204930
:10A840006E6672617265643A2025640A0000000039
:10A850000D0A3D3D3D3D3D3D3D3D3D3D3D3D3D3D8B
:10A860003D3D3D3D3D3D3D3D3D3D3D3D3D3D3D3D18
:10A870003D3D3D3D3D3D3D3D3D3D0D002052503275
:10A88000303430204C43443230303441202B205778
:10A8900035353030204672656552544F530D0000F7
:10A8A0003D3D3D3D3D3D3D3D3D3D3D3D3D3D3D3DD8
:10A8B0003D3D3D3D3D3D3D3D3D3D3D3D3D3D3D3DC8
:10A8C0003D3D3D3D3D3D3D3D0D00000020202049EA
:10A8D0006E697469616C697A696E672E2E2E20200C
:10A8E000000000002020525032303430202B2057FE
:10A8F00035353030202020002020204672656552FA
:10A90000544F5320534D5020202020002020342D20
:10A9100042697420506172616C6C656C202020006B
:10A92000496E697469616C697A696E6720454E5336
:10A9300031363020616E64204148543231207365D5
:10A940006E736F72732E2E2E0000000053656E73AF
:10A950006F727320696E697469616C697A656420CD
:10A960007375636365737366756C6C792E00000094
:10A970004C4344004953525F5461736B0000000024
:10A980005374617274696E67204672656552544FE4
:10A9900053207363686564756C65722E2E2E0D00EE
:10A9A000BE080000AC3300000A2A2A2A2050414E7B
:10A9B0004943202A2A2A0A006E6F7420737570702A
:10A9C0006F727465640000005370696E6C6F636B26
:10A9D00020256420697320616C726561647920634D
:10A9E0006C61696D656400004E6F207370696E6CF8
:10A9F0006F636B732061726520617661696C61625F
:10AA00006C6500004E6F207573657220495251735A
:10AA10002061726520617661696C61626C6500001D
:10AA2000486172647761726520616C61726D202586
:10AA30006420616C726561647920636C61696D6525
:10AA40006400000048617264206173736572740071
:10AA500052656C6561736500626F6F74325F773247
:10AA60003571303830000000322E332E30000000B7
:10AA70007069636F000000006669726D77617265CE
:10AA8000000000004175672033312032303236003B
:10AA9000666E692B00000000666E69006E616E00D4
:10AAA000666E692D0000000055534220737464697E
:10AAB0006E202F207374646F757400005261737080
:10AAC0006265727279205069000000005069636FFE
:10AAD00000000000426F61726420434443000000A4
:10AAE0005265736574000000556E68616E646C6534
:10AAF000642049525120307825780A00657020255D
:10AB00003032582077617320616C726561647920FE
:10AB1000617661696C61626C6500000043616E275B
:10AB20007420636F6E74696E756520786665722037
:10AB30006F6E20696E61637469766520657020258B
:10AB400030325800546D725100000000546D722074
:10AB5000537663000040145406005250D3F07542FF
:10AB600050AA001006005250E182887F58AA0010B7
:10AB700006005250ABB3605368AA00100600525052
:10AB8000BBFF3CB670AA001006005250861C0302A0
:10AB900078AA0010060052505422A29D84AA0010E8
:10ABA00005005250DE65F468C4BF0010703F00100D
:10ABB000203F0010203F0010683F0010203F001091
:10ABC000203F0010203F0010203F0010203F0010C9
:10ABD000203F0010203F0010603F0010203F001079
:10ABE000583F0010203F0010203F0010503F001041
:10ABF00024420010863F00101E420010863F0010C5
:10AC000008420010863F0010863F0010863F00106B
:10AC1000863F0010863F0010863F0010863F0010E0
:10AC2000783F0010863F0010863F0010863F0010DE
:10AC3000863F0010863F0010783F0010AC420010A5
:10AC4000DA3E0010DA3E0010DA3E0010DA3E001064
:10AC5000DA3E0010DA3E0010DA3E0010DA3E001054
:10AC6000DA3E0010DA3E0010DA3E0010DA3E001044
:10AC7000DA3E0010DA3E0010DA3E0010DA3E001034
:10AC8000DA3E0010DA3E0010DA3E0010DA3E001024
:10AC9000DA3E0010DA3E0010DA3E0010DA3E001014
:10ACA000DA3E0010DA3E0010DA3E0010DA3E001004
:10ACB000DA3E0010DA3E0010DA3E00103842001092
:10ACC0007842001038420010DA3E0010DA3E0010E0
:10ACD000DA3E0010DA3E0010DA3E0010DA3E0010D4
:10ACE000DA3E0010DA3E0010DA3E0010DA3E0010C4
:10ACF000DA3E0010DA3E0010DA3E0010DA3E0010B4
:10AD0000DA3E0010DA3E00104C440010DA3E00102B
:10AD1000DA3E0010DA3E0010DA3E0010DA3E001093
:10AD2000DA3E0010DA3E0010DA3E0010DA3E001083
:10AD30004C440010BE4200104C4400103842001039
:10AD40007842001038420010000000000000F03F80
:10AD500000000000000024400000000000005940F6
:10AD60000000000000408F40000000000088C34049
:10AD700000000000006AF8400000000080842E41BE
:10AD800000000000D01263410000000084D797410A
:10AD90000000000065CDCD410D0A000006005250B4
:10ADA00053B4F4A1A8AA001000000000BCAA00102F
:10ADB000CCAA0010701F0220D4AA0010E0AA001034
:10ADC00009025400030100807D080B00020202000A
:10ADD000000904000001020200040524002001050E
:10ADE0002401000104240206052406000107058150
:10ADF0000308001009040100020A00000007050210
:10AE00000240000007058202400000090402000021
:10AE1000FF00010512011002EF0201408A2E0A0014
:10AE200000010102030100000A0000000000030607
:10AE3000A6000800020002009C001400030057490D
:10AE40004E5553420000000000000000000080004A
:10AE500004000100280044006500760069006300DA
:10AE6000650049006E0074006500720066006100B4
:10AE700063006500470055004900440000004E0093
:10AE80007B00620063003700330039003800630044
:10AE900031002D0037003300630064002D003400C2
:10AEA0006300620037002D0039003800620038006E
:10AEB0002D00390031003300610038006600630066
:10AEC000610037006200660036007D00000000006F
:10AED000050F2100011C100500DF60DDD88945C782
:10AEE0004C9CD2659D9E648A9F00000306A60001CB
:10AEF0000000000000000000A95500100000000044
:10AF0000AD550010B9550010E5550010E155001081
:10AF100000000000085B0010705C0010F85C00107E
:10AF2000485C00105A5C0010385C0010A85B0010F0
:10AF3000545B0010485B001010600010F65F0010BA
:10AF4000E65D001030600010E65D0010DE5F00106E
:10AF5000CA5F0010E65D0010B65F0010C65E00100C
:10AF6000E65D00108E6200108062001074620010B6
:10AF7000E65D0010E65D00105E6200108062001069
:10AF8000E65D0010E65D0010E65D0010E65D001075
:10AF9000E65D0010E65D0010E65D0010186200102E
:10AFA000160D0020160D0020600D0020800D0020E1
:10AFB000BE0D0020D00D00200C0D00200000000070
:10AFC0002968001099680010CD68001019690010F8
:10AFD000C1690010A96A0010000000001F000000F5
:10AFE000349A00107A9A00107A9A0010109B001080
:10AFF000E29A00101E9B00107A9A00107A9A0010B4
:08B00000109B0010E29A001001
:10B0080058AB001064AB001070AB00107CAB0010A4
:10B0180088AB001094AB0010A0AB00109CAD0010E2
:10B0280003000068EFF3108C72B60268002AFCD0A7
:10B03800BFF35F8F04229A56002A04DB002900D050
:10B048000A60002004E0D0220120120612681A715A
:10B058001B68BFF35F8F00221A608CF3108870475B
:10B06800F0B54F46D6464646C0B51F00D0231B064E
:10B078001B6804009A460023904699460CE0226813
:10B08800BFF35F8F4946116083F31088404639004B
:10B0980000F002FF00281AD12668EFF3108372B679
:10B0A8003568002DFCD0BFF35F8F25797F2DE6D959
:10B0B800524622712268BFF35F8F0021116083F32B
:10B0C80010880120E0BCBA46B146A846F0BD002071
:10B0D800F8E7C04670B582B001A9040016001D004B
:10B0E800FFF79EFF002807D1D0231B0601991B7884
:10B0F80049B25BB2994201D102B070BD32002B0057
:10B108002000FFF7ADFFF7E7F8B50F00060000F0E5
:10B1180093FEFA2204000D0000239200380000215B
:10B1280000F0C2FE0B000200802112196B410906D3
:10B138008B4202D30122034B52423000FFF790FFAB
:10B14800F8BDC046FFFFFF7F0268EFF3108172B6BB
:10B158001368002BFCD0BFF35F8FFF2303710368D4
:10B16800BFF35F8F00221A6081F3108840BF7047D9
:10B1780010B5084C2378002B0AD1802306480749CC
:10B188005B051A68C25004338B42FAD1012323703D
:10B1980010BDC0467B200220FC16001000010010E4
:10B1A80010B5014B984710BDFD160020084B5A6892
:10B1B80042609A688260DA68C2601A6902615A69F4
:10B1C80042619B698361A0235B051B68036070472C
:10B1D800000002404268084B5A6082689A60C26860
:10B1E800DA6002691A6142695A6182699A61A02328
:10B1F80002685B051A607047000002401423F0B52E
:10B20800D6464F4646469A46C0B581461888043306
:10B2180088B098460E001B8830491400984753465A
:10B228000700188843462E491B889847534605004F
:10B23800188843462B491B8898478046FFF798FF94
:10B2480001A8FFF7B3FFB847A847274B1A68802320
:10B258009B005340C02292001340244A1360221ED0
:10B2680020D0C02108270220490511E0002C14D065
:10B27800131B0D2B29D9002D0AD02300002A05D035
:10B288000B6E013A3370130001362343002B09D0AB
:10B298003D008B6A1D401842E8D1002DEDD12300F6
:10B2A8001343F5D1104B1A68C0239B0093430F4AF0
:10B2B8001360C047FFF774FF01A8FFF78BFF08B0C2
:10B2C800E0BCBA46B146A846F0BD4B461B78013CE7
:10B2D8000B6601239C46E144DFE7C046494600006F
:10B2E80045580000464300000C8001400C90014086
:10B2F8000022154B10B59A60DA601A615A619A619A
:10B30800DA611A625A629A62DA621A635A639A6353
:10B31800DA631A645A649A64DA641A655A659A6533
:10B32800DA651A665A669A66DA661A675A679A6713
:10B33800DA67F03292000021044800F085FD044BE2
:10B34800044A1A6010BDC04600001050C018002002
:10B35800881C002080011050F0B54E464546DE4658
:10B368005746E0B5214B00249E6D012585B0002E7F
:10B3780022D01F4B9A46012399461E4B984601E05E
:10B38800202C19D02A00230001342F003240E4B2C7
:10B398006D00002AF4D0524697654A465B085B0068
:10B3A80022409B185B01434418009B4600F030FC88
:10B3B800002808D1BE43E3D105B0F0BCBB46B24675
:10B3C800A946A046F0BD5B46E0219A78DB8A01A831
:10B3D80083600023C900018001210271437100F0DC
:10B3E80037FC584600F0B0FBE4E7C04600001150B7
:10B3F80000301150801800209823F0B5C646C64A80
:10B4080000B5D55880232E009B02102484B01E401E
:10B418001D4273D0C14BC24C9A6AC24B00261A60B7
:10B428003B23E35C022B00D1F4E07B23E35C022B9B
:10B4380000D10CE1BB23E35C022B00D1FBE0FB2332
:10B44800E35C022B00D135E13C23FF33E35C022BA4
:10B4580000D122E17C23FF33E35C022B00D10FE112
:10B46800BC23FF33E35C022B00D1FCE0FC23FF3359
:10B47800E35C022B00D1A6E1AB4BE35C022B00D1CD
:10B4880096E1AA4BE35C022B00D185E1A84BE35C73
:10B49800022B00D174E1A74BE35C022B00D163E1DE
:10B4A800A54BE35C022B00D12AE1A44BE35C022B01
:10B4B80000D10BE1A24BE35C022B00D18FE1A14B41
:10B4C800E35C022B00D1A6E1002E08D19E4B1B782D
:10B4D800002B04D180219D4A90338902D150C0228B
:10B4E8008D4B01A89B6C92005B055B0D01218026AA
:10B4F8000280436000F0ACFB954CB602EB0600D529
:10B508007CE080235B021D4232D01E4301230224CB
:10B518009846834FBB7E002B14D000F0B5FC012861
:10B5280000D96FE0C02200213800920100F012FB20
:10B53800380000F009FB00F0A7FC012802D9834B72
:10B548005C661C664346FB702037012C01D0012441
:10B55800E0E7C02301A8DB007E4A038002AB12CAE1
:10B5680012C3012100F074FB8022784B92021A6505
:10B5780080235B011D420ED18023DB011D4221D1B6
:10B5880080231B021D422CD1AE4200D0C0E104B082
:10B5980080BCB846F0BD00241E435F4B1C60FFF71B
:10B5A800A7FE80236A465B0093801472012101A8DC
:10B5B80000F04EFB8022654B12031A658023DB01E5
:10B5C8001D42DDD01E43802301A8DB00038001213A
:10B5D80000F03EFB10225D4B1A6580231B021D42C2
:10B5E800D2D01E43A02301A8DB000380012100F074
:10B5F8002FFB8022554B12011A65C5E7FFF7ACFEF9
:10B6080026007EE7544B444A1C66536E2340A342EF
:10B61800FBD187E73833E65C002E00D105E702331B
:10B62800E25C002A00D100E7200000222030E2542A
:10B6380000F0B8FAF9E6B833E75C002F00D1FEE66F
:10B648000233E25C002A00D022E13E00F7E67833BC
:10B65800E75C002F00D1EDE60233E25C002A00D05F
:10B668000EE13E00E6E6B933FF33E75C002F00D178
:10B67800FCE60233E25C002A00D0F8E03E00F5E682
:10B688007933FF33E75C002F00D1E9E60233E25C4F
:10B69800002A00D0E2E03E00E2E63933FF33E75CFF
:10B6A800002F00D1D6E60233E25C002A00D0CCE0BD
:10B6B8003E00CFE6F833E75C002F00D1C4E6023342
:10B6C800E25C002A00D0B8E03E00BDE6234BE75C10
:10B6D800002F00D1EEE60233E25C002A00D010E130
:10B6E800174BE35C022B00D18BE0164BE35C022B7B
:10B6F80000D0F4E61A4BE35C002B00D090E0EEE6B5
:10B70800184BE75C002F00D1CFE60233E25C002A39
:10B7180000D0EEE03E00C8E60000115000400540B1
:10B7280080180020641800203B0200007B02000003
:10B73800BB020000FB0200003B0300007B0300008B
:10B74800BB030000FB0300007920022000301150E9
:10B758001000020000001050002011507A03000071
:10B76800FA0300003A0300006C4BE75C002F00D19D
:10B7780096E60233E25C002A00D0B2E03E008FE693
:10B78800674BE75C002F00D185E60233E25C002AB4
:10B7980000D09EE03E007EE6624BE75C002F00D1C1
:10B7A80074E60233E25C002A00D08AE03E006DE6CF
:10B7B8005D4BE75C002F00D163E60233E25C002AB0
:10B7C80077D13E005DE6F933FF33E75C002F00D107
:10B7D80052E60233E25C002A62D13E004CE6534B4B
:10B7E800E35C002B00D16AE6EF239B00E25C002AB1
:10B7F80000D17AE70022E2541C3BE01800F0D2F9AD
:10B8080073E74A4BE35C002BEED1494BE35C022B18
:10B8180000D064E63E00474BE35C002B00D153E6C2
:10B82800FF239B00E25C002A00D158E60022E25484
:10B838001C3BE01800F0B6F951E620000022E03089
:10B84800E2543E0000F0AEF9FEE52000002221306F
:10B85800FF30E2543E0000F0A5F9FBE5200000228D
:10B868006130FF30E2543E0000F09CF9F8E520001A
:10B878000022A130FF30E2543E0000F093F9F5E5D4
:10B88800200000226030E2543E0000F08BF9D1E540
:10B8980020000022A030E2543E0000F083F9CEE5FB
:10B8A80020000022E130FF30E2543E0000F07AF937
:10B8B800E2E50022E2541C3BE01800F073F93E0078
:10B8C800DFE50022E2541C3BE01800F06BF93E0073
:10B8D800DCE50022E2541C3BE01800F063F93E006E
:10B8E800D9E50022E2541C3BE01800F05BF93E0069
:10B8F800D6E50022E2541C3BE01800F053F93E0064
:10B90800D3E50022E2541C3BE01800F04BF9E7E6CF
:10B9180031000948694000F09FFAC046FA02000069
:10B92800BA0200007A0200003A020000BA030000DE
:10B93800FB030000FA030000E8AA0010F0B5D646A1
:10B948004F464646C0B50200838A008B8A46041CCF
:10B95800984200D91C1CD57880262800471EB8417B
:10B96800A4B2F600264340033043012675401B1B52
:10B97800D57055789BB29382002D37D15146D66841
:10B988008D01611E761988461569002C29D0062973
:10B998003AD933002B439B0736D16B1CF31A022B81
:10B9A80032D9231F9B0801339C4600270023E958FE
:10B9B8000137F1500433BC45F9D8634641469B0032
:10B9C800ED18F618CF1A9C4209D02B783370002F47
:10B9D80005D06B787370012F01D0AB78B3701569FF
:10B9E800938A2D191561802212021043002B02D16F
:10B9F8008023DB0118435346002B00D00004E0BC31
:10BA0800BA46B146A846F0BD0023EF5CF7540133AF
:10BA18009C42FAD11569938AE3E7C0468368F0B57A
:10BA28001B680500002900D01B0C9B05980D6B783E
:10BA3800002B08D1EB8AC318EB822B8B834201D9E8
:10BA48000023AB82F0BDEB688901461EB4462A6923
:10BA58005C18002827D0062E2BD901315B18D31A81
:10BA6800022B26D9130023439B0722D10023002150
:10BA7800061FB6080136E7580131D75004338E4205
:10BA8800F9D86346B600A41992199F1BB04209D091
:10BA980023781370002F05D063785370012F01D0DD
:10BAA800A37893702A69EB8A1218C318EB822A616B
:10BAB800C3E70023E15CD15401339842FAD12A69E3
:10BAC800F1E7C04610B50400836800211B68FFF742
:10BAD800A5FF63681B685B0002D5238B834200D0F7
:10BAE80010BD01212000FFF799FFF9E7084A03007C
:10BAF800126C0020920703D49A78D209012A00D048
:10BB08007047D87E023843425841C0B2F8E7C04671
:10BB18000000115010B5FFF7E9FF00280CD00749C5
:10BB2800074B8C46074A9B6A126863449B1A00209D
:10BB3800C6229A424041C0B210BDC046E0FCFFFF99
:10BB480000400540641800200023837643610361A8
:10BB58007047C04610B58368002901D01C68214091
:10BB6800002A12D08024E400114322420DD01A6822
:10BB780022420CD1084A0A401A60084A126C9207FD
:10BB880003D40C23033BFDD28368196010BD817870
:10BB9800034800F061F9C046FFFBFFFF00001150A9
:10BBA800FCAA0010436870B5002180251E680400B7
:10BBB800FFF7C4FE134B6D011B6C05439B070FD5A4
:10BBC800A3785B060FD0104B1E4080239B053343A0
:10BBD80062680021136020002A00FFF7BBFF70BDD8
:10BBE800A378DB09EFD0A38A002BECD00121200039
:10BBF800FFF7A4FEA023054ADB05324005431343A3
:10BC0800E6E7C04600001150FFFFFFAFFFFFFFDF70
:10BC180070B5857E0400002D14D0FFF753FFA38A6A
:10BC2800002B01D1280070BD2000FFF773FF00280A
:10BC380003D0012300252377F4E72000FFF7B2FFA4
:10BC48000025EFE78178014800F006F91CAB0010E9
:10BC5800F0B5CE46474680B5437805000E0085B05E
:10BC6800062B08D86B4A9B00D3589F466A4A13781C
:10BC78000133DBB21370694B1C686269EFF3108102
:10BC880072B61368002BFCD0BFF35F8FA161200050
:10BC9800290000F0E9F86269A369BFF35F8F00210A
:10BCA800116083F31088002804D105B0C0BCB946E0
:10BCB800B046F0BD32006978287800F0DDF8F4E786
:10BCC8000121574B1A788A431A701A7801318A432E
:10BCD8001A7000225A701A7802318A431A70CAE719
:10BCE800504B514F9946514B002498463A7810E0F2
:10BCF80043461B6861015B18002B06D0DB69002BEB
:10BD080003D06968287898473A780134E4B29442B5
:10BD180017D8A242ECD8A31A5B014B44EEE7404B7C
:10BD28001A78D207C1D504211A780A431A70A2E7F3
:10BD38003B4B1A78D207B8D504211A788A431A706F
:10BD480099E7374F3B785B072BD504223B780021D6
:10BD580093433B706B460632981D00F075F82B78BC
:10BD680001AC2370052363702C4B1B6898465A69F5
:10BD7800EFF3108172B61368002BFCD0BFF35F8F0E
:10BD8800434640469961210000F06EF843465A69DF
:10BD98009B69BFF35F8F0021116083F3108800282F
:10BDA80031D1FB78DB0700D47FE76B460A220021FC
:10BDB800981D00F049F82B7801AC237003236370B9
:10BDC8006B686360154B1D686A69EFF3108172B682
:10BDD8001368002BFCD0BFF35F8FA96128002100F6
:10BDE80000F042F86A69AB69BFF35F8F0021116008
:10BDF80083F31088002800D157E732006178207853
:10BE080000F03AF851E732006178207800F034F811
:10BE1800C7E7C046A0AF00107A20022038160020DD
:10BE2800E0150020BCAF001078200220301400205C
:10BE38007047C0460000000001B40248844601BCB7
:10BE4800604700BF5D1E001001B40248844601BC73
:10BE5800604700BF3533001001B40248844601BC76
:10BE6800604700BFC50F001001B40248844601BCFA
:10BE7800604700BF816F001001B40248844601BCCE
:10BE8800604700BFA959001001B40248844601BCAC
:10BE9800604700BFB90F001001B40248844601BCD6
:10BEA800604700BF211D001001B40248844601BC50
:10BEB800604700BF8531001010000000000000003E
:10BEC8000000010000000000000000000000020067
:10BED8000000000000000000000003000000000057
:10BEE8000000000000000400000000000000000046
:10BEF8000000050000000000000000000000FF0036
:10BF08000000000001B5486801318E4600477046C0
:10BF180009380149884701BD3914001000000000A4
:10BF2800FFFFFFFFFFFFFF7F000000000000000091
:10BF38000000000000000000000000006010002069
:10BF4800503300004C3300005433000052330000DB
:10BF58004D5300004D4300005334000043340000AB
:10BF68007150001021500010914F0010094F00101F
:10BF780000000000000100003C16002010000C002A
:10BF880000000000000000000000000000000000A9
:10BF980000000000FF0000000080044000000000D6
:10BFA8000040044000000000FF0000000000000006
:0CBFB8000000000000000000000000007D
:04000005100001E9FD
:00000001FF
