
/home/ricardo/Documents/Personal/T_H_LCD_rp2040/build/firmware.elf:     file format elf32-littlearm

Sections:
Idx Name          Size      VMA       LMA       File off  Algn
  0 .boot2        00000100  10000000  10000000  00001000  2**0
                  CONTENTS, ALLOC, LOAD, READONLY, CODE
  1 .text         0000a650  10000100  10000100  00001100  2**4
                  CONTENTS, ALLOC, LOAD, READONLY, CODE
  2 .rodata       000008b8  1000a750  1000a750  0000b750  2**3
                  CONTENTS, ALLOC, LOAD, READONLY, DATA
  3 .binary_info  00000020  1000b008  1000b008  0000c008  2**2
                  CONTENTS, ALLOC, LOAD, READONLY, DATA
  4 .xip_ram      00000000  15000000  15000000  0000d05c  2**0
                  CONTENTS
  5 .ram_vector_table 000000c0  20000000  20000000  0000e000  2**2
                  ALLOC
  6 .uninitialized_data 00000000  200000c0  200000c0  0000d05c  2**0
                  CONTENTS
  7 .data         00000f9c  200000c0  1000b028  0000c0c0  2**4
                  CONTENTS, ALLOC, LOAD, READONLY, CODE
  8 .tdata        00000000  2000105c  2000105c  0000d05c  2**0
                  CONTENTS, ALLOC, LOAD, DATA, THREAD_LOCAL
  9 .tbss         00000000  2000105c  2000105c  00000000  2**0
                  ALLOC, THREAD_LOCAL
 10 .tbss_space   00000000  2000105c  2000105c  0000d05c  2**0
                  CONTENTS
 11 .bss          00021024  20001060  1000bfc4  0000d060  2**3
                  ALLOC
 12 .tls0         00000000  20022084  20022084  0000d05c  2**0
                  CONTENTS
 13 .tls1         00000000  20022084  20022084  0000d05c  2**0
                  CONTENTS
 14 .persistent_data 00000000  20022084  20022084  0000d05c  2**0
                  CONTENTS
 15 .dummy_pre_heap 00000000  20022084  20022084  0000d05c  2**0
                  CONTENTS
 16 .heap         00000800  20022084  20022084  0000d084  2**2
                  ALLOC, READONLY
 17 .scratch_x    00000000  20040000  20040000  0000d05c  2**0
                  CONTENTS
 18 .scratch_y    00000000  20041000  20041000  0000d05c  2**0
                  CONTENTS
 19 .stack1_dummy 00000800  20040000  20040000  0000e000  2**2
                  ALLOC
 20 .stack_dummy  00000800  20041000  20041000  0000e000  2**5
                  ALLOC, READONLY
 21 .debug_info   0004e959  00000000  00000000  0000d05c  2**0
                  CONTENTS, READONLY, DEBUGGING, OCTETS
 22 .debug_abbrev 0000bb4b  00000000  00000000  0005b9b5  2**0
                  CONTENTS, READONLY, DEBUGGING, OCTETS
 23 .debug_loclists 0002ed18  00000000  00000000  00067500  2**0
                  CONTENTS, READONLY, DEBUGGING, OCTETS
 24 .debug_aranges 00001fb0  00000000  00000000  00096218  2**3
                  CONTENTS, READONLY, DEBUGGING, OCTETS
 25 .debug_rnglists 000074fe  00000000  00000000  000981c8  2**0
                  CONTENTS, READONLY, DEBUGGING, OCTETS
 26 .debug_line   0003bb8a  00000000  00000000  0009f6c6  2**0
                  CONTENTS, READONLY, DEBUGGING, OCTETS
 27 .debug_str    0000c59e  00000000  00000000  000db250  2**0
                  CONTENTS, READONLY, DEBUGGING, OCTETS
 28 .comment      00000026  00000000  00000000  000e77ee  2**0
                  CONTENTS, READONLY
 29 .ARM.attributes 0000002a  00000000  00000000  000e7814  2**0
                  CONTENTS, READONLY
 30 .debug_frame  000049ec  00000000  00000000  000e7840  2**2
                  CONTENTS, READONLY, DEBUGGING, OCTETS
 31 .debug_line_str 000002e1  00000000  00000000  000ec22c  2**0
                  CONTENTS, READONLY, DEBUGGING, OCTETS

/home/ricardo/Documents/Personal/T_H_LCD_rp2040/build/firmware.elf:     file format elf32-littlearm


Disassembly of section .boot2:

10000000 <__boot2_start__>:
10000000:	4b32b500 	.word	0x4b32b500
10000004:	60582021 	.word	0x60582021
10000008:	21026898 	.word	0x21026898
1000000c:	60984388 	.word	0x60984388
10000010:	611860d8 	.word	0x611860d8
10000014:	4b2e6158 	.word	0x4b2e6158
10000018:	60992100 	.word	0x60992100
1000001c:	61592102 	.word	0x61592102
10000020:	22f02101 	.word	0x22f02101
10000024:	492b5099 	.word	0x492b5099
10000028:	21016019 	.word	0x21016019
1000002c:	20356099 	.word	0x20356099
10000030:	f844f000 	.word	0xf844f000
10000034:	42902202 	.word	0x42902202
10000038:	2106d014 	.word	0x2106d014
1000003c:	f0006619 	.word	0xf0006619
10000040:	6e19f834 	.word	0x6e19f834
10000044:	66192101 	.word	0x66192101
10000048:	66182000 	.word	0x66182000
1000004c:	f000661a 	.word	0xf000661a
10000050:	6e19f82c 	.word	0x6e19f82c
10000054:	6e196e19 	.word	0x6e196e19
10000058:	f0002005 	.word	0xf0002005
1000005c:	2101f82f 	.word	0x2101f82f
10000060:	d1f94208 	.word	0xd1f94208
10000064:	60992100 	.word	0x60992100
10000068:	6019491b 	.word	0x6019491b
1000006c:	60592100 	.word	0x60592100
10000070:	481b491a 	.word	0x481b491a
10000074:	21016001 	.word	0x21016001
10000078:	21eb6099 	.word	0x21eb6099
1000007c:	21a06619 	.word	0x21a06619
10000080:	f0006619 	.word	0xf0006619
10000084:	2100f812 	.word	0x2100f812
10000088:	49166099 	.word	0x49166099
1000008c:	60014814 	.word	0x60014814
10000090:	60992101 	.word	0x60992101
10000094:	2800bc01 	.word	0x2800bc01
10000098:	4700d000 	.word	0x4700d000
1000009c:	49134812 	.word	0x49134812
100000a0:	c8036008 	.word	0xc8036008
100000a4:	8808f380 	.word	0x8808f380
100000a8:	b5034708 	.word	0xb5034708
100000ac:	20046a99 	.word	0x20046a99
100000b0:	d0fb4201 	.word	0xd0fb4201
100000b4:	42012001 	.word	0x42012001
100000b8:	bd03d1f8 	.word	0xbd03d1f8
100000bc:	6618b502 	.word	0x6618b502
100000c0:	f7ff6618 	.word	0xf7ff6618
100000c4:	6e18fff2 	.word	0x6e18fff2
100000c8:	bd026e18 	.word	0xbd026e18
100000cc:	40020000 	.word	0x40020000
100000d0:	18000000 	.word	0x18000000
100000d4:	00070000 	.word	0x00070000
100000d8:	005f0300 	.word	0x005f0300
100000dc:	00002221 	.word	0x00002221
100000e0:	180000f4 	.word	0x180000f4
100000e4:	a0002022 	.word	0xa0002022
100000e8:	10000100 	.word	0x10000100
100000ec:	e000ed08 	.word	0xe000ed08
	...
100000fc:	7a4eb274 	.word	0x7a4eb274

Disassembly of section .text:

10000100 <__VECTOR_TABLE>:
10000100:	20042000 	.word	0x20042000
10000104:	100001f7 	.word	0x100001f7
10000108:	100001cb 	.word	0x100001cb
1000010c:	100001cd 	.word	0x100001cd
10000110:	100001c9 	.word	0x100001c9
10000114:	100001c9 	.word	0x100001c9
10000118:	100001c9 	.word	0x100001c9
1000011c:	100001c9 	.word	0x100001c9
10000120:	100001c9 	.word	0x100001c9
10000124:	100001c9 	.word	0x100001c9
10000128:	100001c9 	.word	0x100001c9
1000012c:	10009e05 	.word	0x10009e05
10000130:	100001c9 	.word	0x100001c9
10000134:	100001c9 	.word	0x100001c9
10000138:	10009e81 	.word	0x10009e81
1000013c:	10009ef9 	.word	0x10009ef9
10000140:	100001c1 	.word	0x100001c1
10000144:	100001c1 	.word	0x100001c1
10000148:	100001c1 	.word	0x100001c1
1000014c:	100001c1 	.word	0x100001c1
10000150:	100001c1 	.word	0x100001c1
10000154:	100001c1 	.word	0x100001c1
10000158:	100001c1 	.word	0x100001c1
1000015c:	100001c1 	.word	0x100001c1
10000160:	100001c1 	.word	0x100001c1
10000164:	100001c1 	.word	0x100001c1
10000168:	100001c1 	.word	0x100001c1
1000016c:	100001c1 	.word	0x100001c1
10000170:	100001c1 	.word	0x100001c1
10000174:	100001c1 	.word	0x100001c1
10000178:	100001c1 	.word	0x100001c1
1000017c:	100001c1 	.word	0x100001c1
10000180:	100001c1 	.word	0x100001c1
10000184:	100001c1 	.word	0x100001c1
10000188:	100001c1 	.word	0x100001c1
1000018c:	100001c1 	.word	0x100001c1
10000190:	100001c1 	.word	0x100001c1
10000194:	100001c1 	.word	0x100001c1
10000198:	100001c1 	.word	0x100001c1
1000019c:	100001c1 	.word	0x100001c1
100001a0:	100001c1 	.word	0x100001c1
100001a4:	100001c1 	.word	0x100001c1
100001a8:	100001c1 	.word	0x100001c1
100001ac:	100001c1 	.word	0x100001c1
100001b0:	100001c1 	.word	0x100001c1
100001b4:	100001c1 	.word	0x100001c1
100001b8:	100001c1 	.word	0x100001c1
100001bc:	100001c1 	.word	0x100001c1

100001c0 <__unhandled_user_irq>:
100001c0:	f3ef 8005 	mrs	r0, IPSR
100001c4:	3810      	subs	r0, #16

100001c6 <unhandled_user_irq_num_in_r0>:
100001c6:	be00      	bkpt	0x0000

100001c8 <isr_invalid>:
100001c8:	be00      	bkpt	0x0000

100001ca <isr_nmi>:
100001ca:	be00      	bkpt	0x0000

100001cc <isr_hardfault>:
100001cc:	be00      	bkpt	0x0000
100001ce:	be00      	bkpt	0x0000
100001d0:	be00      	bkpt	0x0000
100001d2:	be00      	bkpt	0x0000

100001d4 <__default_isrs_end>:
100001d4:	7188ebf2 	.word	0x7188ebf2
100001d8:	1000b008 	.word	0x1000b008
100001dc:	1000b028 	.word	0x1000b028
100001e0:	10000238 	.word	0x10000238
100001e4:	e71aa390 	.word	0xe71aa390

100001e8 <_entry_point>:
100001e8:	2000      	movs	r0, #0

100001ea <_enter_vtable_in_r0>:
100001ea:	491e      	ldr	r1, [pc, #120]	@ (10000264 <data_cpy_table+0x2c>)
100001ec:	6008      	str	r0, [r1, #0]
100001ee:	c806      	ldmia	r0!, {r1, r2}
100001f0:	f381 8808 	msr	MSP, r1
100001f4:	4710      	bx	r2

100001f6 <_reset_handler>:
100001f6:	481c      	ldr	r0, [pc, #112]	@ (10000268 <data_cpy_table+0x30>)
100001f8:	6800      	ldr	r0, [r0, #0]
100001fa:	2800      	cmp	r0, #0
100001fc:	d001      	beq.n	10000202 <hold_non_core0_in_bootrom+0x4>

100001fe <hold_non_core0_in_bootrom>:
100001fe:	2000      	movs	r0, #0
10000200:	e7f3      	b.n	100001ea <_enter_vtable_in_r0>
10000202:	a40d      	add	r4, pc, #52	@ (adr r4, 10000238 <data_cpy_table>)
10000204:	cc0e      	ldmia	r4!, {r1, r2, r3}
10000206:	2900      	cmp	r1, #0
10000208:	d002      	beq.n	10000210 <hold_non_core0_in_bootrom+0x12>
1000020a:	f000 f812 	bl	10000232 <data_cpy>
1000020e:	e7f9      	b.n	10000204 <hold_non_core0_in_bootrom+0x6>
10000210:	4916      	ldr	r1, [pc, #88]	@ (1000026c <data_cpy_table+0x34>)
10000212:	4a17      	ldr	r2, [pc, #92]	@ (10000270 <data_cpy_table+0x38>)
10000214:	2000      	movs	r0, #0
10000216:	e000      	b.n	1000021a <bss_fill_test>

10000218 <bss_fill_loop>:
10000218:	c101      	stmia	r1!, {r0}

1000021a <bss_fill_test>:
1000021a:	4291      	cmp	r1, r2
1000021c:	d1fc      	bne.n	10000218 <bss_fill_loop>

1000021e <platform_entry>:
1000021e:	4915      	ldr	r1, [pc, #84]	@ (10000274 <data_cpy_table+0x3c>)
10000220:	4788      	blx	r1
10000222:	4915      	ldr	r1, [pc, #84]	@ (10000278 <data_cpy_table+0x40>)
10000224:	4788      	blx	r1
10000226:	4915      	ldr	r1, [pc, #84]	@ (1000027c <data_cpy_table+0x44>)
10000228:	4788      	blx	r1
1000022a:	be00      	bkpt	0x0000
1000022c:	e7fd      	b.n	1000022a <platform_entry+0xc>

1000022e <data_cpy_loop>:
1000022e:	c901      	ldmia	r1!, {r0}
10000230:	c201      	stmia	r2!, {r0}

10000232 <data_cpy>:
10000232:	429a      	cmp	r2, r3
10000234:	d3fb      	bcc.n	1000022e <data_cpy_loop>

10000236 <data_cpy_done>:
10000236:	4770      	bx	lr

10000238 <data_cpy_table>:
10000238:	1000b028 	.word	0x1000b028
1000023c:	200000c0 	.word	0x200000c0
10000240:	2000105c 	.word	0x2000105c
10000244:	1000bfc4 	.word	0x1000bfc4
10000248:	20040000 	.word	0x20040000
1000024c:	20040000 	.word	0x20040000
10000250:	1000bfc4 	.word	0x1000bfc4
10000254:	20041000 	.word	0x20041000
10000258:	20041000 	.word	0x20041000
1000025c:	00000000 	.word	0x00000000
10000260:	4770      	bx	lr
10000262:	0000      	.short	0x0000
10000264:	e000ed08 	.word	0xe000ed08
10000268:	d0000000 	.word	0xd0000000
1000026c:	2000105c 	.word	0x2000105c
10000270:	20022084 	.word	0x20022084
10000274:	10004ae9 	.word	0x10004ae9
10000278:	10000441 	.word	0x10000441
1000027c:	10004ae1 	.word	0x10004ae1

10000280 <vLCDTask>:
10000280:	b5f0      	push	{r4, r5, r6, r7, lr}
10000282:	46de      	mov	lr, fp
10000284:	4657      	mov	r7, sl
10000286:	464e      	mov	r6, r9
10000288:	4645      	mov	r5, r8
1000028a:	b5e0      	push	{r5, r6, r7, lr}
1000028c:	b08d      	sub	sp, #52	@ 0x34
1000028e:	f000 fbaf 	bl	100009f0 <lcd_clear>
10000292:	2064      	movs	r0, #100	@ 0x64
10000294:	f008 fa20 	bl	100086d8 <vTaskDelay>
10000298:	4b22      	ldr	r3, [pc, #136]	@ (10000324 <vLCDTask+0xa4>)
1000029a:	4c23      	ldr	r4, [pc, #140]	@ (10000328 <vLCDTask+0xa8>)
1000029c:	469b      	mov	fp, r3
1000029e:	4b23      	ldr	r3, [pc, #140]	@ (1000032c <vLCDTask+0xac>)
100002a0:	469a      	mov	sl, r3
100002a2:	4b23      	ldr	r3, [pc, #140]	@ (10000330 <vLCDTask+0xb0>)
100002a4:	4699      	mov	r9, r3
100002a6:	4b23      	ldr	r3, [pc, #140]	@ (10000334 <vLCDTask+0xb4>)
100002a8:	9305      	str	r3, [sp, #20]
100002aa:	89a3      	ldrh	r3, [r4, #12]
100002ac:	6860      	ldr	r0, [r4, #4]
100002ae:	4698      	mov	r8, r3
100002b0:	f002 ffce 	bl	10003250 <__wrap___aeabi_f2d>
100002b4:	7a26      	ldrb	r6, [r4, #8]
100002b6:	8967      	ldrh	r7, [r4, #10]
100002b8:	89e5      	ldrh	r5, [r4, #14]
100002ba:	9002      	str	r0, [sp, #8]
100002bc:	9103      	str	r1, [sp, #12]
100002be:	6820      	ldr	r0, [r4, #0]
100002c0:	f002 ffc6 	bl	10003250 <__wrap___aeabi_f2d>
100002c4:	465a      	mov	r2, fp
100002c6:	9000      	str	r0, [sp, #0]
100002c8:	9101      	str	r1, [sp, #4]
100002ca:	2115      	movs	r1, #21
100002cc:	a806      	add	r0, sp, #24
100002ce:	f004 fbc7 	bl	10004a60 <__wrap_snprintf>
100002d2:	a906      	add	r1, sp, #24
100002d4:	2000      	movs	r0, #0
100002d6:	f000 fbd1 	bl	10000a7c <lcd_write_string_ln>
100002da:	4643      	mov	r3, r8
100002dc:	4652      	mov	r2, sl
100002de:	2115      	movs	r1, #21
100002e0:	a806      	add	r0, sp, #24
100002e2:	f004 fbbd 	bl	10004a60 <__wrap_snprintf>
100002e6:	a906      	add	r1, sp, #24
100002e8:	2001      	movs	r0, #1
100002ea:	f000 fbc7 	bl	10000a7c <lcd_write_string_ln>
100002ee:	0033      	movs	r3, r6
100002f0:	464a      	mov	r2, r9
100002f2:	2115      	movs	r1, #21
100002f4:	9700      	str	r7, [sp, #0]
100002f6:	a806      	add	r0, sp, #24
100002f8:	f004 fbb2 	bl	10004a60 <__wrap_snprintf>
100002fc:	a906      	add	r1, sp, #24
100002fe:	2002      	movs	r0, #2
10000300:	f000 fbbc 	bl	10000a7c <lcd_write_string_ln>
10000304:	002b      	movs	r3, r5
10000306:	9a05      	ldr	r2, [sp, #20]
10000308:	2115      	movs	r1, #21
1000030a:	a806      	add	r0, sp, #24
1000030c:	f004 fba8 	bl	10004a60 <__wrap_snprintf>
10000310:	2003      	movs	r0, #3
10000312:	a906      	add	r1, sp, #24
10000314:	f000 fbb2 	bl	10000a7c <lcd_write_string_ln>
10000318:	20fa      	movs	r0, #250	@ 0xfa
1000031a:	0080      	lsls	r0, r0, #2
1000031c:	f008 f9dc 	bl	100086d8 <vTaskDelay>
10000320:	e7c3      	b.n	100002aa <vLCDTask+0x2a>
10000322:	46c0      	nop			@ (mov r8, r8)
10000324:	1000a750 	.word	0x1000a750
10000328:	2000186c 	.word	0x2000186c
1000032c:	1000a768 	.word	0x1000a768
10000330:	1000a77c 	.word	0x1000a77c
10000334:	1000a794 	.word	0x1000a794

10000338 <vTaskFunction>:
10000338:	b5f0      	push	{r4, r5, r6, r7, lr}
1000033a:	46de      	mov	lr, fp
1000033c:	4657      	mov	r7, sl
1000033e:	4645      	mov	r5, r8
10000340:	464e      	mov	r6, r9
10000342:	b5e0      	push	{r5, r6, r7, lr}
10000344:	2019      	movs	r0, #25
10000346:	b08f      	sub	sp, #60	@ 0x3c
10000348:	f000 fe16 	bl	10000f78 <gpio_init>
1000034c:	23d0      	movs	r3, #208	@ 0xd0
1000034e:	2280      	movs	r2, #128	@ 0x80
10000350:	061b      	lsls	r3, r3, #24
10000352:	0492      	lsls	r2, r2, #18
10000354:	625a      	str	r2, [r3, #36]	@ 0x24
10000356:	f007 fed5 	bl	10008104 <xTaskGetTickCount>
1000035a:	ab06      	add	r3, sp, #24
1000035c:	469c      	mov	ip, r3
1000035e:	4b33      	ldr	r3, [pc, #204]	@ (1000042c <vTaskFunction+0xf4>)
10000360:	250f      	movs	r5, #15
10000362:	4698      	mov	r8, r3
10000364:	4b32      	ldr	r3, [pc, #200]	@ (10000430 <vTaskFunction+0xf8>)
10000366:	2612      	movs	r6, #18
10000368:	469a      	mov	sl, r3
1000036a:	4b32      	ldr	r3, [pc, #200]	@ (10000434 <vTaskFunction+0xfc>)
1000036c:	4647      	mov	r7, r8
1000036e:	9305      	str	r3, [sp, #20]
10000370:	4b31      	ldr	r3, [pc, #196]	@ (10000438 <vTaskFunction+0x100>)
10000372:	900b      	str	r0, [sp, #44]	@ 0x2c
10000374:	9306      	str	r3, [sp, #24]
10000376:	4b31      	ldr	r3, [pc, #196]	@ (1000043c <vTaskFunction+0x104>)
10000378:	4465      	add	r5, ip
1000037a:	9307      	str	r3, [sp, #28]
1000037c:	2300      	movs	r3, #0
1000037e:	469b      	mov	fp, r3
10000380:	ac0a      	add	r4, sp, #40	@ 0x28
10000382:	4466      	add	r6, ip
10000384:	21fa      	movs	r1, #250	@ 0xfa
10000386:	a80b      	add	r0, sp, #44	@ 0x2c
10000388:	0089      	lsls	r1, r1, #2
1000038a:	f008 f94f 	bl	1000862c <xTaskDelayUntil>
1000038e:	200c      	movs	r0, #12
10000390:	f000 fca8 	bl	10000ce4 <tsl2561_read16>
10000394:	4680      	mov	r8, r0
10000396:	200e      	movs	r0, #14
10000398:	f000 fca4 	bl	10000ce4 <tsl2561_read16>
1000039c:	2300      	movs	r3, #0
1000039e:	930c      	str	r3, [sp, #48]	@ 0x30
100003a0:	930d      	str	r3, [sp, #52]	@ 0x34
100003a2:	465b      	mov	r3, fp
100003a4:	4681      	mov	r9, r0
100003a6:	a90d      	add	r1, sp, #52	@ 0x34
100003a8:	a80c      	add	r0, sp, #48	@ 0x30
100003aa:	702b      	strb	r3, [r5, #0]
100003ac:	8023      	strh	r3, [r4, #0]
100003ae:	8033      	strh	r3, [r6, #0]
100003b0:	f000 fce8 	bl	10000d84 <aht21_read>
100003b4:	0032      	movs	r2, r6
100003b6:	0021      	movs	r1, r4
100003b8:	0028      	movs	r0, r5
100003ba:	f000 fd61 	bl	10000e80 <ens160_read>
100003be:	9b0c      	ldr	r3, [sp, #48]	@ 0x30
100003c0:	4650      	mov	r0, sl
100003c2:	603b      	str	r3, [r7, #0]
100003c4:	9b0d      	ldr	r3, [sp, #52]	@ 0x34
100003c6:	607b      	str	r3, [r7, #4]
100003c8:	782b      	ldrb	r3, [r5, #0]
100003ca:	723b      	strb	r3, [r7, #8]
100003cc:	8823      	ldrh	r3, [r4, #0]
100003ce:	817b      	strh	r3, [r7, #10]
100003d0:	8833      	ldrh	r3, [r6, #0]
100003d2:	81bb      	strh	r3, [r7, #12]
100003d4:	4643      	mov	r3, r8
100003d6:	81fb      	strh	r3, [r7, #14]
100003d8:	464b      	mov	r3, r9
100003da:	823b      	strh	r3, [r7, #16]
100003dc:	f004 fd00 	bl	10004de0 <__wrap_puts>
100003e0:	980c      	ldr	r0, [sp, #48]	@ 0x30
100003e2:	f002 ff35 	bl	10003250 <__wrap___aeabi_f2d>
100003e6:	9002      	str	r0, [sp, #8]
100003e8:	9103      	str	r1, [sp, #12]
100003ea:	980d      	ldr	r0, [sp, #52]	@ 0x34
100003ec:	f002 ff30 	bl	10003250 <__wrap___aeabi_f2d>
100003f0:	9a02      	ldr	r2, [sp, #8]
100003f2:	9b03      	ldr	r3, [sp, #12]
100003f4:	9000      	str	r0, [sp, #0]
100003f6:	9101      	str	r1, [sp, #4]
100003f8:	9805      	ldr	r0, [sp, #20]
100003fa:	f004 fd79 	bl	10004ef0 <__wrap_printf>
100003fe:	8833      	ldrh	r3, [r6, #0]
10000400:	8822      	ldrh	r2, [r4, #0]
10000402:	7829      	ldrb	r1, [r5, #0]
10000404:	9806      	ldr	r0, [sp, #24]
10000406:	f004 fd73 	bl	10004ef0 <__wrap_printf>
1000040a:	464a      	mov	r2, r9
1000040c:	4641      	mov	r1, r8
1000040e:	9807      	ldr	r0, [sp, #28]
10000410:	f004 fd6e 	bl	10004ef0 <__wrap_printf>
10000414:	23d0      	movs	r3, #208	@ 0xd0
10000416:	2280      	movs	r2, #128	@ 0x80
10000418:	061b      	lsls	r3, r3, #24
1000041a:	6919      	ldr	r1, [r3, #16]
1000041c:	0492      	lsls	r2, r2, #18
1000041e:	4211      	tst	r1, r2
10000420:	d101      	bne.n	10000426 <vTaskFunction+0xee>
10000422:	615a      	str	r2, [r3, #20]
10000424:	e7ae      	b.n	10000384 <vTaskFunction+0x4c>
10000426:	619a      	str	r2, [r3, #24]
10000428:	e7ac      	b.n	10000384 <vTaskFunction+0x4c>
1000042a:	46c0      	nop			@ (mov r8, r8)
1000042c:	2000186c 	.word	0x2000186c
10000430:	1000a7a8 	.word	0x1000a7a8
10000434:	1000a7c4 	.word	0x1000a7c4
10000438:	1000a7f0 	.word	0x1000a7f0
1000043c:	1000a820 	.word	0x1000a820

10000440 <main>:
10000440:	b510      	push	{r4, lr}
10000442:	b082      	sub	sp, #8
10000444:	f004 fc7c 	bl	10004d40 <stdio_init_all>
10000448:	20fa      	movs	r0, #250	@ 0xfa
1000044a:	0080      	lsls	r0, r0, #2
1000044c:	f001 fc4c 	bl	10001ce8 <sleep_ms>
10000450:	483a      	ldr	r0, [pc, #232]	@ (1000053c <main+0xfc>)
10000452:	f004 fcc5 	bl	10004de0 <__wrap_puts>
10000456:	483a      	ldr	r0, [pc, #232]	@ (10000540 <main+0x100>)
10000458:	f004 fcc2 	bl	10004de0 <__wrap_puts>
1000045c:	4839      	ldr	r0, [pc, #228]	@ (10000544 <main+0x104>)
1000045e:	f004 fcbf 	bl	10004de0 <__wrap_puts>
10000462:	f000 f88f 	bl	10000584 <lcd_init>
10000466:	f000 fac3 	bl	100009f0 <lcd_clear>
1000046a:	2000      	movs	r0, #0
1000046c:	4936      	ldr	r1, [pc, #216]	@ (10000548 <main+0x108>)
1000046e:	f000 fb05 	bl	10000a7c <lcd_write_string_ln>
10000472:	2001      	movs	r0, #1
10000474:	4935      	ldr	r1, [pc, #212]	@ (1000054c <main+0x10c>)
10000476:	f000 fb01 	bl	10000a7c <lcd_write_string_ln>
1000047a:	2002      	movs	r0, #2
1000047c:	4934      	ldr	r1, [pc, #208]	@ (10000550 <main+0x110>)
1000047e:	f000 fafd 	bl	10000a7c <lcd_write_string_ln>
10000482:	4934      	ldr	r1, [pc, #208]	@ (10000554 <main+0x114>)
10000484:	2003      	movs	r0, #3
10000486:	f000 faf9 	bl	10000a7c <lcd_write_string_ln>
1000048a:	20c8      	movs	r0, #200	@ 0xc8
1000048c:	0080      	lsls	r0, r0, #2
1000048e:	f001 fc2b 	bl	10001ce8 <sleep_ms>
10000492:	4931      	ldr	r1, [pc, #196]	@ (10000558 <main+0x118>)
10000494:	4831      	ldr	r0, [pc, #196]	@ (1000055c <main+0x11c>)
10000496:	f006 ffe1 	bl	1000745c <i2c_init>
1000049a:	2103      	movs	r1, #3
1000049c:	2002      	movs	r0, #2
1000049e:	f000 fd3d 	bl	10000f1c <gpio_set_function>
100004a2:	2103      	movs	r1, #3
100004a4:	2003      	movs	r0, #3
100004a6:	f000 fd39 	bl	10000f1c <gpio_set_function>
100004aa:	2200      	movs	r2, #0
100004ac:	2101      	movs	r1, #1
100004ae:	2002      	movs	r0, #2
100004b0:	f000 fd4e 	bl	10000f50 <gpio_set_pulls>
100004b4:	2200      	movs	r2, #0
100004b6:	2101      	movs	r1, #1
100004b8:	2003      	movs	r0, #3
100004ba:	f000 fd49 	bl	10000f50 <gpio_set_pulls>
100004be:	2103      	movs	r1, #3
100004c0:	2000      	movs	r0, #0
100004c2:	f000 fbfb 	bl	10000cbc <tsl2561_write_register>
100004c6:	4924      	ldr	r1, [pc, #144]	@ (10000558 <main+0x118>)
100004c8:	4825      	ldr	r0, [pc, #148]	@ (10000560 <main+0x120>)
100004ca:	f006 ffc7 	bl	1000745c <i2c_init>
100004ce:	2103      	movs	r1, #3
100004d0:	2004      	movs	r0, #4
100004d2:	f000 fd23 	bl	10000f1c <gpio_set_function>
100004d6:	2103      	movs	r1, #3
100004d8:	2005      	movs	r0, #5
100004da:	f000 fd1f 	bl	10000f1c <gpio_set_function>
100004de:	2200      	movs	r2, #0
100004e0:	2101      	movs	r1, #1
100004e2:	2004      	movs	r0, #4
100004e4:	f000 fd34 	bl	10000f50 <gpio_set_pulls>
100004e8:	2200      	movs	r2, #0
100004ea:	2101      	movs	r1, #1
100004ec:	2005      	movs	r0, #5
100004ee:	f000 fd2f 	bl	10000f50 <gpio_set_pulls>
100004f2:	481c      	ldr	r0, [pc, #112]	@ (10000564 <main+0x124>)
100004f4:	f004 fc74 	bl	10004de0 <__wrap_puts>
100004f8:	f000 fc14 	bl	10000d24 <aht21_init>
100004fc:	f000 fc9a 	bl	10000e34 <ens160_init>
10000500:	4819      	ldr	r0, [pc, #100]	@ (10000568 <main+0x128>)
10000502:	f004 fc6d 	bl	10004de0 <__wrap_puts>
10000506:	2400      	movs	r4, #0
10000508:	2302      	movs	r3, #2
1000050a:	2280      	movs	r2, #128	@ 0x80
1000050c:	4917      	ldr	r1, [pc, #92]	@ (1000056c <main+0x12c>)
1000050e:	9300      	str	r3, [sp, #0]
10000510:	0092      	lsls	r2, r2, #2
10000512:	2300      	movs	r3, #0
10000514:	4816      	ldr	r0, [pc, #88]	@ (10000570 <main+0x130>)
10000516:	9401      	str	r4, [sp, #4]
10000518:	f008 fed2 	bl	100092c0 <xTaskCreate>
1000051c:	2301      	movs	r3, #1
1000051e:	2280      	movs	r2, #128	@ 0x80
10000520:	4914      	ldr	r1, [pc, #80]	@ (10000574 <main+0x134>)
10000522:	9300      	str	r3, [sp, #0]
10000524:	0052      	lsls	r2, r2, #1
10000526:	2300      	movs	r3, #0
10000528:	4813      	ldr	r0, [pc, #76]	@ (10000578 <main+0x138>)
1000052a:	9401      	str	r4, [sp, #4]
1000052c:	f008 fec8 	bl	100092c0 <xTaskCreate>
10000530:	4812      	ldr	r0, [pc, #72]	@ (1000057c <main+0x13c>)
10000532:	f004 fc55 	bl	10004de0 <__wrap_puts>
10000536:	f009 f827 	bl	10009588 <vTaskStartScheduler>
1000053a:	e7fe      	b.n	1000053a <main+0xfa>
1000053c:	1000a850 	.word	0x1000a850
10000540:	1000a87c 	.word	0x1000a87c
10000544:	1000a8a0 	.word	0x1000a8a0
10000548:	1000a8cc 	.word	0x1000a8cc
1000054c:	1000a8e4 	.word	0x1000a8e4
10000550:	1000a8f8 	.word	0x1000a8f8
10000554:	1000a90c 	.word	0x1000a90c
10000558:	000186a0 	.word	0x000186a0
1000055c:	20001038 	.word	0x20001038
10000560:	20001040 	.word	0x20001040
10000564:	1000a920 	.word	0x1000a920
10000568:	1000a94c 	.word	0x1000a94c
1000056c:	1000a970 	.word	0x1000a970
10000570:	10000281 	.word	0x10000281
10000574:	1000a974 	.word	0x1000a974
10000578:	10000339 	.word	0x10000339
1000057c:	1000a980 	.word	0x1000a980

10000580 <vApplicationStackOverflowHook>:
10000580:	e7fe      	b.n	10000580 <vApplicationStackOverflowHook>
10000582:	46c0      	nop			@ (mov r8, r8)

10000584 <lcd_init>:
10000584:	b5f8      	push	{r3, r4, r5, r6, r7, lr}
10000586:	46ce      	mov	lr, r9
10000588:	4647      	mov	r7, r8
1000058a:	2006      	movs	r0, #6
1000058c:	b580      	push	{r7, lr}
1000058e:	f000 fcf3 	bl	10000f78 <gpio_init>
10000592:	2007      	movs	r0, #7
10000594:	f000 fcf0 	bl	10000f78 <gpio_init>
10000598:	2008      	movs	r0, #8
1000059a:	f000 fced 	bl	10000f78 <gpio_init>
1000059e:	2009      	movs	r0, #9
100005a0:	f000 fcea 	bl	10000f78 <gpio_init>
100005a4:	200a      	movs	r0, #10
100005a6:	f000 fce7 	bl	10000f78 <gpio_init>
100005aa:	200b      	movs	r0, #11
100005ac:	f000 fce4 	bl	10000f78 <gpio_init>
100005b0:	2480      	movs	r4, #128	@ 0x80
100005b2:	23d0      	movs	r3, #208	@ 0xd0
100005b4:	2080      	movs	r0, #128	@ 0x80
100005b6:	2180      	movs	r1, #128	@ 0x80
100005b8:	2280      	movs	r2, #128	@ 0x80
100005ba:	2640      	movs	r6, #64	@ 0x40
100005bc:	2580      	movs	r5, #128	@ 0x80
100005be:	061b      	lsls	r3, r3, #24
100005c0:	0064      	lsls	r4, r4, #1
100005c2:	0080      	lsls	r0, r0, #2
100005c4:	00c9      	lsls	r1, r1, #3
100005c6:	0112      	lsls	r2, r2, #4
100005c8:	625e      	str	r6, [r3, #36]	@ 0x24
100005ca:	625d      	str	r5, [r3, #36]	@ 0x24
100005cc:	625c      	str	r4, [r3, #36]	@ 0x24
100005ce:	6258      	str	r0, [r3, #36]	@ 0x24
100005d0:	6259      	str	r1, [r3, #36]	@ 0x24
100005d2:	625a      	str	r2, [r3, #36]	@ 0x24
100005d4:	619e      	str	r6, [r3, #24]
100005d6:	619d      	str	r5, [r3, #24]
100005d8:	619c      	str	r4, [r3, #24]
100005da:	6198      	str	r0, [r3, #24]
100005dc:	6199      	str	r1, [r3, #24]
100005de:	619a      	str	r2, [r3, #24]
100005e0:	f008 fc6e 	bl	10008ec0 <xTaskGetSchedulerState>
100005e4:	2801      	cmp	r0, #1
100005e6:	d100      	bne.n	100005ea <lcd_init+0x66>
100005e8:	e1d9      	b.n	1000099e <lcd_init+0x41a>
100005ea:	2064      	movs	r0, #100	@ 0x64
100005ec:	f008 f874 	bl	100086d8 <vTaskDelay>
100005f0:	24d0      	movs	r4, #208	@ 0xd0
100005f2:	2380      	movs	r3, #128	@ 0x80
100005f4:	0624      	lsls	r4, r4, #24
100005f6:	005b      	lsls	r3, r3, #1
100005f8:	6163      	str	r3, [r4, #20]
100005fa:	18db      	adds	r3, r3, r3
100005fc:	6163      	str	r3, [r4, #20]
100005fe:	2380      	movs	r3, #128	@ 0x80
10000600:	00db      	lsls	r3, r3, #3
10000602:	61a3      	str	r3, [r4, #24]
10000604:	2380      	movs	r3, #128	@ 0x80
10000606:	2580      	movs	r5, #128	@ 0x80
10000608:	011b      	lsls	r3, r3, #4
1000060a:	61a3      	str	r3, [r4, #24]
1000060c:	2002      	movs	r0, #2
1000060e:	2100      	movs	r1, #0
10000610:	6165      	str	r5, [r4, #20]
10000612:	f001 fb55 	bl	10001cc0 <sleep_us>
10000616:	2002      	movs	r0, #2
10000618:	2100      	movs	r1, #0
1000061a:	61a5      	str	r5, [r4, #24]
1000061c:	f001 fb50 	bl	10001cc0 <sleep_us>
10000620:	f008 fc4e 	bl	10008ec0 <xTaskGetSchedulerState>
10000624:	2801      	cmp	r0, #1
10000626:	d100      	bne.n	1000062a <lcd_init+0xa6>
10000628:	e1dd      	b.n	100009e6 <lcd_init+0x462>
1000062a:	200f      	movs	r0, #15
1000062c:	f008 f854 	bl	100086d8 <vTaskDelay>
10000630:	24d0      	movs	r4, #208	@ 0xd0
10000632:	2380      	movs	r3, #128	@ 0x80
10000634:	0624      	lsls	r4, r4, #24
10000636:	005b      	lsls	r3, r3, #1
10000638:	6163      	str	r3, [r4, #20]
1000063a:	18db      	adds	r3, r3, r3
1000063c:	6163      	str	r3, [r4, #20]
1000063e:	2380      	movs	r3, #128	@ 0x80
10000640:	00db      	lsls	r3, r3, #3
10000642:	61a3      	str	r3, [r4, #24]
10000644:	2380      	movs	r3, #128	@ 0x80
10000646:	2580      	movs	r5, #128	@ 0x80
10000648:	011b      	lsls	r3, r3, #4
1000064a:	61a3      	str	r3, [r4, #24]
1000064c:	2002      	movs	r0, #2
1000064e:	2100      	movs	r1, #0
10000650:	6165      	str	r5, [r4, #20]
10000652:	f001 fb35 	bl	10001cc0 <sleep_us>
10000656:	2002      	movs	r0, #2
10000658:	2100      	movs	r1, #0
1000065a:	61a5      	str	r5, [r4, #24]
1000065c:	f001 fb30 	bl	10001cc0 <sleep_us>
10000660:	f008 fc2e 	bl	10008ec0 <xTaskGetSchedulerState>
10000664:	2801      	cmp	r0, #1
10000666:	d100      	bne.n	1000066a <lcd_init+0xe6>
10000668:	e1b9      	b.n	100009de <lcd_init+0x45a>
1000066a:	2005      	movs	r0, #5
1000066c:	f008 f834 	bl	100086d8 <vTaskDelay>
10000670:	24d0      	movs	r4, #208	@ 0xd0
10000672:	2380      	movs	r3, #128	@ 0x80
10000674:	0624      	lsls	r4, r4, #24
10000676:	005b      	lsls	r3, r3, #1
10000678:	6163      	str	r3, [r4, #20]
1000067a:	18db      	adds	r3, r3, r3
1000067c:	6163      	str	r3, [r4, #20]
1000067e:	2380      	movs	r3, #128	@ 0x80
10000680:	00db      	lsls	r3, r3, #3
10000682:	61a3      	str	r3, [r4, #24]
10000684:	2380      	movs	r3, #128	@ 0x80
10000686:	2580      	movs	r5, #128	@ 0x80
10000688:	011b      	lsls	r3, r3, #4
1000068a:	61a3      	str	r3, [r4, #24]
1000068c:	2002      	movs	r0, #2
1000068e:	2100      	movs	r1, #0
10000690:	6165      	str	r5, [r4, #20]
10000692:	f001 fb15 	bl	10001cc0 <sleep_us>
10000696:	2002      	movs	r0, #2
10000698:	2100      	movs	r1, #0
1000069a:	61a5      	str	r5, [r4, #24]
1000069c:	f001 fb10 	bl	10001cc0 <sleep_us>
100006a0:	f008 fc0e 	bl	10008ec0 <xTaskGetSchedulerState>
100006a4:	2801      	cmp	r0, #1
100006a6:	d100      	bne.n	100006aa <lcd_init+0x126>
100006a8:	e195      	b.n	100009d6 <lcd_init+0x452>
100006aa:	2005      	movs	r0, #5
100006ac:	f008 f814 	bl	100086d8 <vTaskDelay>
100006b0:	24d0      	movs	r4, #208	@ 0xd0
100006b2:	2380      	movs	r3, #128	@ 0x80
100006b4:	0624      	lsls	r4, r4, #24
100006b6:	005b      	lsls	r3, r3, #1
100006b8:	61a3      	str	r3, [r4, #24]
100006ba:	18db      	adds	r3, r3, r3
100006bc:	6163      	str	r3, [r4, #20]
100006be:	2380      	movs	r3, #128	@ 0x80
100006c0:	00db      	lsls	r3, r3, #3
100006c2:	61a3      	str	r3, [r4, #24]
100006c4:	2380      	movs	r3, #128	@ 0x80
100006c6:	2580      	movs	r5, #128	@ 0x80
100006c8:	011b      	lsls	r3, r3, #4
100006ca:	61a3      	str	r3, [r4, #24]
100006cc:	2002      	movs	r0, #2
100006ce:	2100      	movs	r1, #0
100006d0:	6165      	str	r5, [r4, #20]
100006d2:	f001 faf5 	bl	10001cc0 <sleep_us>
100006d6:	2002      	movs	r0, #2
100006d8:	2100      	movs	r1, #0
100006da:	61a5      	str	r5, [r4, #24]
100006dc:	f001 faf0 	bl	10001cc0 <sleep_us>
100006e0:	f008 fbee 	bl	10008ec0 <xTaskGetSchedulerState>
100006e4:	2801      	cmp	r0, #1
100006e6:	d100      	bne.n	100006ea <lcd_init+0x166>
100006e8:	e171      	b.n	100009ce <lcd_init+0x44a>
100006ea:	2005      	movs	r0, #5
100006ec:	f007 fff4 	bl	100086d8 <vTaskDelay>
100006f0:	24d0      	movs	r4, #208	@ 0xd0
100006f2:	2340      	movs	r3, #64	@ 0x40
100006f4:	0624      	lsls	r4, r4, #24
100006f6:	2001      	movs	r0, #1
100006f8:	2100      	movs	r1, #0
100006fa:	61a3      	str	r3, [r4, #24]
100006fc:	f001 fae0 	bl	10001cc0 <sleep_us>
10000700:	2380      	movs	r3, #128	@ 0x80
10000702:	2780      	movs	r7, #128	@ 0x80
10000704:	2680      	movs	r6, #128	@ 0x80
10000706:	2580      	movs	r5, #128	@ 0x80
10000708:	005b      	lsls	r3, r3, #1
1000070a:	4699      	mov	r9, r3
1000070c:	61a3      	str	r3, [r4, #24]
1000070e:	00ff      	lsls	r7, r7, #3
10000710:	18db      	adds	r3, r3, r3
10000712:	0136      	lsls	r6, r6, #4
10000714:	6163      	str	r3, [r4, #20]
10000716:	2002      	movs	r0, #2
10000718:	61a7      	str	r7, [r4, #24]
1000071a:	2100      	movs	r1, #0
1000071c:	61a6      	str	r6, [r4, #24]
1000071e:	6165      	str	r5, [r4, #20]
10000720:	4698      	mov	r8, r3
10000722:	f001 facd 	bl	10001cc0 <sleep_us>
10000726:	2002      	movs	r0, #2
10000728:	2100      	movs	r1, #0
1000072a:	61a5      	str	r5, [r4, #24]
1000072c:	f001 fac8 	bl	10001cc0 <sleep_us>
10000730:	2032      	movs	r0, #50	@ 0x32
10000732:	2100      	movs	r1, #0
10000734:	f001 fac4 	bl	10001cc0 <sleep_us>
10000738:	464b      	mov	r3, r9
1000073a:	61a3      	str	r3, [r4, #24]
1000073c:	4643      	mov	r3, r8
1000073e:	2002      	movs	r0, #2
10000740:	61a3      	str	r3, [r4, #24]
10000742:	2100      	movs	r1, #0
10000744:	61a7      	str	r7, [r4, #24]
10000746:	6166      	str	r6, [r4, #20]
10000748:	6165      	str	r5, [r4, #20]
1000074a:	f001 fab9 	bl	10001cc0 <sleep_us>
1000074e:	2002      	movs	r0, #2
10000750:	2100      	movs	r1, #0
10000752:	61a5      	str	r5, [r4, #24]
10000754:	f001 fab4 	bl	10001cc0 <sleep_us>
10000758:	2032      	movs	r0, #50	@ 0x32
1000075a:	2100      	movs	r1, #0
1000075c:	f001 fab0 	bl	10001cc0 <sleep_us>
10000760:	2032      	movs	r0, #50	@ 0x32
10000762:	2100      	movs	r1, #0
10000764:	f001 faac 	bl	10001cc0 <sleep_us>
10000768:	f008 fbaa 	bl	10008ec0 <xTaskGetSchedulerState>
1000076c:	2801      	cmp	r0, #1
1000076e:	d100      	bne.n	10000772 <lcd_init+0x1ee>
10000770:	e129      	b.n	100009c6 <lcd_init+0x442>
10000772:	2002      	movs	r0, #2
10000774:	f007 ffb0 	bl	100086d8 <vTaskDelay>
10000778:	24d0      	movs	r4, #208	@ 0xd0
1000077a:	2340      	movs	r3, #64	@ 0x40
1000077c:	0624      	lsls	r4, r4, #24
1000077e:	2001      	movs	r0, #1
10000780:	2100      	movs	r1, #0
10000782:	61a3      	str	r3, [r4, #24]
10000784:	f001 fa9c 	bl	10001cc0 <sleep_us>
10000788:	2380      	movs	r3, #128	@ 0x80
1000078a:	2780      	movs	r7, #128	@ 0x80
1000078c:	2680      	movs	r6, #128	@ 0x80
1000078e:	2580      	movs	r5, #128	@ 0x80
10000790:	005b      	lsls	r3, r3, #1
10000792:	4699      	mov	r9, r3
10000794:	61a3      	str	r3, [r4, #24]
10000796:	00ff      	lsls	r7, r7, #3
10000798:	18db      	adds	r3, r3, r3
1000079a:	0136      	lsls	r6, r6, #4
1000079c:	61a3      	str	r3, [r4, #24]
1000079e:	2002      	movs	r0, #2
100007a0:	61a7      	str	r7, [r4, #24]
100007a2:	2100      	movs	r1, #0
100007a4:	61a6      	str	r6, [r4, #24]
100007a6:	6165      	str	r5, [r4, #20]
100007a8:	4698      	mov	r8, r3
100007aa:	f001 fa89 	bl	10001cc0 <sleep_us>
100007ae:	2002      	movs	r0, #2
100007b0:	2100      	movs	r1, #0
100007b2:	61a5      	str	r5, [r4, #24]
100007b4:	f001 fa84 	bl	10001cc0 <sleep_us>
100007b8:	2032      	movs	r0, #50	@ 0x32
100007ba:	2100      	movs	r1, #0
100007bc:	f001 fa80 	bl	10001cc0 <sleep_us>
100007c0:	464b      	mov	r3, r9
100007c2:	61a3      	str	r3, [r4, #24]
100007c4:	4643      	mov	r3, r8
100007c6:	2002      	movs	r0, #2
100007c8:	61a3      	str	r3, [r4, #24]
100007ca:	2100      	movs	r1, #0
100007cc:	61a7      	str	r7, [r4, #24]
100007ce:	6166      	str	r6, [r4, #20]
100007d0:	6165      	str	r5, [r4, #20]
100007d2:	f001 fa75 	bl	10001cc0 <sleep_us>
100007d6:	2002      	movs	r0, #2
100007d8:	2100      	movs	r1, #0
100007da:	61a5      	str	r5, [r4, #24]
100007dc:	f001 fa70 	bl	10001cc0 <sleep_us>
100007e0:	2032      	movs	r0, #50	@ 0x32
100007e2:	2100      	movs	r1, #0
100007e4:	f001 fa6c 	bl	10001cc0 <sleep_us>
100007e8:	2032      	movs	r0, #50	@ 0x32
100007ea:	2100      	movs	r1, #0
100007ec:	f001 fa68 	bl	10001cc0 <sleep_us>
100007f0:	f008 fb66 	bl	10008ec0 <xTaskGetSchedulerState>
100007f4:	2801      	cmp	r0, #1
100007f6:	d100      	bne.n	100007fa <lcd_init+0x276>
100007f8:	e0e1      	b.n	100009be <lcd_init+0x43a>
100007fa:	2002      	movs	r0, #2
100007fc:	f007 ff6c 	bl	100086d8 <vTaskDelay>
10000800:	24d0      	movs	r4, #208	@ 0xd0
10000802:	2340      	movs	r3, #64	@ 0x40
10000804:	0624      	lsls	r4, r4, #24
10000806:	2001      	movs	r0, #1
10000808:	2100      	movs	r1, #0
1000080a:	61a3      	str	r3, [r4, #24]
1000080c:	f001 fa58 	bl	10001cc0 <sleep_us>
10000810:	2380      	movs	r3, #128	@ 0x80
10000812:	2780      	movs	r7, #128	@ 0x80
10000814:	2680      	movs	r6, #128	@ 0x80
10000816:	2580      	movs	r5, #128	@ 0x80
10000818:	005b      	lsls	r3, r3, #1
1000081a:	4699      	mov	r9, r3
1000081c:	61a3      	str	r3, [r4, #24]
1000081e:	00ff      	lsls	r7, r7, #3
10000820:	18db      	adds	r3, r3, r3
10000822:	0136      	lsls	r6, r6, #4
10000824:	61a3      	str	r3, [r4, #24]
10000826:	2002      	movs	r0, #2
10000828:	61a7      	str	r7, [r4, #24]
1000082a:	2100      	movs	r1, #0
1000082c:	61a6      	str	r6, [r4, #24]
1000082e:	6165      	str	r5, [r4, #20]
10000830:	4698      	mov	r8, r3
10000832:	f001 fa45 	bl	10001cc0 <sleep_us>
10000836:	2002      	movs	r0, #2
10000838:	2100      	movs	r1, #0
1000083a:	61a5      	str	r5, [r4, #24]
1000083c:	f001 fa40 	bl	10001cc0 <sleep_us>
10000840:	2032      	movs	r0, #50	@ 0x32
10000842:	2100      	movs	r1, #0
10000844:	f001 fa3c 	bl	10001cc0 <sleep_us>
10000848:	464b      	mov	r3, r9
1000084a:	6163      	str	r3, [r4, #20]
1000084c:	4643      	mov	r3, r8
1000084e:	2002      	movs	r0, #2
10000850:	61a3      	str	r3, [r4, #24]
10000852:	2100      	movs	r1, #0
10000854:	61a7      	str	r7, [r4, #24]
10000856:	61a6      	str	r6, [r4, #24]
10000858:	6165      	str	r5, [r4, #20]
1000085a:	f001 fa31 	bl	10001cc0 <sleep_us>
1000085e:	2002      	movs	r0, #2
10000860:	2100      	movs	r1, #0
10000862:	61a5      	str	r5, [r4, #24]
10000864:	f001 fa2c 	bl	10001cc0 <sleep_us>
10000868:	2032      	movs	r0, #50	@ 0x32
1000086a:	2100      	movs	r1, #0
1000086c:	f001 fa28 	bl	10001cc0 <sleep_us>
10000870:	20fa      	movs	r0, #250	@ 0xfa
10000872:	2100      	movs	r1, #0
10000874:	00c0      	lsls	r0, r0, #3
10000876:	f001 fa23 	bl	10001cc0 <sleep_us>
1000087a:	f008 fb21 	bl	10008ec0 <xTaskGetSchedulerState>
1000087e:	2801      	cmp	r0, #1
10000880:	d100      	bne.n	10000884 <lcd_init+0x300>
10000882:	e098      	b.n	100009b6 <lcd_init+0x432>
10000884:	2005      	movs	r0, #5
10000886:	f007 ff27 	bl	100086d8 <vTaskDelay>
1000088a:	24d0      	movs	r4, #208	@ 0xd0
1000088c:	2340      	movs	r3, #64	@ 0x40
1000088e:	0624      	lsls	r4, r4, #24
10000890:	2001      	movs	r0, #1
10000892:	2100      	movs	r1, #0
10000894:	61a3      	str	r3, [r4, #24]
10000896:	f001 fa13 	bl	10001cc0 <sleep_us>
1000089a:	2380      	movs	r3, #128	@ 0x80
1000089c:	2780      	movs	r7, #128	@ 0x80
1000089e:	2680      	movs	r6, #128	@ 0x80
100008a0:	2580      	movs	r5, #128	@ 0x80
100008a2:	005b      	lsls	r3, r3, #1
100008a4:	4699      	mov	r9, r3
100008a6:	61a3      	str	r3, [r4, #24]
100008a8:	00ff      	lsls	r7, r7, #3
100008aa:	18db      	adds	r3, r3, r3
100008ac:	0136      	lsls	r6, r6, #4
100008ae:	61a3      	str	r3, [r4, #24]
100008b0:	2002      	movs	r0, #2
100008b2:	61a7      	str	r7, [r4, #24]
100008b4:	2100      	movs	r1, #0
100008b6:	61a6      	str	r6, [r4, #24]
100008b8:	6165      	str	r5, [r4, #20]
100008ba:	4698      	mov	r8, r3
100008bc:	f001 fa00 	bl	10001cc0 <sleep_us>
100008c0:	2002      	movs	r0, #2
100008c2:	2100      	movs	r1, #0
100008c4:	61a5      	str	r5, [r4, #24]
100008c6:	f001 f9fb 	bl	10001cc0 <sleep_us>
100008ca:	2032      	movs	r0, #50	@ 0x32
100008cc:	2100      	movs	r1, #0
100008ce:	f001 f9f7 	bl	10001cc0 <sleep_us>
100008d2:	464b      	mov	r3, r9
100008d4:	61a3      	str	r3, [r4, #24]
100008d6:	4643      	mov	r3, r8
100008d8:	2002      	movs	r0, #2
100008da:	6163      	str	r3, [r4, #20]
100008dc:	2100      	movs	r1, #0
100008de:	6167      	str	r7, [r4, #20]
100008e0:	61a6      	str	r6, [r4, #24]
100008e2:	6165      	str	r5, [r4, #20]
100008e4:	f001 f9ec 	bl	10001cc0 <sleep_us>
100008e8:	2002      	movs	r0, #2
100008ea:	2100      	movs	r1, #0
100008ec:	61a5      	str	r5, [r4, #24]
100008ee:	f001 f9e7 	bl	10001cc0 <sleep_us>
100008f2:	2032      	movs	r0, #50	@ 0x32
100008f4:	2100      	movs	r1, #0
100008f6:	f001 f9e3 	bl	10001cc0 <sleep_us>
100008fa:	2032      	movs	r0, #50	@ 0x32
100008fc:	2100      	movs	r1, #0
100008fe:	f001 f9df 	bl	10001cc0 <sleep_us>
10000902:	f008 fadd 	bl	10008ec0 <xTaskGetSchedulerState>
10000906:	2801      	cmp	r0, #1
10000908:	d051      	beq.n	100009ae <lcd_init+0x42a>
1000090a:	2005      	movs	r0, #5
1000090c:	f007 fee4 	bl	100086d8 <vTaskDelay>
10000910:	24d0      	movs	r4, #208	@ 0xd0
10000912:	2340      	movs	r3, #64	@ 0x40
10000914:	0624      	lsls	r4, r4, #24
10000916:	2001      	movs	r0, #1
10000918:	2100      	movs	r1, #0
1000091a:	61a3      	str	r3, [r4, #24]
1000091c:	f001 f9d0 	bl	10001cc0 <sleep_us>
10000920:	2380      	movs	r3, #128	@ 0x80
10000922:	2780      	movs	r7, #128	@ 0x80
10000924:	2680      	movs	r6, #128	@ 0x80
10000926:	2580      	movs	r5, #128	@ 0x80
10000928:	005b      	lsls	r3, r3, #1
1000092a:	4699      	mov	r9, r3
1000092c:	61a3      	str	r3, [r4, #24]
1000092e:	00ff      	lsls	r7, r7, #3
10000930:	18db      	adds	r3, r3, r3
10000932:	0136      	lsls	r6, r6, #4
10000934:	61a3      	str	r3, [r4, #24]
10000936:	2002      	movs	r0, #2
10000938:	61a7      	str	r7, [r4, #24]
1000093a:	2100      	movs	r1, #0
1000093c:	61a6      	str	r6, [r4, #24]
1000093e:	6165      	str	r5, [r4, #20]
10000940:	4698      	mov	r8, r3
10000942:	f001 f9bd 	bl	10001cc0 <sleep_us>
10000946:	2002      	movs	r0, #2
10000948:	2100      	movs	r1, #0
1000094a:	61a5      	str	r5, [r4, #24]
1000094c:	f001 f9b8 	bl	10001cc0 <sleep_us>
10000950:	2032      	movs	r0, #50	@ 0x32
10000952:	2100      	movs	r1, #0
10000954:	f001 f9b4 	bl	10001cc0 <sleep_us>
10000958:	464b      	mov	r3, r9
1000095a:	61a3      	str	r3, [r4, #24]
1000095c:	4643      	mov	r3, r8
1000095e:	2002      	movs	r0, #2
10000960:	61a3      	str	r3, [r4, #24]
10000962:	2100      	movs	r1, #0
10000964:	6167      	str	r7, [r4, #20]
10000966:	6166      	str	r6, [r4, #20]
10000968:	6165      	str	r5, [r4, #20]
1000096a:	f001 f9a9 	bl	10001cc0 <sleep_us>
1000096e:	2002      	movs	r0, #2
10000970:	2100      	movs	r1, #0
10000972:	61a5      	str	r5, [r4, #24]
10000974:	f001 f9a4 	bl	10001cc0 <sleep_us>
10000978:	2032      	movs	r0, #50	@ 0x32
1000097a:	2100      	movs	r1, #0
1000097c:	f001 f9a0 	bl	10001cc0 <sleep_us>
10000980:	2032      	movs	r0, #50	@ 0x32
10000982:	2100      	movs	r1, #0
10000984:	f001 f99c 	bl	10001cc0 <sleep_us>
10000988:	f008 fa9a 	bl	10008ec0 <xTaskGetSchedulerState>
1000098c:	2801      	cmp	r0, #1
1000098e:	d00a      	beq.n	100009a6 <lcd_init+0x422>
10000990:	2005      	movs	r0, #5
10000992:	f007 fea1 	bl	100086d8 <vTaskDelay>
10000996:	bcc0      	pop	{r6, r7}
10000998:	46b9      	mov	r9, r7
1000099a:	46b0      	mov	r8, r6
1000099c:	bdf8      	pop	{r3, r4, r5, r6, r7, pc}
1000099e:	3063      	adds	r0, #99	@ 0x63
100009a0:	f001 f9a2 	bl	10001ce8 <sleep_ms>
100009a4:	e624      	b.n	100005f0 <lcd_init+0x6c>
100009a6:	3004      	adds	r0, #4
100009a8:	f001 f99e 	bl	10001ce8 <sleep_ms>
100009ac:	e7f3      	b.n	10000996 <lcd_init+0x412>
100009ae:	3004      	adds	r0, #4
100009b0:	f001 f99a 	bl	10001ce8 <sleep_ms>
100009b4:	e7ac      	b.n	10000910 <lcd_init+0x38c>
100009b6:	3004      	adds	r0, #4
100009b8:	f001 f996 	bl	10001ce8 <sleep_ms>
100009bc:	e765      	b.n	1000088a <lcd_init+0x306>
100009be:	3001      	adds	r0, #1
100009c0:	f001 f992 	bl	10001ce8 <sleep_ms>
100009c4:	e71c      	b.n	10000800 <lcd_init+0x27c>
100009c6:	3001      	adds	r0, #1
100009c8:	f001 f98e 	bl	10001ce8 <sleep_ms>
100009cc:	e6d4      	b.n	10000778 <lcd_init+0x1f4>
100009ce:	3004      	adds	r0, #4
100009d0:	f001 f98a 	bl	10001ce8 <sleep_ms>
100009d4:	e68c      	b.n	100006f0 <lcd_init+0x16c>
100009d6:	3004      	adds	r0, #4
100009d8:	f001 f986 	bl	10001ce8 <sleep_ms>
100009dc:	e668      	b.n	100006b0 <lcd_init+0x12c>
100009de:	3004      	adds	r0, #4
100009e0:	f001 f982 	bl	10001ce8 <sleep_ms>
100009e4:	e644      	b.n	10000670 <lcd_init+0xec>
100009e6:	300e      	adds	r0, #14
100009e8:	f001 f97e 	bl	10001ce8 <sleep_ms>
100009ec:	e620      	b.n	10000630 <lcd_init+0xac>
100009ee:	46c0      	nop			@ (mov r8, r8)

100009f0 <lcd_clear>:
100009f0:	b5f8      	push	{r3, r4, r5, r6, r7, lr}
100009f2:	24d0      	movs	r4, #208	@ 0xd0
100009f4:	46ce      	mov	lr, r9
100009f6:	4647      	mov	r7, r8
100009f8:	2340      	movs	r3, #64	@ 0x40
100009fa:	0624      	lsls	r4, r4, #24
100009fc:	b580      	push	{r7, lr}
100009fe:	2001      	movs	r0, #1
10000a00:	61a3      	str	r3, [r4, #24]
10000a02:	2100      	movs	r1, #0
10000a04:	f001 f95c 	bl	10001cc0 <sleep_us>
10000a08:	2380      	movs	r3, #128	@ 0x80
10000a0a:	2780      	movs	r7, #128	@ 0x80
10000a0c:	2680      	movs	r6, #128	@ 0x80
10000a0e:	2580      	movs	r5, #128	@ 0x80
10000a10:	005b      	lsls	r3, r3, #1
10000a12:	4699      	mov	r9, r3
10000a14:	61a3      	str	r3, [r4, #24]
10000a16:	00ff      	lsls	r7, r7, #3
10000a18:	18db      	adds	r3, r3, r3
10000a1a:	0136      	lsls	r6, r6, #4
10000a1c:	61a3      	str	r3, [r4, #24]
10000a1e:	2002      	movs	r0, #2
10000a20:	61a7      	str	r7, [r4, #24]
10000a22:	2100      	movs	r1, #0
10000a24:	61a6      	str	r6, [r4, #24]
10000a26:	6165      	str	r5, [r4, #20]
10000a28:	4698      	mov	r8, r3
10000a2a:	f001 f949 	bl	10001cc0 <sleep_us>
10000a2e:	61a5      	str	r5, [r4, #24]
10000a30:	2002      	movs	r0, #2
10000a32:	2100      	movs	r1, #0
10000a34:	f001 f944 	bl	10001cc0 <sleep_us>
10000a38:	2032      	movs	r0, #50	@ 0x32
10000a3a:	2100      	movs	r1, #0
10000a3c:	f001 f940 	bl	10001cc0 <sleep_us>
10000a40:	464b      	mov	r3, r9
10000a42:	6163      	str	r3, [r4, #20]
10000a44:	4643      	mov	r3, r8
10000a46:	2002      	movs	r0, #2
10000a48:	61a3      	str	r3, [r4, #24]
10000a4a:	2100      	movs	r1, #0
10000a4c:	61a7      	str	r7, [r4, #24]
10000a4e:	61a6      	str	r6, [r4, #24]
10000a50:	6165      	str	r5, [r4, #20]
10000a52:	f001 f935 	bl	10001cc0 <sleep_us>
10000a56:	61a5      	str	r5, [r4, #24]
10000a58:	2002      	movs	r0, #2
10000a5a:	2100      	movs	r1, #0
10000a5c:	f001 f930 	bl	10001cc0 <sleep_us>
10000a60:	2032      	movs	r0, #50	@ 0x32
10000a62:	2100      	movs	r1, #0
10000a64:	f001 f92c 	bl	10001cc0 <sleep_us>
10000a68:	20fa      	movs	r0, #250	@ 0xfa
10000a6a:	2100      	movs	r1, #0
10000a6c:	00c0      	lsls	r0, r0, #3
10000a6e:	f001 f927 	bl	10001cc0 <sleep_us>
10000a72:	bcc0      	pop	{r6, r7}
10000a74:	46b9      	mov	r9, r7
10000a76:	46b0      	mov	r8, r6
10000a78:	bdf8      	pop	{r3, r4, r5, r6, r7, pc}
10000a7a:	46c0      	nop			@ (mov r8, r8)

10000a7c <lcd_write_string_ln>:
10000a7c:	b5f0      	push	{r4, r5, r6, r7, lr}
10000a7e:	4646      	mov	r6, r8
10000a80:	46d6      	mov	lr, sl
10000a82:	464f      	mov	r7, r9
10000a84:	4a8c      	ldr	r2, [pc, #560]	@ (10000cb8 <lcd_write_string_ln+0x23c>)
10000a86:	b5c0      	push	{r6, r7, lr}
10000a88:	1c03      	adds	r3, r0, #0
10000a8a:	000e      	movs	r6, r1
10000a8c:	2803      	cmp	r0, #3
10000a8e:	d900      	bls.n	10000a92 <lcd_write_string_ln+0x16>
10000a90:	2303      	movs	r3, #3
10000a92:	b2db      	uxtb	r3, r3
10000a94:	25d0      	movs	r5, #208	@ 0xd0
10000a96:	5cd4      	ldrb	r4, [r2, r3]
10000a98:	2340      	movs	r3, #64	@ 0x40
10000a9a:	062d      	lsls	r5, r5, #24
10000a9c:	61ab      	str	r3, [r5, #24]
10000a9e:	2001      	movs	r0, #1
10000aa0:	2100      	movs	r1, #0
10000aa2:	f001 f90d 	bl	10001cc0 <sleep_us>
10000aa6:	06e3      	lsls	r3, r4, #27
10000aa8:	d400      	bmi.n	10000aac <lcd_write_string_ln+0x30>
10000aaa:	e0df      	b.n	10000c6c <lcd_write_string_ln+0x1f0>
10000aac:	2380      	movs	r3, #128	@ 0x80
10000aae:	005b      	lsls	r3, r3, #1
10000ab0:	616b      	str	r3, [r5, #20]
10000ab2:	06a3      	lsls	r3, r4, #26
10000ab4:	d400      	bmi.n	10000ab8 <lcd_write_string_ln+0x3c>
10000ab6:	e0df      	b.n	10000c78 <lcd_write_string_ln+0x1fc>
10000ab8:	23d0      	movs	r3, #208	@ 0xd0
10000aba:	2280      	movs	r2, #128	@ 0x80
10000abc:	061b      	lsls	r3, r3, #24
10000abe:	0092      	lsls	r2, r2, #2
10000ac0:	615a      	str	r2, [r3, #20]
10000ac2:	0663      	lsls	r3, r4, #25
10000ac4:	d400      	bmi.n	10000ac8 <lcd_write_string_ln+0x4c>
10000ac6:	e0df      	b.n	10000c88 <lcd_write_string_ln+0x20c>
10000ac8:	23d0      	movs	r3, #208	@ 0xd0
10000aca:	2280      	movs	r2, #128	@ 0x80
10000acc:	061b      	lsls	r3, r3, #24
10000ace:	00d2      	lsls	r2, r2, #3
10000ad0:	615a      	str	r2, [r3, #20]
10000ad2:	25d0      	movs	r5, #208	@ 0xd0
10000ad4:	2380      	movs	r3, #128	@ 0x80
10000ad6:	2780      	movs	r7, #128	@ 0x80
10000ad8:	011b      	lsls	r3, r3, #4
10000ada:	062d      	lsls	r5, r5, #24
10000adc:	616b      	str	r3, [r5, #20]
10000ade:	2002      	movs	r0, #2
10000ae0:	2100      	movs	r1, #0
10000ae2:	616f      	str	r7, [r5, #20]
10000ae4:	f001 f8ec 	bl	10001cc0 <sleep_us>
10000ae8:	2002      	movs	r0, #2
10000aea:	2100      	movs	r1, #0
10000aec:	61af      	str	r7, [r5, #24]
10000aee:	f001 f8e7 	bl	10001cc0 <sleep_us>
10000af2:	2032      	movs	r0, #50	@ 0x32
10000af4:	2100      	movs	r1, #0
10000af6:	f001 f8e3 	bl	10001cc0 <sleep_us>
10000afa:	07e3      	lsls	r3, r4, #31
10000afc:	d400      	bmi.n	10000b00 <lcd_write_string_ln+0x84>
10000afe:	e0d7      	b.n	10000cb0 <lcd_write_string_ln+0x234>
10000b00:	2380      	movs	r3, #128	@ 0x80
10000b02:	005b      	lsls	r3, r3, #1
10000b04:	616b      	str	r3, [r5, #20]
10000b06:	07a3      	lsls	r3, r4, #30
10000b08:	d400      	bmi.n	10000b0c <lcd_write_string_ln+0x90>
10000b0a:	e0cb      	b.n	10000ca4 <lcd_write_string_ln+0x228>
10000b0c:	23d0      	movs	r3, #208	@ 0xd0
10000b0e:	2280      	movs	r2, #128	@ 0x80
10000b10:	061b      	lsls	r3, r3, #24
10000b12:	0092      	lsls	r2, r2, #2
10000b14:	615a      	str	r2, [r3, #20]
10000b16:	0763      	lsls	r3, r4, #29
10000b18:	d400      	bmi.n	10000b1c <lcd_write_string_ln+0xa0>
10000b1a:	e0bd      	b.n	10000c98 <lcd_write_string_ln+0x21c>
10000b1c:	23d0      	movs	r3, #208	@ 0xd0
10000b1e:	2280      	movs	r2, #128	@ 0x80
10000b20:	061b      	lsls	r3, r3, #24
10000b22:	00d2      	lsls	r2, r2, #3
10000b24:	615a      	str	r2, [r3, #20]
10000b26:	23d0      	movs	r3, #208	@ 0xd0
10000b28:	2280      	movs	r2, #128	@ 0x80
10000b2a:	061b      	lsls	r3, r3, #24
10000b2c:	0112      	lsls	r2, r2, #4
10000b2e:	0724      	lsls	r4, r4, #28
10000b30:	d400      	bmi.n	10000b34 <lcd_write_string_ln+0xb8>
10000b32:	e0af      	b.n	10000c94 <lcd_write_string_ln+0x218>
10000b34:	615a      	str	r2, [r3, #20]
10000b36:	24d0      	movs	r4, #208	@ 0xd0
10000b38:	2580      	movs	r5, #128	@ 0x80
10000b3a:	0624      	lsls	r4, r4, #24
10000b3c:	2002      	movs	r0, #2
10000b3e:	2100      	movs	r1, #0
10000b40:	6165      	str	r5, [r4, #20]
10000b42:	f001 f8bd 	bl	10001cc0 <sleep_us>
10000b46:	2002      	movs	r0, #2
10000b48:	2100      	movs	r1, #0
10000b4a:	61a5      	str	r5, [r4, #24]
10000b4c:	f001 f8b8 	bl	10001cc0 <sleep_us>
10000b50:	2032      	movs	r0, #50	@ 0x32
10000b52:	2100      	movs	r1, #0
10000b54:	f001 f8b4 	bl	10001cc0 <sleep_us>
10000b58:	2032      	movs	r0, #50	@ 0x32
10000b5a:	2100      	movs	r1, #0
10000b5c:	f001 f8b0 	bl	10001cc0 <sleep_us>
10000b60:	7835      	ldrb	r5, [r6, #0]
10000b62:	2d00      	cmp	r5, #0
10000b64:	d07d      	beq.n	10000c62 <lcd_write_string_ln+0x1e6>
10000b66:	2340      	movs	r3, #64	@ 0x40
10000b68:	469a      	mov	sl, r3
10000b6a:	4699      	mov	r9, r3
10000b6c:	3b30      	subs	r3, #48	@ 0x30
10000b6e:	4698      	mov	r8, r3
10000b70:	e04b      	b.n	10000c0a <lcd_write_string_ln+0x18e>
10000b72:	2380      	movs	r3, #128	@ 0x80
10000b74:	005b      	lsls	r3, r3, #1
10000b76:	6163      	str	r3, [r4, #20]
10000b78:	06ab      	lsls	r3, r5, #26
10000b7a:	d555      	bpl.n	10000c28 <lcd_write_string_ln+0x1ac>
10000b7c:	2380      	movs	r3, #128	@ 0x80
10000b7e:	009b      	lsls	r3, r3, #2
10000b80:	6163      	str	r3, [r4, #20]
10000b82:	4653      	mov	r3, sl
10000b84:	422b      	tst	r3, r5
10000b86:	d055      	beq.n	10000c34 <lcd_write_string_ln+0x1b8>
10000b88:	2380      	movs	r3, #128	@ 0x80
10000b8a:	00db      	lsls	r3, r3, #3
10000b8c:	6163      	str	r3, [r4, #20]
10000b8e:	09eb      	lsrs	r3, r5, #7
10000b90:	d055      	beq.n	10000c3e <lcd_write_string_ln+0x1c2>
10000b92:	2380      	movs	r3, #128	@ 0x80
10000b94:	011b      	lsls	r3, r3, #4
10000b96:	6163      	str	r3, [r4, #20]
10000b98:	2780      	movs	r7, #128	@ 0x80
10000b9a:	2002      	movs	r0, #2
10000b9c:	2100      	movs	r1, #0
10000b9e:	6167      	str	r7, [r4, #20]
10000ba0:	f001 f88e 	bl	10001cc0 <sleep_us>
10000ba4:	2002      	movs	r0, #2
10000ba6:	2100      	movs	r1, #0
10000ba8:	61a7      	str	r7, [r4, #24]
10000baa:	f001 f889 	bl	10001cc0 <sleep_us>
10000bae:	2032      	movs	r0, #50	@ 0x32
10000bb0:	2100      	movs	r1, #0
10000bb2:	f001 f885 	bl	10001cc0 <sleep_us>
10000bb6:	07eb      	lsls	r3, r5, #31
10000bb8:	d54f      	bpl.n	10000c5a <lcd_write_string_ln+0x1de>
10000bba:	2380      	movs	r3, #128	@ 0x80
10000bbc:	005b      	lsls	r3, r3, #1
10000bbe:	6163      	str	r3, [r4, #20]
10000bc0:	07ab      	lsls	r3, r5, #30
10000bc2:	d546      	bpl.n	10000c52 <lcd_write_string_ln+0x1d6>
10000bc4:	2380      	movs	r3, #128	@ 0x80
10000bc6:	009b      	lsls	r3, r3, #2
10000bc8:	6163      	str	r3, [r4, #20]
10000bca:	076b      	lsls	r3, r5, #29
10000bcc:	d53d      	bpl.n	10000c4a <lcd_write_string_ln+0x1ce>
10000bce:	2380      	movs	r3, #128	@ 0x80
10000bd0:	00db      	lsls	r3, r3, #3
10000bd2:	6163      	str	r3, [r4, #20]
10000bd4:	2380      	movs	r3, #128	@ 0x80
10000bd6:	011b      	lsls	r3, r3, #4
10000bd8:	072d      	lsls	r5, r5, #28
10000bda:	d534      	bpl.n	10000c46 <lcd_write_string_ln+0x1ca>
10000bdc:	6163      	str	r3, [r4, #20]
10000bde:	2580      	movs	r5, #128	@ 0x80
10000be0:	2002      	movs	r0, #2
10000be2:	2100      	movs	r1, #0
10000be4:	6165      	str	r5, [r4, #20]
10000be6:	f001 f86b 	bl	10001cc0 <sleep_us>
10000bea:	2002      	movs	r0, #2
10000bec:	2100      	movs	r1, #0
10000bee:	61a5      	str	r5, [r4, #24]
10000bf0:	f001 f866 	bl	10001cc0 <sleep_us>
10000bf4:	2032      	movs	r0, #50	@ 0x32
10000bf6:	2100      	movs	r1, #0
10000bf8:	f001 f862 	bl	10001cc0 <sleep_us>
10000bfc:	2032      	movs	r0, #50	@ 0x32
10000bfe:	2100      	movs	r1, #0
10000c00:	f001 f85e 	bl	10001cc0 <sleep_us>
10000c04:	7835      	ldrb	r5, [r6, #0]
10000c06:	2d00      	cmp	r5, #0
10000c08:	d02b      	beq.n	10000c62 <lcd_write_string_ln+0x1e6>
10000c0a:	464b      	mov	r3, r9
10000c0c:	2001      	movs	r0, #1
10000c0e:	6163      	str	r3, [r4, #20]
10000c10:	2100      	movs	r1, #0
10000c12:	f001 f855 	bl	10001cc0 <sleep_us>
10000c16:	4643      	mov	r3, r8
10000c18:	3601      	adds	r6, #1
10000c1a:	422b      	tst	r3, r5
10000c1c:	d1a9      	bne.n	10000b72 <lcd_write_string_ln+0xf6>
10000c1e:	2380      	movs	r3, #128	@ 0x80
10000c20:	005b      	lsls	r3, r3, #1
10000c22:	61a3      	str	r3, [r4, #24]
10000c24:	06ab      	lsls	r3, r5, #26
10000c26:	d4a9      	bmi.n	10000b7c <lcd_write_string_ln+0x100>
10000c28:	2380      	movs	r3, #128	@ 0x80
10000c2a:	009b      	lsls	r3, r3, #2
10000c2c:	61a3      	str	r3, [r4, #24]
10000c2e:	4653      	mov	r3, sl
10000c30:	422b      	tst	r3, r5
10000c32:	d1a9      	bne.n	10000b88 <lcd_write_string_ln+0x10c>
10000c34:	2380      	movs	r3, #128	@ 0x80
10000c36:	00db      	lsls	r3, r3, #3
10000c38:	61a3      	str	r3, [r4, #24]
10000c3a:	09eb      	lsrs	r3, r5, #7
10000c3c:	d1a9      	bne.n	10000b92 <lcd_write_string_ln+0x116>
10000c3e:	2380      	movs	r3, #128	@ 0x80
10000c40:	011b      	lsls	r3, r3, #4
10000c42:	61a3      	str	r3, [r4, #24]
10000c44:	e7a8      	b.n	10000b98 <lcd_write_string_ln+0x11c>
10000c46:	61a3      	str	r3, [r4, #24]
10000c48:	e7c9      	b.n	10000bde <lcd_write_string_ln+0x162>
10000c4a:	2380      	movs	r3, #128	@ 0x80
10000c4c:	00db      	lsls	r3, r3, #3
10000c4e:	61a3      	str	r3, [r4, #24]
10000c50:	e7c0      	b.n	10000bd4 <lcd_write_string_ln+0x158>
10000c52:	2380      	movs	r3, #128	@ 0x80
10000c54:	009b      	lsls	r3, r3, #2
10000c56:	61a3      	str	r3, [r4, #24]
10000c58:	e7b7      	b.n	10000bca <lcd_write_string_ln+0x14e>
10000c5a:	2380      	movs	r3, #128	@ 0x80
10000c5c:	005b      	lsls	r3, r3, #1
10000c5e:	61a3      	str	r3, [r4, #24]
10000c60:	e7ae      	b.n	10000bc0 <lcd_write_string_ln+0x144>
10000c62:	bce0      	pop	{r5, r6, r7}
10000c64:	46ba      	mov	sl, r7
10000c66:	46b1      	mov	r9, r6
10000c68:	46a8      	mov	r8, r5
10000c6a:	bdf0      	pop	{r4, r5, r6, r7, pc}
10000c6c:	2380      	movs	r3, #128	@ 0x80
10000c6e:	005b      	lsls	r3, r3, #1
10000c70:	61ab      	str	r3, [r5, #24]
10000c72:	06a3      	lsls	r3, r4, #26
10000c74:	d500      	bpl.n	10000c78 <lcd_write_string_ln+0x1fc>
10000c76:	e71f      	b.n	10000ab8 <lcd_write_string_ln+0x3c>
10000c78:	23d0      	movs	r3, #208	@ 0xd0
10000c7a:	2280      	movs	r2, #128	@ 0x80
10000c7c:	061b      	lsls	r3, r3, #24
10000c7e:	0092      	lsls	r2, r2, #2
10000c80:	619a      	str	r2, [r3, #24]
10000c82:	0663      	lsls	r3, r4, #25
10000c84:	d500      	bpl.n	10000c88 <lcd_write_string_ln+0x20c>
10000c86:	e71f      	b.n	10000ac8 <lcd_write_string_ln+0x4c>
10000c88:	23d0      	movs	r3, #208	@ 0xd0
10000c8a:	2280      	movs	r2, #128	@ 0x80
10000c8c:	061b      	lsls	r3, r3, #24
10000c8e:	00d2      	lsls	r2, r2, #3
10000c90:	619a      	str	r2, [r3, #24]
10000c92:	e71e      	b.n	10000ad2 <lcd_write_string_ln+0x56>
10000c94:	619a      	str	r2, [r3, #24]
10000c96:	e74e      	b.n	10000b36 <lcd_write_string_ln+0xba>
10000c98:	23d0      	movs	r3, #208	@ 0xd0
10000c9a:	2280      	movs	r2, #128	@ 0x80
10000c9c:	061b      	lsls	r3, r3, #24
10000c9e:	00d2      	lsls	r2, r2, #3
10000ca0:	619a      	str	r2, [r3, #24]
10000ca2:	e740      	b.n	10000b26 <lcd_write_string_ln+0xaa>
10000ca4:	23d0      	movs	r3, #208	@ 0xd0
10000ca6:	2280      	movs	r2, #128	@ 0x80
10000ca8:	061b      	lsls	r3, r3, #24
10000caa:	0092      	lsls	r2, r2, #2
10000cac:	619a      	str	r2, [r3, #24]
10000cae:	e732      	b.n	10000b16 <lcd_write_string_ln+0x9a>
10000cb0:	2380      	movs	r3, #128	@ 0x80
10000cb2:	005b      	lsls	r3, r3, #1
10000cb4:	61ab      	str	r3, [r5, #24]
10000cb6:	e726      	b.n	10000b06 <lcd_write_string_ln+0x8a>
10000cb8:	1000ab54 	.word	0x1000ab54

10000cbc <tsl2561_write_register>:
10000cbc:	b500      	push	{lr}
10000cbe:	2380      	movs	r3, #128	@ 0x80
10000cc0:	b085      	sub	sp, #20
10000cc2:	466a      	mov	r2, sp
10000cc4:	425b      	negs	r3, r3
10000cc6:	4303      	orrs	r3, r0
10000cc8:	7313      	strb	r3, [r2, #12]
10000cca:	2300      	movs	r3, #0
10000ccc:	7351      	strb	r1, [r2, #13]
10000cce:	4804      	ldr	r0, [pc, #16]	@ (10000ce0 <tsl2561_write_register+0x24>)
10000cd0:	9300      	str	r3, [sp, #0]
10000cd2:	2139      	movs	r1, #57	@ 0x39
10000cd4:	3302      	adds	r3, #2
10000cd6:	aa03      	add	r2, sp, #12
10000cd8:	f006 fbea 	bl	100074b0 <i2c_write_blocking>
10000cdc:	b005      	add	sp, #20
10000cde:	bd00      	pop	{pc}
10000ce0:	20001038 	.word	0x20001038

10000ce4 <tsl2561_read16>:
10000ce4:	b530      	push	{r4, r5, lr}
10000ce6:	b085      	sub	sp, #20
10000ce8:	2500      	movs	r5, #0
10000cea:	466b      	mov	r3, sp
10000cec:	819d      	strh	r5, [r3, #12]
10000cee:	2380      	movs	r3, #128	@ 0x80
10000cf0:	220b      	movs	r2, #11
10000cf2:	425b      	negs	r3, r3
10000cf4:	446a      	add	r2, sp
10000cf6:	4303      	orrs	r3, r0
10000cf8:	7013      	strb	r3, [r2, #0]
10000cfa:	2301      	movs	r3, #1
10000cfc:	4c08      	ldr	r4, [pc, #32]	@ (10000d20 <tsl2561_read16+0x3c>)
10000cfe:	9300      	str	r3, [sp, #0]
10000d00:	2139      	movs	r1, #57	@ 0x39
10000d02:	0020      	movs	r0, r4
10000d04:	f006 fbd4 	bl	100074b0 <i2c_write_blocking>
10000d08:	2302      	movs	r3, #2
10000d0a:	2139      	movs	r1, #57	@ 0x39
10000d0c:	0020      	movs	r0, r4
10000d0e:	9500      	str	r5, [sp, #0]
10000d10:	aa03      	add	r2, sp, #12
10000d12:	f006 fbd7 	bl	100074c4 <i2c_read_blocking>
10000d16:	466b      	mov	r3, sp
10000d18:	8998      	ldrh	r0, [r3, #12]
10000d1a:	b005      	add	sp, #20
10000d1c:	bd30      	pop	{r4, r5, pc}
10000d1e:	46c0      	nop			@ (mov r8, r8)
10000d20:	20001038 	.word	0x20001038

10000d24 <aht21_init>:
10000d24:	b510      	push	{r4, lr}
10000d26:	2064      	movs	r0, #100	@ 0x64
10000d28:	b084      	sub	sp, #16
10000d2a:	f000 ffdd 	bl	10001ce8 <sleep_ms>
10000d2e:	2300      	movs	r3, #0
10000d30:	466a      	mov	r2, sp
10000d32:	72d3      	strb	r3, [r2, #11]
10000d34:	220b      	movs	r2, #11
10000d36:	4c11      	ldr	r4, [pc, #68]	@ (10000d7c <aht21_init+0x58>)
10000d38:	2138      	movs	r1, #56	@ 0x38
10000d3a:	9300      	str	r3, [sp, #0]
10000d3c:	446a      	add	r2, sp
10000d3e:	3301      	adds	r3, #1
10000d40:	0020      	movs	r0, r4
10000d42:	f006 fbbf 	bl	100074c4 <i2c_read_blocking>
10000d46:	2208      	movs	r2, #8
10000d48:	466b      	mov	r3, sp
10000d4a:	0011      	movs	r1, r2
10000d4c:	7adb      	ldrb	r3, [r3, #11]
10000d4e:	4019      	ands	r1, r3
10000d50:	421a      	tst	r2, r3
10000d52:	d001      	beq.n	10000d58 <aht21_init+0x34>
10000d54:	b004      	add	sp, #16
10000d56:	bd10      	pop	{r4, pc}
10000d58:	4668      	mov	r0, sp
10000d5a:	4b09      	ldr	r3, [pc, #36]	@ (10000d80 <aht21_init+0x5c>)
10000d5c:	881a      	ldrh	r2, [r3, #0]
10000d5e:	8182      	strh	r2, [r0, #12]
10000d60:	789b      	ldrb	r3, [r3, #2]
10000d62:	aa03      	add	r2, sp, #12
10000d64:	7383      	strb	r3, [r0, #14]
10000d66:	9100      	str	r1, [sp, #0]
10000d68:	2303      	movs	r3, #3
10000d6a:	2138      	movs	r1, #56	@ 0x38
10000d6c:	0020      	movs	r0, r4
10000d6e:	f006 fb9f 	bl	100074b0 <i2c_write_blocking>
10000d72:	200a      	movs	r0, #10
10000d74:	f000 ffb8 	bl	10001ce8 <sleep_ms>
10000d78:	e7ec      	b.n	10000d54 <aht21_init+0x30>
10000d7a:	46c0      	nop			@ (mov r8, r8)
10000d7c:	20001040 	.word	0x20001040
10000d80:	1000a9a0 	.word	0x1000a9a0

10000d84 <aht21_read>:
10000d84:	b5f0      	push	{r4, r5, r6, r7, lr}
10000d86:	46c6      	mov	lr, r8
10000d88:	b500      	push	{lr}
10000d8a:	b086      	sub	sp, #24
10000d8c:	000f      	movs	r7, r1
10000d8e:	4669      	mov	r1, sp
10000d90:	4b23      	ldr	r3, [pc, #140]	@ (10000e20 <aht21_read+0x9c>)
10000d92:	4c24      	ldr	r4, [pc, #144]	@ (10000e24 <aht21_read+0xa0>)
10000d94:	881a      	ldrh	r2, [r3, #0]
10000d96:	0006      	movs	r6, r0
10000d98:	818a      	strh	r2, [r1, #12]
10000d9a:	789b      	ldrb	r3, [r3, #2]
10000d9c:	aa03      	add	r2, sp, #12
10000d9e:	738b      	strb	r3, [r1, #14]
10000da0:	2300      	movs	r3, #0
10000da2:	4698      	mov	r8, r3
10000da4:	2138      	movs	r1, #56	@ 0x38
10000da6:	9300      	str	r3, [sp, #0]
10000da8:	0020      	movs	r0, r4
10000daa:	3303      	adds	r3, #3
10000dac:	f006 fb80 	bl	100074b0 <i2c_write_blocking>
10000db0:	2055      	movs	r0, #85	@ 0x55
10000db2:	f000 ff99 	bl	10001ce8 <sleep_ms>
10000db6:	4643      	mov	r3, r8
10000db8:	ad04      	add	r5, sp, #16
10000dba:	002a      	movs	r2, r5
10000dbc:	2138      	movs	r1, #56	@ 0x38
10000dbe:	9300      	str	r3, [sp, #0]
10000dc0:	0020      	movs	r0, r4
10000dc2:	3307      	adds	r3, #7
10000dc4:	f006 fb7e 	bl	100074c4 <i2c_read_blocking>
10000dc8:	23f0      	movs	r3, #240	@ 0xf0
10000dca:	78ea      	ldrb	r2, [r5, #3]
10000dcc:	031b      	lsls	r3, r3, #12
10000dce:	0414      	lsls	r4, r2, #16
10000dd0:	401c      	ands	r4, r3
10000dd2:	88ab      	ldrh	r3, [r5, #4]
10000dd4:	7868      	ldrb	r0, [r5, #1]
10000dd6:	ba5b      	rev16	r3, r3
10000dd8:	b29b      	uxth	r3, r3
10000dda:	431c      	orrs	r4, r3
10000ddc:	78ab      	ldrb	r3, [r5, #2]
10000dde:	0300      	lsls	r0, r0, #12
10000de0:	011b      	lsls	r3, r3, #4
10000de2:	4318      	orrs	r0, r3
10000de4:	0912      	lsrs	r2, r2, #4
10000de6:	4310      	orrs	r0, r2
10000de8:	f002 fa0a 	bl	10003200 <__wrap___aeabi_ui2f>
10000dec:	21d6      	movs	r1, #214	@ 0xd6
10000dee:	0589      	lsls	r1, r1, #22
10000df0:	f002 f9ff 	bl	100031f2 <__wrap___aeabi_fmul>
10000df4:	490c      	ldr	r1, [pc, #48]	@ (10000e28 <aht21_read+0xa4>)
10000df6:	f002 f9fc 	bl	100031f2 <__wrap___aeabi_fmul>
10000dfa:	6038      	str	r0, [r7, #0]
10000dfc:	0020      	movs	r0, r4
10000dfe:	f002 f9ff 	bl	10003200 <__wrap___aeabi_ui2f>
10000e02:	21d6      	movs	r1, #214	@ 0xd6
10000e04:	0589      	lsls	r1, r1, #22
10000e06:	f002 f9f4 	bl	100031f2 <__wrap___aeabi_fmul>
10000e0a:	4908      	ldr	r1, [pc, #32]	@ (10000e2c <aht21_read+0xa8>)
10000e0c:	f002 f9f1 	bl	100031f2 <__wrap___aeabi_fmul>
10000e10:	4907      	ldr	r1, [pc, #28]	@ (10000e30 <aht21_read+0xac>)
10000e12:	f002 f9d4 	bl	100031be <__wrap___aeabi_fsub>
10000e16:	6030      	str	r0, [r6, #0]
10000e18:	b006      	add	sp, #24
10000e1a:	bc80      	pop	{r7}
10000e1c:	46b8      	mov	r8, r7
10000e1e:	bdf0      	pop	{r4, r5, r6, r7, pc}
10000e20:	1000a9a4 	.word	0x1000a9a4
10000e24:	20001040 	.word	0x20001040
10000e28:	42c80000 	.word	0x42c80000
10000e2c:	43480000 	.word	0x43480000
10000e30:	42480000 	.word	0x42480000

10000e34 <ens160_init>:
10000e34:	b530      	push	{r4, r5, lr}
10000e36:	b085      	sub	sp, #20
10000e38:	466a      	mov	r2, sp
10000e3a:	2500      	movs	r5, #0
10000e3c:	4c0e      	ldr	r4, [pc, #56]	@ (10000e78 <ens160_init+0x44>)
10000e3e:	4b0f      	ldr	r3, [pc, #60]	@ (10000e7c <ens160_init+0x48>)
10000e40:	2153      	movs	r1, #83	@ 0x53
10000e42:	8193      	strh	r3, [r2, #12]
10000e44:	0020      	movs	r0, r4
10000e46:	aa03      	add	r2, sp, #12
10000e48:	2302      	movs	r3, #2
10000e4a:	9500      	str	r5, [sp, #0]
10000e4c:	f006 fb30 	bl	100074b0 <i2c_write_blocking>
10000e50:	2032      	movs	r0, #50	@ 0x32
10000e52:	f000 ff49 	bl	10001ce8 <sleep_ms>
10000e56:	2384      	movs	r3, #132	@ 0x84
10000e58:	466a      	mov	r2, sp
10000e5a:	009b      	lsls	r3, r3, #2
10000e5c:	8193      	strh	r3, [r2, #12]
10000e5e:	2153      	movs	r1, #83	@ 0x53
10000e60:	2302      	movs	r3, #2
10000e62:	aa03      	add	r2, sp, #12
10000e64:	0020      	movs	r0, r4
10000e66:	9500      	str	r5, [sp, #0]
10000e68:	f006 fb22 	bl	100074b0 <i2c_write_blocking>
10000e6c:	2014      	movs	r0, #20
10000e6e:	f000 ff3b 	bl	10001ce8 <sleep_ms>
10000e72:	b005      	add	sp, #20
10000e74:	bd30      	pop	{r4, r5, pc}
10000e76:	46c0      	nop			@ (mov r8, r8)
10000e78:	20001040 	.word	0x20001040
10000e7c:	fffff010 	.word	0xfffff010

10000e80 <ens160_read>:
10000e80:	b5f0      	push	{r4, r5, r6, r7, lr}
10000e82:	46ce      	mov	lr, r9
10000e84:	4647      	mov	r7, r8
10000e86:	b580      	push	{r7, lr}
10000e88:	b085      	sub	sp, #20
10000e8a:	2701      	movs	r7, #1
10000e8c:	0015      	movs	r5, r2
10000e8e:	2321      	movs	r3, #33	@ 0x21
10000e90:	466a      	mov	r2, sp
10000e92:	2600      	movs	r6, #0
10000e94:	4681      	mov	r9, r0
10000e96:	4c20      	ldr	r4, [pc, #128]	@ (10000f18 <ens160_read+0x98>)
10000e98:	7313      	strb	r3, [r2, #12]
10000e9a:	4688      	mov	r8, r1
10000e9c:	aa03      	add	r2, sp, #12
10000e9e:	2153      	movs	r1, #83	@ 0x53
10000ea0:	0020      	movs	r0, r4
10000ea2:	9700      	str	r7, [sp, #0]
10000ea4:	3b20      	subs	r3, #32
10000ea6:	f006 fb03 	bl	100074b0 <i2c_write_blocking>
10000eaa:	464a      	mov	r2, r9
10000eac:	2301      	movs	r3, #1
10000eae:	2153      	movs	r1, #83	@ 0x53
10000eb0:	0020      	movs	r0, r4
10000eb2:	9600      	str	r6, [sp, #0]
10000eb4:	f006 fb06 	bl	100074c4 <i2c_read_blocking>
10000eb8:	466a      	mov	r2, sp
10000eba:	2322      	movs	r3, #34	@ 0x22
10000ebc:	72d3      	strb	r3, [r2, #11]
10000ebe:	220b      	movs	r2, #11
10000ec0:	2153      	movs	r1, #83	@ 0x53
10000ec2:	446a      	add	r2, sp
10000ec4:	0020      	movs	r0, r4
10000ec6:	9700      	str	r7, [sp, #0]
10000ec8:	3b21      	subs	r3, #33	@ 0x21
10000eca:	f006 faf1 	bl	100074b0 <i2c_write_blocking>
10000ece:	aa03      	add	r2, sp, #12
10000ed0:	2302      	movs	r3, #2
10000ed2:	2153      	movs	r1, #83	@ 0x53
10000ed4:	0020      	movs	r0, r4
10000ed6:	9600      	str	r6, [sp, #0]
10000ed8:	f006 faf4 	bl	100074c4 <i2c_read_blocking>
10000edc:	466b      	mov	r3, sp
10000ede:	4642      	mov	r2, r8
10000ee0:	899b      	ldrh	r3, [r3, #12]
10000ee2:	2153      	movs	r1, #83	@ 0x53
10000ee4:	8013      	strh	r3, [r2, #0]
10000ee6:	466a      	mov	r2, sp
10000ee8:	2324      	movs	r3, #36	@ 0x24
10000eea:	72d3      	strb	r3, [r2, #11]
10000eec:	220b      	movs	r2, #11
10000eee:	0020      	movs	r0, r4
10000ef0:	446a      	add	r2, sp
10000ef2:	9700      	str	r7, [sp, #0]
10000ef4:	3b23      	subs	r3, #35	@ 0x23
10000ef6:	f006 fadb 	bl	100074b0 <i2c_write_blocking>
10000efa:	2302      	movs	r3, #2
10000efc:	2153      	movs	r1, #83	@ 0x53
10000efe:	0020      	movs	r0, r4
10000f00:	9600      	str	r6, [sp, #0]
10000f02:	aa03      	add	r2, sp, #12
10000f04:	f006 fade 	bl	100074c4 <i2c_read_blocking>
10000f08:	466b      	mov	r3, sp
10000f0a:	899b      	ldrh	r3, [r3, #12]
10000f0c:	802b      	strh	r3, [r5, #0]
10000f0e:	b005      	add	sp, #20
10000f10:	bcc0      	pop	{r6, r7}
10000f12:	46b9      	mov	r9, r7
10000f14:	46b0      	mov	r8, r6
10000f16:	bdf0      	pop	{r4, r5, r6, r7, pc}
10000f18:	20001040 	.word	0x20001040

10000f1c <gpio_set_function>:
10000f1c:	4a09      	ldr	r2, [pc, #36]	@ (10000f44 <gpio_set_function+0x28>)
10000f1e:	0083      	lsls	r3, r0, #2
10000f20:	189a      	adds	r2, r3, r2
10000f22:	b510      	push	{r4, lr}
10000f24:	6814      	ldr	r4, [r2, #0]
10000f26:	2240      	movs	r2, #64	@ 0x40
10000f28:	4054      	eors	r4, r2
10000f2a:	3280      	adds	r2, #128	@ 0x80
10000f2c:	4022      	ands	r2, r4
10000f2e:	4c06      	ldr	r4, [pc, #24]	@ (10000f48 <gpio_set_function+0x2c>)
10000f30:	00c0      	lsls	r0, r0, #3
10000f32:	46a4      	mov	ip, r4
10000f34:	4463      	add	r3, ip
10000f36:	601a      	str	r2, [r3, #0]
10000f38:	4b04      	ldr	r3, [pc, #16]	@ (10000f4c <gpio_set_function+0x30>)
10000f3a:	469c      	mov	ip, r3
10000f3c:	4460      	add	r0, ip
10000f3e:	6041      	str	r1, [r0, #4]
10000f40:	bd10      	pop	{r4, pc}
10000f42:	46c0      	nop			@ (mov r8, r8)
10000f44:	4001c004 	.word	0x4001c004
10000f48:	4001d004 	.word	0x4001d004
10000f4c:	40014000 	.word	0x40014000

10000f50 <gpio_set_pulls>:
10000f50:	4b07      	ldr	r3, [pc, #28]	@ (10000f70 <gpio_set_pulls+0x20>)
10000f52:	0080      	lsls	r0, r0, #2
10000f54:	18c3      	adds	r3, r0, r3
10000f56:	681b      	ldr	r3, [r3, #0]
10000f58:	00c9      	lsls	r1, r1, #3
10000f5a:	0092      	lsls	r2, r2, #2
10000f5c:	430a      	orrs	r2, r1
10000f5e:	405a      	eors	r2, r3
10000f60:	230c      	movs	r3, #12
10000f62:	4013      	ands	r3, r2
10000f64:	4a03      	ldr	r2, [pc, #12]	@ (10000f74 <gpio_set_pulls+0x24>)
10000f66:	4694      	mov	ip, r2
10000f68:	4460      	add	r0, ip
10000f6a:	6003      	str	r3, [r0, #0]
10000f6c:	4770      	bx	lr
10000f6e:	46c0      	nop			@ (mov r8, r8)
10000f70:	4001c004 	.word	0x4001c004
10000f74:	4001d004 	.word	0x4001d004

10000f78 <gpio_init>:
10000f78:	2301      	movs	r3, #1
10000f7a:	22d0      	movs	r2, #208	@ 0xd0
10000f7c:	4083      	lsls	r3, r0
10000f7e:	0612      	lsls	r2, r2, #24
10000f80:	6293      	str	r3, [r2, #40]	@ 0x28
10000f82:	6193      	str	r3, [r2, #24]
10000f84:	4a09      	ldr	r2, [pc, #36]	@ (10000fac <gpio_init+0x34>)
10000f86:	0083      	lsls	r3, r0, #2
10000f88:	189a      	adds	r2, r3, r2
10000f8a:	6811      	ldr	r1, [r2, #0]
10000f8c:	2240      	movs	r2, #64	@ 0x40
10000f8e:	4051      	eors	r1, r2
10000f90:	3280      	adds	r2, #128	@ 0x80
10000f92:	400a      	ands	r2, r1
10000f94:	4906      	ldr	r1, [pc, #24]	@ (10000fb0 <gpio_init+0x38>)
10000f96:	00c0      	lsls	r0, r0, #3
10000f98:	468c      	mov	ip, r1
10000f9a:	4463      	add	r3, ip
10000f9c:	601a      	str	r2, [r3, #0]
10000f9e:	4b05      	ldr	r3, [pc, #20]	@ (10000fb4 <gpio_init+0x3c>)
10000fa0:	469c      	mov	ip, r3
10000fa2:	2305      	movs	r3, #5
10000fa4:	4460      	add	r0, ip
10000fa6:	6043      	str	r3, [r0, #4]
10000fa8:	4770      	bx	lr
10000faa:	46c0      	nop			@ (mov r8, r8)
10000fac:	4001c004 	.word	0x4001c004
10000fb0:	4001d004 	.word	0x4001d004
10000fb4:	40014000 	.word	0x40014000

10000fb8 <rp2040_chip_version>:
10000fb8:	2380      	movs	r3, #128	@ 0x80
10000fba:	05db      	lsls	r3, r3, #23
10000fbc:	6818      	ldr	r0, [r3, #0]
10000fbe:	0f00      	lsrs	r0, r0, #28
10000fc0:	4770      	bx	lr
10000fc2:	46c0      	nop			@ (mov r8, r8)

10000fc4 <panic>:
10000fc4:	b40f      	push	{r0, r1, r2, r3}
10000fc6:	b500      	push	{lr}
10000fc8:	4808      	ldr	r0, [pc, #32]	@ (10000fec <panic+0x28>)
10000fca:	b083      	sub	sp, #12
10000fcc:	f003 ff08 	bl	10004de0 <__wrap_puts>
10000fd0:	9b04      	ldr	r3, [sp, #16]
10000fd2:	2b00      	cmp	r3, #0
10000fd4:	d007      	beq.n	10000fe6 <panic+0x22>
10000fd6:	a905      	add	r1, sp, #20
10000fd8:	0018      	movs	r0, r3
10000fda:	9101      	str	r1, [sp, #4]
10000fdc:	f003 fd64 	bl	10004aa8 <weak_raw_vprintf>
10000fe0:	4803      	ldr	r0, [pc, #12]	@ (10000ff0 <panic+0x2c>)
10000fe2:	f003 fefd 	bl	10004de0 <__wrap_puts>
10000fe6:	2001      	movs	r0, #1
10000fe8:	f003 fd76 	bl	10004ad8 <_exit>
10000fec:	1000a9a8 	.word	0x1000a9a8
10000ff0:	1000a84c 	.word	0x1000a84c

10000ff4 <panic_unsupported>:
10000ff4:	b510      	push	{r4, lr}
10000ff6:	4801      	ldr	r0, [pc, #4]	@ (10000ffc <panic_unsupported+0x8>)
10000ff8:	f7ff ffe4 	bl	10000fc4 <panic>
10000ffc:	1000a9b8 	.word	0x1000a9b8

10001000 <hw_claim_or_assert>:
10001000:	b570      	push	{r4, r5, r6, lr}
10001002:	f3ef 8c10 	mrs	ip, PRIMASK
10001006:	b672      	cpsid	i
10001008:	4d0d      	ldr	r5, [pc, #52]	@ (10001040 <hw_claim_or_assert+0x40>)
1000100a:	682b      	ldr	r3, [r5, #0]
1000100c:	2b00      	cmp	r3, #0
1000100e:	d0fc      	beq.n	1000100a <hw_claim_or_assert+0xa>
10001010:	f3bf 8f5f 	dmb	sy
10001014:	2407      	movs	r4, #7
10001016:	08cb      	lsrs	r3, r1, #3
10001018:	18c6      	adds	r6, r0, r3
1000101a:	5cc0      	ldrb	r0, [r0, r3]
1000101c:	2301      	movs	r3, #1
1000101e:	400c      	ands	r4, r1
10001020:	40a3      	lsls	r3, r4
10001022:	001c      	movs	r4, r3
10001024:	4004      	ands	r4, r0
10001026:	4203      	tst	r3, r0
10001028:	d107      	bne.n	1000103a <hw_claim_or_assert+0x3a>
1000102a:	4318      	orrs	r0, r3
1000102c:	7030      	strb	r0, [r6, #0]
1000102e:	f3bf 8f5f 	dmb	sy
10001032:	602c      	str	r4, [r5, #0]
10001034:	f38c 8810 	msr	PRIMASK, ip
10001038:	bd70      	pop	{r4, r5, r6, pc}
1000103a:	0010      	movs	r0, r2
1000103c:	f7ff ffc2 	bl	10000fc4 <panic>
10001040:	d000012c 	.word	0xd000012c

10001044 <hw_claim_unused_from_range>:
10001044:	b5f8      	push	{r3, r4, r5, r6, r7, lr}
10001046:	4647      	mov	r7, r8
10001048:	46ce      	mov	lr, r9
1000104a:	4688      	mov	r8, r1
1000104c:	b580      	push	{r7, lr}
1000104e:	f3ef 8c10 	mrs	ip, PRIMASK
10001052:	b672      	cpsid	i
10001054:	4d21      	ldr	r5, [pc, #132]	@ (100010dc <hw_claim_unused_from_range+0x98>)
10001056:	682c      	ldr	r4, [r5, #0]
10001058:	2c00      	cmp	r4, #0
1000105a:	d0fc      	beq.n	10001056 <hw_claim_unused_from_range+0x12>
1000105c:	f3bf 8f5f 	dmb	sy
10001060:	429a      	cmp	r2, r3
10001062:	d82c      	bhi.n	100010be <hw_claim_unused_from_range+0x7a>
10001064:	08d4      	lsrs	r4, r2, #3
10001066:	2707      	movs	r7, #7
10001068:	5d05      	ldrb	r5, [r0, r4]
1000106a:	1906      	adds	r6, r0, r4
1000106c:	2401      	movs	r4, #1
1000106e:	4017      	ands	r7, r2
10001070:	40bc      	lsls	r4, r7
10001072:	422c      	tst	r4, r5
10001074:	d01f      	beq.n	100010b6 <hw_claim_unused_from_range+0x72>
10001076:	2107      	movs	r1, #7
10001078:	2701      	movs	r7, #1
1000107a:	4689      	mov	r9, r1
1000107c:	e009      	b.n	10001092 <hw_claim_unused_from_range+0x4e>
1000107e:	08d4      	lsrs	r4, r2, #3
10001080:	5d05      	ldrb	r5, [r0, r4]
10001082:	1906      	adds	r6, r0, r4
10001084:	464c      	mov	r4, r9
10001086:	0039      	movs	r1, r7
10001088:	4014      	ands	r4, r2
1000108a:	40a1      	lsls	r1, r4
1000108c:	000c      	movs	r4, r1
1000108e:	4229      	tst	r1, r5
10001090:	d011      	beq.n	100010b6 <hw_claim_unused_from_range+0x72>
10001092:	3201      	adds	r2, #1
10001094:	4293      	cmp	r3, r2
10001096:	d2f2      	bcs.n	1000107e <hw_claim_unused_from_range+0x3a>
10001098:	2001      	movs	r0, #1
1000109a:	4240      	negs	r0, r0
1000109c:	f3bf 8f5f 	dmb	sy
100010a0:	2200      	movs	r2, #0
100010a2:	4b0e      	ldr	r3, [pc, #56]	@ (100010dc <hw_claim_unused_from_range+0x98>)
100010a4:	601a      	str	r2, [r3, #0]
100010a6:	f38c 8810 	msr	PRIMASK, ip
100010aa:	2800      	cmp	r0, #0
100010ac:	db0f      	blt.n	100010ce <hw_claim_unused_from_range+0x8a>
100010ae:	bcc0      	pop	{r6, r7}
100010b0:	46b9      	mov	r9, r7
100010b2:	46b0      	mov	r8, r6
100010b4:	bdf8      	pop	{r3, r4, r5, r6, r7, pc}
100010b6:	4325      	orrs	r5, r4
100010b8:	0010      	movs	r0, r2
100010ba:	7035      	strb	r5, [r6, #0]
100010bc:	e7ee      	b.n	1000109c <hw_claim_unused_from_range+0x58>
100010be:	f3bf 8f5f 	dmb	sy
100010c2:	2300      	movs	r3, #0
100010c4:	602b      	str	r3, [r5, #0]
100010c6:	f38c 8810 	msr	PRIMASK, ip
100010ca:	2001      	movs	r0, #1
100010cc:	4240      	negs	r0, r0
100010ce:	4643      	mov	r3, r8
100010d0:	2b00      	cmp	r3, #0
100010d2:	d0ec      	beq.n	100010ae <hw_claim_unused_from_range+0x6a>
100010d4:	9808      	ldr	r0, [sp, #32]
100010d6:	f7ff ff75 	bl	10000fc4 <panic>
100010da:	46c0      	nop			@ (mov r8, r8)
100010dc:	d000012c 	.word	0xd000012c

100010e0 <next_striped_spin_lock_num>:
100010e0:	4a04      	ldr	r2, [pc, #16]	@ (100010f4 <next_striped_spin_lock_num+0x14>)
100010e2:	7810      	ldrb	r0, [r2, #0]
100010e4:	1c43      	adds	r3, r0, #1
100010e6:	b2db      	uxtb	r3, r3
100010e8:	2b17      	cmp	r3, #23
100010ea:	d900      	bls.n	100010ee <next_striped_spin_lock_num+0xe>
100010ec:	2310      	movs	r3, #16
100010ee:	7013      	strb	r3, [r2, #0]
100010f0:	4770      	bx	lr
100010f2:	46c0      	nop			@ (mov r8, r8)
100010f4:	20000f58 	.word	0x20000f58

100010f8 <spin_lock_claim>:
100010f8:	b510      	push	{r4, lr}
100010fa:	4b03      	ldr	r3, [pc, #12]	@ (10001108 <spin_lock_claim+0x10>)
100010fc:	0001      	movs	r1, r0
100010fe:	0018      	movs	r0, r3
10001100:	4a02      	ldr	r2, [pc, #8]	@ (1000110c <spin_lock_claim+0x14>)
10001102:	f7ff ff7d 	bl	10001000 <hw_claim_or_assert>
10001106:	bd10      	pop	{r4, pc}
10001108:	20001804 	.word	0x20001804
1000110c:	1000a9c8 	.word	0x1000a9c8

10001110 <spin_lock_claim_unused>:
10001110:	b510      	push	{r4, lr}
10001112:	4b06      	ldr	r3, [pc, #24]	@ (1000112c <spin_lock_claim_unused+0x1c>)
10001114:	4c06      	ldr	r4, [pc, #24]	@ (10001130 <spin_lock_claim_unused+0x20>)
10001116:	b082      	sub	sp, #8
10001118:	0001      	movs	r1, r0
1000111a:	9300      	str	r3, [sp, #0]
1000111c:	2218      	movs	r2, #24
1000111e:	231f      	movs	r3, #31
10001120:	0020      	movs	r0, r4
10001122:	f7ff ff8f 	bl	10001044 <hw_claim_unused_from_range>
10001126:	b002      	add	sp, #8
10001128:	bd10      	pop	{r4, pc}
1000112a:	46c0      	nop			@ (mov r8, r8)
1000112c:	1000a9e8 	.word	0x1000a9e8
10001130:	20001804 	.word	0x20001804

10001134 <spin_locks_reset>:
10001134:	2100      	movs	r1, #0
10001136:	4b04      	ldr	r3, [pc, #16]	@ (10001148 <spin_locks_reset+0x14>)
10001138:	4a04      	ldr	r2, [pc, #16]	@ (1000114c <spin_locks_reset+0x18>)
1000113a:	f3bf 8f5f 	dmb	sy
1000113e:	c302      	stmia	r3!, {r1}
10001140:	4293      	cmp	r3, r2
10001142:	d1fa      	bne.n	1000113a <spin_locks_reset+0x6>
10001144:	4770      	bx	lr
10001146:	46c0      	nop			@ (mov r8, r8)
10001148:	d0000100 	.word	0xd0000100
1000114c:	d0000180 	.word	0xd0000180

10001150 <runtime_init_per_core_irq_priorities>:
10001150:	4b05      	ldr	r3, [pc, #20]	@ (10001168 <runtime_init_per_core_irq_priorities+0x18>)
10001152:	4a06      	ldr	r2, [pc, #24]	@ (1000116c <runtime_init_per_core_irq_priorities+0x1c>)
10001154:	6013      	str	r3, [r2, #0]
10001156:	4a06      	ldr	r2, [pc, #24]	@ (10001170 <runtime_init_per_core_irq_priorities+0x20>)
10001158:	6013      	str	r3, [r2, #0]
1000115a:	6053      	str	r3, [r2, #4]
1000115c:	6093      	str	r3, [r2, #8]
1000115e:	60d3      	str	r3, [r2, #12]
10001160:	6113      	str	r3, [r2, #16]
10001162:	6153      	str	r3, [r2, #20]
10001164:	6193      	str	r3, [r2, #24]
10001166:	4770      	bx	lr
10001168:	80808080 	.word	0x80808080
1000116c:	e000e400 	.word	0xe000e400
10001170:	e000e404 	.word	0xe000e404

10001174 <irq_set_enabled>:
10001174:	231f      	movs	r3, #31
10001176:	4018      	ands	r0, r3
10001178:	3b1e      	subs	r3, #30
1000117a:	4083      	lsls	r3, r0
1000117c:	2900      	cmp	r1, #0
1000117e:	d005      	beq.n	1000118c <irq_set_enabled+0x18>
10001180:	21c0      	movs	r1, #192	@ 0xc0
10001182:	4a04      	ldr	r2, [pc, #16]	@ (10001194 <irq_set_enabled+0x20>)
10001184:	0049      	lsls	r1, r1, #1
10001186:	5053      	str	r3, [r2, r1]
10001188:	6013      	str	r3, [r2, #0]
1000118a:	4770      	bx	lr
1000118c:	2280      	movs	r2, #128	@ 0x80
1000118e:	4901      	ldr	r1, [pc, #4]	@ (10001194 <irq_set_enabled+0x20>)
10001190:	508b      	str	r3, [r1, r2]
10001192:	e7fa      	b.n	1000118a <irq_set_enabled+0x16>
10001194:	e000e100 	.word	0xe000e100

10001198 <irq_is_enabled>:
10001198:	2201      	movs	r2, #1
1000119a:	4082      	lsls	r2, r0
1000119c:	4b03      	ldr	r3, [pc, #12]	@ (100011ac <irq_is_enabled+0x14>)
1000119e:	681b      	ldr	r3, [r3, #0]
100011a0:	4013      	ands	r3, r2
100011a2:	1e5a      	subs	r2, r3, #1
100011a4:	4193      	sbcs	r3, r2
100011a6:	b2d8      	uxtb	r0, r3
100011a8:	4770      	bx	lr
100011aa:	46c0      	nop			@ (mov r8, r8)
100011ac:	e000e100 	.word	0xe000e100

100011b0 <irq_set_pending>:
100011b0:	2301      	movs	r3, #1
100011b2:	4083      	lsls	r3, r0
100011b4:	4a01      	ldr	r2, [pc, #4]	@ (100011bc <irq_set_pending+0xc>)
100011b6:	6013      	str	r3, [r2, #0]
100011b8:	4770      	bx	lr
100011ba:	46c0      	nop			@ (mov r8, r8)
100011bc:	e000e200 	.word	0xe000e200

100011c0 <irq_has_shared_handler>:
100011c0:	4b06      	ldr	r3, [pc, #24]	@ (100011dc <irq_has_shared_handler+0x1c>)
100011c2:	3010      	adds	r0, #16
100011c4:	689b      	ldr	r3, [r3, #8]
100011c6:	0080      	lsls	r0, r0, #2
100011c8:	58c3      	ldr	r3, [r0, r3]
100011ca:	4a05      	ldr	r2, [pc, #20]	@ (100011e0 <irq_has_shared_handler+0x20>)
100011cc:	2000      	movs	r0, #0
100011ce:	1a9b      	subs	r3, r3, r2
100011d0:	2247      	movs	r2, #71	@ 0x47
100011d2:	429a      	cmp	r2, r3
100011d4:	4140      	adcs	r0, r0
100011d6:	b2c0      	uxtb	r0, r0
100011d8:	4770      	bx	lr
100011da:	46c0      	nop			@ (mov r8, r8)
100011dc:	e000ed00 	.word	0xe000ed00
100011e0:	20000f5c 	.word	0x20000f5c

100011e4 <irq_set_exclusive_handler>:
100011e4:	b510      	push	{r4, lr}
100011e6:	f3ef 8c10 	mrs	ip, PRIMASK
100011ea:	b672      	cpsid	i
100011ec:	4a0f      	ldr	r2, [pc, #60]	@ (1000122c <irq_set_exclusive_handler+0x48>)
100011ee:	6813      	ldr	r3, [r2, #0]
100011f0:	2b00      	cmp	r3, #0
100011f2:	d0fc      	beq.n	100011ee <irq_set_exclusive_handler+0xa>
100011f4:	f3bf 8f5f 	dmb	sy
100011f8:	4b0d      	ldr	r3, [pc, #52]	@ (10001230 <irq_set_exclusive_handler+0x4c>)
100011fa:	3010      	adds	r0, #16
100011fc:	689b      	ldr	r3, [r3, #8]
100011fe:	0080      	lsls	r0, r0, #2
10001200:	581b      	ldr	r3, [r3, r0]
10001202:	4a0c      	ldr	r2, [pc, #48]	@ (10001234 <irq_set_exclusive_handler+0x50>)
10001204:	4293      	cmp	r3, r2
10001206:	d001      	beq.n	1000120c <irq_set_exclusive_handler+0x28>
10001208:	4299      	cmp	r1, r3
1000120a:	d10c      	bne.n	10001226 <irq_set_exclusive_handler+0x42>
1000120c:	4b08      	ldr	r3, [pc, #32]	@ (10001230 <irq_set_exclusive_handler+0x4c>)
1000120e:	689b      	ldr	r3, [r3, #8]
10001210:	5019      	str	r1, [r3, r0]
10001212:	f3bf 8f5f 	dmb	sy
10001216:	f3bf 8f5f 	dmb	sy
1000121a:	2200      	movs	r2, #0
1000121c:	4b03      	ldr	r3, [pc, #12]	@ (1000122c <irq_set_exclusive_handler+0x48>)
1000121e:	601a      	str	r2, [r3, #0]
10001220:	f38c 8810 	msr	PRIMASK, ip
10001224:	bd10      	pop	{r4, pc}
10001226:	f001 f82b 	bl	10002280 <hard_assertion_failure>
1000122a:	46c0      	nop			@ (mov r8, r8)
1000122c:	d0000124 	.word	0xd0000124
10001230:	e000ed00 	.word	0xe000ed00
10001234:	100001c1 	.word	0x100001c1

10001238 <irq_add_shared_handler>:
10001238:	b5f0      	push	{r4, r5, r6, r7, lr}
1000123a:	4657      	mov	r7, sl
1000123c:	464e      	mov	r6, r9
1000123e:	46de      	mov	lr, fp
10001240:	4645      	mov	r5, r8
10001242:	b5e0      	push	{r5, r6, r7, lr}
10001244:	468a      	mov	sl, r1
10001246:	b085      	sub	sp, #20
10001248:	0006      	movs	r6, r0
1000124a:	f3ef 8910 	mrs	r9, PRIMASK
1000124e:	b672      	cpsid	i
10001250:	4963      	ldr	r1, [pc, #396]	@ (100013e0 <irq_add_shared_handler+0x1a8>)
10001252:	680b      	ldr	r3, [r1, #0]
10001254:	2b00      	cmp	r3, #0
10001256:	d0fc      	beq.n	10001252 <irq_add_shared_handler+0x1a>
10001258:	f3bf 8f5f 	dmb	sy
1000125c:	2100      	movs	r1, #0
1000125e:	4b61      	ldr	r3, [pc, #388]	@ (100013e4 <irq_add_shared_handler+0x1ac>)
10001260:	5659      	ldrsb	r1, [r3, r1]
10001262:	468c      	mov	ip, r1
10001264:	2900      	cmp	r1, #0
10001266:	da00      	bge.n	1000126a <irq_add_shared_handler+0x32>
10001268:	e0b7      	b.n	100013da <irq_add_shared_handler+0x1a2>
1000126a:	0049      	lsls	r1, r1, #1
1000126c:	000d      	movs	r5, r1
1000126e:	4c5e      	ldr	r4, [pc, #376]	@ (100013e8 <irq_add_shared_handler+0x1b0>)
10001270:	4465      	add	r5, ip
10001272:	00ad      	lsls	r5, r5, #2
10001274:	1967      	adds	r7, r4, r5
10001276:	9102      	str	r1, [sp, #8]
10001278:	79b9      	ldrb	r1, [r7, #6]
1000127a:	3610      	adds	r6, #16
1000127c:	7019      	strb	r1, [r3, #0]
1000127e:	4b5b      	ldr	r3, [pc, #364]	@ (100013ec <irq_add_shared_handler+0x1b4>)
10001280:	00b1      	lsls	r1, r6, #2
10001282:	689b      	ldr	r3, [r3, #8]
10001284:	9101      	str	r1, [sp, #4]
10001286:	585b      	ldr	r3, [r3, r1]
10001288:	1b19      	subs	r1, r3, r4
1000128a:	2947      	cmp	r1, #71	@ 0x47
1000128c:	d835      	bhi.n	100012fa <irq_add_shared_handler+0xc2>
1000128e:	2101      	movs	r1, #1
10001290:	0018      	movs	r0, r3
10001292:	4388      	bics	r0, r1
10001294:	79c6      	ldrb	r6, [r0, #7]
10001296:	4296      	cmp	r6, r2
10001298:	d800      	bhi.n	1000129c <irq_add_shared_handler+0x64>
1000129a:	e075      	b.n	10001388 <irq_add_shared_handler+0x150>
1000129c:	469b      	mov	fp, r3
1000129e:	9b02      	ldr	r3, [sp, #8]
100012a0:	9e01      	ldr	r6, [sp, #4]
100012a2:	4698      	mov	r8, r3
100012a4:	9503      	str	r5, [sp, #12]
100012a6:	e007      	b.n	100012b8 <irq_add_shared_handler+0x80>
100012a8:	004d      	lsls	r5, r1, #1
100012aa:	186d      	adds	r5, r5, r1
100012ac:	00ad      	lsls	r5, r5, #2
100012ae:	1965      	adds	r5, r4, r5
100012b0:	79eb      	ldrb	r3, [r5, #7]
100012b2:	4293      	cmp	r3, r2
100012b4:	d94e      	bls.n	10001354 <irq_add_shared_handler+0x11c>
100012b6:	0028      	movs	r0, r5
100012b8:	2106      	movs	r1, #6
100012ba:	5641      	ldrsb	r1, [r0, r1]
100012bc:	2900      	cmp	r1, #0
100012be:	daf3      	bge.n	100012a8 <irq_add_shared_handler+0x70>
100012c0:	4645      	mov	r5, r8
100012c2:	465b      	mov	r3, fp
100012c4:	9601      	str	r6, [sp, #4]
100012c6:	9502      	str	r5, [sp, #8]
100012c8:	1d06      	adds	r6, r0, #4
100012ca:	4d49      	ldr	r5, [pc, #292]	@ (100013f0 <irq_add_shared_handler+0x1b8>)
100012cc:	9603      	str	r6, [sp, #12]
100012ce:	9e03      	ldr	r6, [sp, #12]
100012d0:	3f04      	subs	r7, #4
100012d2:	1bbf      	subs	r7, r7, r6
100012d4:	053f      	lsls	r7, r7, #20
100012d6:	4e47      	ldr	r6, [pc, #284]	@ (100013f4 <irq_add_shared_handler+0x1bc>)
100012d8:	0d7f      	lsrs	r7, r7, #21
100012da:	4337      	orrs	r7, r6
100012dc:	4666      	mov	r6, ip
100012de:	8087      	strh	r7, [r0, #4]
100012e0:	7186      	strb	r6, [r0, #6]
100012e2:	9802      	ldr	r0, [sp, #8]
100012e4:	4460      	add	r0, ip
100012e6:	0080      	lsls	r0, r0, #2
100012e8:	1824      	adds	r4, r4, r0
100012ea:	71e2      	strb	r2, [r4, #7]
100012ec:	4652      	mov	r2, sl
100012ee:	4842      	ldr	r0, [pc, #264]	@ (100013f8 <irq_add_shared_handler+0x1c0>)
100012f0:	80a5      	strh	r5, [r4, #4]
100012f2:	6020      	str	r0, [r4, #0]
100012f4:	71a1      	strb	r1, [r4, #6]
100012f6:	60a2      	str	r2, [r4, #8]
100012f8:	e018      	b.n	1000132c <irq_add_shared_handler+0xf4>
100012fa:	4940      	ldr	r1, [pc, #256]	@ (100013fc <irq_add_shared_handler+0x1c4>)
100012fc:	428b      	cmp	r3, r1
100012fe:	d000      	beq.n	10001302 <irq_add_shared_handler+0xca>
10001300:	e06b      	b.n	100013da <irq_add_shared_handler+0x1a2>
10001302:	4b3f      	ldr	r3, [pc, #252]	@ (10001400 <irq_add_shared_handler+0x1c8>)
10001304:	493b      	ldr	r1, [pc, #236]	@ (100013f4 <irq_add_shared_handler+0x1bc>)
10001306:	5363      	strh	r3, [r4, r5]
10001308:	4b3e      	ldr	r3, [pc, #248]	@ (10001404 <irq_add_shared_handler+0x1cc>)
1000130a:	3502      	adds	r5, #2
1000130c:	3b04      	subs	r3, #4
1000130e:	1965      	adds	r5, r4, r5
10001310:	1b5b      	subs	r3, r3, r5
10001312:	051b      	lsls	r3, r3, #20
10001314:	0d5b      	lsrs	r3, r3, #21
10001316:	430b      	orrs	r3, r1
10001318:	807b      	strh	r3, [r7, #2]
1000131a:	4b3b      	ldr	r3, [pc, #236]	@ (10001408 <irq_add_shared_handler+0x1d0>)
1000131c:	71fa      	strb	r2, [r7, #7]
1000131e:	80bb      	strh	r3, [r7, #4]
10001320:	23ff      	movs	r3, #255	@ 0xff
10001322:	71bb      	strb	r3, [r7, #6]
10001324:	4653      	mov	r3, sl
10001326:	60bb      	str	r3, [r7, #8]
10001328:	2301      	movs	r3, #1
1000132a:	433b      	orrs	r3, r7
1000132c:	4a2f      	ldr	r2, [pc, #188]	@ (100013ec <irq_add_shared_handler+0x1b4>)
1000132e:	9901      	ldr	r1, [sp, #4]
10001330:	6892      	ldr	r2, [r2, #8]
10001332:	5053      	str	r3, [r2, r1]
10001334:	f3bf 8f5f 	dmb	sy
10001338:	f3bf 8f5f 	dmb	sy
1000133c:	2200      	movs	r2, #0
1000133e:	4b28      	ldr	r3, [pc, #160]	@ (100013e0 <irq_add_shared_handler+0x1a8>)
10001340:	601a      	str	r2, [r3, #0]
10001342:	f389 8810 	msr	PRIMASK, r9
10001346:	b005      	add	sp, #20
10001348:	bcf0      	pop	{r4, r5, r6, r7}
1000134a:	46bb      	mov	fp, r7
1000134c:	46b2      	mov	sl, r6
1000134e:	46a9      	mov	r9, r5
10001350:	46a0      	mov	r8, r4
10001352:	bdf0      	pop	{r4, r5, r6, r7, pc}
10001354:	9601      	str	r6, [sp, #4]
10001356:	4646      	mov	r6, r8
10001358:	9602      	str	r6, [sp, #8]
1000135a:	8886      	ldrh	r6, [r0, #4]
1000135c:	465b      	mov	r3, fp
1000135e:	0576      	lsls	r6, r6, #21
10001360:	46b3      	mov	fp, r6
10001362:	1d06      	adds	r6, r0, #4
10001364:	9d03      	ldr	r5, [sp, #12]
10001366:	9603      	str	r6, [sp, #12]
10001368:	465e      	mov	r6, fp
1000136a:	1536      	asrs	r6, r6, #20
1000136c:	46b3      	mov	fp, r6
1000136e:	1d06      	adds	r6, r0, #4
10001370:	46b0      	mov	r8, r6
10001372:	44c3      	add	fp, r8
10001374:	465e      	mov	r6, fp
10001376:	3504      	adds	r5, #4
10001378:	1965      	adds	r5, r4, r5
1000137a:	1b75      	subs	r5, r6, r5
1000137c:	26e0      	movs	r6, #224	@ 0xe0
1000137e:	052d      	lsls	r5, r5, #20
10001380:	0d6d      	lsrs	r5, r5, #21
10001382:	0236      	lsls	r6, r6, #8
10001384:	4335      	orrs	r5, r6
10001386:	e7a2      	b.n	100012ce <irq_add_shared_handler+0x96>
10001388:	4b20      	ldr	r3, [pc, #128]	@ (1000140c <irq_add_shared_handler+0x1d4>)
1000138a:	71fa      	strb	r2, [r7, #7]
1000138c:	469c      	mov	ip, r3
1000138e:	0003      	movs	r3, r0
10001390:	4666      	mov	r6, ip
10001392:	1b1b      	subs	r3, r3, r4
10001394:	415b      	adcs	r3, r3
10001396:	435e      	muls	r6, r3
10001398:	0d36      	lsrs	r6, r6, #20
1000139a:	46b4      	mov	ip, r6
1000139c:	1cae      	adds	r6, r5, #2
1000139e:	46b0      	mov	r8, r6
100013a0:	44a0      	add	r8, r4
100013a2:	4646      	mov	r6, r8
100013a4:	4b16      	ldr	r3, [pc, #88]	@ (10001400 <irq_add_shared_handler+0x1c8>)
100013a6:	5363      	strh	r3, [r4, r5]
100013a8:	4b16      	ldr	r3, [pc, #88]	@ (10001404 <irq_add_shared_handler+0x1cc>)
100013aa:	3504      	adds	r5, #4
100013ac:	3b04      	subs	r3, #4
100013ae:	1b9b      	subs	r3, r3, r6
100013b0:	051b      	lsls	r3, r3, #20
100013b2:	4e10      	ldr	r6, [pc, #64]	@ (100013f4 <irq_add_shared_handler+0x1bc>)
100013b4:	0d5b      	lsrs	r3, r3, #21
100013b6:	4333      	orrs	r3, r6
100013b8:	807b      	strh	r3, [r7, #2]
100013ba:	1963      	adds	r3, r4, r5
100013bc:	1ac3      	subs	r3, r0, r3
100013be:	3b04      	subs	r3, #4
100013c0:	051b      	lsls	r3, r3, #20
100013c2:	0d5b      	lsrs	r3, r3, #21
100013c4:	4333      	orrs	r3, r6
100013c6:	80bb      	strh	r3, [r7, #4]
100013c8:	4663      	mov	r3, ip
100013ca:	71bb      	strb	r3, [r7, #6]
100013cc:	4653      	mov	r3, sl
100013ce:	60bb      	str	r3, [r7, #8]
100013d0:	4b09      	ldr	r3, [pc, #36]	@ (100013f8 <irq_add_shared_handler+0x1c0>)
100013d2:	6003      	str	r3, [r0, #0]
100013d4:	003b      	movs	r3, r7
100013d6:	430b      	orrs	r3, r1
100013d8:	e7a8      	b.n	1000132c <irq_add_shared_handler+0xf4>
100013da:	f000 ff51 	bl	10002280 <hard_assertion_failure>
100013de:	46c0      	nop			@ (mov r8, r8)
100013e0:	d0000124 	.word	0xd0000124
100013e4:	2002207c 	.word	0x2002207c
100013e8:	20000f5c 	.word	0x20000f5c
100013ec:	e000ed00 	.word	0xe000ed00
100013f0:	0000bd01 	.word	0x0000bd01
100013f4:	ffffe000 	.word	0xffffe000
100013f8:	47804801 	.word	0x47804801
100013fc:	100001c1 	.word	0x100001c1
10001400:	ffffa100 	.word	0xffffa100
10001404:	20000fa4 	.word	0x20000fa4
10001408:	ffffbd01 	.word	0xffffbd01
1000140c:	0000aaaa 	.word	0x0000aaaa

10001410 <irq_set_priority>:
10001410:	b510      	push	{r4, lr}
10001412:	0883      	lsrs	r3, r0, #2
10001414:	0004      	movs	r4, r0
10001416:	2003      	movs	r0, #3
10001418:	4020      	ands	r0, r4
1000141a:	24ff      	movs	r4, #255	@ 0xff
1000141c:	4a05      	ldr	r2, [pc, #20]	@ (10001434 <irq_set_priority+0x24>)
1000141e:	00c0      	lsls	r0, r0, #3
10001420:	4694      	mov	ip, r2
10001422:	4084      	lsls	r4, r0
10001424:	4081      	lsls	r1, r0
10001426:	009b      	lsls	r3, r3, #2
10001428:	4463      	add	r3, ip
1000142a:	681a      	ldr	r2, [r3, #0]
1000142c:	43a2      	bics	r2, r4
1000142e:	430a      	orrs	r2, r1
10001430:	601a      	str	r2, [r3, #0]
10001432:	bd10      	pop	{r4, pc}
10001434:	e000e400 	.word	0xe000e400

10001438 <irq_add_tail_to_free_list>:
10001438:	b570      	push	{r4, r5, r6, lr}
1000143a:	2401      	movs	r4, #1
1000143c:	4304      	orrs	r4, r0
1000143e:	f3ef 8105 	mrs	r1, IPSR
10001442:	f3ef 8c10 	mrs	ip, PRIMASK
10001446:	b672      	cpsid	i
10001448:	4a27      	ldr	r2, [pc, #156]	@ (100014e8 <irq_add_tail_to_free_list+0xb0>)
1000144a:	6813      	ldr	r3, [r2, #0]
1000144c:	2b00      	cmp	r3, #0
1000144e:	d0fc      	beq.n	1000144a <irq_add_tail_to_free_list+0x12>
10001450:	f3bf 8f5f 	dmb	sy
10001454:	4a25      	ldr	r2, [pc, #148]	@ (100014ec <irq_add_tail_to_free_list+0xb4>)
10001456:	0005      	movs	r5, r0
10001458:	4b25      	ldr	r3, [pc, #148]	@ (100014f0 <irq_add_tail_to_free_list+0xb8>)
1000145a:	1aad      	subs	r5, r5, r2
1000145c:	416d      	adcs	r5, r5
1000145e:	436b      	muls	r3, r5
10001460:	0d1b      	lsrs	r3, r3, #20
10001462:	4d24      	ldr	r5, [pc, #144]	@ (100014f4 <irq_add_tail_to_free_list+0xbc>)
10001464:	0089      	lsls	r1, r1, #2
10001466:	68ae      	ldr	r6, [r5, #8]
10001468:	b25b      	sxtb	r3, r3
1000146a:	5876      	ldr	r6, [r6, r1]
1000146c:	42a6      	cmp	r6, r4
1000146e:	d024      	beq.n	100014ba <irq_add_tail_to_free_list+0x82>
10001470:	2106      	movs	r1, #6
10001472:	5651      	ldrsb	r1, [r2, r1]
10001474:	4299      	cmp	r1, r3
10001476:	d024      	beq.n	100014c2 <irq_add_tail_to_free_list+0x8a>
10001478:	2112      	movs	r1, #18
1000147a:	5651      	ldrsb	r1, [r2, r1]
1000147c:	4299      	cmp	r1, r3
1000147e:	d02a      	beq.n	100014d6 <irq_add_tail_to_free_list+0x9e>
10001480:	211e      	movs	r1, #30
10001482:	5651      	ldrsb	r1, [r2, r1]
10001484:	4299      	cmp	r1, r3
10001486:	d028      	beq.n	100014da <irq_add_tail_to_free_list+0xa2>
10001488:	212a      	movs	r1, #42	@ 0x2a
1000148a:	5651      	ldrsb	r1, [r2, r1]
1000148c:	4299      	cmp	r1, r3
1000148e:	d026      	beq.n	100014de <irq_add_tail_to_free_list+0xa6>
10001490:	2136      	movs	r1, #54	@ 0x36
10001492:	5651      	ldrsb	r1, [r2, r1]
10001494:	4299      	cmp	r1, r3
10001496:	d024      	beq.n	100014e2 <irq_add_tail_to_free_list+0xaa>
10001498:	2142      	movs	r1, #66	@ 0x42
1000149a:	5651      	ldrsb	r1, [r2, r1]
1000149c:	2405      	movs	r4, #5
1000149e:	4299      	cmp	r1, r3
100014a0:	d010      	beq.n	100014c4 <irq_add_tail_to_free_list+0x8c>
100014a2:	4a15      	ldr	r2, [pc, #84]	@ (100014f8 <irq_add_tail_to_free_list+0xc0>)
100014a4:	7811      	ldrb	r1, [r2, #0]
100014a6:	7013      	strb	r3, [r2, #0]
100014a8:	7181      	strb	r1, [r0, #6]
100014aa:	f3bf 8f5f 	dmb	sy
100014ae:	2200      	movs	r2, #0
100014b0:	4b0d      	ldr	r3, [pc, #52]	@ (100014e8 <irq_add_tail_to_free_list+0xb0>)
100014b2:	601a      	str	r2, [r3, #0]
100014b4:	f38c 8810 	msr	PRIMASK, ip
100014b8:	bd70      	pop	{r4, r5, r6, pc}
100014ba:	68aa      	ldr	r2, [r5, #8]
100014bc:	4c0f      	ldr	r4, [pc, #60]	@ (100014fc <irq_add_tail_to_free_list+0xc4>)
100014be:	5054      	str	r4, [r2, r1]
100014c0:	e7ef      	b.n	100014a2 <irq_add_tail_to_free_list+0x6a>
100014c2:	2400      	movs	r4, #0
100014c4:	0061      	lsls	r1, r4, #1
100014c6:	1909      	adds	r1, r1, r4
100014c8:	0089      	lsls	r1, r1, #2
100014ca:	1852      	adds	r2, r2, r1
100014cc:	21ff      	movs	r1, #255	@ 0xff
100014ce:	7191      	strb	r1, [r2, #6]
100014d0:	490b      	ldr	r1, [pc, #44]	@ (10001500 <irq_add_tail_to_free_list+0xc8>)
100014d2:	8091      	strh	r1, [r2, #4]
100014d4:	e7e5      	b.n	100014a2 <irq_add_tail_to_free_list+0x6a>
100014d6:	2401      	movs	r4, #1
100014d8:	e7f4      	b.n	100014c4 <irq_add_tail_to_free_list+0x8c>
100014da:	2402      	movs	r4, #2
100014dc:	e7f2      	b.n	100014c4 <irq_add_tail_to_free_list+0x8c>
100014de:	2403      	movs	r4, #3
100014e0:	e7f0      	b.n	100014c4 <irq_add_tail_to_free_list+0x8c>
100014e2:	2404      	movs	r4, #4
100014e4:	e7ee      	b.n	100014c4 <irq_add_tail_to_free_list+0x8c>
100014e6:	46c0      	nop			@ (mov r8, r8)
100014e8:	d0000124 	.word	0xd0000124
100014ec:	20000f5c 	.word	0x20000f5c
100014f0:	0000aaaa 	.word	0x0000aaaa
100014f4:	e000ed00 	.word	0xe000ed00
100014f8:	2002207c 	.word	0x2002207c
100014fc:	100001c1 	.word	0x100001c1
10001500:	ffffbd01 	.word	0xffffbd01

10001504 <user_irq_claim_unused>:
10001504:	b510      	push	{r4, lr}
10001506:	4b08      	ldr	r3, [pc, #32]	@ (10001528 <user_irq_claim_unused+0x24>)
10001508:	4c08      	ldr	r4, [pc, #32]	@ (1000152c <user_irq_claim_unused+0x28>)
1000150a:	b082      	sub	sp, #8
1000150c:	0001      	movs	r1, r0
1000150e:	9300      	str	r3, [sp, #0]
10001510:	2200      	movs	r2, #0
10001512:	2305      	movs	r3, #5
10001514:	0020      	movs	r0, r4
10001516:	f7ff fd95 	bl	10001044 <hw_claim_unused_from_range>
1000151a:	2800      	cmp	r0, #0
1000151c:	db01      	blt.n	10001522 <user_irq_claim_unused+0x1e>
1000151e:	231f      	movs	r3, #31
10001520:	1a18      	subs	r0, r3, r0
10001522:	b002      	add	sp, #8
10001524:	bd10      	pop	{r4, pc}
10001526:	46c0      	nop			@ (mov r8, r8)
10001528:	1000aa04 	.word	0x1000aa04
1000152c:	20022080 	.word	0x20022080

10001530 <lock_init>:
10001530:	4b02      	ldr	r3, [pc, #8]	@ (1000153c <lock_init+0xc>)
10001532:	469c      	mov	ip, r3
10001534:	4461      	add	r1, ip
10001536:	0089      	lsls	r1, r1, #2
10001538:	6001      	str	r1, [r0, #0]
1000153a:	4770      	bx	lr
1000153c:	34000040 	.word	0x34000040

10001540 <runtime_init_mutex>:
10001540:	b570      	push	{r4, r5, r6, lr}
10001542:	4c11      	ldr	r4, [pc, #68]	@ (10001588 <runtime_init_mutex+0x48>)
10001544:	4d11      	ldr	r5, [pc, #68]	@ (1000158c <runtime_init_mutex+0x4c>)
10001546:	42ac      	cmp	r4, r5
10001548:	d20f      	bcs.n	1000156a <runtime_init_mutex+0x2a>
1000154a:	26ff      	movs	r6, #255	@ 0xff
1000154c:	6823      	ldr	r3, [r4, #0]
1000154e:	2b00      	cmp	r3, #0
10001550:	d00c      	beq.n	1000156c <runtime_init_mutex+0x2c>
10001552:	f7ff fdc5 	bl	100010e0 <next_striped_spin_lock_num>
10001556:	0001      	movs	r1, r0
10001558:	0020      	movs	r0, r4
1000155a:	f7ff ffe9 	bl	10001530 <lock_init>
1000155e:	80a6      	strh	r6, [r4, #4]
10001560:	f3bf 8f5f 	dmb	sy
10001564:	3408      	adds	r4, #8
10001566:	42ac      	cmp	r4, r5
10001568:	d3f0      	bcc.n	1000154c <runtime_init_mutex+0xc>
1000156a:	bd70      	pop	{r4, r5, r6, pc}
1000156c:	f7ff fdb8 	bl	100010e0 <next_striped_spin_lock_num>
10001570:	0001      	movs	r1, r0
10001572:	0020      	movs	r0, r4
10001574:	f7ff ffdc 	bl	10001530 <lock_init>
10001578:	7126      	strb	r6, [r4, #4]
1000157a:	f3bf 8f5f 	dmb	sy
1000157e:	3408      	adds	r4, #8
10001580:	42ac      	cmp	r4, r5
10001582:	d3e3      	bcc.n	1000154c <runtime_init_mutex+0xc>
10001584:	e7f1      	b.n	1000156a <runtime_init_mutex+0x2a>
10001586:	46c0      	nop			@ (mov r8, r8)
10001588:	2000104c 	.word	0x2000104c
1000158c:	2000105c 	.word	0x2000105c

10001590 <mutex_init>:
10001590:	b510      	push	{r4, lr}
10001592:	0004      	movs	r4, r0
10001594:	f7ff fda4 	bl	100010e0 <next_striped_spin_lock_num>
10001598:	0001      	movs	r1, r0
1000159a:	0020      	movs	r0, r4
1000159c:	f7ff ffc8 	bl	10001530 <lock_init>
100015a0:	23ff      	movs	r3, #255	@ 0xff
100015a2:	7123      	strb	r3, [r4, #4]
100015a4:	f3bf 8f5f 	dmb	sy
100015a8:	bd10      	pop	{r4, pc}
100015aa:	46c0      	nop			@ (mov r8, r8)

100015ac <critical_section_init>:
100015ac:	b510      	push	{r4, lr}
100015ae:	0004      	movs	r4, r0
100015b0:	2001      	movs	r0, #1
100015b2:	f7ff fdad 	bl	10001110 <spin_lock_claim_unused>
100015b6:	4b03      	ldr	r3, [pc, #12]	@ (100015c4 <critical_section_init+0x18>)
100015b8:	18c3      	adds	r3, r0, r3
100015ba:	009b      	lsls	r3, r3, #2
100015bc:	6023      	str	r3, [r4, #0]
100015be:	f3bf 8f5f 	dmb	sy
100015c2:	bd10      	pop	{r4, pc}
100015c4:	34000040 	.word	0x34000040

100015c8 <critical_section_init_with_lock_num>:
100015c8:	4b03      	ldr	r3, [pc, #12]	@ (100015d8 <critical_section_init_with_lock_num+0x10>)
100015ca:	469c      	mov	ip, r3
100015cc:	4461      	add	r1, ip
100015ce:	0089      	lsls	r1, r1, #2
100015d0:	6001      	str	r1, [r0, #0]
100015d2:	f3bf 8f5f 	dmb	sy
100015d6:	4770      	bx	lr
100015d8:	34000040 	.word	0x34000040

100015dc <sleep_until_callback>:
100015dc:	4b0a      	ldr	r3, [pc, #40]	@ (10001608 <sleep_until_callback+0x2c>)
100015de:	6819      	ldr	r1, [r3, #0]
100015e0:	f3ef 8010 	mrs	r0, PRIMASK
100015e4:	b672      	cpsid	i
100015e6:	680a      	ldr	r2, [r1, #0]
100015e8:	2a00      	cmp	r2, #0
100015ea:	d0fc      	beq.n	100015e6 <sleep_until_callback+0xa>
100015ec:	f3bf 8f5f 	dmb	sy
100015f0:	681b      	ldr	r3, [r3, #0]
100015f2:	f3bf 8f5f 	dmb	sy
100015f6:	2200      	movs	r2, #0
100015f8:	601a      	str	r2, [r3, #0]
100015fa:	f380 8810 	msr	PRIMASK, r0
100015fe:	bf40      	sev
10001600:	2000      	movs	r0, #0
10001602:	2100      	movs	r1, #0
10001604:	4770      	bx	lr
10001606:	46c0      	nop			@ (mov r8, r8)
10001608:	20001f54 	.word	0x20001f54

1000160c <alarm_pool_irq_handler>:
1000160c:	b5f0      	push	{r4, r5, r6, r7, lr}
1000160e:	46de      	mov	lr, fp
10001610:	4657      	mov	r7, sl
10001612:	464e      	mov	r6, r9
10001614:	4645      	mov	r5, r8
10001616:	b5e0      	push	{r5, r6, r7, lr}
10001618:	b083      	sub	sp, #12
1000161a:	f3ef 8205 	mrs	r2, IPSR
1000161e:	2303      	movs	r3, #3
10001620:	4013      	ands	r3, r2
10001622:	4ab5      	ldr	r2, [pc, #724]	@ (100018f8 <alarm_pool_irq_handler+0x2ec>)
10001624:	0099      	lsls	r1, r3, #2
10001626:	5852      	ldr	r2, [r2, r1]
10001628:	9100      	str	r1, [sp, #0]
1000162a:	4690      	mov	r8, r2
1000162c:	2201      	movs	r2, #1
1000162e:	409a      	lsls	r2, r3
10001630:	4693      	mov	fp, r2
10001632:	4bb2      	ldr	r3, [pc, #712]	@ (100018fc <alarm_pool_irq_handler+0x2f0>)
10001634:	601a      	str	r2, [r3, #0]
10001636:	4bb2      	ldr	r3, [pc, #712]	@ (10001900 <alarm_pool_irq_handler+0x2f4>)
10001638:	9301      	str	r3, [sp, #4]
1000163a:	465b      	mov	r3, fp
1000163c:	48b1      	ldr	r0, [pc, #708]	@ (10001904 <alarm_pool_irq_handler+0x2f8>)
1000163e:	6343      	str	r3, [r0, #52]	@ 0x34
10001640:	4643      	mov	r3, r8
10001642:	2208      	movs	r2, #8
10001644:	5e9b      	ldrsh	r3, [r3, r2]
10001646:	4699      	mov	r9, r3
10001648:	2b00      	cmp	r3, #0
1000164a:	da3a      	bge.n	100016c2 <alarm_pool_irq_handler+0xb6>
1000164c:	4643      	mov	r3, r8
1000164e:	889b      	ldrh	r3, [r3, #4]
10001650:	b21b      	sxth	r3, r3
10001652:	2b00      	cmp	r3, #0
10001654:	db00      	blt.n	10001658 <alarm_pool_irq_handler+0x4c>
10001656:	e09d      	b.n	10001794 <alarm_pool_irq_handler+0x188>
10001658:	4643      	mov	r3, r8
1000165a:	799b      	ldrb	r3, [r3, #6]
1000165c:	2b00      	cmp	r3, #0
1000165e:	d000      	beq.n	10001662 <alarm_pool_irq_handler+0x56>
10001660:	e0e1      	b.n	10001826 <alarm_pool_irq_handler+0x21a>
10001662:	4643      	mov	r3, r8
10001664:	2408      	movs	r4, #8
10001666:	5f1c      	ldrsh	r4, [r3, r4]
10001668:	2c00      	cmp	r4, #0
1000166a:	db20      	blt.n	100016ae <alarm_pool_irq_handler+0xa2>
1000166c:	4643      	mov	r3, r8
1000166e:	695a      	ldr	r2, [r3, #20]
10001670:	0063      	lsls	r3, r4, #1
10001672:	191b      	adds	r3, r3, r4
10001674:	00db      	lsls	r3, r3, #3
10001676:	18d3      	adds	r3, r2, r3
10001678:	689d      	ldr	r5, [r3, #8]
1000167a:	68dc      	ldr	r4, [r3, #12]
1000167c:	1c6b      	adds	r3, r5, #1
1000167e:	d100      	bne.n	10001682 <alarm_pool_irq_handler+0x76>
10001680:	e103      	b.n	1000188a <alarm_pool_irq_handler+0x27e>
10001682:	48a0      	ldr	r0, [pc, #640]	@ (10001904 <alarm_pool_irq_handler+0x2f8>)
10001684:	9900      	ldr	r1, [sp, #0]
10001686:	4684      	mov	ip, r0
10001688:	4461      	add	r1, ip
1000168a:	6a82      	ldr	r2, [r0, #40]	@ 0x28
1000168c:	690b      	ldr	r3, [r1, #16]
1000168e:	1aae      	subs	r6, r5, r2
10001690:	1a9b      	subs	r3, r3, r2
10001692:	429e      	cmp	r6, r3
10001694:	d313      	bcc.n	100016be <alarm_pool_irq_handler+0xb2>
10001696:	465a      	mov	r2, fp
10001698:	6a03      	ldr	r3, [r0, #32]
1000169a:	421a      	tst	r2, r3
1000169c:	d00f      	beq.n	100016be <alarm_pool_irq_handler+0xb2>
1000169e:	4899      	ldr	r0, [pc, #612]	@ (10001904 <alarm_pool_irq_handler+0x2f8>)
100016a0:	f000 fbd4 	bl	10001e4c <timer_time_us_64>
100016a4:	428c      	cmp	r4, r1
100016a6:	dc02      	bgt.n	100016ae <alarm_pool_irq_handler+0xa2>
100016a8:	d1c7      	bne.n	1000163a <alarm_pool_irq_handler+0x2e>
100016aa:	4285      	cmp	r5, r0
100016ac:	d9c5      	bls.n	1000163a <alarm_pool_irq_handler+0x2e>
100016ae:	bf40      	sev
100016b0:	b003      	add	sp, #12
100016b2:	bcf0      	pop	{r4, r5, r6, r7}
100016b4:	46bb      	mov	fp, r7
100016b6:	46b2      	mov	sl, r6
100016b8:	46a9      	mov	r9, r5
100016ba:	46a0      	mov	r8, r4
100016bc:	bdf0      	pop	{r4, r5, r6, r7, pc}
100016be:	610d      	str	r5, [r1, #16]
100016c0:	e7ed      	b.n	1000169e <alarm_pool_irq_handler+0x92>
100016c2:	4642      	mov	r2, r8
100016c4:	6952      	ldr	r2, [r2, #20]
100016c6:	005b      	lsls	r3, r3, #1
100016c8:	4692      	mov	sl, r2
100016ca:	444b      	add	r3, r9
100016cc:	00db      	lsls	r3, r3, #3
100016ce:	449a      	add	sl, r3
100016d0:	4653      	mov	r3, sl
100016d2:	689e      	ldr	r6, [r3, #8]
100016d4:	68df      	ldr	r7, [r3, #12]
100016d6:	f000 fbb9 	bl	10001e4c <timer_time_us_64>
100016da:	428f      	cmp	r7, r1
100016dc:	dcb6      	bgt.n	1000164c <alarm_pool_irq_handler+0x40>
100016de:	d100      	bne.n	100016e2 <alarm_pool_irq_handler+0xd6>
100016e0:	e0f8      	b.n	100018d4 <alarm_pool_irq_handler+0x2c8>
100016e2:	2f00      	cmp	r7, #0
100016e4:	da00      	bge.n	100016e8 <alarm_pool_irq_handler+0xdc>
100016e6:	e0d9      	b.n	1000189c <alarm_pool_irq_handler+0x290>
100016e8:	4652      	mov	r2, sl
100016ea:	4653      	mov	r3, sl
100016ec:	6954      	ldr	r4, [r2, #20]
100016ee:	691b      	ldr	r3, [r3, #16]
100016f0:	9a01      	ldr	r2, [sp, #4]
100016f2:	4293      	cmp	r3, r2
100016f4:	d100      	bne.n	100016f8 <alarm_pool_irq_handler+0xec>
100016f6:	e0cc      	b.n	10001892 <alarm_pool_irq_handler+0x286>
100016f8:	4641      	mov	r1, r8
100016fa:	4652      	mov	r2, sl
100016fc:	2008      	movs	r0, #8
100016fe:	5e08      	ldrsh	r0, [r1, r0]
10001700:	8852      	ldrh	r2, [r2, #2]
10001702:	0400      	lsls	r0, r0, #16
10001704:	0021      	movs	r1, r4
10001706:	4310      	orrs	r0, r2
10001708:	4798      	blx	r3
1000170a:	0004      	movs	r4, r0
1000170c:	000d      	movs	r5, r1
1000170e:	0023      	movs	r3, r4
10001710:	432b      	orrs	r3, r5
10001712:	d100      	bne.n	10001716 <alarm_pool_irq_handler+0x10a>
10001714:	e0c2      	b.n	1000189c <alarm_pool_irq_handler+0x290>
10001716:	2d00      	cmp	r5, #0
10001718:	db00      	blt.n	1000171c <alarm_pool_irq_handler+0x110>
1000171a:	e0df      	b.n	100018dc <alarm_pool_irq_handler+0x2d0>
1000171c:	0030      	movs	r0, r6
1000171e:	0039      	movs	r1, r7
10001720:	1b00      	subs	r0, r0, r4
10001722:	41a9      	sbcs	r1, r5
10001724:	4653      	mov	r3, sl
10001726:	6098      	str	r0, [r3, #8]
10001728:	60d9      	str	r1, [r3, #12]
1000172a:	2200      	movs	r2, #0
1000172c:	5e9a      	ldrsh	r2, [r3, r2]
1000172e:	2a00      	cmp	r2, #0
10001730:	da00      	bge.n	10001734 <alarm_pool_irq_handler+0x128>
10001732:	e78b      	b.n	1000164c <alarm_pool_irq_handler+0x40>
10001734:	4643      	mov	r3, r8
10001736:	695d      	ldr	r5, [r3, #20]
10001738:	0053      	lsls	r3, r2, #1
1000173a:	189c      	adds	r4, r3, r2
1000173c:	00e4      	lsls	r4, r4, #3
1000173e:	192c      	adds	r4, r5, r4
10001740:	68a7      	ldr	r7, [r4, #8]
10001742:	68e4      	ldr	r4, [r4, #12]
10001744:	428c      	cmp	r4, r1
10001746:	dd00      	ble.n	1000174a <alarm_pool_irq_handler+0x13e>
10001748:	e780      	b.n	1000164c <alarm_pool_irq_handler+0x40>
1000174a:	d102      	bne.n	10001752 <alarm_pool_irq_handler+0x146>
1000174c:	4287      	cmp	r7, r0
1000174e:	d900      	bls.n	10001752 <alarm_pool_irq_handler+0x146>
10001750:	e77c      	b.n	1000164c <alarm_pool_irq_handler+0x40>
10001752:	4646      	mov	r6, r8
10001754:	8132      	strh	r2, [r6, #8]
10001756:	3608      	adds	r6, #8
10001758:	e00d      	b.n	10001776 <alarm_pool_irq_handler+0x16a>
1000175a:	428c      	cmp	r4, r1
1000175c:	d100      	bne.n	10001760 <alarm_pool_irq_handler+0x154>
1000175e:	e0c6      	b.n	100018ee <alarm_pool_irq_handler+0x2e2>
10001760:	001e      	movs	r6, r3
10001762:	2300      	movs	r3, #0
10001764:	5ef2      	ldrsh	r2, [r6, r3]
10001766:	2a00      	cmp	r2, #0
10001768:	db0a      	blt.n	10001780 <alarm_pool_irq_handler+0x174>
1000176a:	0053      	lsls	r3, r2, #1
1000176c:	189c      	adds	r4, r3, r2
1000176e:	00e4      	lsls	r4, r4, #3
10001770:	192c      	adds	r4, r5, r4
10001772:	68a7      	ldr	r7, [r4, #8]
10001774:	68e4      	ldr	r4, [r4, #12]
10001776:	189b      	adds	r3, r3, r2
10001778:	00db      	lsls	r3, r3, #3
1000177a:	18eb      	adds	r3, r5, r3
1000177c:	428c      	cmp	r4, r1
1000177e:	ddec      	ble.n	1000175a <alarm_pool_irq_handler+0x14e>
10001780:	4653      	mov	r3, sl
10001782:	801a      	strh	r2, [r3, #0]
10001784:	464b      	mov	r3, r9
10001786:	8033      	strh	r3, [r6, #0]
10001788:	4643      	mov	r3, r8
1000178a:	889b      	ldrh	r3, [r3, #4]
1000178c:	b21b      	sxth	r3, r3
1000178e:	2b00      	cmp	r3, #0
10001790:	da00      	bge.n	10001794 <alarm_pool_irq_handler+0x188>
10001792:	e761      	b.n	10001658 <alarm_pool_irq_handler+0x4c>
10001794:	4643      	mov	r3, r8
10001796:	691a      	ldr	r2, [r3, #16]
10001798:	f3ef 8110 	mrs	r1, PRIMASK
1000179c:	b672      	cpsid	i
1000179e:	6813      	ldr	r3, [r2, #0]
100017a0:	2b00      	cmp	r3, #0
100017a2:	d0fc      	beq.n	1000179e <alarm_pool_irq_handler+0x192>
100017a4:	f3bf 8f5f 	dmb	sy
100017a8:	4643      	mov	r3, r8
100017aa:	889e      	ldrh	r6, [r3, #4]
100017ac:	2301      	movs	r3, #1
100017ae:	4642      	mov	r2, r8
100017b0:	425b      	negs	r3, r3
100017b2:	8093      	strh	r3, [r2, #4]
100017b4:	b236      	sxth	r6, r6
100017b6:	6913      	ldr	r3, [r2, #16]
100017b8:	f3bf 8f5f 	dmb	sy
100017bc:	2200      	movs	r2, #0
100017be:	601a      	str	r2, [r3, #0]
100017c0:	f381 8810 	msr	PRIMASK, r1
100017c4:	2e00      	cmp	r6, #0
100017c6:	da00      	bge.n	100017ca <alarm_pool_irq_handler+0x1be>
100017c8:	e746      	b.n	10001658 <alarm_pool_irq_handler+0x4c>
100017ca:	4643      	mov	r3, r8
100017cc:	695d      	ldr	r5, [r3, #20]
100017ce:	3308      	adds	r3, #8
100017d0:	4642      	mov	r2, r8
100017d2:	469c      	mov	ip, r3
100017d4:	0077      	lsls	r7, r6, #1
100017d6:	19bf      	adds	r7, r7, r6
100017d8:	00ff      	lsls	r7, r7, #3
100017da:	19ef      	adds	r7, r5, r7
100017dc:	68bb      	ldr	r3, [r7, #8]
100017de:	4660      	mov	r0, ip
100017e0:	4698      	mov	r8, r3
100017e2:	2308      	movs	r3, #8
100017e4:	5ed1      	ldrsh	r1, [r2, r3]
100017e6:	4692      	mov	sl, r2
100017e8:	68fc      	ldr	r4, [r7, #12]
100017ea:	2900      	cmp	r1, #0
100017ec:	da07      	bge.n	100017fe <alarm_pool_irq_handler+0x1f2>
100017ee:	e00e      	b.n	1000180e <alarm_pool_irq_handler+0x202>
100017f0:	42a2      	cmp	r2, r4
100017f2:	d046      	beq.n	10001882 <alarm_pool_irq_handler+0x276>
100017f4:	0018      	movs	r0, r3
100017f6:	2300      	movs	r3, #0
100017f8:	5ec1      	ldrsh	r1, [r0, r3]
100017fa:	2900      	cmp	r1, #0
100017fc:	db06      	blt.n	1000180c <alarm_pool_irq_handler+0x200>
100017fe:	004b      	lsls	r3, r1, #1
10001800:	185b      	adds	r3, r3, r1
10001802:	00db      	lsls	r3, r3, #3
10001804:	18eb      	adds	r3, r5, r3
10001806:	68da      	ldr	r2, [r3, #12]
10001808:	42a2      	cmp	r2, r4
1000180a:	ddf1      	ble.n	100017f0 <alarm_pool_irq_handler+0x1e4>
1000180c:	4652      	mov	r2, sl
1000180e:	8006      	strh	r6, [r0, #0]
10001810:	2300      	movs	r3, #0
10001812:	5efe      	ldrsh	r6, [r7, r3]
10001814:	8039      	strh	r1, [r7, #0]
10001816:	2e00      	cmp	r6, #0
10001818:	dadc      	bge.n	100017d4 <alarm_pool_irq_handler+0x1c8>
1000181a:	4690      	mov	r8, r2
1000181c:	4643      	mov	r3, r8
1000181e:	799b      	ldrb	r3, [r3, #6]
10001820:	2b00      	cmp	r3, #0
10001822:	d100      	bne.n	10001826 <alarm_pool_irq_handler+0x21a>
10001824:	e71d      	b.n	10001662 <alarm_pool_irq_handler+0x56>
10001826:	2300      	movs	r3, #0
10001828:	4642      	mov	r2, r8
1000182a:	7193      	strb	r3, [r2, #6]
1000182c:	4643      	mov	r3, r8
1000182e:	4646      	mov	r6, r8
10001830:	2108      	movs	r1, #8
10001832:	5e59      	ldrsh	r1, [r3, r1]
10001834:	3608      	adds	r6, #8
10001836:	1c4b      	adds	r3, r1, #1
10001838:	d100      	bne.n	1000183c <alarm_pool_irq_handler+0x230>
1000183a:	e738      	b.n	100016ae <alarm_pool_irq_handler+0xa2>
1000183c:	4647      	mov	r7, r8
1000183e:	4689      	mov	r9, r1
10001840:	6955      	ldr	r5, [r2, #20]
10001842:	e002      	b.n	1000184a <alarm_pool_irq_handler+0x23e>
10001844:	0006      	movs	r6, r0
10001846:	1c4b      	adds	r3, r1, #1
10001848:	d018      	beq.n	1000187c <alarm_pool_irq_handler+0x270>
1000184a:	004b      	lsls	r3, r1, #1
1000184c:	185b      	adds	r3, r3, r1
1000184e:	00db      	lsls	r3, r3, #3
10001850:	18e8      	adds	r0, r5, r3
10001852:	000a      	movs	r2, r1
10001854:	468c      	mov	ip, r1
10001856:	5ee9      	ldrsh	r1, [r5, r3]
10001858:	8843      	ldrh	r3, [r0, #2]
1000185a:	b21b      	sxth	r3, r3
1000185c:	2b00      	cmp	r3, #0
1000185e:	daf1      	bge.n	10001844 <alarm_pool_irq_handler+0x238>
10001860:	2301      	movs	r3, #1
10001862:	425b      	negs	r3, r3
10001864:	17dc      	asrs	r4, r3, #31
10001866:	6083      	str	r3, [r0, #8]
10001868:	60c4      	str	r4, [r0, #12]
1000186a:	454a      	cmp	r2, r9
1000186c:	d003      	beq.n	10001876 <alarm_pool_irq_handler+0x26a>
1000186e:	8031      	strh	r1, [r6, #0]
10001870:	893b      	ldrh	r3, [r7, #8]
10001872:	8003      	strh	r3, [r0, #0]
10001874:	813a      	strh	r2, [r7, #8]
10001876:	46e1      	mov	r9, ip
10001878:	1c4b      	adds	r3, r1, #1
1000187a:	d1e6      	bne.n	1000184a <alarm_pool_irq_handler+0x23e>
1000187c:	46b8      	mov	r8, r7
1000187e:	464c      	mov	r4, r9
10001880:	e6f2      	b.n	10001668 <alarm_pool_irq_handler+0x5c>
10001882:	689a      	ldr	r2, [r3, #8]
10001884:	4542      	cmp	r2, r8
10001886:	d9b5      	bls.n	100017f4 <alarm_pool_irq_handler+0x1e8>
10001888:	e7c0      	b.n	1000180c <alarm_pool_irq_handler+0x200>
1000188a:	1c63      	adds	r3, r4, #1
1000188c:	d000      	beq.n	10001890 <alarm_pool_irq_handler+0x284>
1000188e:	e6f8      	b.n	10001682 <alarm_pool_irq_handler+0x76>
10001890:	e705      	b.n	1000169e <alarm_pool_irq_handler+0x92>
10001892:	0020      	movs	r0, r4
10001894:	6923      	ldr	r3, [r4, #16]
10001896:	4798      	blx	r3
10001898:	2800      	cmp	r0, #0
1000189a:	d125      	bne.n	100018e8 <alarm_pool_irq_handler+0x2dc>
1000189c:	4653      	mov	r3, sl
1000189e:	4642      	mov	r2, r8
100018a0:	881b      	ldrh	r3, [r3, #0]
100018a2:	8113      	strh	r3, [r2, #8]
100018a4:	6912      	ldr	r2, [r2, #16]
100018a6:	f3ef 8310 	mrs	r3, PRIMASK
100018aa:	b672      	cpsid	i
100018ac:	6811      	ldr	r1, [r2, #0]
100018ae:	2900      	cmp	r1, #0
100018b0:	d0fc      	beq.n	100018ac <alarm_pool_irq_handler+0x2a0>
100018b2:	f3bf 8f5f 	dmb	sy
100018b6:	4642      	mov	r2, r8
100018b8:	4651      	mov	r1, sl
100018ba:	8852      	ldrh	r2, [r2, #2]
100018bc:	800a      	strh	r2, [r1, #0]
100018be:	4642      	mov	r2, r8
100018c0:	4649      	mov	r1, r9
100018c2:	8051      	strh	r1, [r2, #2]
100018c4:	6912      	ldr	r2, [r2, #16]
100018c6:	f3bf 8f5f 	dmb	sy
100018ca:	2100      	movs	r1, #0
100018cc:	6011      	str	r1, [r2, #0]
100018ce:	f383 8810 	msr	PRIMASK, r3
100018d2:	e6bb      	b.n	1000164c <alarm_pool_irq_handler+0x40>
100018d4:	4286      	cmp	r6, r0
100018d6:	d800      	bhi.n	100018da <alarm_pool_irq_handler+0x2ce>
100018d8:	e703      	b.n	100016e2 <alarm_pool_irq_handler+0xd6>
100018da:	e6b7      	b.n	1000164c <alarm_pool_irq_handler+0x40>
100018dc:	4809      	ldr	r0, [pc, #36]	@ (10001904 <alarm_pool_irq_handler+0x2f8>)
100018de:	f000 fab5 	bl	10001e4c <timer_time_us_64>
100018e2:	1900      	adds	r0, r0, r4
100018e4:	4169      	adcs	r1, r5
100018e6:	e71d      	b.n	10001724 <alarm_pool_irq_handler+0x118>
100018e8:	6865      	ldr	r5, [r4, #4]
100018ea:	6824      	ldr	r4, [r4, #0]
100018ec:	e70f      	b.n	1000170e <alarm_pool_irq_handler+0x102>
100018ee:	4287      	cmp	r7, r0
100018f0:	d800      	bhi.n	100018f4 <alarm_pool_irq_handler+0x2e8>
100018f2:	e735      	b.n	10001760 <alarm_pool_irq_handler+0x154>
100018f4:	e744      	b.n	10001780 <alarm_pool_irq_handler+0x174>
100018f6:	46c0      	nop			@ (mov r8, r8)
100018f8:	20001c94 	.word	0x20001c94
100018fc:	4005703c 	.word	0x4005703c
10001900:	1000160d 	.word	0x1000160d
10001904:	40054000 	.word	0x40054000

10001908 <runtime_init_default_alarm_pool>:
10001908:	b570      	push	{r4, r5, r6, lr}
1000190a:	4c2e      	ldr	r4, [pc, #184]	@ (100019c4 <runtime_init_default_alarm_pool+0xbc>)
1000190c:	6925      	ldr	r5, [r4, #16]
1000190e:	2d00      	cmp	r5, #0
10001910:	d004      	beq.n	1000191c <runtime_init_default_alarm_pool+0x14>
10001912:	210a      	movs	r1, #10
10001914:	482c      	ldr	r0, [pc, #176]	@ (100019c8 <runtime_init_default_alarm_pool+0xc0>)
10001916:	f7ff fe0b 	bl	10001530 <lock_init>
1000191a:	bd70      	pop	{r4, r5, r6, pc}
1000191c:	4e2b      	ldr	r6, [pc, #172]	@ (100019cc <runtime_init_default_alarm_pool+0xc4>)
1000191e:	2103      	movs	r1, #3
10001920:	0030      	movs	r0, r6
10001922:	f000 fa89 	bl	10001e38 <timer_hardware_alarm_claim>
10001926:	60e6      	str	r6, [r4, #12]
10001928:	f7ff fbda 	bl	100010e0 <next_striped_spin_lock_num>
1000192c:	4b28      	ldr	r3, [pc, #160]	@ (100019d0 <runtime_init_default_alarm_pool+0xc8>)
1000192e:	2203      	movs	r2, #3
10001930:	469c      	mov	ip, r3
10001932:	23d0      	movs	r3, #208	@ 0xd0
10001934:	7022      	strb	r2, [r4, #0]
10001936:	061b      	lsls	r3, r3, #24
10001938:	681b      	ldr	r3, [r3, #0]
1000193a:	2101      	movs	r1, #1
1000193c:	7063      	strb	r3, [r4, #1]
1000193e:	4b25      	ldr	r3, [pc, #148]	@ (100019d4 <runtime_init_default_alarm_pool+0xcc>)
10001940:	4460      	add	r0, ip
10001942:	60a3      	str	r3, [r4, #8]
10001944:	230f      	movs	r3, #15
10001946:	0080      	lsls	r0, r0, #2
10001948:	6120      	str	r0, [r4, #16]
1000194a:	2002      	movs	r0, #2
1000194c:	8063      	strh	r3, [r4, #2]
1000194e:	6963      	ldr	r3, [r4, #20]
10001950:	4249      	negs	r1, r1
10001952:	80a1      	strh	r1, [r4, #4]
10001954:	8019      	strh	r1, [r3, #0]
10001956:	3102      	adds	r1, #2
10001958:	8619      	strh	r1, [r3, #48]	@ 0x30
1000195a:	3147      	adds	r1, #71	@ 0x47
1000195c:	831d      	strh	r5, [r3, #24]
1000195e:	5258      	strh	r0, [r3, r1]
10001960:	3118      	adds	r1, #24
10001962:	525a      	strh	r2, [r3, r1]
10001964:	3275      	adds	r2, #117	@ 0x75
10001966:	395c      	subs	r1, #92	@ 0x5c
10001968:	5299      	strh	r1, [r3, r2]
1000196a:	3218      	adds	r2, #24
1000196c:	3101      	adds	r1, #1
1000196e:	5299      	strh	r1, [r3, r2]
10001970:	3218      	adds	r2, #24
10001972:	3101      	adds	r1, #1
10001974:	5299      	strh	r1, [r3, r2]
10001976:	3218      	adds	r2, #24
10001978:	3101      	adds	r1, #1
1000197a:	5299      	strh	r1, [r3, r2]
1000197c:	3508      	adds	r5, #8
1000197e:	3218      	adds	r2, #24
10001980:	529d      	strh	r5, [r3, r2]
10001982:	3102      	adds	r1, #2
10001984:	3218      	adds	r2, #24
10001986:	5299      	strh	r1, [r3, r2]
10001988:	3218      	adds	r2, #24
1000198a:	3101      	adds	r1, #1
1000198c:	5299      	strh	r1, [r3, r2]
1000198e:	3218      	adds	r2, #24
10001990:	3101      	adds	r1, #1
10001992:	5299      	strh	r1, [r3, r2]
10001994:	3218      	adds	r2, #24
10001996:	3101      	adds	r1, #1
10001998:	5299      	strh	r1, [r3, r2]
1000199a:	3218      	adds	r2, #24
1000199c:	3101      	adds	r1, #1
1000199e:	5299      	strh	r1, [r3, r2]
100019a0:	3218      	adds	r2, #24
100019a2:	3101      	adds	r1, #1
100019a4:	5299      	strh	r1, [r3, r2]
100019a6:	4b0c      	ldr	r3, [pc, #48]	@ (100019d8 <runtime_init_default_alarm_pool+0xd0>)
100019a8:	490c      	ldr	r1, [pc, #48]	@ (100019dc <runtime_init_default_alarm_pool+0xd4>)
100019aa:	60dc      	str	r4, [r3, #12]
100019ac:	3001      	adds	r0, #1
100019ae:	6235      	str	r5, [r6, #32]
100019b0:	f7ff fc18 	bl	100011e4 <irq_set_exclusive_handler>
100019b4:	2101      	movs	r1, #1
100019b6:	2003      	movs	r0, #3
100019b8:	f7ff fbdc 	bl	10001174 <irq_set_enabled>
100019bc:	4b08      	ldr	r3, [pc, #32]	@ (100019e0 <runtime_init_default_alarm_pool+0xd8>)
100019be:	601d      	str	r5, [r3, #0]
100019c0:	e7a7      	b.n	10001912 <runtime_init_default_alarm_pool+0xa>
100019c2:	46c0      	nop			@ (mov r8, r8)
100019c4:	20000fc8 	.word	0x20000fc8
100019c8:	20001f54 	.word	0x20001f54
100019cc:	40054000 	.word	0x40054000
100019d0:	34000040 	.word	0x34000040
100019d4:	0010ffff 	.word	0x0010ffff
100019d8:	20001c94 	.word	0x20001c94
100019dc:	1000160d 	.word	0x1000160d
100019e0:	40056038 	.word	0x40056038

100019e4 <alarm_pool_get_default>:
100019e4:	4800      	ldr	r0, [pc, #0]	@ (100019e8 <alarm_pool_get_default+0x4>)
100019e6:	4770      	bx	lr
100019e8:	20000fc8 	.word	0x20000fc8

100019ec <alarm_pool_add_alarm_at>:
100019ec:	b5f8      	push	{r3, r4, r5, r6, r7, lr}
100019ee:	001f      	movs	r7, r3
100019f0:	ab08      	add	r3, sp, #32
100019f2:	781b      	ldrb	r3, [r3, #0]
100019f4:	0004      	movs	r4, r0
100019f6:	0016      	movs	r6, r2
100019f8:	2b00      	cmp	r3, #0
100019fa:	d108      	bne.n	10001a0e <alarm_pool_add_alarm_at+0x22>
100019fc:	f000 fa2e 	bl	10001e5c <time_us_64>
10001a00:	0032      	movs	r2, r6
10001a02:	003b      	movs	r3, r7
10001a04:	1a12      	subs	r2, r2, r0
10001a06:	418b      	sbcs	r3, r1
10001a08:	2b00      	cmp	r3, #0
10001a0a:	da00      	bge.n	10001a0e <alarm_pool_add_alarm_at+0x22>
10001a0c:	e053      	b.n	10001ab6 <alarm_pool_add_alarm_at+0xca>
10001a0e:	6922      	ldr	r2, [r4, #16]
10001a10:	f3ef 8010 	mrs	r0, PRIMASK
10001a14:	b672      	cpsid	i
10001a16:	6813      	ldr	r3, [r2, #0]
10001a18:	2b00      	cmp	r3, #0
10001a1a:	d0fc      	beq.n	10001a16 <alarm_pool_add_alarm_at+0x2a>
10001a1c:	f3bf 8f5f 	dmb	sy
10001a20:	2302      	movs	r3, #2
10001a22:	5ee1      	ldrsh	r1, [r4, r3]
10001a24:	6963      	ldr	r3, [r4, #20]
10001a26:	004a      	lsls	r2, r1, #1
10001a28:	1852      	adds	r2, r2, r1
10001a2a:	00d2      	lsls	r2, r2, #3
10001a2c:	189b      	adds	r3, r3, r2
10001a2e:	2900      	cmp	r1, #0
10001a30:	db37      	blt.n	10001aa2 <alarm_pool_add_alarm_at+0xb6>
10001a32:	881a      	ldrh	r2, [r3, #0]
10001a34:	8062      	strh	r2, [r4, #2]
10001a36:	6922      	ldr	r2, [r4, #16]
10001a38:	f3bf 8f5f 	dmb	sy
10001a3c:	2500      	movs	r5, #0
10001a3e:	6015      	str	r5, [r2, #0]
10001a40:	f380 8810 	msr	PRIMASK, r0
10001a44:	9a06      	ldr	r2, [sp, #24]
10001a46:	609e      	str	r6, [r3, #8]
10001a48:	60df      	str	r7, [r3, #12]
10001a4a:	611a      	str	r2, [r3, #16]
10001a4c:	9a07      	ldr	r2, [sp, #28]
10001a4e:	615a      	str	r2, [r3, #20]
10001a50:	885a      	ldrh	r2, [r3, #2]
10001a52:	3201      	adds	r2, #1
10001a54:	0452      	lsls	r2, r2, #17
10001a56:	0c52      	lsrs	r2, r2, #17
10001a58:	1c10      	adds	r0, r2, #0
10001a5a:	2a00      	cmp	r2, #0
10001a5c:	d01f      	beq.n	10001a9e <alarm_pool_add_alarm_at+0xb2>
10001a5e:	b282      	uxth	r2, r0
10001a60:	8058      	strh	r0, [r3, #2]
10001a62:	0408      	lsls	r0, r1, #16
10001a64:	4310      	orrs	r0, r2
10001a66:	6926      	ldr	r6, [r4, #16]
10001a68:	f3ef 8710 	mrs	r7, PRIMASK
10001a6c:	b672      	cpsid	i
10001a6e:	6832      	ldr	r2, [r6, #0]
10001a70:	2a00      	cmp	r2, #0
10001a72:	d0fc      	beq.n	10001a6e <alarm_pool_add_alarm_at+0x82>
10001a74:	f3bf 8f5f 	dmb	sy
10001a78:	88a2      	ldrh	r2, [r4, #4]
10001a7a:	801a      	strh	r2, [r3, #0]
10001a7c:	80a1      	strh	r1, [r4, #4]
10001a7e:	6923      	ldr	r3, [r4, #16]
10001a80:	f3bf 8f5f 	dmb	sy
10001a84:	2200      	movs	r2, #0
10001a86:	601a      	str	r2, [r3, #0]
10001a88:	f387 8810 	msr	PRIMASK, r7
10001a8c:	490b      	ldr	r1, [pc, #44]	@ (10001abc <alarm_pool_add_alarm_at+0xd0>)
10001a8e:	7823      	ldrb	r3, [r4, #0]
10001a90:	468c      	mov	ip, r1
10001a92:	3201      	adds	r2, #1
10001a94:	409a      	lsls	r2, r3
10001a96:	68e3      	ldr	r3, [r4, #12]
10001a98:	4463      	add	r3, ip
10001a9a:	601a      	str	r2, [r3, #0]
10001a9c:	bdf8      	pop	{r3, r4, r5, r6, r7, pc}
10001a9e:	2001      	movs	r0, #1
10001aa0:	e7dd      	b.n	10001a5e <alarm_pool_add_alarm_at+0x72>
10001aa2:	6923      	ldr	r3, [r4, #16]
10001aa4:	f3bf 8f5f 	dmb	sy
10001aa8:	2200      	movs	r2, #0
10001aaa:	601a      	str	r2, [r3, #0]
10001aac:	f380 8810 	msr	PRIMASK, r0
10001ab0:	2001      	movs	r0, #1
10001ab2:	4240      	negs	r0, r0
10001ab4:	e7f2      	b.n	10001a9c <alarm_pool_add_alarm_at+0xb0>
10001ab6:	2000      	movs	r0, #0
10001ab8:	e7f0      	b.n	10001a9c <alarm_pool_add_alarm_at+0xb0>
10001aba:	46c0      	nop			@ (mov r8, r8)
10001abc:	0000203c 	.word	0x0000203c

10001ac0 <alarm_pool_add_alarm_at_force_in_context>:
10001ac0:	b570      	push	{r4, r5, r6, lr}
10001ac2:	0001      	movs	r1, r0
10001ac4:	6904      	ldr	r4, [r0, #16]
10001ac6:	f3ef 8c10 	mrs	ip, PRIMASK
10001aca:	b672      	cpsid	i
10001acc:	6820      	ldr	r0, [r4, #0]
10001ace:	2800      	cmp	r0, #0
10001ad0:	d0fc      	beq.n	10001acc <alarm_pool_add_alarm_at_force_in_context+0xc>
10001ad2:	f3bf 8f5f 	dmb	sy
10001ad6:	2002      	movs	r0, #2
10001ad8:	5e0d      	ldrsh	r5, [r1, r0]
10001ada:	694c      	ldr	r4, [r1, #20]
10001adc:	0068      	lsls	r0, r5, #1
10001ade:	1940      	adds	r0, r0, r5
10001ae0:	00c0      	lsls	r0, r0, #3
10001ae2:	1824      	adds	r4, r4, r0
10001ae4:	2d00      	cmp	r5, #0
10001ae6:	db37      	blt.n	10001b58 <alarm_pool_add_alarm_at_force_in_context+0x98>
10001ae8:	8820      	ldrh	r0, [r4, #0]
10001aea:	8048      	strh	r0, [r1, #2]
10001aec:	6908      	ldr	r0, [r1, #16]
10001aee:	f3bf 8f5f 	dmb	sy
10001af2:	2600      	movs	r6, #0
10001af4:	6006      	str	r6, [r0, #0]
10001af6:	f38c 8810 	msr	PRIMASK, ip
10001afa:	60e3      	str	r3, [r4, #12]
10001afc:	8863      	ldrh	r3, [r4, #2]
10001afe:	9804      	ldr	r0, [sp, #16]
10001b00:	3301      	adds	r3, #1
10001b02:	6120      	str	r0, [r4, #16]
10001b04:	045b      	lsls	r3, r3, #17
10001b06:	9805      	ldr	r0, [sp, #20]
10001b08:	0c5b      	lsrs	r3, r3, #17
10001b0a:	60a2      	str	r2, [r4, #8]
10001b0c:	6160      	str	r0, [r4, #20]
10001b0e:	1c1a      	adds	r2, r3, #0
10001b10:	2b00      	cmp	r3, #0
10001b12:	d01f      	beq.n	10001b54 <alarm_pool_add_alarm_at_force_in_context+0x94>
10001b14:	b293      	uxth	r3, r2
10001b16:	0428      	lsls	r0, r5, #16
10001b18:	8062      	strh	r2, [r4, #2]
10001b1a:	4318      	orrs	r0, r3
10001b1c:	690a      	ldr	r2, [r1, #16]
10001b1e:	f3ef 8c10 	mrs	ip, PRIMASK
10001b22:	b672      	cpsid	i
10001b24:	6813      	ldr	r3, [r2, #0]
10001b26:	2b00      	cmp	r3, #0
10001b28:	d0fc      	beq.n	10001b24 <alarm_pool_add_alarm_at_force_in_context+0x64>
10001b2a:	f3bf 8f5f 	dmb	sy
10001b2e:	888b      	ldrh	r3, [r1, #4]
10001b30:	8023      	strh	r3, [r4, #0]
10001b32:	808d      	strh	r5, [r1, #4]
10001b34:	690b      	ldr	r3, [r1, #16]
10001b36:	f3bf 8f5f 	dmb	sy
10001b3a:	2200      	movs	r2, #0
10001b3c:	601a      	str	r2, [r3, #0]
10001b3e:	f38c 8810 	msr	PRIMASK, ip
10001b42:	780b      	ldrb	r3, [r1, #0]
10001b44:	3201      	adds	r2, #1
10001b46:	409a      	lsls	r2, r3
10001b48:	68cb      	ldr	r3, [r1, #12]
10001b4a:	4908      	ldr	r1, [pc, #32]	@ (10001b6c <alarm_pool_add_alarm_at_force_in_context+0xac>)
10001b4c:	468c      	mov	ip, r1
10001b4e:	4463      	add	r3, ip
10001b50:	601a      	str	r2, [r3, #0]
10001b52:	bd70      	pop	{r4, r5, r6, pc}
10001b54:	2201      	movs	r2, #1
10001b56:	e7dd      	b.n	10001b14 <alarm_pool_add_alarm_at_force_in_context+0x54>
10001b58:	690b      	ldr	r3, [r1, #16]
10001b5a:	f3bf 8f5f 	dmb	sy
10001b5e:	2200      	movs	r2, #0
10001b60:	601a      	str	r2, [r3, #0]
10001b62:	f38c 8810 	msr	PRIMASK, ip
10001b66:	2001      	movs	r0, #1
10001b68:	4240      	negs	r0, r0
10001b6a:	e7f2      	b.n	10001b52 <alarm_pool_add_alarm_at_force_in_context+0x92>
10001b6c:	0000203c 	.word	0x0000203c

10001b70 <alarm_pool_cancel_alarm>:
10001b70:	b510      	push	{r4, lr}
10001b72:	8943      	ldrh	r3, [r0, #10]
10001b74:	140a      	asrs	r2, r1, #16
10001b76:	4293      	cmp	r3, r2
10001b78:	dd1a      	ble.n	10001bb0 <alarm_pool_cancel_alarm+0x40>
10001b7a:	0053      	lsls	r3, r2, #1
10001b7c:	189b      	adds	r3, r3, r2
10001b7e:	6942      	ldr	r2, [r0, #20]
10001b80:	00db      	lsls	r3, r3, #3
10001b82:	18d3      	adds	r3, r2, r3
10001b84:	6904      	ldr	r4, [r0, #16]
10001b86:	f3ef 8c10 	mrs	ip, PRIMASK
10001b8a:	b672      	cpsid	i
10001b8c:	6822      	ldr	r2, [r4, #0]
10001b8e:	2a00      	cmp	r2, #0
10001b90:	d0fc      	beq.n	10001b8c <alarm_pool_cancel_alarm+0x1c>
10001b92:	f3bf 8f5f 	dmb	sy
10001b96:	885a      	ldrh	r2, [r3, #2]
10001b98:	0409      	lsls	r1, r1, #16
10001b9a:	b294      	uxth	r4, r2
10001b9c:	0c09      	lsrs	r1, r1, #16
10001b9e:	428a      	cmp	r2, r1
10001ba0:	d008      	beq.n	10001bb4 <alarm_pool_cancel_alarm+0x44>
10001ba2:	6903      	ldr	r3, [r0, #16]
10001ba4:	f3bf 8f5f 	dmb	sy
10001ba8:	2200      	movs	r2, #0
10001baa:	601a      	str	r2, [r3, #0]
10001bac:	f38c 8810 	msr	PRIMASK, ip
10001bb0:	2000      	movs	r0, #0
10001bb2:	bd10      	pop	{r4, pc}
10001bb4:	2280      	movs	r2, #128	@ 0x80
10001bb6:	0212      	lsls	r2, r2, #8
10001bb8:	4314      	orrs	r4, r2
10001bba:	805c      	strh	r4, [r3, #2]
10001bbc:	2301      	movs	r3, #1
10001bbe:	6902      	ldr	r2, [r0, #16]
10001bc0:	7183      	strb	r3, [r0, #6]
10001bc2:	f3bf 8f5f 	dmb	sy
10001bc6:	2100      	movs	r1, #0
10001bc8:	6011      	str	r1, [r2, #0]
10001bca:	f38c 8810 	msr	PRIMASK, ip
10001bce:	4904      	ldr	r1, [pc, #16]	@ (10001be0 <alarm_pool_cancel_alarm+0x70>)
10001bd0:	7802      	ldrb	r2, [r0, #0]
10001bd2:	468c      	mov	ip, r1
10001bd4:	4093      	lsls	r3, r2
10001bd6:	68c2      	ldr	r2, [r0, #12]
10001bd8:	2001      	movs	r0, #1
10001bda:	4462      	add	r2, ip
10001bdc:	6013      	str	r3, [r2, #0]
10001bde:	e7e8      	b.n	10001bb2 <alarm_pool_cancel_alarm+0x42>
10001be0:	0000203c 	.word	0x0000203c

10001be4 <alarm_pool_core_num>:
10001be4:	7840      	ldrb	r0, [r0, #1]
10001be6:	4770      	bx	lr

10001be8 <sleep_until>:
10001be8:	b5f0      	push	{r4, r5, r6, r7, lr}
10001bea:	0004      	movs	r4, r0
10001bec:	000d      	movs	r5, r1
10001bee:	2606      	movs	r6, #6
10001bf0:	4276      	negs	r6, r6
10001bf2:	17f7      	asrs	r7, r6, #31
10001bf4:	46c6      	mov	lr, r8
10001bf6:	1936      	adds	r6, r6, r4
10001bf8:	416f      	adcs	r7, r5
10001bfa:	b500      	push	{lr}
10001bfc:	b082      	sub	sp, #8
10001bfe:	428f      	cmp	r7, r1
10001c00:	d814      	bhi.n	10001c2c <sleep_until+0x44>
10001c02:	d011      	beq.n	10001c28 <sleep_until+0x40>
10001c04:	f000 f92a 	bl	10001e5c <time_us_64>
10001c08:	0032      	movs	r2, r6
10001c0a:	003b      	movs	r3, r7
10001c0c:	1a12      	subs	r2, r2, r0
10001c0e:	418b      	sbcs	r3, r1
10001c10:	2b00      	cmp	r3, #0
10001c12:	dc17      	bgt.n	10001c44 <sleep_until+0x5c>
10001c14:	2b00      	cmp	r3, #0
10001c16:	d047      	beq.n	10001ca8 <sleep_until+0xc0>
10001c18:	0020      	movs	r0, r4
10001c1a:	0029      	movs	r1, r5
10001c1c:	f000 f928 	bl	10001e70 <busy_wait_until>
10001c20:	b002      	add	sp, #8
10001c22:	bc80      	pop	{r7}
10001c24:	46b8      	mov	r8, r7
10001c26:	bdf0      	pop	{r4, r5, r6, r7, pc}
10001c28:	4286      	cmp	r6, r0
10001c2a:	d9eb      	bls.n	10001c04 <sleep_until+0x1c>
10001c2c:	2200      	movs	r2, #0
10001c2e:	2300      	movs	r3, #0
10001c30:	0016      	movs	r6, r2
10001c32:	001f      	movs	r7, r3
10001c34:	f000 f912 	bl	10001e5c <time_us_64>
10001c38:	0032      	movs	r2, r6
10001c3a:	003b      	movs	r3, r7
10001c3c:	1a12      	subs	r2, r2, r0
10001c3e:	418b      	sbcs	r3, r1
10001c40:	2b00      	cmp	r3, #0
10001c42:	dde7      	ble.n	10001c14 <sleep_until+0x2c>
10001c44:	f000 f90a 	bl	10001e5c <time_us_64>
10001c48:	0032      	movs	r2, r6
10001c4a:	003b      	movs	r3, r7
10001c4c:	1a12      	subs	r2, r2, r0
10001c4e:	418b      	sbcs	r3, r1
10001c50:	2b00      	cmp	r3, #0
10001c52:	db0a      	blt.n	10001c6a <sleep_until+0x82>
10001c54:	2300      	movs	r3, #0
10001c56:	9301      	str	r3, [sp, #4]
10001c58:	4b15      	ldr	r3, [pc, #84]	@ (10001cb0 <sleep_until+0xc8>)
10001c5a:	0032      	movs	r2, r6
10001c5c:	9300      	str	r3, [sp, #0]
10001c5e:	4815      	ldr	r0, [pc, #84]	@ (10001cb4 <sleep_until+0xcc>)
10001c60:	003b      	movs	r3, r7
10001c62:	f7ff ff2d 	bl	10001ac0 <alarm_pool_add_alarm_at_force_in_context>
10001c66:	2800      	cmp	r0, #0
10001c68:	dbd6      	blt.n	10001c18 <sleep_until+0x30>
10001c6a:	2300      	movs	r3, #0
10001c6c:	469c      	mov	ip, r3
10001c6e:	46b0      	mov	r8, r6
10001c70:	4a11      	ldr	r2, [pc, #68]	@ (10001cb8 <sleep_until+0xd0>)
10001c72:	4e12      	ldr	r6, [pc, #72]	@ (10001cbc <sleep_until+0xd4>)
10001c74:	6a73      	ldr	r3, [r6, #36]	@ 0x24
10001c76:	429f      	cmp	r7, r3
10001c78:	d804      	bhi.n	10001c84 <sleep_until+0x9c>
10001c7a:	6ab1      	ldr	r1, [r6, #40]	@ 0x28
10001c7c:	4588      	cmp	r8, r1
10001c7e:	d9cb      	bls.n	10001c18 <sleep_until+0x30>
10001c80:	429f      	cmp	r7, r3
10001c82:	d1c9      	bne.n	10001c18 <sleep_until+0x30>
10001c84:	6811      	ldr	r1, [r2, #0]
10001c86:	f3ef 8010 	mrs	r0, PRIMASK
10001c8a:	b672      	cpsid	i
10001c8c:	680b      	ldr	r3, [r1, #0]
10001c8e:	2b00      	cmp	r3, #0
10001c90:	d0fc      	beq.n	10001c8c <sleep_until+0xa4>
10001c92:	f3bf 8f5f 	dmb	sy
10001c96:	6813      	ldr	r3, [r2, #0]
10001c98:	f3bf 8f5f 	dmb	sy
10001c9c:	4661      	mov	r1, ip
10001c9e:	6019      	str	r1, [r3, #0]
10001ca0:	f380 8810 	msr	PRIMASK, r0
10001ca4:	bf20      	wfe
10001ca6:	e7e5      	b.n	10001c74 <sleep_until+0x8c>
10001ca8:	2a00      	cmp	r2, #0
10001caa:	d0b5      	beq.n	10001c18 <sleep_until+0x30>
10001cac:	e7ca      	b.n	10001c44 <sleep_until+0x5c>
10001cae:	46c0      	nop			@ (mov r8, r8)
10001cb0:	100015dd 	.word	0x100015dd
10001cb4:	20000fc8 	.word	0x20000fc8
10001cb8:	20001f54 	.word	0x20001f54
10001cbc:	40054000 	.word	0x40054000

10001cc0 <sleep_us>:
10001cc0:	b570      	push	{r4, r5, r6, lr}
10001cc2:	0004      	movs	r4, r0
10001cc4:	000d      	movs	r5, r1
10001cc6:	f000 f8c9 	bl	10001e5c <time_us_64>
10001cca:	2380      	movs	r3, #128	@ 0x80
10001ccc:	1900      	adds	r0, r0, r4
10001cce:	4169      	adcs	r1, r5
10001cd0:	061b      	lsls	r3, r3, #24
10001cd2:	4299      	cmp	r1, r3
10001cd4:	d302      	bcc.n	10001cdc <sleep_us+0x1c>
10001cd6:	2001      	movs	r0, #1
10001cd8:	4902      	ldr	r1, [pc, #8]	@ (10001ce4 <sleep_us+0x24>)
10001cda:	4240      	negs	r0, r0
10001cdc:	f7ff ff84 	bl	10001be8 <sleep_until>
10001ce0:	bd70      	pop	{r4, r5, r6, pc}
10001ce2:	46c0      	nop			@ (mov r8, r8)
10001ce4:	7fffffff 	.word	0x7fffffff

10001ce8 <sleep_ms>:
10001ce8:	b570      	push	{r4, r5, r6, lr}
10001cea:	0006      	movs	r6, r0
10001cec:	f000 f8b6 	bl	10001e5c <time_us_64>
10001cf0:	22fa      	movs	r2, #250	@ 0xfa
10001cf2:	0004      	movs	r4, r0
10001cf4:	000d      	movs	r5, r1
10001cf6:	2300      	movs	r3, #0
10001cf8:	0030      	movs	r0, r6
10001cfa:	2100      	movs	r1, #0
10001cfc:	0092      	lsls	r2, r2, #2
10001cfe:	f001 fa41 	bl	10003184 <__wrap___aeabi_lmul>
10001d02:	2380      	movs	r3, #128	@ 0x80
10001d04:	1900      	adds	r0, r0, r4
10001d06:	4169      	adcs	r1, r5
10001d08:	061b      	lsls	r3, r3, #24
10001d0a:	4299      	cmp	r1, r3
10001d0c:	d302      	bcc.n	10001d14 <sleep_ms+0x2c>
10001d0e:	2001      	movs	r0, #1
10001d10:	4902      	ldr	r1, [pc, #8]	@ (10001d1c <sleep_ms+0x34>)
10001d12:	4240      	negs	r0, r0
10001d14:	f7ff ff68 	bl	10001be8 <sleep_until>
10001d18:	bd70      	pop	{r4, r5, r6, pc}
10001d1a:	46c0      	nop			@ (mov r8, r8)
10001d1c:	7fffffff 	.word	0x7fffffff

10001d20 <best_effort_wfe_or_timeout>:
10001d20:	b5f0      	push	{r4, r5, r6, r7, lr}
10001d22:	46d6      	mov	lr, sl
10001d24:	464f      	mov	r7, r9
10001d26:	4646      	mov	r6, r8
10001d28:	b5c0      	push	{r6, r7, lr}
10001d2a:	0004      	movs	r4, r0
10001d2c:	000d      	movs	r5, r1
10001d2e:	b082      	sub	sp, #8
10001d30:	f3ef 8305 	mrs	r3, IPSR
10001d34:	000f      	movs	r7, r1
10001d36:	2b00      	cmp	r3, #0
10001d38:	d131      	bne.n	10001d9e <best_effort_wfe_or_timeout+0x7e>
10001d3a:	4b3b      	ldr	r3, [pc, #236]	@ (10001e28 <best_effort_wfe_or_timeout+0x108>)
10001d3c:	4698      	mov	r8, r3
10001d3e:	681b      	ldr	r3, [r3, #0]
10001d40:	4283      	cmp	r3, r0
10001d42:	d027      	beq.n	10001d94 <best_effort_wfe_or_timeout+0x74>
10001d44:	4b39      	ldr	r3, [pc, #228]	@ (10001e2c <best_effort_wfe_or_timeout+0x10c>)
10001d46:	4699      	mov	r9, r3
10001d48:	68db      	ldr	r3, [r3, #12]
10001d4a:	469a      	mov	sl, r3
10001d4c:	464b      	mov	r3, r9
10001d4e:	4650      	mov	r0, sl
10001d50:	781e      	ldrb	r6, [r3, #0]
10001d52:	f000 f87b 	bl	10001e4c <timer_time_us_64>
10001d56:	000b      	movs	r3, r1
10001d58:	4651      	mov	r1, sl
10001d5a:	0002      	movs	r2, r0
10001d5c:	3604      	adds	r6, #4
10001d5e:	00b6      	lsls	r6, r6, #2
10001d60:	5871      	ldr	r1, [r6, r1]
10001d62:	0020      	movs	r0, r4
10001d64:	1a89      	subs	r1, r1, r2
10001d66:	468c      	mov	ip, r1
10001d68:	0029      	movs	r1, r5
10001d6a:	2600      	movs	r6, #0
10001d6c:	1a80      	subs	r0, r0, r2
10001d6e:	4199      	sbcs	r1, r3
10001d70:	428e      	cmp	r6, r1
10001d72:	dc24      	bgt.n	10001dbe <best_effort_wfe_or_timeout+0x9e>
10001d74:	d021      	beq.n	10001dba <best_effort_wfe_or_timeout+0x9a>
10001d76:	bf20      	wfe
10001d78:	4a2d      	ldr	r2, [pc, #180]	@ (10001e30 <best_effort_wfe_or_timeout+0x110>)
10001d7a:	6a53      	ldr	r3, [r2, #36]	@ 0x24
10001d7c:	42bb      	cmp	r3, r7
10001d7e:	d32a      	bcc.n	10001dd6 <best_effort_wfe_or_timeout+0xb6>
10001d80:	6a92      	ldr	r2, [r2, #40]	@ 0x28
10001d82:	2001      	movs	r0, #1
10001d84:	42a2      	cmp	r2, r4
10001d86:	d313      	bcc.n	10001db0 <best_effort_wfe_or_timeout+0x90>
10001d88:	b002      	add	sp, #8
10001d8a:	bce0      	pop	{r5, r6, r7}
10001d8c:	46ba      	mov	sl, r7
10001d8e:	46b1      	mov	r9, r6
10001d90:	46a8      	mov	r8, r5
10001d92:	bdf0      	pop	{r4, r5, r6, r7, pc}
10001d94:	4643      	mov	r3, r8
10001d96:	685b      	ldr	r3, [r3, #4]
10001d98:	428b      	cmp	r3, r1
10001d9a:	d1d3      	bne.n	10001d44 <best_effort_wfe_or_timeout+0x24>
10001d9c:	e7eb      	b.n	10001d76 <best_effort_wfe_or_timeout+0x56>
10001d9e:	4924      	ldr	r1, [pc, #144]	@ (10001e30 <best_effort_wfe_or_timeout+0x110>)
10001da0:	2000      	movs	r0, #0
10001da2:	6a4b      	ldr	r3, [r1, #36]	@ 0x24
10001da4:	42ab      	cmp	r3, r5
10001da6:	d3ef      	bcc.n	10001d88 <best_effort_wfe_or_timeout+0x68>
10001da8:	6a8a      	ldr	r2, [r1, #40]	@ 0x28
10001daa:	3001      	adds	r0, #1
10001dac:	42a2      	cmp	r2, r4
10001dae:	d2eb      	bcs.n	10001d88 <best_effort_wfe_or_timeout+0x68>
10001db0:	1b5b      	subs	r3, r3, r5
10001db2:	1e5a      	subs	r2, r3, #1
10001db4:	4193      	sbcs	r3, r2
10001db6:	b2d8      	uxtb	r0, r3
10001db8:	e7e6      	b.n	10001d88 <best_effort_wfe_or_timeout+0x68>
10001dba:	4584      	cmp	ip, r0
10001dbc:	d9db      	bls.n	10001d76 <best_effort_wfe_or_timeout+0x56>
10001dbe:	f000 f84d 	bl	10001e5c <time_us_64>
10001dc2:	0022      	movs	r2, r4
10001dc4:	002b      	movs	r3, r5
10001dc6:	1a12      	subs	r2, r2, r0
10001dc8:	418b      	sbcs	r3, r1
10001dca:	2b00      	cmp	r3, #0
10001dcc:	da05      	bge.n	10001dda <best_effort_wfe_or_timeout+0xba>
10001dce:	4a18      	ldr	r2, [pc, #96]	@ (10001e30 <best_effort_wfe_or_timeout+0x110>)
10001dd0:	6a53      	ldr	r3, [r2, #36]	@ 0x24
10001dd2:	42bb      	cmp	r3, r7
10001dd4:	d2d4      	bcs.n	10001d80 <best_effort_wfe_or_timeout+0x60>
10001dd6:	2000      	movs	r0, #0
10001dd8:	e7d6      	b.n	10001d88 <best_effort_wfe_or_timeout+0x68>
10001dda:	2300      	movs	r3, #0
10001ddc:	9301      	str	r3, [sp, #4]
10001dde:	4b15      	ldr	r3, [pc, #84]	@ (10001e34 <best_effort_wfe_or_timeout+0x114>)
10001de0:	0022      	movs	r2, r4
10001de2:	9300      	str	r3, [sp, #0]
10001de4:	4648      	mov	r0, r9
10001de6:	002b      	movs	r3, r5
10001de8:	f7ff fe6a 	bl	10001ac0 <alarm_pool_add_alarm_at_force_in_context>
10001dec:	1e01      	subs	r1, r0, #0
10001dee:	ddee      	ble.n	10001dce <best_effort_wfe_or_timeout+0xae>
10001df0:	4643      	mov	r3, r8
10001df2:	601c      	str	r4, [r3, #0]
10001df4:	605d      	str	r5, [r3, #4]
10001df6:	4b0e      	ldr	r3, [pc, #56]	@ (10001e30 <best_effort_wfe_or_timeout+0x110>)
10001df8:	6a5a      	ldr	r2, [r3, #36]	@ 0x24
10001dfa:	42ba      	cmp	r2, r7
10001dfc:	d311      	bcc.n	10001e22 <best_effort_wfe_or_timeout+0x102>
10001dfe:	6a9b      	ldr	r3, [r3, #40]	@ 0x28
10001e00:	42a3      	cmp	r3, r4
10001e02:	d30c      	bcc.n	10001e1e <best_effort_wfe_or_timeout+0xfe>
10001e04:	4648      	mov	r0, r9
10001e06:	f7ff feb3 	bl	10001b70 <alarm_pool_cancel_alarm>
10001e0a:	4a09      	ldr	r2, [pc, #36]	@ (10001e30 <best_effort_wfe_or_timeout+0x110>)
10001e0c:	2000      	movs	r0, #0
10001e0e:	6a53      	ldr	r3, [r2, #36]	@ 0x24
10001e10:	42bb      	cmp	r3, r7
10001e12:	d3b9      	bcc.n	10001d88 <best_effort_wfe_or_timeout+0x68>
10001e14:	6a92      	ldr	r2, [r2, #40]	@ 0x28
10001e16:	3001      	adds	r0, #1
10001e18:	42a2      	cmp	r2, r4
10001e1a:	d2b5      	bcs.n	10001d88 <best_effort_wfe_or_timeout+0x68>
10001e1c:	e7c8      	b.n	10001db0 <best_effort_wfe_or_timeout+0x90>
10001e1e:	42ba      	cmp	r2, r7
10001e20:	d1f0      	bne.n	10001e04 <best_effort_wfe_or_timeout+0xe4>
10001e22:	bf20      	wfe
10001e24:	e7ee      	b.n	10001e04 <best_effort_wfe_or_timeout+0xe4>
10001e26:	46c0      	nop			@ (mov r8, r8)
10001e28:	20000fc0 	.word	0x20000fc0
10001e2c:	20000fc8 	.word	0x20000fc8
10001e30:	40054000 	.word	0x40054000
10001e34:	100015dd 	.word	0x100015dd

10001e38 <timer_hardware_alarm_claim>:
10001e38:	b510      	push	{r4, lr}
10001e3a:	4a02      	ldr	r2, [pc, #8]	@ (10001e44 <timer_hardware_alarm_claim+0xc>)
10001e3c:	4802      	ldr	r0, [pc, #8]	@ (10001e48 <timer_hardware_alarm_claim+0x10>)
10001e3e:	f7ff f8df 	bl	10001000 <hw_claim_or_assert>
10001e42:	bd10      	pop	{r4, pc}
10001e44:	1000aa20 	.word	0x1000aa20
10001e48:	20001808 	.word	0x20001808

10001e4c <timer_time_us_64>:
10001e4c:	0003      	movs	r3, r0
10001e4e:	6a41      	ldr	r1, [r0, #36]	@ 0x24
10001e50:	000a      	movs	r2, r1
10001e52:	6a98      	ldr	r0, [r3, #40]	@ 0x28
10001e54:	6a59      	ldr	r1, [r3, #36]	@ 0x24
10001e56:	428a      	cmp	r2, r1
10001e58:	d1fa      	bne.n	10001e50 <timer_time_us_64+0x4>
10001e5a:	4770      	bx	lr

10001e5c <time_us_64>:
10001e5c:	4b03      	ldr	r3, [pc, #12]	@ (10001e6c <time_us_64+0x10>)
10001e5e:	6a59      	ldr	r1, [r3, #36]	@ 0x24
10001e60:	000a      	movs	r2, r1
10001e62:	6a98      	ldr	r0, [r3, #40]	@ 0x28
10001e64:	6a59      	ldr	r1, [r3, #36]	@ 0x24
10001e66:	4291      	cmp	r1, r2
10001e68:	d1fa      	bne.n	10001e60 <time_us_64+0x4>
10001e6a:	4770      	bx	lr
10001e6c:	40054000 	.word	0x40054000

10001e70 <busy_wait_until>:
10001e70:	4a06      	ldr	r2, [pc, #24]	@ (10001e8c <busy_wait_until+0x1c>)
10001e72:	6a53      	ldr	r3, [r2, #36]	@ 0x24
10001e74:	4299      	cmp	r1, r3
10001e76:	d8fc      	bhi.n	10001e72 <busy_wait_until+0x2>
10001e78:	d107      	bne.n	10001e8a <busy_wait_until+0x1a>
10001e7a:	4b04      	ldr	r3, [pc, #16]	@ (10001e8c <busy_wait_until+0x1c>)
10001e7c:	e002      	b.n	10001e84 <busy_wait_until+0x14>
10001e7e:	6a5a      	ldr	r2, [r3, #36]	@ 0x24
10001e80:	4291      	cmp	r1, r2
10001e82:	d102      	bne.n	10001e8a <busy_wait_until+0x1a>
10001e84:	6a9a      	ldr	r2, [r3, #40]	@ 0x28
10001e86:	4282      	cmp	r2, r0
10001e88:	d3f9      	bcc.n	10001e7e <busy_wait_until+0xe>
10001e8a:	4770      	bx	lr
10001e8c:	40054000 	.word	0x40054000

10001e90 <clock_configure_int_divider>:
10001e90:	b5f8      	push	{r3, r4, r5, r6, r7, lr}
10001e92:	46de      	mov	lr, fp
10001e94:	464e      	mov	r6, r9
10001e96:	4657      	mov	r7, sl
10001e98:	4645      	mov	r5, r8
10001e9a:	b5e0      	push	{r5, r6, r7, lr}
10001e9c:	468b      	mov	fp, r1
10001e9e:	0005      	movs	r5, r0
10001ea0:	990a      	ldr	r1, [sp, #40]	@ 0x28
10001ea2:	0018      	movs	r0, r3
10001ea4:	0016      	movs	r6, r2
10001ea6:	f000 fb51 	bl	1000254c <__wrap___aeabi_uidiv>
10001eaa:	9b0a      	ldr	r3, [sp, #40]	@ 0x28
10001eac:	006c      	lsls	r4, r5, #1
10001eae:	021f      	lsls	r7, r3, #8
10001eb0:	4b32      	ldr	r3, [pc, #200]	@ (10001f7c <clock_configure_int_divider+0xec>)
10001eb2:	1964      	adds	r4, r4, r5
10001eb4:	469c      	mov	ip, r3
10001eb6:	00a4      	lsls	r4, r4, #2
10001eb8:	4464      	add	r4, ip
10001eba:	6863      	ldr	r3, [r4, #4]
10001ebc:	4681      	mov	r9, r0
10001ebe:	429f      	cmp	r7, r3
10001ec0:	d900      	bls.n	10001ec4 <clock_configure_int_divider+0x34>
10001ec2:	6067      	str	r7, [r4, #4]
10001ec4:	1f2b      	subs	r3, r5, #4
10001ec6:	b2db      	uxtb	r3, r3
10001ec8:	4698      	mov	r8, r3
10001eca:	2b01      	cmp	r3, #1
10001ecc:	d930      	bls.n	10001f30 <clock_configure_int_divider+0xa0>
10001ece:	23c0      	movs	r3, #192	@ 0xc0
10001ed0:	2280      	movs	r2, #128	@ 0x80
10001ed2:	019b      	lsls	r3, r3, #6
10001ed4:	18e3      	adds	r3, r4, r3
10001ed6:	0112      	lsls	r2, r2, #4
10001ed8:	601a      	str	r2, [r3, #0]
10001eda:	4b29      	ldr	r3, [pc, #164]	@ (10001f80 <clock_configure_int_divider+0xf0>)
10001edc:	00ad      	lsls	r5, r5, #2
10001ede:	5959      	ldr	r1, [r3, r5]
10001ee0:	469a      	mov	sl, r3
10001ee2:	2900      	cmp	r1, #0
10001ee4:	d11b      	bne.n	10001f1e <clock_configure_int_divider+0x8e>
10001ee6:	0173      	lsls	r3, r6, #5
10001ee8:	26e0      	movs	r6, #224	@ 0xe0
10001eea:	6822      	ldr	r2, [r4, #0]
10001eec:	4053      	eors	r3, r2
10001eee:	401e      	ands	r6, r3
10001ef0:	2380      	movs	r3, #128	@ 0x80
10001ef2:	4642      	mov	r2, r8
10001ef4:	015b      	lsls	r3, r3, #5
10001ef6:	18e3      	adds	r3, r4, r3
10001ef8:	601e      	str	r6, [r3, #0]
10001efa:	2a01      	cmp	r2, #1
10001efc:	d930      	bls.n	10001f60 <clock_configure_int_divider+0xd0>
10001efe:	2380      	movs	r3, #128	@ 0x80
10001f00:	2280      	movs	r2, #128	@ 0x80
10001f02:	019b      	lsls	r3, r3, #6
10001f04:	18e3      	adds	r3, r4, r3
10001f06:	0112      	lsls	r2, r2, #4
10001f08:	601a      	str	r2, [r3, #0]
10001f0a:	4653      	mov	r3, sl
10001f0c:	464a      	mov	r2, r9
10001f0e:	6067      	str	r7, [r4, #4]
10001f10:	515a      	str	r2, [r3, r5]
10001f12:	bcf0      	pop	{r4, r5, r6, r7}
10001f14:	46bb      	mov	fp, r7
10001f16:	46b2      	mov	sl, r6
10001f18:	46a9      	mov	r9, r5
10001f1a:	46a0      	mov	r8, r4
10001f1c:	bdf8      	pop	{r3, r4, r5, r6, r7, pc}
10001f1e:	6958      	ldr	r0, [r3, #20]
10001f20:	f000 fb14 	bl	1000254c <__wrap___aeabi_uidiv>
10001f24:	3001      	adds	r0, #1
10001f26:	0043      	lsls	r3, r0, #1
10001f28:	181b      	adds	r3, r3, r0
10001f2a:	3b03      	subs	r3, #3
10001f2c:	d2fd      	bcs.n	10001f2a <clock_configure_int_divider+0x9a>
10001f2e:	e7da      	b.n	10001ee6 <clock_configure_int_divider+0x56>
10001f30:	465b      	mov	r3, fp
10001f32:	2b01      	cmp	r3, #1
10001f34:	d1cb      	bne.n	10001ece <clock_configure_int_divider+0x3e>
10001f36:	23c0      	movs	r3, #192	@ 0xc0
10001f38:	2203      	movs	r2, #3
10001f3a:	019b      	lsls	r3, r3, #6
10001f3c:	18e3      	adds	r3, r4, r3
10001f3e:	601a      	str	r2, [r3, #0]
10001f40:	3a02      	subs	r2, #2
10001f42:	68a3      	ldr	r3, [r4, #8]
10001f44:	421a      	tst	r2, r3
10001f46:	d0fc      	beq.n	10001f42 <clock_configure_int_divider+0xb2>
10001f48:	0173      	lsls	r3, r6, #5
10001f4a:	26e0      	movs	r6, #224	@ 0xe0
10001f4c:	6822      	ldr	r2, [r4, #0]
10001f4e:	00ad      	lsls	r5, r5, #2
10001f50:	4053      	eors	r3, r2
10001f52:	401e      	ands	r6, r3
10001f54:	2380      	movs	r3, #128	@ 0x80
10001f56:	4a0a      	ldr	r2, [pc, #40]	@ (10001f80 <clock_configure_int_divider+0xf0>)
10001f58:	015b      	lsls	r3, r3, #5
10001f5a:	4692      	mov	sl, r2
10001f5c:	18e3      	adds	r3, r4, r3
10001f5e:	601e      	str	r6, [r3, #0]
10001f60:	465a      	mov	r2, fp
10001f62:	6821      	ldr	r1, [r4, #0]
10001f64:	4051      	eors	r1, r2
10001f66:	2203      	movs	r2, #3
10001f68:	400a      	ands	r2, r1
10001f6a:	601a      	str	r2, [r3, #0]
10001f6c:	2201      	movs	r2, #1
10001f6e:	465b      	mov	r3, fp
10001f70:	409a      	lsls	r2, r3
10001f72:	68a3      	ldr	r3, [r4, #8]
10001f74:	421a      	tst	r2, r3
10001f76:	d0fc      	beq.n	10001f72 <clock_configure_int_divider+0xe2>
10001f78:	e7c1      	b.n	10001efe <clock_configure_int_divider+0x6e>
10001f7a:	46c0      	nop			@ (mov r8, r8)
10001f7c:	40008000 	.word	0x40008000
10001f80:	2000180c 	.word	0x2000180c

10001f84 <clock_configure_undivided>:
10001f84:	b5f0      	push	{r4, r5, r6, r7, lr}
10001f86:	4646      	mov	r6, r8
10001f88:	464f      	mov	r7, r9
10001f8a:	46d6      	mov	lr, sl
10001f8c:	b5c0      	push	{r6, r7, lr}
10001f8e:	001f      	movs	r7, r3
10001f90:	4b34      	ldr	r3, [pc, #208]	@ (10002064 <clock_configure_undivided+0xe0>)
10001f92:	0044      	lsls	r4, r0, #1
10001f94:	469c      	mov	ip, r3
10001f96:	1824      	adds	r4, r4, r0
10001f98:	00a4      	lsls	r4, r4, #2
10001f9a:	4464      	add	r4, ip
10001f9c:	6863      	ldr	r3, [r4, #4]
10001f9e:	4688      	mov	r8, r1
10001fa0:	0016      	movs	r6, r2
10001fa2:	2bff      	cmp	r3, #255	@ 0xff
10001fa4:	d802      	bhi.n	10001fac <clock_configure_undivided+0x28>
10001fa6:	2380      	movs	r3, #128	@ 0x80
10001fa8:	005b      	lsls	r3, r3, #1
10001faa:	6063      	str	r3, [r4, #4]
10001fac:	1f03      	subs	r3, r0, #4
10001fae:	b2db      	uxtb	r3, r3
10001fb0:	469a      	mov	sl, r3
10001fb2:	2b01      	cmp	r3, #1
10001fb4:	d930      	bls.n	10002018 <clock_configure_undivided+0x94>
10001fb6:	23c0      	movs	r3, #192	@ 0xc0
10001fb8:	2280      	movs	r2, #128	@ 0x80
10001fba:	019b      	lsls	r3, r3, #6
10001fbc:	18e3      	adds	r3, r4, r3
10001fbe:	0112      	lsls	r2, r2, #4
10001fc0:	601a      	str	r2, [r3, #0]
10001fc2:	4b29      	ldr	r3, [pc, #164]	@ (10002068 <clock_configure_undivided+0xe4>)
10001fc4:	0085      	lsls	r5, r0, #2
10001fc6:	5959      	ldr	r1, [r3, r5]
10001fc8:	4699      	mov	r9, r3
10001fca:	2900      	cmp	r1, #0
10001fcc:	d11b      	bne.n	10002006 <clock_configure_undivided+0x82>
10001fce:	0173      	lsls	r3, r6, #5
10001fd0:	26e0      	movs	r6, #224	@ 0xe0
10001fd2:	6822      	ldr	r2, [r4, #0]
10001fd4:	4053      	eors	r3, r2
10001fd6:	401e      	ands	r6, r3
10001fd8:	2380      	movs	r3, #128	@ 0x80
10001fda:	4652      	mov	r2, sl
10001fdc:	015b      	lsls	r3, r3, #5
10001fde:	18e3      	adds	r3, r4, r3
10001fe0:	601e      	str	r6, [r3, #0]
10001fe2:	2a01      	cmp	r2, #1
10001fe4:	d930      	bls.n	10002048 <clock_configure_undivided+0xc4>
10001fe6:	2380      	movs	r3, #128	@ 0x80
10001fe8:	2280      	movs	r2, #128	@ 0x80
10001fea:	019b      	lsls	r3, r3, #6
10001fec:	18e3      	adds	r3, r4, r3
10001fee:	0112      	lsls	r2, r2, #4
10001ff0:	601a      	str	r2, [r3, #0]
10001ff2:	2380      	movs	r3, #128	@ 0x80
10001ff4:	005b      	lsls	r3, r3, #1
10001ff6:	6063      	str	r3, [r4, #4]
10001ff8:	464b      	mov	r3, r9
10001ffa:	515f      	str	r7, [r3, r5]
10001ffc:	bce0      	pop	{r5, r6, r7}
10001ffe:	46ba      	mov	sl, r7
10002000:	46b1      	mov	r9, r6
10002002:	46a8      	mov	r8, r5
10002004:	bdf0      	pop	{r4, r5, r6, r7, pc}
10002006:	6958      	ldr	r0, [r3, #20]
10002008:	f000 faa0 	bl	1000254c <__wrap___aeabi_uidiv>
1000200c:	3001      	adds	r0, #1
1000200e:	0043      	lsls	r3, r0, #1
10002010:	181b      	adds	r3, r3, r0
10002012:	3b03      	subs	r3, #3
10002014:	d2fd      	bcs.n	10002012 <clock_configure_undivided+0x8e>
10002016:	e7da      	b.n	10001fce <clock_configure_undivided+0x4a>
10002018:	4643      	mov	r3, r8
1000201a:	2b01      	cmp	r3, #1
1000201c:	d1cb      	bne.n	10001fb6 <clock_configure_undivided+0x32>
1000201e:	23c0      	movs	r3, #192	@ 0xc0
10002020:	2203      	movs	r2, #3
10002022:	019b      	lsls	r3, r3, #6
10002024:	18e3      	adds	r3, r4, r3
10002026:	601a      	str	r2, [r3, #0]
10002028:	3a02      	subs	r2, #2
1000202a:	68a3      	ldr	r3, [r4, #8]
1000202c:	421a      	tst	r2, r3
1000202e:	d0fc      	beq.n	1000202a <clock_configure_undivided+0xa6>
10002030:	0173      	lsls	r3, r6, #5
10002032:	26e0      	movs	r6, #224	@ 0xe0
10002034:	6822      	ldr	r2, [r4, #0]
10002036:	0085      	lsls	r5, r0, #2
10002038:	4053      	eors	r3, r2
1000203a:	401e      	ands	r6, r3
1000203c:	2380      	movs	r3, #128	@ 0x80
1000203e:	4a0a      	ldr	r2, [pc, #40]	@ (10002068 <clock_configure_undivided+0xe4>)
10002040:	015b      	lsls	r3, r3, #5
10002042:	4691      	mov	r9, r2
10002044:	18e3      	adds	r3, r4, r3
10002046:	601e      	str	r6, [r3, #0]
10002048:	4642      	mov	r2, r8
1000204a:	6821      	ldr	r1, [r4, #0]
1000204c:	4051      	eors	r1, r2
1000204e:	2203      	movs	r2, #3
10002050:	400a      	ands	r2, r1
10002052:	601a      	str	r2, [r3, #0]
10002054:	2301      	movs	r3, #1
10002056:	4642      	mov	r2, r8
10002058:	4093      	lsls	r3, r2
1000205a:	68a2      	ldr	r2, [r4, #8]
1000205c:	4213      	tst	r3, r2
1000205e:	d0fc      	beq.n	1000205a <clock_configure_undivided+0xd6>
10002060:	e7c1      	b.n	10001fe6 <clock_configure_undivided+0x62>
10002062:	46c0      	nop			@ (mov r8, r8)
10002064:	40008000 	.word	0x40008000
10002068:	2000180c 	.word	0x2000180c

1000206c <clock_get_hz>:
1000206c:	4b01      	ldr	r3, [pc, #4]	@ (10002074 <clock_get_hz+0x8>)
1000206e:	0080      	lsls	r0, r0, #2
10002070:	58c0      	ldr	r0, [r0, r3]
10002072:	4770      	bx	lr
10002074:	2000180c 	.word	0x2000180c

10002078 <pll_init>:
10002078:	b5f8      	push	{r3, r4, r5, r6, r7, lr}
1000207a:	0004      	movs	r4, r0
1000207c:	4821      	ldr	r0, [pc, #132]	@ (10002104 <pll_init+0x8c>)
1000207e:	001e      	movs	r6, r3
10002080:	0017      	movs	r7, r2
10002082:	000d      	movs	r5, r1
10002084:	f000 fa62 	bl	1000254c <__wrap___aeabi_uidiv>
10002088:	0001      	movs	r1, r0
1000208a:	0038      	movs	r0, r7
1000208c:	f000 fa5e 	bl	1000254c <__wrap___aeabi_uidiv>
10002090:	9b06      	ldr	r3, [sp, #24]
10002092:	0436      	lsls	r6, r6, #16
10002094:	031b      	lsls	r3, r3, #12
10002096:	431e      	orrs	r6, r3
10002098:	6823      	ldr	r3, [r4, #0]
1000209a:	2b00      	cmp	r3, #0
1000209c:	db20      	blt.n	100020e0 <pll_init+0x68>
1000209e:	4b1a      	ldr	r3, [pc, #104]	@ (10002108 <pll_init+0x90>)
100020a0:	491a      	ldr	r1, [pc, #104]	@ (1000210c <pll_init+0x94>)
100020a2:	18e3      	adds	r3, r4, r3
100020a4:	1e5a      	subs	r2, r3, #1
100020a6:	4193      	sbcs	r3, r2
100020a8:	2280      	movs	r2, #128	@ 0x80
100020aa:	0192      	lsls	r2, r2, #6
100020ac:	4694      	mov	ip, r2
100020ae:	425b      	negs	r3, r3
100020b0:	0b1b      	lsrs	r3, r3, #12
100020b2:	4a17      	ldr	r2, [pc, #92]	@ (10002110 <pll_init+0x98>)
100020b4:	031b      	lsls	r3, r3, #12
100020b6:	4463      	add	r3, ip
100020b8:	6013      	str	r3, [r2, #0]
100020ba:	4a16      	ldr	r2, [pc, #88]	@ (10002114 <pll_init+0x9c>)
100020bc:	6013      	str	r3, [r2, #0]
100020be:	001f      	movs	r7, r3
100020c0:	680a      	ldr	r2, [r1, #0]
100020c2:	4397      	bics	r7, r2
100020c4:	d1fb      	bne.n	100020be <pll_init+0x46>
100020c6:	4b14      	ldr	r3, [pc, #80]	@ (10002118 <pll_init+0xa0>)
100020c8:	6025      	str	r5, [r4, #0]
100020ca:	18e2      	adds	r2, r4, r3
100020cc:	2321      	movs	r3, #33	@ 0x21
100020ce:	60a0      	str	r0, [r4, #8]
100020d0:	6013      	str	r3, [r2, #0]
100020d2:	6823      	ldr	r3, [r4, #0]
100020d4:	2b00      	cmp	r3, #0
100020d6:	dafc      	bge.n	100020d2 <pll_init+0x5a>
100020d8:	2308      	movs	r3, #8
100020da:	60e6      	str	r6, [r4, #12]
100020dc:	6013      	str	r3, [r2, #0]
100020de:	bdf8      	pop	{r3, r4, r5, r6, r7, pc}
100020e0:	233f      	movs	r3, #63	@ 0x3f
100020e2:	6822      	ldr	r2, [r4, #0]
100020e4:	4013      	ands	r3, r2
100020e6:	42ab      	cmp	r3, r5
100020e8:	d1d9      	bne.n	1000209e <pll_init+0x26>
100020ea:	68a3      	ldr	r3, [r4, #8]
100020ec:	051b      	lsls	r3, r3, #20
100020ee:	0d1b      	lsrs	r3, r3, #20
100020f0:	4283      	cmp	r3, r0
100020f2:	d1d4      	bne.n	1000209e <pll_init+0x26>
100020f4:	22ee      	movs	r2, #238	@ 0xee
100020f6:	68e3      	ldr	r3, [r4, #12]
100020f8:	02d2      	lsls	r2, r2, #11
100020fa:	4013      	ands	r3, r2
100020fc:	42b3      	cmp	r3, r6
100020fe:	d1ce      	bne.n	1000209e <pll_init+0x26>
10002100:	e7ed      	b.n	100020de <pll_init+0x66>
10002102:	46c0      	nop			@ (mov r8, r8)
10002104:	00b71b00 	.word	0x00b71b00
10002108:	bffd4000 	.word	0xbffd4000
1000210c:	4000c008 	.word	0x4000c008
10002110:	4000e000 	.word	0x4000e000
10002114:	4000f000 	.word	0x4000f000
10002118:	00003004 	.word	0x00003004

1000211c <watchdog_reboot>:
1000211c:	b510      	push	{r4, lr}
1000211e:	2480      	movs	r4, #128	@ 0x80
10002120:	4b1c      	ldr	r3, [pc, #112]	@ (10002194 <watchdog_reboot+0x78>)
10002122:	05e4      	lsls	r4, r4, #23
10002124:	601c      	str	r4, [r3, #0]
10002126:	2800      	cmp	r0, #0
10002128:	d01a      	beq.n	10002160 <watchdog_reboot+0x44>
1000212a:	2301      	movs	r3, #1
1000212c:	4c1a      	ldr	r4, [pc, #104]	@ (10002198 <watchdog_reboot+0x7c>)
1000212e:	4318      	orrs	r0, r3
10002130:	4b1a      	ldr	r3, [pc, #104]	@ (1000219c <watchdog_reboot+0x80>)
10002132:	61dc      	str	r4, [r3, #28]
10002134:	4c1a      	ldr	r4, [pc, #104]	@ (100021a0 <watchdog_reboot+0x84>)
10002136:	4044      	eors	r4, r0
10002138:	621c      	str	r4, [r3, #32]
1000213a:	6259      	str	r1, [r3, #36]	@ 0x24
1000213c:	6298      	str	r0, [r3, #40]	@ 0x28
1000213e:	2180      	movs	r1, #128	@ 0x80
10002140:	4b14      	ldr	r3, [pc, #80]	@ (10002194 <watchdog_reboot+0x78>)
10002142:	05c9      	lsls	r1, r1, #23
10002144:	6019      	str	r1, [r3, #0]
10002146:	4817      	ldr	r0, [pc, #92]	@ (100021a4 <watchdog_reboot+0x88>)
10002148:	4917      	ldr	r1, [pc, #92]	@ (100021a8 <watchdog_reboot+0x8c>)
1000214a:	6008      	str	r0, [r1, #0]
1000214c:	21e0      	movs	r1, #224	@ 0xe0
1000214e:	04c9      	lsls	r1, r1, #19
10002150:	6019      	str	r1, [r3, #0]
10002152:	2a00      	cmp	r2, #0
10002154:	d107      	bne.n	10002166 <watchdog_reboot+0x4a>
10002156:	2280      	movs	r2, #128	@ 0x80
10002158:	4b14      	ldr	r3, [pc, #80]	@ (100021ac <watchdog_reboot+0x90>)
1000215a:	0612      	lsls	r2, r2, #24
1000215c:	601a      	str	r2, [r3, #0]
1000215e:	bd10      	pop	{r4, pc}
10002160:	4b0e      	ldr	r3, [pc, #56]	@ (1000219c <watchdog_reboot+0x80>)
10002162:	61d8      	str	r0, [r3, #28]
10002164:	e7eb      	b.n	1000213e <watchdog_reboot+0x22>
10002166:	0153      	lsls	r3, r2, #5
10002168:	1a9b      	subs	r3, r3, r2
1000216a:	009b      	lsls	r3, r3, #2
1000216c:	189a      	adds	r2, r3, r2
1000216e:	2380      	movs	r3, #128	@ 0x80
10002170:	0112      	lsls	r2, r2, #4
10002172:	045b      	lsls	r3, r3, #17
10002174:	429a      	cmp	r2, r3
10002176:	d209      	bcs.n	1000218c <watchdog_reboot+0x70>
10002178:	0013      	movs	r3, r2
1000217a:	490d      	ldr	r1, [pc, #52]	@ (100021b0 <watchdog_reboot+0x94>)
1000217c:	600b      	str	r3, [r1, #0]
1000217e:	4b07      	ldr	r3, [pc, #28]	@ (1000219c <watchdog_reboot+0x80>)
10002180:	605a      	str	r2, [r3, #4]
10002182:	2280      	movs	r2, #128	@ 0x80
10002184:	4b09      	ldr	r3, [pc, #36]	@ (100021ac <watchdog_reboot+0x90>)
10002186:	05d2      	lsls	r2, r2, #23
10002188:	601a      	str	r2, [r3, #0]
1000218a:	e7e8      	b.n	1000215e <watchdog_reboot+0x42>
1000218c:	4b09      	ldr	r3, [pc, #36]	@ (100021b4 <watchdog_reboot+0x98>)
1000218e:	001a      	movs	r2, r3
10002190:	e7f3      	b.n	1000217a <watchdog_reboot+0x5e>
10002192:	46c0      	nop			@ (mov r8, r8)
10002194:	4005b000 	.word	0x4005b000
10002198:	b007c0d3 	.word	0xb007c0d3
1000219c:	40058000 	.word	0x40058000
100021a0:	4ff83f2d 	.word	0x4ff83f2d
100021a4:	0001fffc 	.word	0x0001fffc
100021a8:	40012008 	.word	0x40012008
100021ac:	4005a000 	.word	0x4005a000
100021b0:	20001c84 	.word	0x20001c84
100021b4:	00ffffff 	.word	0x00ffffff

100021b8 <tick_start>:
100021b8:	2380      	movs	r3, #128	@ 0x80
100021ba:	4a02      	ldr	r2, [pc, #8]	@ (100021c4 <tick_start+0xc>)
100021bc:	009b      	lsls	r3, r3, #2
100021be:	430b      	orrs	r3, r1
100021c0:	62d3      	str	r3, [r2, #44]	@ 0x2c
100021c2:	4770      	bx	lr
100021c4:	40058000 	.word	0x40058000

100021c8 <rom_func_lookup>:
100021c8:	2314      	movs	r3, #20
100021ca:	b510      	push	{r4, lr}
100021cc:	0001      	movs	r1, r0
100021ce:	8818      	ldrh	r0, [r3, #0]
100021d0:	3304      	adds	r3, #4
100021d2:	881b      	ldrh	r3, [r3, #0]
100021d4:	4798      	blx	r3
100021d6:	bd10      	pop	{r4, pc}

100021d8 <rom_data_lookup>:
100021d8:	2316      	movs	r3, #22
100021da:	b510      	push	{r4, lr}
100021dc:	0001      	movs	r1, r0
100021de:	8818      	ldrh	r0, [r3, #0]
100021e0:	3302      	adds	r3, #2
100021e2:	881b      	ldrh	r3, [r3, #0]
100021e4:	4798      	blx	r3
100021e6:	bd10      	pop	{r4, pc}

100021e8 <rom_funcs_lookup>:
100021e8:	b5f8      	push	{r3, r4, r5, r6, r7, lr}
100021ea:	4647      	mov	r7, r8
100021ec:	46ce      	mov	lr, r9
100021ee:	b580      	push	{r7, lr}
100021f0:	1e0f      	subs	r7, r1, #0
100021f2:	d019      	beq.n	10002228 <rom_funcs_lookup+0x40>
100021f4:	2314      	movs	r3, #20
100021f6:	4699      	mov	r9, r3
100021f8:	3304      	adds	r3, #4
100021fa:	0004      	movs	r4, r0
100021fc:	2500      	movs	r5, #0
100021fe:	2601      	movs	r6, #1
10002200:	4698      	mov	r8, r3
10002202:	464b      	mov	r3, r9
10002204:	8818      	ldrh	r0, [r3, #0]
10002206:	4643      	mov	r3, r8
10002208:	6821      	ldr	r1, [r4, #0]
1000220a:	881b      	ldrh	r3, [r3, #0]
1000220c:	4798      	blx	r3
1000220e:	c401      	stmia	r4!, {r0}
10002210:	1e43      	subs	r3, r0, #1
10002212:	4198      	sbcs	r0, r3
10002214:	3501      	adds	r5, #1
10002216:	4240      	negs	r0, r0
10002218:	4006      	ands	r6, r0
1000221a:	42af      	cmp	r7, r5
1000221c:	d1f1      	bne.n	10002202 <rom_funcs_lookup+0x1a>
1000221e:	0030      	movs	r0, r6
10002220:	bcc0      	pop	{r6, r7}
10002222:	46b9      	mov	r9, r7
10002224:	46b0      	mov	r8, r6
10002226:	bdf8      	pop	{r3, r4, r5, r6, r7, pc}
10002228:	2601      	movs	r6, #1
1000222a:	e7f8      	b.n	1000221e <rom_funcs_lookup+0x36>

1000222c <rom_reset_usb_boot_extra>:
1000222c:	2314      	movs	r3, #20
1000222e:	b570      	push	{r4, r5, r6, lr}
10002230:	0004      	movs	r4, r0
10002232:	8818      	ldrh	r0, [r3, #0]
10002234:	3304      	adds	r3, #4
10002236:	881b      	ldrh	r3, [r3, #0]
10002238:	000d      	movs	r5, r1
1000223a:	4905      	ldr	r1, [pc, #20]	@ (10002250 <rom_reset_usb_boot_extra+0x24>)
1000223c:	4798      	blx	r3
1000223e:	0003      	movs	r3, r0
10002240:	2000      	movs	r0, #0
10002242:	2c00      	cmp	r4, #0
10002244:	db01      	blt.n	1000224a <rom_reset_usb_boot_extra+0x1e>
10002246:	3001      	adds	r0, #1
10002248:	40a0      	lsls	r0, r4
1000224a:	0029      	movs	r1, r5
1000224c:	4798      	blx	r3
1000224e:	46c0      	nop			@ (mov r8, r8)
10002250:	00004255 	.word	0x00004255

10002254 <xosc_init>:
10002254:	23aa      	movs	r3, #170	@ 0xaa
10002256:	4a06      	ldr	r2, [pc, #24]	@ (10002270 <xosc_init+0x1c>)
10002258:	011b      	lsls	r3, r3, #4
1000225a:	6013      	str	r3, [r2, #0]
1000225c:	238d      	movs	r3, #141	@ 0x8d
1000225e:	005b      	lsls	r3, r3, #1
10002260:	60d3      	str	r3, [r2, #12]
10002262:	4904      	ldr	r1, [pc, #16]	@ (10002274 <xosc_init+0x20>)
10002264:	4b04      	ldr	r3, [pc, #16]	@ (10002278 <xosc_init+0x24>)
10002266:	6019      	str	r1, [r3, #0]
10002268:	6853      	ldr	r3, [r2, #4]
1000226a:	2b00      	cmp	r3, #0
1000226c:	dafc      	bge.n	10002268 <xosc_init+0x14>
1000226e:	4770      	bx	lr
10002270:	40024000 	.word	0x40024000
10002274:	00fab000 	.word	0x00fab000
10002278:	40026000 	.word	0x40026000

1000227c <first_per_core_initializer>:
1000227c:	4770      	bx	lr
1000227e:	46c0      	nop			@ (mov r8, r8)

10002280 <hard_assertion_failure>:
10002280:	b510      	push	{r4, lr}
10002282:	4801      	ldr	r0, [pc, #4]	@ (10002288 <hard_assertion_failure+0x8>)
10002284:	f7fe fe9e 	bl	10000fc4 <panic>
10002288:	1000aa44 	.word	0x1000aa44

1000228c <runtime_run_initializers>:
1000228c:	b570      	push	{r4, r5, r6, lr}
1000228e:	4d07      	ldr	r5, [pc, #28]	@ (100022ac <runtime_run_initializers+0x20>)
10002290:	4e07      	ldr	r6, [pc, #28]	@ (100022b0 <runtime_run_initializers+0x24>)
10002292:	42b5      	cmp	r5, r6
10002294:	d209      	bcs.n	100022aa <runtime_run_initializers+0x1e>
10002296:	2400      	movs	r4, #0
10002298:	3e01      	subs	r6, #1
1000229a:	1b76      	subs	r6, r6, r5
1000229c:	08b6      	lsrs	r6, r6, #2
1000229e:	cd08      	ldmia	r5!, {r3}
100022a0:	4798      	blx	r3
100022a2:	0023      	movs	r3, r4
100022a4:	3401      	adds	r4, #1
100022a6:	42b3      	cmp	r3, r6
100022a8:	d1f9      	bne.n	1000229e <runtime_run_initializers+0x12>
100022aa:	bd70      	pop	{r4, r5, r6, pc}
100022ac:	1000a708 	.word	0x1000a708
100022b0:	1000a748 	.word	0x1000a748

100022b4 <runtime_run_per_core_initializers>:
100022b4:	b570      	push	{r4, r5, r6, lr}
100022b6:	4d07      	ldr	r5, [pc, #28]	@ (100022d4 <runtime_run_per_core_initializers+0x20>)
100022b8:	4e07      	ldr	r6, [pc, #28]	@ (100022d8 <runtime_run_per_core_initializers+0x24>)
100022ba:	42b5      	cmp	r5, r6
100022bc:	d209      	bcs.n	100022d2 <runtime_run_per_core_initializers+0x1e>
100022be:	2400      	movs	r4, #0
100022c0:	3e01      	subs	r6, #1
100022c2:	1b76      	subs	r6, r6, r5
100022c4:	08b6      	lsrs	r6, r6, #2
100022c6:	cd08      	ldmia	r5!, {r3}
100022c8:	4798      	blx	r3
100022ca:	0023      	movs	r3, r4
100022cc:	3401      	adds	r4, #1
100022ce:	42b3      	cmp	r3, r6
100022d0:	d1f9      	bne.n	100022c6 <runtime_run_per_core_initializers+0x12>
100022d2:	bd70      	pop	{r4, r5, r6, pc}
100022d4:	1000a73c 	.word	0x1000a73c
100022d8:	1000a748 	.word	0x1000a748

100022dc <runtime_init_early_resets>:
100022dc:	4b05      	ldr	r3, [pc, #20]	@ (100022f4 <runtime_init_early_resets+0x18>)
100022de:	4a06      	ldr	r2, [pc, #24]	@ (100022f8 <runtime_init_early_resets+0x1c>)
100022e0:	4906      	ldr	r1, [pc, #24]	@ (100022fc <runtime_init_early_resets+0x20>)
100022e2:	601a      	str	r2, [r3, #0]
100022e4:	4a06      	ldr	r2, [pc, #24]	@ (10002300 <runtime_init_early_resets+0x24>)
100022e6:	4b07      	ldr	r3, [pc, #28]	@ (10002304 <runtime_init_early_resets+0x28>)
100022e8:	601a      	str	r2, [r3, #0]
100022ea:	0010      	movs	r0, r2
100022ec:	680b      	ldr	r3, [r1, #0]
100022ee:	4398      	bics	r0, r3
100022f0:	d1fb      	bne.n	100022ea <runtime_init_early_resets+0xe>
100022f2:	4770      	bx	lr
100022f4:	4000e000 	.word	0x4000e000
100022f8:	fefbcdbf 	.word	0xfefbcdbf
100022fc:	4000c008 	.word	0x4000c008
10002300:	003c7ffe 	.word	0x003c7ffe
10002304:	4000f000 	.word	0x4000f000

10002308 <runtime_init_usb_power_down>:
10002308:	4b04      	ldr	r3, [pc, #16]	@ (1000231c <runtime_init_usb_power_down+0x14>)
1000230a:	6cdb      	ldr	r3, [r3, #76]	@ 0x4c
1000230c:	2b00      	cmp	r3, #0
1000230e:	d103      	bne.n	10002318 <runtime_init_usb_power_down+0x10>
10002310:	2280      	movs	r2, #128	@ 0x80
10002312:	4b03      	ldr	r3, [pc, #12]	@ (10002320 <runtime_init_usb_power_down+0x18>)
10002314:	02d2      	lsls	r2, r2, #11
10002316:	601a      	str	r2, [r3, #0]
10002318:	4770      	bx	lr
1000231a:	46c0      	nop			@ (mov r8, r8)
1000231c:	50110000 	.word	0x50110000
10002320:	5011204c 	.word	0x5011204c

10002324 <runtime_init_post_clock_resets>:
10002324:	4a04      	ldr	r2, [pc, #16]	@ (10002338 <runtime_init_post_clock_resets+0x14>)
10002326:	4b05      	ldr	r3, [pc, #20]	@ (1000233c <runtime_init_post_clock_resets+0x18>)
10002328:	601a      	str	r2, [r3, #0]
1000232a:	4a05      	ldr	r2, [pc, #20]	@ (10002340 <runtime_init_post_clock_resets+0x1c>)
1000232c:	6813      	ldr	r3, [r2, #0]
1000232e:	01db      	lsls	r3, r3, #7
10002330:	3380      	adds	r3, #128	@ 0x80
10002332:	d1fb      	bne.n	1000232c <runtime_init_post_clock_resets+0x8>
10002334:	4770      	bx	lr
10002336:	46c0      	nop			@ (mov r8, r8)
10002338:	01ffffff 	.word	0x01ffffff
1000233c:	4000f000 	.word	0x4000f000
10002340:	4000c008 	.word	0x4000c008

10002344 <runtime_init_rp2040_gpio_ie_disable>:
10002344:	2240      	movs	r2, #64	@ 0x40
10002346:	4b03      	ldr	r3, [pc, #12]	@ (10002354 <runtime_init_rp2040_gpio_ie_disable+0x10>)
10002348:	679a      	str	r2, [r3, #120]	@ 0x78
1000234a:	675a      	str	r2, [r3, #116]	@ 0x74
1000234c:	671a      	str	r2, [r3, #112]	@ 0x70
1000234e:	66da      	str	r2, [r3, #108]	@ 0x6c
10002350:	4770      	bx	lr
10002352:	46c0      	nop			@ (mov r8, r8)
10002354:	4001f000 	.word	0x4001f000

10002358 <runtime_init_spin_locks_reset>:
10002358:	b510      	push	{r4, lr}
1000235a:	f7fe feeb 	bl	10001134 <spin_locks_reset>
1000235e:	bd10      	pop	{r4, pc}

10002360 <runtime_init_install_ram_vector_table>:
10002360:	b5f8      	push	{r3, r4, r5, r6, r7, lr}
10002362:	4927      	ldr	r1, [pc, #156]	@ (10002400 <runtime_init_install_ram_vector_table+0xa0>)
10002364:	4c27      	ldr	r4, [pc, #156]	@ (10002404 <runtime_init_install_ram_vector_table+0xa4>)
10002366:	4d28      	ldr	r5, [pc, #160]	@ (10002408 <runtime_init_install_ram_vector_table+0xa8>)
10002368:	1a64      	subs	r4, r4, r1
1000236a:	08a4      	lsrs	r4, r4, #2
1000236c:	0022      	movs	r2, r4
1000236e:	2c30      	cmp	r4, #48	@ 0x30
10002370:	d900      	bls.n	10002374 <runtime_init_install_ram_vector_table+0x14>
10002372:	2230      	movs	r2, #48	@ 0x30
10002374:	0028      	movs	r0, r5
10002376:	0092      	lsls	r2, r2, #2
10002378:	f000 ffe2 	bl	10003340 <__wrap___aeabi_memcpy>
1000237c:	2c2f      	cmp	r4, #47	@ 0x2f
1000237e:	d83b      	bhi.n	100023f8 <runtime_init_install_ram_vector_table+0x98>
10002380:	2030      	movs	r0, #48	@ 0x30
10002382:	212f      	movs	r1, #47	@ 0x2f
10002384:	00a7      	lsls	r7, r4, #2
10002386:	19eb      	adds	r3, r5, r7
10002388:	075b      	lsls	r3, r3, #29
1000238a:	4a20      	ldr	r2, [pc, #128]	@ (1000240c <runtime_init_install_ram_vector_table+0xac>)
1000238c:	1b00      	subs	r0, r0, r4
1000238e:	0fdb      	lsrs	r3, r3, #31
10002390:	1b09      	subs	r1, r1, r4
10002392:	2905      	cmp	r1, #5
10002394:	d916      	bls.n	100023c4 <runtime_init_install_ram_vector_table+0x64>
10002396:	0026      	movs	r6, r4
10002398:	2b00      	cmp	r3, #0
1000239a:	d001      	beq.n	100023a0 <runtime_init_install_ram_vector_table+0x40>
1000239c:	51ea      	str	r2, [r5, r7]
1000239e:	1c66      	adds	r6, r4, #1
100023a0:	1ac0      	subs	r0, r0, r3
100023a2:	18e3      	adds	r3, r4, r3
100023a4:	009b      	lsls	r3, r3, #2
100023a6:	0841      	lsrs	r1, r0, #1
100023a8:	18eb      	adds	r3, r5, r3
100023aa:	00c9      	lsls	r1, r1, #3
100023ac:	18c9      	adds	r1, r1, r3
100023ae:	601a      	str	r2, [r3, #0]
100023b0:	605a      	str	r2, [r3, #4]
100023b2:	3308      	adds	r3, #8
100023b4:	428b      	cmp	r3, r1
100023b6:	d1fa      	bne.n	100023ae <runtime_init_install_ram_vector_table+0x4e>
100023b8:	2301      	movs	r3, #1
100023ba:	4203      	tst	r3, r0
100023bc:	d01c      	beq.n	100023f8 <runtime_init_install_ram_vector_table+0x98>
100023be:	4398      	bics	r0, r3
100023c0:	1984      	adds	r4, r0, r6
100023c2:	00a7      	lsls	r7, r4, #2
100023c4:	51ea      	str	r2, [r5, r7]
100023c6:	1c63      	adds	r3, r4, #1
100023c8:	2c2f      	cmp	r4, #47	@ 0x2f
100023ca:	d015      	beq.n	100023f8 <runtime_init_install_ram_vector_table+0x98>
100023cc:	009b      	lsls	r3, r3, #2
100023ce:	50ea      	str	r2, [r5, r3]
100023d0:	1ca3      	adds	r3, r4, #2
100023d2:	2c2e      	cmp	r4, #46	@ 0x2e
100023d4:	d010      	beq.n	100023f8 <runtime_init_install_ram_vector_table+0x98>
100023d6:	009b      	lsls	r3, r3, #2
100023d8:	50ea      	str	r2, [r5, r3]
100023da:	1ce3      	adds	r3, r4, #3
100023dc:	2c2d      	cmp	r4, #45	@ 0x2d
100023de:	d00b      	beq.n	100023f8 <runtime_init_install_ram_vector_table+0x98>
100023e0:	009b      	lsls	r3, r3, #2
100023e2:	50ea      	str	r2, [r5, r3]
100023e4:	1d23      	adds	r3, r4, #4
100023e6:	2c2c      	cmp	r4, #44	@ 0x2c
100023e8:	d006      	beq.n	100023f8 <runtime_init_install_ram_vector_table+0x98>
100023ea:	009b      	lsls	r3, r3, #2
100023ec:	50ea      	str	r2, [r5, r3]
100023ee:	1d63      	adds	r3, r4, #5
100023f0:	2c2b      	cmp	r4, #43	@ 0x2b
100023f2:	d001      	beq.n	100023f8 <runtime_init_install_ram_vector_table+0x98>
100023f4:	009b      	lsls	r3, r3, #2
100023f6:	50ea      	str	r2, [r5, r3]
100023f8:	4b05      	ldr	r3, [pc, #20]	@ (10002410 <runtime_init_install_ram_vector_table+0xb0>)
100023fa:	609d      	str	r5, [r3, #8]
100023fc:	bdf8      	pop	{r3, r4, r5, r6, r7, pc}
100023fe:	46c0      	nop			@ (mov r8, r8)
10002400:	10000100 	.word	0x10000100
10002404:	100001c0 	.word	0x100001c0
10002408:	20000000 	.word	0x20000000
1000240c:	100001c1 	.word	0x100001c1
10002410:	e000ed00 	.word	0xe000ed00

10002414 <runtime_init_clocks>:
10002414:	2300      	movs	r3, #0
10002416:	b510      	push	{r4, lr}
10002418:	4c29      	ldr	r4, [pc, #164]	@ (100024c0 <runtime_init_clocks+0xac>)
1000241a:	b082      	sub	sp, #8
1000241c:	67a3      	str	r3, [r4, #120]	@ 0x78
1000241e:	f7ff ff19 	bl	10002254 <xosc_init>
10002422:	2201      	movs	r2, #1
10002424:	4b27      	ldr	r3, [pc, #156]	@ (100024c4 <runtime_init_clocks+0xb0>)
10002426:	601a      	str	r2, [r3, #0]
10002428:	6c63      	ldr	r3, [r4, #68]	@ 0x44
1000242a:	2b01      	cmp	r3, #1
1000242c:	d1fc      	bne.n	10002428 <runtime_init_clocks+0x14>
1000242e:	2203      	movs	r2, #3
10002430:	4b25      	ldr	r3, [pc, #148]	@ (100024c8 <runtime_init_clocks+0xb4>)
10002432:	601a      	str	r2, [r3, #0]
10002434:	4a22      	ldr	r2, [pc, #136]	@ (100024c0 <runtime_init_clocks+0xac>)
10002436:	6b93      	ldr	r3, [r2, #56]	@ 0x38
10002438:	2b01      	cmp	r3, #1
1000243a:	d1fc      	bne.n	10002436 <runtime_init_clocks+0x22>
1000243c:	3301      	adds	r3, #1
1000243e:	9300      	str	r3, [sp, #0]
10002440:	2101      	movs	r1, #1
10002442:	4a22      	ldr	r2, [pc, #136]	@ (100024cc <runtime_init_clocks+0xb8>)
10002444:	4822      	ldr	r0, [pc, #136]	@ (100024d0 <runtime_init_clocks+0xbc>)
10002446:	3304      	adds	r3, #4
10002448:	f7ff fe16 	bl	10002078 <pll_init>
1000244c:	2305      	movs	r3, #5
1000244e:	2101      	movs	r1, #1
10002450:	9300      	str	r3, [sp, #0]
10002452:	4a20      	ldr	r2, [pc, #128]	@ (100024d4 <runtime_init_clocks+0xc0>)
10002454:	4820      	ldr	r0, [pc, #128]	@ (100024d8 <runtime_init_clocks+0xc4>)
10002456:	f7ff fe0f 	bl	10002078 <pll_init>
1000245a:	2200      	movs	r2, #0
1000245c:	2102      	movs	r1, #2
1000245e:	2004      	movs	r0, #4
10002460:	4b1e      	ldr	r3, [pc, #120]	@ (100024dc <runtime_init_clocks+0xc8>)
10002462:	f7ff fd8f 	bl	10001f84 <clock_configure_undivided>
10002466:	2200      	movs	r2, #0
10002468:	2101      	movs	r1, #1
1000246a:	2005      	movs	r0, #5
1000246c:	4b1c      	ldr	r3, [pc, #112]	@ (100024e0 <runtime_init_clocks+0xcc>)
1000246e:	f7ff fd89 	bl	10001f84 <clock_configure_undivided>
10002472:	2200      	movs	r2, #0
10002474:	2100      	movs	r1, #0
10002476:	2007      	movs	r0, #7
10002478:	4b1a      	ldr	r3, [pc, #104]	@ (100024e4 <runtime_init_clocks+0xd0>)
1000247a:	f7ff fd83 	bl	10001f84 <clock_configure_undivided>
1000247e:	2200      	movs	r2, #0
10002480:	2100      	movs	r1, #0
10002482:	2008      	movs	r0, #8
10002484:	4b17      	ldr	r3, [pc, #92]	@ (100024e4 <runtime_init_clocks+0xd0>)
10002486:	f7ff fd7d 	bl	10001f84 <clock_configure_undivided>
1000248a:	2380      	movs	r3, #128	@ 0x80
1000248c:	00db      	lsls	r3, r3, #3
1000248e:	9300      	str	r3, [sp, #0]
10002490:	2200      	movs	r2, #0
10002492:	2100      	movs	r1, #0
10002494:	2009      	movs	r0, #9
10002496:	4b13      	ldr	r3, [pc, #76]	@ (100024e4 <runtime_init_clocks+0xd0>)
10002498:	f7ff fcfa 	bl	10001e90 <clock_configure_int_divider>
1000249c:	2200      	movs	r2, #0
1000249e:	4b10      	ldr	r3, [pc, #64]	@ (100024e0 <runtime_init_clocks+0xcc>)
100024a0:	2100      	movs	r1, #0
100024a2:	2006      	movs	r0, #6
100024a4:	f7ff fd6e 	bl	10001f84 <clock_configure_undivided>
100024a8:	2004      	movs	r0, #4
100024aa:	f7ff fddf 	bl	1000206c <clock_get_hz>
100024ae:	490e      	ldr	r1, [pc, #56]	@ (100024e8 <runtime_init_clocks+0xd4>)
100024b0:	f000 f84c 	bl	1000254c <__wrap___aeabi_uidiv>
100024b4:	0001      	movs	r1, r0
100024b6:	2000      	movs	r0, #0
100024b8:	f7ff fe7e 	bl	100021b8 <tick_start>
100024bc:	b002      	add	sp, #8
100024be:	bd10      	pop	{r4, pc}
100024c0:	40008000 	.word	0x40008000
100024c4:	4000b03c 	.word	0x4000b03c
100024c8:	4000b030 	.word	0x4000b030
100024cc:	59682f00 	.word	0x59682f00
100024d0:	40028000 	.word	0x40028000
100024d4:	47868c00 	.word	0x47868c00
100024d8:	4002c000 	.word	0x4002c000
100024dc:	00b71b00 	.word	0x00b71b00
100024e0:	07735940 	.word	0x07735940
100024e4:	02dc6c00 	.word	0x02dc6c00
100024e8:	000f4240 	.word	0x000f4240

100024ec <__aeabi_bits_init>:
100024ec:	4801      	ldr	r0, [pc, #4]	@ (100024f4 <__aeabi_bits_init+0x8>)
100024ee:	2104      	movs	r1, #4
100024f0:	4b01      	ldr	r3, [pc, #4]	@ (100024f8 <__aeabi_bits_init+0xc>)
100024f2:	4718      	bx	r3
100024f4:	20000fe0 	.word	0x20000fe0
100024f8:	100021e9 	.word	0x100021e9

100024fc <__wrap___aeabi_idiv>:
100024fc:	4a12      	ldr	r2, [pc, #72]	@ (10002548 <divmod_s32s32_savestate+0x18>)
100024fe:	6f93      	ldr	r3, [r2, #120]	@ 0x78
10002500:	089b      	lsrs	r3, r3, #2
10002502:	d215      	bcs.n	10002530 <divmod_s32s32_savestate>

10002504 <divmod_s32s32_core>:
10002504:	6690      	str	r0, [r2, #104]	@ 0x68
10002506:	66d1      	str	r1, [r2, #108]	@ 0x6c
10002508:	2900      	cmp	r1, #0
1000250a:	d005      	beq.n	10002518 <divmod_s32s32_core+0x14>
1000250c:	e7ff      	b.n	1000250e <divmod_s32s32_core+0xa>
1000250e:	e7ff      	b.n	10002510 <divmod_s32s32_core+0xc>
10002510:	e7ff      	b.n	10002512 <divmod_s32s32_core+0xe>
10002512:	6f51      	ldr	r1, [r2, #116]	@ 0x74
10002514:	6f10      	ldr	r0, [r2, #112]	@ 0x70
10002516:	4770      	bx	lr
10002518:	b504      	push	{r2, lr}
1000251a:	2180      	movs	r1, #128	@ 0x80
1000251c:	0609      	lsls	r1, r1, #24
1000251e:	17c2      	asrs	r2, r0, #31
10002520:	4051      	eors	r1, r2
10002522:	2800      	cmp	r0, #0
10002524:	d000      	beq.n	10002528 <divmod_s32s32_core+0x24>
10002526:	43c8      	mvns	r0, r1
10002528:	f008 f8ae 	bl	1000a688 <____aeabi_idiv0_veneer>
1000252c:	2100      	movs	r1, #0
1000252e:	bd04      	pop	{r2, pc}

10002530 <divmod_s32s32_savestate>:
10002530:	b5f0      	push	{r4, r5, r6, r7, lr}
10002532:	6e14      	ldr	r4, [r2, #96]	@ 0x60
10002534:	6e55      	ldr	r5, [r2, #100]	@ 0x64
10002536:	6f57      	ldr	r7, [r2, #116]	@ 0x74
10002538:	6f16      	ldr	r6, [r2, #112]	@ 0x70
1000253a:	f7ff ffe3 	bl	10002504 <divmod_s32s32_core>
1000253e:	6614      	str	r4, [r2, #96]	@ 0x60
10002540:	6655      	str	r5, [r2, #100]	@ 0x64
10002542:	6757      	str	r7, [r2, #116]	@ 0x74
10002544:	6716      	str	r6, [r2, #112]	@ 0x70
10002546:	bdf0      	pop	{r4, r5, r6, r7, pc}
10002548:	d0000000 	.word	0xd0000000

1000254c <__wrap___aeabi_uidiv>:
1000254c:	4a11      	ldr	r2, [pc, #68]	@ (10002594 <divmod_u32u32_savestate+0x18>)
1000254e:	6f93      	ldr	r3, [r2, #120]	@ 0x78
10002550:	089b      	lsrs	r3, r3, #2
10002552:	d213      	bcs.n	1000257c <divmod_u32u32_savestate>

10002554 <divmod_u32u32_core>:
10002554:	6610      	str	r0, [r2, #96]	@ 0x60
10002556:	6651      	str	r1, [r2, #100]	@ 0x64
10002558:	2900      	cmp	r1, #0
1000255a:	d005      	beq.n	10002568 <divmod_u32u32_core+0x14>
1000255c:	e7ff      	b.n	1000255e <divmod_u32u32_core+0xa>
1000255e:	e7ff      	b.n	10002560 <divmod_u32u32_core+0xc>
10002560:	e7ff      	b.n	10002562 <divmod_u32u32_core+0xe>
10002562:	6f51      	ldr	r1, [r2, #116]	@ 0x74
10002564:	6f10      	ldr	r0, [r2, #112]	@ 0x70
10002566:	4770      	bx	lr
10002568:	b504      	push	{r2, lr}
1000256a:	2800      	cmp	r0, #0
1000256c:	d001      	beq.n	10002572 <divmod_u32u32_core+0x1e>
1000256e:	2000      	movs	r0, #0
10002570:	43c0      	mvns	r0, r0
10002572:	f008 f889 	bl	1000a688 <____aeabi_idiv0_veneer>
10002576:	2100      	movs	r1, #0
10002578:	bd04      	pop	{r2, pc}
1000257a:	46c0      	nop			@ (mov r8, r8)

1000257c <divmod_u32u32_savestate>:
1000257c:	b5f0      	push	{r4, r5, r6, r7, lr}
1000257e:	6e14      	ldr	r4, [r2, #96]	@ 0x60
10002580:	6e55      	ldr	r5, [r2, #100]	@ 0x64
10002582:	6f57      	ldr	r7, [r2, #116]	@ 0x74
10002584:	6f16      	ldr	r6, [r2, #112]	@ 0x70
10002586:	f7ff ffe5 	bl	10002554 <divmod_u32u32_core>
1000258a:	6614      	str	r4, [r2, #96]	@ 0x60
1000258c:	6655      	str	r5, [r2, #100]	@ 0x64
1000258e:	6757      	str	r7, [r2, #116]	@ 0x74
10002590:	6716      	str	r6, [r2, #112]	@ 0x70
10002592:	bdf0      	pop	{r4, r5, r6, r7, pc}
10002594:	d0000000 	.word	0xd0000000

10002598 <__wrap___aeabi_ldivmod>:
10002598:	4694      	mov	ip, r2
1000259a:	4a4a      	ldr	r2, [pc, #296]	@ (100026c4 <udiv0+0x1a>)
1000259c:	6f92      	ldr	r2, [r2, #120]	@ 0x78
1000259e:	0892      	lsrs	r2, r2, #2
100025a0:	4662      	mov	r2, ip
100025a2:	d201      	bcs.n	100025a8 <divmod_s64s64_savestate>
100025a4:	e028      	b.n	100025f8 <divmod_s64s64_unsafe>
100025a6:	46c0      	nop			@ (mov r8, r8)

100025a8 <divmod_s64s64_savestate>:
100025a8:	b5f0      	push	{r4, r5, r6, r7, lr}
100025aa:	4e46      	ldr	r6, [pc, #280]	@ (100026c4 <udiv0+0x1a>)
100025ac:	6e34      	ldr	r4, [r6, #96]	@ 0x60
100025ae:	6e75      	ldr	r5, [r6, #100]	@ 0x64
100025b0:	6f77      	ldr	r7, [r6, #116]	@ 0x74
100025b2:	6f36      	ldr	r6, [r6, #112]	@ 0x70
100025b4:	f000 f820 	bl	100025f8 <divmod_s64s64_unsafe>
100025b8:	4694      	mov	ip, r2
100025ba:	4a42      	ldr	r2, [pc, #264]	@ (100026c4 <udiv0+0x1a>)
100025bc:	6614      	str	r4, [r2, #96]	@ 0x60
100025be:	6655      	str	r5, [r2, #100]	@ 0x64
100025c0:	6757      	str	r7, [r2, #116]	@ 0x74
100025c2:	6716      	str	r6, [r2, #112]	@ 0x70
100025c4:	4662      	mov	r2, ip
100025c6:	bdf0      	pop	{r4, r5, r6, r7, pc}

100025c8 <__wrap___aeabi_uldivmod>:
100025c8:	4694      	mov	ip, r2
100025ca:	4a3e      	ldr	r2, [pc, #248]	@ (100026c4 <udiv0+0x1a>)
100025cc:	6f92      	ldr	r2, [r2, #120]	@ 0x78
100025ce:	0892      	lsrs	r2, r2, #2
100025d0:	4662      	mov	r2, ip
100025d2:	d201      	bcs.n	100025d8 <divmod_u64u64_savestate>
100025d4:	e054      	b.n	10002680 <divmod_u64u64_unsafe>
100025d6:	46c0      	nop			@ (mov r8, r8)

100025d8 <divmod_u64u64_savestate>:
100025d8:	b5f0      	push	{r4, r5, r6, r7, lr}
100025da:	4e3a      	ldr	r6, [pc, #232]	@ (100026c4 <udiv0+0x1a>)
100025dc:	6e34      	ldr	r4, [r6, #96]	@ 0x60
100025de:	6e75      	ldr	r5, [r6, #100]	@ 0x64
100025e0:	6f77      	ldr	r7, [r6, #116]	@ 0x74
100025e2:	6f36      	ldr	r6, [r6, #112]	@ 0x70
100025e4:	f000 f84c 	bl	10002680 <divmod_u64u64_unsafe>
100025e8:	4694      	mov	ip, r2
100025ea:	4a36      	ldr	r2, [pc, #216]	@ (100026c4 <udiv0+0x1a>)
100025ec:	6614      	str	r4, [r2, #96]	@ 0x60
100025ee:	6655      	str	r5, [r2, #100]	@ 0x64
100025f0:	6757      	str	r7, [r2, #116]	@ 0x74
100025f2:	6716      	str	r6, [r2, #112]	@ 0x70
100025f4:	4662      	mov	r2, ip
100025f6:	bdf0      	pop	{r4, r5, r6, r7, pc}

100025f8 <divmod_s64s64_unsafe>:
100025f8:	2b00      	cmp	r3, #0
100025fa:	db24      	blt.n	10002646 <l46_1+0x26>
100025fc:	d011      	beq.n	10002622 <l46_1+0x2>
100025fe:	2900      	cmp	r1, #0
10002600:	da3e      	bge.n	10002680 <divmod_u64u64_unsafe>
10002602:	b500      	push	{lr}
10002604:	43c9      	mvns	r1, r1
10002606:	4240      	negs	r0, r0
10002608:	d100      	bne.n	1000260c <l44_1>
1000260a:	3101      	adds	r1, #1

1000260c <l44_1>:
1000260c:	f000 f838 	bl	10002680 <divmod_u64u64_unsafe>
10002610:	43c9      	mvns	r1, r1
10002612:	4240      	negs	r0, r0
10002614:	d100      	bne.n	10002618 <l45_1>
10002616:	3101      	adds	r1, #1

10002618 <l45_1>:
10002618:	43db      	mvns	r3, r3
1000261a:	4252      	negs	r2, r2
1000261c:	d100      	bne.n	10002620 <l46_1>
1000261e:	3301      	adds	r3, #1

10002620 <l46_1>:
10002620:	bd00      	pop	{pc}
10002622:	2a00      	cmp	r2, #0
10002624:	d1eb      	bne.n	100025fe <divmod_s64s64_unsafe+0x6>
10002626:	2800      	cmp	r0, #0
10002628:	d101      	bne.n	1000262e <l46_1+0xe>
1000262a:	2900      	cmp	r1, #0
1000262c:	d005      	beq.n	1000263a <l46_1+0x1a>
1000262e:	2000      	movs	r0, #0
10002630:	0fc9      	lsrs	r1, r1, #31
10002632:	07c9      	lsls	r1, r1, #31
10002634:	d101      	bne.n	1000263a <l46_1+0x1a>
10002636:	43c0      	mvns	r0, r0
10002638:	0841      	lsrs	r1, r0, #1
1000263a:	b500      	push	{lr}
1000263c:	f008 f84c 	bl	1000a6d8 <____aeabi_ldiv0_veneer>
10002640:	2200      	movs	r2, #0
10002642:	2300      	movs	r3, #0
10002644:	bd00      	pop	{pc}
10002646:	b500      	push	{lr}
10002648:	2900      	cmp	r1, #0
1000264a:	db0a      	blt.n	10002662 <l48_1+0x2>
1000264c:	43db      	mvns	r3, r3
1000264e:	4252      	negs	r2, r2
10002650:	d100      	bne.n	10002654 <l47_1>
10002652:	3301      	adds	r3, #1

10002654 <l47_1>:
10002654:	f000 f814 	bl	10002680 <divmod_u64u64_unsafe>
10002658:	43c9      	mvns	r1, r1
1000265a:	4240      	negs	r0, r0
1000265c:	d100      	bne.n	10002660 <l48_1>
1000265e:	3101      	adds	r1, #1

10002660 <l48_1>:
10002660:	bd00      	pop	{pc}
10002662:	43c9      	mvns	r1, r1
10002664:	4240      	negs	r0, r0
10002666:	d100      	bne.n	1000266a <l49_1>
10002668:	3101      	adds	r1, #1

1000266a <l49_1>:
1000266a:	43db      	mvns	r3, r3
1000266c:	4252      	negs	r2, r2
1000266e:	d100      	bne.n	10002672 <l50_1>
10002670:	3301      	adds	r3, #1

10002672 <l50_1>:
10002672:	f000 f805 	bl	10002680 <divmod_u64u64_unsafe>
10002676:	43db      	mvns	r3, r3
10002678:	4252      	negs	r2, r2
1000267a:	d100      	bne.n	1000267e <l51_1>
1000267c:	3301      	adds	r3, #1

1000267e <l51_1>:
1000267e:	bd00      	pop	{pc}

10002680 <divmod_u64u64_unsafe>:
10002680:	2900      	cmp	r1, #0
10002682:	d123      	bne.n	100026cc <y64>
10002684:	2b00      	cmp	r3, #0
10002686:	d118      	bne.n	100026ba <udiv0+0x10>
10002688:	2a00      	cmp	r2, #0
1000268a:	d00c      	beq.n	100026a6 <divmod_u64u64_unsafe+0x26>
1000268c:	46bc      	mov	ip, r7
1000268e:	4f0d      	ldr	r7, [pc, #52]	@ (100026c4 <udiv0+0x1a>)
10002690:	6638      	str	r0, [r7, #96]	@ 0x60
10002692:	667a      	str	r2, [r7, #100]	@ 0x64
10002694:	2100      	movs	r1, #0
10002696:	2300      	movs	r3, #0
10002698:	e7ff      	b.n	1000269a <divmod_u64u64_unsafe+0x1a>
1000269a:	e7ff      	b.n	1000269c <divmod_u64u64_unsafe+0x1c>
1000269c:	e7ff      	b.n	1000269e <divmod_u64u64_unsafe+0x1e>
1000269e:	6f7a      	ldr	r2, [r7, #116]	@ 0x74
100026a0:	6f38      	ldr	r0, [r7, #112]	@ 0x70
100026a2:	4667      	mov	r7, ip
100026a4:	4770      	bx	lr
100026a6:	2800      	cmp	r0, #0
100026a8:	d001      	beq.n	100026ae <udiv0+0x4>

100026aa <udiv0>:
100026aa:	4807      	ldr	r0, [pc, #28]	@ (100026c8 <udiv0+0x1e>)
100026ac:	0001      	movs	r1, r0
100026ae:	b500      	push	{lr}
100026b0:	f008 f812 	bl	1000a6d8 <____aeabi_ldiv0_veneer>
100026b4:	2200      	movs	r2, #0
100026b6:	2300      	movs	r3, #0
100026b8:	bd00      	pop	{pc}
100026ba:	0002      	movs	r2, r0
100026bc:	000b      	movs	r3, r1
100026be:	2000      	movs	r0, #0
100026c0:	2100      	movs	r1, #0
100026c2:	4770      	bx	lr
100026c4:	d0000000 	.word	0xd0000000
100026c8:	ffffffff 	.word	0xffffffff

100026cc <y64>:
100026cc:	2b00      	cmp	r3, #0
100026ce:	d000      	beq.n	100026d2 <y64+0x6>
100026d0:	e0bf      	b.n	10002852 <y64_x48>
100026d2:	0c13      	lsrs	r3, r2, #16
100026d4:	d128      	bne.n	10002728 <y64_x32>
100026d6:	2a00      	cmp	r2, #0
100026d8:	d0e7      	beq.n	100026aa <udiv0>
100026da:	b480      	push	{r7}
100026dc:	4f11      	ldr	r7, [pc, #68]	@ (10002724 <y64+0x58>)
100026de:	6639      	str	r1, [r7, #96]	@ 0x60
100026e0:	667a      	str	r2, [r7, #100]	@ 0x64
100026e2:	e7ff      	b.n	100026e4 <y64+0x18>
100026e4:	e7ff      	b.n	100026e6 <y64+0x1a>
100026e6:	b430      	push	{r4, r5}
100026e8:	0c04      	lsrs	r4, r0, #16
100026ea:	6f7b      	ldr	r3, [r7, #116]	@ 0x74
100026ec:	6f39      	ldr	r1, [r7, #112]	@ 0x70
100026ee:	041b      	lsls	r3, r3, #16
100026f0:	4323      	orrs	r3, r4
100026f2:	663b      	str	r3, [r7, #96]	@ 0x60
100026f4:	667a      	str	r2, [r7, #100]	@ 0x64
100026f6:	e7ff      	b.n	100026f8 <y64+0x2c>
100026f8:	e7ff      	b.n	100026fa <y64+0x2e>
100026fa:	e7ff      	b.n	100026fc <y64+0x30>
100026fc:	46c0      	nop			@ (mov r8, r8)
100026fe:	b284      	uxth	r4, r0
10002700:	6f7b      	ldr	r3, [r7, #116]	@ 0x74
10002702:	6f3d      	ldr	r5, [r7, #112]	@ 0x70
10002704:	041b      	lsls	r3, r3, #16
10002706:	4323      	orrs	r3, r4
10002708:	663b      	str	r3, [r7, #96]	@ 0x60
1000270a:	667a      	str	r2, [r7, #100]	@ 0x64
1000270c:	e7ff      	b.n	1000270e <y64+0x42>
1000270e:	e7ff      	b.n	10002710 <y64+0x44>
10002710:	46c0      	nop			@ (mov r8, r8)
10002712:	2300      	movs	r3, #0
10002714:	042c      	lsls	r4, r5, #16
10002716:	0c2d      	lsrs	r5, r5, #16
10002718:	6f7a      	ldr	r2, [r7, #116]	@ 0x74
1000271a:	6f38      	ldr	r0, [r7, #112]	@ 0x70
1000271c:	1900      	adds	r0, r0, r4
1000271e:	4169      	adcs	r1, r5
10002720:	bcb0      	pop	{r4, r5, r7}
10002722:	4770      	bx	lr
10002724:	d0000000 	.word	0xd0000000

10002728 <y64_x32>:
10002728:	b5f0      	push	{r4, r5, r6, r7, lr}
1000272a:	4694      	mov	ip, r2
1000272c:	2500      	movs	r5, #0
1000272e:	0e14      	lsrs	r4, r2, #24
10002730:	d101      	bne.n	10002736 <y64_x32+0xe>
10002732:	0212      	lsls	r2, r2, #8
10002734:	3508      	adds	r5, #8
10002736:	0f14      	lsrs	r4, r2, #28
10002738:	d101      	bne.n	1000273e <y64_x32+0x16>
1000273a:	0112      	lsls	r2, r2, #4
1000273c:	3504      	adds	r5, #4
1000273e:	0f94      	lsrs	r4, r2, #30
10002740:	d101      	bne.n	10002746 <y64_x32+0x1e>
10002742:	0092      	lsls	r2, r2, #2
10002744:	3502      	adds	r5, #2
10002746:	0fd4      	lsrs	r4, r2, #31
10002748:	d101      	bne.n	1000274e <y64_x32+0x26>
1000274a:	0052      	lsls	r2, r2, #1
1000274c:	3501      	adds	r5, #1
1000274e:	0bd4      	lsrs	r4, r2, #15
10002750:	3401      	adds	r4, #1
10002752:	4f25      	ldr	r7, [pc, #148]	@ (100027e8 <y64_x32+0xc0>)
10002754:	667c      	str	r4, [r7, #100]	@ 0x64
10002756:	4c25      	ldr	r4, [pc, #148]	@ (100027ec <y64_x32+0xc4>)
10002758:	663c      	str	r4, [r7, #96]	@ 0x60
1000275a:	0c0e      	lsrs	r6, r1, #16
1000275c:	b293      	uxth	r3, r2
1000275e:	e7ff      	b.n	10002760 <y64_x32+0x38>
10002760:	e7ff      	b.n	10002762 <y64_x32+0x3a>
10002762:	e7ff      	b.n	10002764 <y64_x32+0x3c>
10002764:	6f3c      	ldr	r4, [r7, #112]	@ 0x70
10002766:	4366      	muls	r6, r4
10002768:	0c36      	lsrs	r6, r6, #16
1000276a:	0377      	lsls	r7, r6, #13
1000276c:	46be      	mov	lr, r7
1000276e:	4373      	muls	r3, r6
10002770:	0bdf      	lsrs	r7, r3, #15
10002772:	045b      	lsls	r3, r3, #17
10002774:	1ac0      	subs	r0, r0, r3
10002776:	41b9      	sbcs	r1, r7
10002778:	0c13      	lsrs	r3, r2, #16
1000277a:	4373      	muls	r3, r6
1000277c:	18db      	adds	r3, r3, r3
1000277e:	1ac9      	subs	r1, r1, r3
10002780:	08ce      	lsrs	r6, r1, #3
10002782:	4366      	muls	r6, r4
10002784:	0c36      	lsrs	r6, r6, #16
10002786:	44b6      	add	lr, r6
10002788:	b293      	uxth	r3, r2
1000278a:	4373      	muls	r3, r6
1000278c:	0f1f      	lsrs	r7, r3, #28
1000278e:	011b      	lsls	r3, r3, #4
10002790:	1ac0      	subs	r0, r0, r3
10002792:	41b9      	sbcs	r1, r7
10002794:	0c13      	lsrs	r3, r2, #16
10002796:	4373      	muls	r3, r6
10002798:	0b1f      	lsrs	r7, r3, #12
1000279a:	051b      	lsls	r3, r3, #20
1000279c:	1ac0      	subs	r0, r0, r3
1000279e:	41b9      	sbcs	r1, r7
100027a0:	0d86      	lsrs	r6, r0, #22
100027a2:	028f      	lsls	r7, r1, #10
100027a4:	433e      	orrs	r6, r7
100027a6:	4366      	muls	r6, r4
100027a8:	0c36      	lsrs	r6, r6, #16
100027aa:	2d09      	cmp	r5, #9
100027ac:	db24      	blt.n	100027f8 <last0>
100027ae:	0a52      	lsrs	r2, r2, #9
100027b0:	4372      	muls	r2, r6
100027b2:	1a80      	subs	r0, r0, r2
100027b4:	0377      	lsls	r7, r6, #13
100027b6:	0a46      	lsrs	r6, r0, #9
100027b8:	4366      	muls	r6, r4
100027ba:	0c36      	lsrs	r6, r6, #16
100027bc:	2316      	movs	r3, #22
100027be:	1b5b      	subs	r3, r3, r5
100027c0:	40de      	lsrs	r6, r3
100027c2:	40df      	lsrs	r7, r3
100027c4:	19bf      	adds	r7, r7, r6
100027c6:	4664      	mov	r4, ip
100027c8:	4366      	muls	r6, r4
100027ca:	1b82      	subs	r2, r0, r6
100027cc:	4670      	mov	r0, lr
100027ce:	3504      	adds	r5, #4
100027d0:	3306      	adds	r3, #6
100027d2:	0001      	movs	r1, r0
100027d4:	40d9      	lsrs	r1, r3
100027d6:	40a8      	lsls	r0, r5
100027d8:	19c0      	adds	r0, r0, r7
100027da:	d300      	bcc.n	100027de <y64_x32+0xb6>
100027dc:	3101      	adds	r1, #1
100027de:	42a2      	cmp	r2, r4
100027e0:	d206      	bcs.n	100027f0 <y64_x32+0xc8>
100027e2:	2300      	movs	r3, #0
100027e4:	bdf0      	pop	{r4, r5, r6, r7, pc}
100027e6:	0000      	.short	0x0000
100027e8:	d0000000 	.word	0xd0000000
100027ec:	ffffffff 	.word	0xffffffff
100027f0:	1b12      	subs	r2, r2, r4
100027f2:	3001      	adds	r0, #1
100027f4:	d3f3      	bcc.n	100027de <y64_x32+0xb6>
100027f6:	e7f1      	b.n	100027dc <y64_x32+0xb4>

100027f8 <last0>:
100027f8:	2709      	movs	r7, #9
100027fa:	1b7f      	subs	r7, r7, r5
100027fc:	40fe      	lsrs	r6, r7
100027fe:	4664      	mov	r4, ip
10002800:	b2a2      	uxth	r2, r4
10002802:	4372      	muls	r2, r6
10002804:	1a80      	subs	r0, r0, r2
10002806:	d200      	bcs.n	1000280a <last0+0x12>
10002808:	3901      	subs	r1, #1
1000280a:	0c22      	lsrs	r2, r4, #16
1000280c:	4372      	muls	r2, r6
1000280e:	0c13      	lsrs	r3, r2, #16
10002810:	0412      	lsls	r2, r2, #16
10002812:	1a82      	subs	r2, r0, r2
10002814:	4199      	sbcs	r1, r3
10002816:	000b      	movs	r3, r1
10002818:	4670      	mov	r0, lr
1000281a:	3504      	adds	r5, #4
1000281c:	3713      	adds	r7, #19
1000281e:	0001      	movs	r1, r0
10002820:	40f9      	lsrs	r1, r7
10002822:	40a8      	lsls	r0, r5
10002824:	1980      	adds	r0, r0, r6
10002826:	d300      	bcc.n	1000282a <last0+0x32>
10002828:	3101      	adds	r1, #1
1000282a:	2b00      	cmp	r3, #0
1000282c:	d102      	bne.n	10002834 <last0+0x3c>
1000282e:	42a2      	cmp	r2, r4
10002830:	d20a      	bcs.n	10002848 <last0+0x50>
10002832:	bdf0      	pop	{r4, r5, r6, r7, pc}
10002834:	3001      	adds	r0, #1
10002836:	d300      	bcc.n	1000283a <last0+0x42>
10002838:	3101      	adds	r1, #1
1000283a:	1b12      	subs	r2, r2, r4
1000283c:	d2fa      	bcs.n	10002834 <last0+0x3c>
1000283e:	3b01      	subs	r3, #1
10002840:	d1f8      	bne.n	10002834 <last0+0x3c>
10002842:	42a2      	cmp	r2, r4
10002844:	d200      	bcs.n	10002848 <last0+0x50>
10002846:	bdf0      	pop	{r4, r5, r6, r7, pc}
10002848:	3001      	adds	r0, #1
1000284a:	d300      	bcc.n	1000284e <last0+0x56>
1000284c:	3101      	adds	r1, #1
1000284e:	1b12      	subs	r2, r2, r4
10002850:	e7f7      	b.n	10002842 <last0+0x4a>

10002852 <y64_x48>:
10002852:	b5f0      	push	{r4, r5, r6, r7, lr}
10002854:	0c1c      	lsrs	r4, r3, #16
10002856:	d000      	beq.n	1000285a <y64_x48+0x8>
10002858:	e080      	b.n	1000295c <y64_x64>
1000285a:	b40c      	push	{r2, r3}
1000285c:	2500      	movs	r5, #0
1000285e:	0a1c      	lsrs	r4, r3, #8
10002860:	d104      	bne.n	1000286c <y64_x48+0x1a>
10002862:	021b      	lsls	r3, r3, #8
10002864:	0e16      	lsrs	r6, r2, #24
10002866:	4333      	orrs	r3, r6
10002868:	0212      	lsls	r2, r2, #8
1000286a:	3508      	adds	r5, #8
1000286c:	0b1c      	lsrs	r4, r3, #12
1000286e:	d104      	bne.n	1000287a <y64_x48+0x28>
10002870:	011b      	lsls	r3, r3, #4
10002872:	0f16      	lsrs	r6, r2, #28
10002874:	4333      	orrs	r3, r6
10002876:	0112      	lsls	r2, r2, #4
10002878:	3504      	adds	r5, #4
1000287a:	0b9c      	lsrs	r4, r3, #14
1000287c:	d104      	bne.n	10002888 <y64_x48+0x36>
1000287e:	009b      	lsls	r3, r3, #2
10002880:	0f96      	lsrs	r6, r2, #30
10002882:	4333      	orrs	r3, r6
10002884:	0092      	lsls	r2, r2, #2
10002886:	3502      	adds	r5, #2
10002888:	0bdc      	lsrs	r4, r3, #15
1000288a:	d102      	bne.n	10002892 <y64_x48+0x40>
1000288c:	1892      	adds	r2, r2, r2
1000288e:	415b      	adcs	r3, r3
10002890:	3501      	adds	r5, #1
10002892:	001c      	movs	r4, r3
10002894:	1897      	adds	r7, r2, r2
10002896:	4164      	adcs	r4, r4
10002898:	3401      	adds	r4, #1
1000289a:	4f46      	ldr	r7, [pc, #280]	@ (100029b4 <y64_x64+0x58>)
1000289c:	667c      	str	r4, [r7, #100]	@ 0x64
1000289e:	4c46      	ldr	r4, [pc, #280]	@ (100029b8 <y64_x64+0x5c>)
100028a0:	663c      	str	r4, [r7, #96]	@ 0x60
100028a2:	0c0e      	lsrs	r6, r1, #16
100028a4:	e7ff      	b.n	100028a6 <y64_x48+0x54>
100028a6:	e7ff      	b.n	100028a8 <y64_x48+0x56>
100028a8:	e7ff      	b.n	100028aa <y64_x48+0x58>
100028aa:	46c0      	nop			@ (mov r8, r8)
100028ac:	6f3c      	ldr	r4, [r7, #112]	@ 0x70
100028ae:	4366      	muls	r6, r4
100028b0:	0c36      	lsrs	r6, r6, #16
100028b2:	0377      	lsls	r7, r6, #13
100028b4:	46be      	mov	lr, r7
100028b6:	b297      	uxth	r7, r2
100028b8:	4377      	muls	r7, r6
100028ba:	1bc0      	subs	r0, r0, r7
100028bc:	d200      	bcs.n	100028c0 <y64_x48+0x6e>
100028be:	3901      	subs	r1, #1
100028c0:	1bc0      	subs	r0, r0, r7
100028c2:	d200      	bcs.n	100028c6 <y64_x48+0x74>
100028c4:	3901      	subs	r1, #1
100028c6:	b29f      	uxth	r7, r3
100028c8:	4377      	muls	r7, r6
100028ca:	1bc9      	subs	r1, r1, r7
100028cc:	1bc9      	subs	r1, r1, r7
100028ce:	0c17      	lsrs	r7, r2, #16
100028d0:	4377      	muls	r7, r6
100028d2:	047e      	lsls	r6, r7, #17
100028d4:	0bff      	lsrs	r7, r7, #15
100028d6:	1b80      	subs	r0, r0, r6
100028d8:	41b9      	sbcs	r1, r7
100028da:	08ce      	lsrs	r6, r1, #3
100028dc:	4366      	muls	r6, r4
100028de:	0c36      	lsrs	r6, r6, #16
100028e0:	2d0c      	cmp	r5, #12
100028e2:	db33      	blt.n	1000294c <last1>
100028e4:	44b6      	add	lr, r6
100028e6:	0b12      	lsrs	r2, r2, #12
100028e8:	051f      	lsls	r7, r3, #20
100028ea:	433a      	orrs	r2, r7
100028ec:	0b1b      	lsrs	r3, r3, #12
100028ee:	b297      	uxth	r7, r2
100028f0:	4377      	muls	r7, r6
100028f2:	1bc0      	subs	r0, r0, r7
100028f4:	d200      	bcs.n	100028f8 <y64_x48+0xa6>
100028f6:	3901      	subs	r1, #1
100028f8:	b29f      	uxth	r7, r3
100028fa:	4377      	muls	r7, r6
100028fc:	1bc9      	subs	r1, r1, r7
100028fe:	0c17      	lsrs	r7, r2, #16
10002900:	4377      	muls	r7, r6
10002902:	043e      	lsls	r6, r7, #16
10002904:	0c3f      	lsrs	r7, r7, #16
10002906:	1b80      	subs	r0, r0, r6
10002908:	41b9      	sbcs	r1, r7
1000290a:	0d86      	lsrs	r6, r0, #22
1000290c:	028f      	lsls	r7, r1, #10
1000290e:	433e      	orrs	r6, r7
10002910:	4366      	muls	r6, r4
10002912:	2729      	movs	r7, #41	@ 0x29
10002914:	1b7f      	subs	r7, r7, r5
10002916:	40fe      	lsrs	r6, r7
10002918:	3d0c      	subs	r5, #12
1000291a:	4677      	mov	r7, lr
1000291c:	40af      	lsls	r7, r5
1000291e:	19bf      	adds	r7, r7, r6
10002920:	bc30      	pop	{r4, r5}
10002922:	b2a2      	uxth	r2, r4
10002924:	b2ab      	uxth	r3, r5
10002926:	4372      	muls	r2, r6
10002928:	4373      	muls	r3, r6
1000292a:	1a80      	subs	r0, r0, r2
1000292c:	4199      	sbcs	r1, r3
1000292e:	0c22      	lsrs	r2, r4, #16
10002930:	4372      	muls	r2, r6
10002932:	0c13      	lsrs	r3, r2, #16
10002934:	0412      	lsls	r2, r2, #16
10002936:	1a80      	subs	r0, r0, r2
10002938:	4199      	sbcs	r1, r3
1000293a:	0002      	movs	r2, r0
1000293c:	000b      	movs	r3, r1
1000293e:	3701      	adds	r7, #1
10002940:	1b00      	subs	r0, r0, r4
10002942:	41a9      	sbcs	r1, r5
10002944:	d2f9      	bcs.n	1000293a <y64_x48+0xe8>
10002946:	1e78      	subs	r0, r7, #1
10002948:	2100      	movs	r1, #0
1000294a:	bdf0      	pop	{r4, r5, r6, r7, pc}

1000294c <last1>:
1000294c:	270c      	movs	r7, #12
1000294e:	1b7f      	subs	r7, r7, r5
10002950:	40fe      	lsrs	r6, r7
10002952:	4677      	mov	r7, lr
10002954:	0b7f      	lsrs	r7, r7, #13
10002956:	40af      	lsls	r7, r5
10002958:	19ff      	adds	r7, r7, r7
1000295a:	e7e0      	b.n	1000291e <y64_x48+0xcc>

1000295c <y64_x64>:
1000295c:	2400      	movs	r4, #0
1000295e:	1c5d      	adds	r5, r3, #1
10002960:	d007      	beq.n	10002972 <y64_x64+0x16>
10002962:	4f14      	ldr	r7, [pc, #80]	@ (100029b4 <y64_x64+0x58>)
10002964:	667d      	str	r5, [r7, #100]	@ 0x64
10002966:	6639      	str	r1, [r7, #96]	@ 0x60
10002968:	e7ff      	b.n	1000296a <y64_x64+0xe>
1000296a:	e7ff      	b.n	1000296c <y64_x64+0x10>
1000296c:	e7ff      	b.n	1000296e <y64_x64+0x12>
1000296e:	e7ff      	b.n	10002970 <y64_x64+0x14>
10002970:	6f3c      	ldr	r4, [r7, #112]	@ 0x70
10002972:	b295      	uxth	r5, r2
10002974:	b29e      	uxth	r6, r3
10002976:	4365      	muls	r5, r4
10002978:	4366      	muls	r6, r4
1000297a:	1b40      	subs	r0, r0, r5
1000297c:	41b1      	sbcs	r1, r6
1000297e:	0c15      	lsrs	r5, r2, #16
10002980:	0c1e      	lsrs	r6, r3, #16
10002982:	4365      	muls	r5, r4
10002984:	4366      	muls	r6, r4
10002986:	0436      	lsls	r6, r6, #16
10002988:	0c2f      	lsrs	r7, r5, #16
1000298a:	433e      	orrs	r6, r7
1000298c:	042d      	lsls	r5, r5, #16
1000298e:	1b40      	subs	r0, r0, r5
10002990:	41b1      	sbcs	r1, r6
10002992:	4299      	cmp	r1, r3
10002994:	d204      	bcs.n	100029a0 <y64_x64+0x44>
10002996:	0002      	movs	r2, r0
10002998:	000b      	movs	r3, r1
1000299a:	0020      	movs	r0, r4
1000299c:	2100      	movs	r1, #0
1000299e:	bdf0      	pop	{r4, r5, r6, r7, pc}
100029a0:	d101      	bne.n	100029a6 <y64_x64+0x4a>
100029a2:	4290      	cmp	r0, r2
100029a4:	d3f7      	bcc.n	10002996 <y64_x64+0x3a>
100029a6:	1a80      	subs	r0, r0, r2
100029a8:	4199      	sbcs	r1, r3
100029aa:	3401      	adds	r4, #1
100029ac:	4299      	cmp	r1, r3
100029ae:	d3f2      	bcc.n	10002996 <y64_x64+0x3a>
100029b0:	e7f6      	b.n	100029a0 <y64_x64+0x44>
100029b2:	0000      	.short	0x0000
100029b4:	d0000000 	.word	0xd0000000
100029b8:	ffffffff 	.word	0xffffffff

100029bc <__wrap___aeabi_drsub>:
100029bc:	4048      	eors	r0, r1
100029be:	4041      	eors	r1, r0
100029c0:	4048      	eors	r0, r1

100029c2 <__wrap___aeabi_dsub>:
100029c2:	b418      	push	{r3, r4}
100029c4:	4b1b      	ldr	r3, [pc, #108]	@ (10002a34 <__wrap___aeabi_dmul+0x12>)
100029c6:	685b      	ldr	r3, [r3, #4]
100029c8:	46fc      	mov	ip, pc
100029ca:	9301      	str	r3, [sp, #4]
100029cc:	bd08      	pop	{r3, pc}
100029ce:	df04      	.short	0xdf04
100029d0:	10002c57 	.word	0x10002c57

100029d4 <__wrap___aeabi_dadd>:
100029d4:	b418      	push	{r3, r4}
100029d6:	4b17      	ldr	r3, [pc, #92]	@ (10002a34 <__wrap___aeabi_dmul+0x12>)
100029d8:	681b      	ldr	r3, [r3, #0]
100029da:	46fc      	mov	ip, pc
100029dc:	9301      	str	r3, [sp, #4]
100029de:	bd08      	pop	{r3, pc}
100029e0:	2c61df00 	.word	0x2c61df00
100029e4:	1000      	.short	0x1000

100029e6 <__wrap___aeabi_ddiv>:
100029e6:	4694      	mov	ip, r2
100029e8:	4a13      	ldr	r2, [pc, #76]	@ (10002a38 <__wrap___aeabi_dmul+0x16>)
100029ea:	6f92      	ldr	r2, [r2, #120]	@ 0x78
100029ec:	0892      	lsrs	r2, r2, #2
100029ee:	d209      	bcs.n	10002a04 <ddiv_save_state>
100029f0:	4662      	mov	r2, ip

100029f2 <ddiv_shim_call>:
100029f2:	b418      	push	{r3, r4}
100029f4:	4b0f      	ldr	r3, [pc, #60]	@ (10002a34 <__wrap___aeabi_dmul+0x12>)
100029f6:	68db      	ldr	r3, [r3, #12]
100029f8:	46fc      	mov	ip, pc
100029fa:	9301      	str	r3, [sp, #4]
100029fc:	bd08      	pop	{r3, pc}
100029fe:	df0c      	.short	0xdf0c
10002a00:	10002f19 	.word	0x10002f19

10002a04 <ddiv_save_state>:
10002a04:	4a0c      	ldr	r2, [pc, #48]	@ (10002a38 <__wrap___aeabi_dmul+0x16>)
10002a06:	b5f0      	push	{r4, r5, r6, r7, lr}
10002a08:	6e14      	ldr	r4, [r2, #96]	@ 0x60
10002a0a:	6e55      	ldr	r5, [r2, #100]	@ 0x64
10002a0c:	6f57      	ldr	r7, [r2, #116]	@ 0x74
10002a0e:	6f16      	ldr	r6, [r2, #112]	@ 0x70
10002a10:	4662      	mov	r2, ip
10002a12:	f7ff ffee 	bl	100029f2 <ddiv_shim_call>
10002a16:	4a08      	ldr	r2, [pc, #32]	@ (10002a38 <__wrap___aeabi_dmul+0x16>)
10002a18:	6614      	str	r4, [r2, #96]	@ 0x60
10002a1a:	6655      	str	r5, [r2, #100]	@ 0x64
10002a1c:	6757      	str	r7, [r2, #116]	@ 0x74
10002a1e:	6716      	str	r6, [r2, #112]	@ 0x70
10002a20:	bdf0      	pop	{r4, r5, r6, r7, pc}

10002a22 <__wrap___aeabi_dmul>:
10002a22:	b418      	push	{r3, r4}
10002a24:	4b03      	ldr	r3, [pc, #12]	@ (10002a34 <__wrap___aeabi_dmul+0x12>)
10002a26:	689b      	ldr	r3, [r3, #8]
10002a28:	46fc      	mov	ip, pc
10002a2a:	9301      	str	r3, [sp, #4]
10002a2c:	bd08      	pop	{r3, pc}
10002a2e:	df08      	.short	0xdf08
10002a30:	10002dbd 	.word	0x10002dbd
10002a34:	200011e8 	.word	0x200011e8
10002a38:	d0000000 	.word	0xd0000000

10002a3c <__wrap___aeabi_cdrcmple>:
10002a3c:	b5ff      	push	{r0, r1, r2, r3, r4, r5, r6, r7, lr}
10002a3e:	4050      	eors	r0, r2
10002a40:	4042      	eors	r2, r0
10002a42:	4050      	eors	r0, r2
10002a44:	4059      	eors	r1, r3
10002a46:	404b      	eors	r3, r1
10002a48:	4059      	eors	r1, r3
10002a4a:	e000      	b.n	10002a4e <__aeabi_dfcmple_guts>

10002a4c <__wrap___aeabi_cdcmpeq>:
10002a4c:	b5ff      	push	{r0, r1, r2, r3, r4, r5, r6, r7, lr}

10002a4e <__aeabi_dfcmple_guts>:
10002a4e:	4f15      	ldr	r7, [pc, #84]	@ (10002aa4 <__aeabi_dfcmple_guts+0x56>)
10002a50:	004c      	lsls	r4, r1, #1
10002a52:	0d64      	lsrs	r4, r4, #21
10002a54:	d003      	beq.n	10002a5e <__aeabi_dfcmple_guts+0x10>
10002a56:	42bc      	cmp	r4, r7
10002a58:	d104      	bne.n	10002a64 <__aeabi_dfcmple_guts+0x16>
10002a5a:	030c      	lsls	r4, r1, #12
10002a5c:	d814      	bhi.n	10002a88 <__aeabi_dfcmple_guts+0x3a>
10002a5e:	2000      	movs	r0, #0
10002a60:	0d09      	lsrs	r1, r1, #20
10002a62:	0509      	lsls	r1, r1, #20
10002a64:	005c      	lsls	r4, r3, #1
10002a66:	0d64      	lsrs	r4, r4, #21
10002a68:	d003      	beq.n	10002a72 <__aeabi_dfcmple_guts+0x24>
10002a6a:	42bc      	cmp	r4, r7
10002a6c:	d104      	bne.n	10002a78 <__aeabi_dfcmple_guts+0x2a>
10002a6e:	031c      	lsls	r4, r3, #12
10002a70:	d80a      	bhi.n	10002a88 <__aeabi_dfcmple_guts+0x3a>
10002a72:	2200      	movs	r2, #0
10002a74:	0d1b      	lsrs	r3, r3, #20
10002a76:	051b      	lsls	r3, r3, #20
10002a78:	2601      	movs	r6, #1
10002a7a:	404b      	eors	r3, r1
10002a7c:	d409      	bmi.n	10002a92 <__aeabi_dfcmple_guts+0x44>
10002a7e:	404b      	eors	r3, r1
10002a80:	d503      	bpl.n	10002a8a <__aeabi_dfcmple_guts+0x3c>
10002a82:	428b      	cmp	r3, r1
10002a84:	d100      	bne.n	10002a88 <__aeabi_dfcmple_guts+0x3a>
10002a86:	4282      	cmp	r2, r0
10002a88:	bdff      	pop	{r0, r1, r2, r3, r4, r5, r6, r7, pc}
10002a8a:	4299      	cmp	r1, r3
10002a8c:	d1fc      	bne.n	10002a88 <__aeabi_dfcmple_guts+0x3a>
10002a8e:	4290      	cmp	r0, r2
10002a90:	bdff      	pop	{r0, r1, r2, r3, r4, r5, r6, r7, pc}
10002a92:	430b      	orrs	r3, r1
10002a94:	18db      	adds	r3, r3, r3
10002a96:	4303      	orrs	r3, r0
10002a98:	4313      	orrs	r3, r2
10002a9a:	d0f5      	beq.n	10002a88 <__aeabi_dfcmple_guts+0x3a>
10002a9c:	43c9      	mvns	r1, r1
10002a9e:	1849      	adds	r1, r1, r1
10002aa0:	bdff      	pop	{r0, r1, r2, r3, r4, r5, r6, r7, pc}
10002aa2:	0000      	.short	0x0000
10002aa4:	000007ff 	.word	0x000007ff

10002aa8 <__wrap___aeabi_dcmplt>:
10002aa8:	b500      	push	{lr}
10002aaa:	f7ff ffcf 	bl	10002a4c <__wrap___aeabi_cdcmpeq>
10002aae:	4180      	sbcs	r0, r0
10002ab0:	bd00      	pop	{pc}
10002ab2:	46c0      	nop			@ (mov r8, r8)

10002ab4 <__wrap___aeabi_dcmpge>:
10002ab4:	b500      	push	{lr}
10002ab6:	f7ff ffc1 	bl	10002a3c <__wrap___aeabi_cdrcmple>
10002aba:	d901      	bls.n	10002ac0 <__wrap___aeabi_dcmpge+0xc>
10002abc:	2000      	movs	r0, #0
10002abe:	bd00      	pop	{pc}
10002ac0:	2001      	movs	r0, #1
10002ac2:	bd00      	pop	{pc}

10002ac4 <__wrap___aeabi_dcmpgt>:
10002ac4:	b500      	push	{lr}
10002ac6:	f7ff ffb9 	bl	10002a3c <__wrap___aeabi_cdrcmple>
10002aca:	4180      	sbcs	r0, r0
10002acc:	bd00      	pop	{pc}

10002ace <__wrap___aeabi_dcmpun>:
10002ace:	2001      	movs	r0, #1
10002ad0:	0540      	lsls	r0, r0, #21
10002ad2:	004a      	lsls	r2, r1, #1
10002ad4:	1812      	adds	r2, r2, r0
10002ad6:	d804      	bhi.n	10002ae2 <__wrap___aeabi_dcmpun+0x14>
10002ad8:	005a      	lsls	r2, r3, #1
10002ada:	1812      	adds	r2, r2, r0
10002adc:	d801      	bhi.n	10002ae2 <__wrap___aeabi_dcmpun+0x14>
10002ade:	2000      	movs	r0, #0
10002ae0:	4770      	bx	lr
10002ae2:	2001      	movs	r0, #1
10002ae4:	4770      	bx	lr
	...

10002ae8 <__wrap___aeabi_ui2d>:
10002ae8:	2100      	movs	r1, #0
10002aea:	2800      	cmp	r0, #0
10002aec:	d105      	bne.n	10002afa <__wrap___aeabi_i2d+0xa>
10002aee:	4770      	bx	lr

10002af0 <__wrap___aeabi_i2d>:
10002af0:	17c1      	asrs	r1, r0, #31
10002af2:	4048      	eors	r0, r1
10002af4:	1a40      	subs	r0, r0, r1
10002af6:	d0fa      	beq.n	10002aee <__wrap___aeabi_ui2d+0x6>
10002af8:	07c9      	lsls	r1, r1, #31
10002afa:	b513      	push	{r0, r1, r4, lr}
10002afc:	4b06      	ldr	r3, [pc, #24]	@ (10002b18 <__wrap___aeabi_i2d+0x28>)
10002afe:	681b      	ldr	r3, [r3, #0]
10002b00:	4798      	blx	r3
10002b02:	bc0c      	pop	{r2, r3}
10002b04:	1c44      	adds	r4, r0, #1
10002b06:	40a2      	lsls	r2, r4
10002b08:	0510      	lsls	r0, r2, #20
10002b0a:	0b12      	lsrs	r2, r2, #12
10002b0c:	4903      	ldr	r1, [pc, #12]	@ (10002b1c <__wrap___aeabi_i2d+0x2c>)
10002b0e:	1b09      	subs	r1, r1, r4
10002b10:	0509      	lsls	r1, r1, #20
10002b12:	4319      	orrs	r1, r3
10002b14:	4311      	orrs	r1, r2
10002b16:	bd10      	pop	{r4, pc}
10002b18:	20001f50 	.word	0x20001f50
10002b1c:	0000041f 	.word	0x0000041f

10002b20 <__wrap___aeabi_d2iz>:
10002b20:	b510      	push	{r4, lr}
10002b22:	004c      	lsls	r4, r1, #1
10002b24:	0d62      	lsrs	r2, r4, #21
10002b26:	2380      	movs	r3, #128	@ 0x80
10002b28:	18d2      	adds	r2, r2, r3
10002b2a:	00db      	lsls	r3, r3, #3
10002b2c:	1ad2      	subs	r2, r2, r3
10002b2e:	055b      	lsls	r3, r3, #21
10002b30:	2a7e      	cmp	r2, #126	@ 0x7e
10002b32:	dd10      	ble.n	10002b56 <__wrap___aeabi_d2iz+0x36>
10002b34:	3a9e      	subs	r2, #158	@ 0x9e
10002b36:	da13      	bge.n	10002b60 <__wrap___aeabi_d2iz+0x40>
10002b38:	17cc      	asrs	r4, r1, #31
10002b3a:	0309      	lsls	r1, r1, #12
10002b3c:	0849      	lsrs	r1, r1, #1
10002b3e:	4319      	orrs	r1, r3
10002b40:	4252      	negs	r2, r2
10002b42:	40d1      	lsrs	r1, r2
10002b44:	0064      	lsls	r4, r4, #1
10002b46:	3401      	adds	r4, #1
10002b48:	3215      	adds	r2, #21
10002b4a:	2a20      	cmp	r2, #32
10002b4c:	da05      	bge.n	10002b5a <__wrap___aeabi_d2iz+0x3a>
10002b4e:	40d0      	lsrs	r0, r2
10002b50:	4308      	orrs	r0, r1
10002b52:	4360      	muls	r0, r4
10002b54:	bd10      	pop	{r4, pc}
10002b56:	2000      	movs	r0, #0
10002b58:	bd10      	pop	{r4, pc}
10002b5a:	4608      	mov	r0, r1
10002b5c:	4360      	muls	r0, r4
10002b5e:	bd10      	pop	{r4, pc}
10002b60:	0fc8      	lsrs	r0, r1, #31
10002b62:	18c0      	adds	r0, r0, r3
10002b64:	3801      	subs	r0, #1
10002b66:	bd10      	pop	{r4, pc}

10002b68 <__wrap___aeabi_d2uiz>:
10002b68:	b418      	push	{r3, r4}
10002b6a:	4b04      	ldr	r3, [pc, #16]	@ (10002b7c <__wrap___aeabi_d2uiz+0x14>)
10002b6c:	6a5b      	ldr	r3, [r3, #36]	@ 0x24
10002b6e:	46fc      	mov	ip, pc
10002b70:	9301      	str	r3, [sp, #4]
10002b72:	bd08      	pop	{r3, pc}
10002b74:	30c9df24 	.word	0x30c9df24
10002b78:	00001000 	.word	0x00001000
10002b7c:	200011e8 	.word	0x200011e8

10002b80 <__aeabi_double_init>:
10002b80:	2313      	movs	r3, #19
10002b82:	b570      	push	{r4, r5, r6, lr}
10002b84:	781d      	ldrb	r5, [r3, #0]
10002b86:	2d01      	cmp	r5, #1
10002b88:	d019      	beq.n	10002bbe <__aeabi_double_init+0x3e>
10002b8a:	dd14      	ble.n	10002bb6 <__aeabi_double_init+0x36>
10002b8c:	481f      	ldr	r0, [pc, #124]	@ (10002c0c <__aeabi_double_init+0x8c>)
10002b8e:	f7ff fb23 	bl	100021d8 <rom_data_lookup>
10002b92:	0006      	movs	r6, r0
10002b94:	481e      	ldr	r0, [pc, #120]	@ (10002c10 <__aeabi_double_init+0x90>)
10002b96:	f7ff fb1f 	bl	100021d8 <rom_data_lookup>
10002b9a:	4c1e      	ldr	r4, [pc, #120]	@ (10002c14 <__aeabi_double_init+0x94>)
10002b9c:	2280      	movs	r2, #128	@ 0x80
10002b9e:	0031      	movs	r1, r6
10002ba0:	0020      	movs	r0, r4
10002ba2:	f000 fbcd 	bl	10003340 <__wrap___aeabi_memcpy>
10002ba6:	2d02      	cmp	r5, #2
10002ba8:	d02d      	beq.n	10002c06 <__aeabi_double_init+0x86>
10002baa:	481b      	ldr	r0, [pc, #108]	@ (10002c18 <__aeabi_double_init+0x98>)
10002bac:	f7ff fb0c 	bl	100021c8 <rom_func_lookup>
10002bb0:	4b1a      	ldr	r3, [pc, #104]	@ (10002c1c <__aeabi_double_init+0x9c>)
10002bb2:	6018      	str	r0, [r3, #0]
10002bb4:	bd70      	pop	{r4, r5, r6, pc}
10002bb6:	4b1a      	ldr	r3, [pc, #104]	@ (10002c20 <__aeabi_double_init+0xa0>)
10002bb8:	4c16      	ldr	r4, [pc, #88]	@ (10002c14 <__aeabi_double_init+0x94>)
10002bba:	64a3      	str	r3, [r4, #72]	@ 0x48
10002bbc:	e7f5      	b.n	10002baa <__aeabi_double_init+0x2a>
10002bbe:	4b18      	ldr	r3, [pc, #96]	@ (10002c20 <__aeabi_double_init+0xa0>)
10002bc0:	4c14      	ldr	r4, [pc, #80]	@ (10002c14 <__aeabi_double_init+0x94>)
10002bc2:	6023      	str	r3, [r4, #0]
10002bc4:	6063      	str	r3, [r4, #4]
10002bc6:	60a3      	str	r3, [r4, #8]
10002bc8:	60e3      	str	r3, [r4, #12]
10002bca:	6123      	str	r3, [r4, #16]
10002bcc:	6163      	str	r3, [r4, #20]
10002bce:	61a3      	str	r3, [r4, #24]
10002bd0:	61e3      	str	r3, [r4, #28]
10002bd2:	6223      	str	r3, [r4, #32]
10002bd4:	6263      	str	r3, [r4, #36]	@ 0x24
10002bd6:	62a3      	str	r3, [r4, #40]	@ 0x28
10002bd8:	62e3      	str	r3, [r4, #44]	@ 0x2c
10002bda:	6323      	str	r3, [r4, #48]	@ 0x30
10002bdc:	6363      	str	r3, [r4, #52]	@ 0x34
10002bde:	63a3      	str	r3, [r4, #56]	@ 0x38
10002be0:	63e3      	str	r3, [r4, #60]	@ 0x3c
10002be2:	6423      	str	r3, [r4, #64]	@ 0x40
10002be4:	6463      	str	r3, [r4, #68]	@ 0x44
10002be6:	64a3      	str	r3, [r4, #72]	@ 0x48
10002be8:	64e3      	str	r3, [r4, #76]	@ 0x4c
10002bea:	6523      	str	r3, [r4, #80]	@ 0x50
10002bec:	6563      	str	r3, [r4, #84]	@ 0x54
10002bee:	65a3      	str	r3, [r4, #88]	@ 0x58
10002bf0:	65e3      	str	r3, [r4, #92]	@ 0x5c
10002bf2:	6623      	str	r3, [r4, #96]	@ 0x60
10002bf4:	6663      	str	r3, [r4, #100]	@ 0x64
10002bf6:	66a3      	str	r3, [r4, #104]	@ 0x68
10002bf8:	66e3      	str	r3, [r4, #108]	@ 0x6c
10002bfa:	6723      	str	r3, [r4, #112]	@ 0x70
10002bfc:	6763      	str	r3, [r4, #116]	@ 0x74
10002bfe:	67a3      	str	r3, [r4, #120]	@ 0x78
10002c00:	67e3      	str	r3, [r4, #124]	@ 0x7c
10002c02:	64a3      	str	r3, [r4, #72]	@ 0x48
10002c04:	e7d1      	b.n	10002baa <__aeabi_double_init+0x2a>
10002c06:	4b06      	ldr	r3, [pc, #24]	@ (10002c20 <__aeabi_double_init+0xa0>)
10002c08:	64a3      	str	r3, [r4, #72]	@ 0x48
10002c0a:	e7ce      	b.n	10002baa <__aeabi_double_init+0x2a>
10002c0c:	00004453 	.word	0x00004453
10002c10:	00004653 	.word	0x00004653
10002c14:	200011e8 	.word	0x200011e8
10002c18:	0000334c 	.word	0x0000334c
10002c1c:	20001f50 	.word	0x20001f50
10002c20:	10002c25 	.word	0x10002c25

10002c24 <double_table_shim_on_use_helper>:
10002c24:	b507      	push	{r0, r1, r2, lr}
10002c26:	4660      	mov	r0, ip
10002c28:	8801      	ldrh	r1, [r0, #0]
10002c2a:	0a0a      	lsrs	r2, r1, #8
10002c2c:	3002      	adds	r0, #2
10002c2e:	2adf      	cmp	r2, #223	@ 0xdf
10002c30:	d1fa      	bne.n	10002c28 <double_table_shim_on_use_helper+0x4>
10002c32:	b2c9      	uxtb	r1, r1
10002c34:	0882      	lsrs	r2, r0, #2
10002c36:	d304      	bcc.n	10002c42 <double_table_shim_on_use_helper+0x1e>
10002c38:	8802      	ldrh	r2, [r0, #0]
10002c3a:	8840      	ldrh	r0, [r0, #2]
10002c3c:	0400      	lsls	r0, r0, #16
10002c3e:	4310      	orrs	r0, r2
10002c40:	e000      	b.n	10002c44 <double_table_shim_on_use_helper+0x20>
10002c42:	6800      	ldr	r0, [r0, #0]
10002c44:	4a01      	ldr	r2, [pc, #4]	@ (10002c4c <double_table_shim_on_use_helper+0x28>)
10002c46:	5050      	str	r0, [r2, r1]
10002c48:	9003      	str	r0, [sp, #12]
10002c4a:	bd07      	pop	{r0, r1, r2, pc}
10002c4c:	200011e8 	.word	0x200011e8

10002c50 <drsub_shim>:
10002c50:	b40f      	push	{r0, r1, r2, r3}
10002c52:	bc03      	pop	{r0, r1}
10002c54:	bc0c      	pop	{r2, r3}

10002c56 <dsub_shim>:
10002c56:	b5f0      	push	{r4, r5, r6, r7, lr}
10002c58:	2401      	movs	r4, #1
10002c5a:	07e4      	lsls	r4, r4, #31
10002c5c:	4063      	eors	r3, r4
10002c5e:	e000      	b.n	10002c62 <da_entry>

10002c60 <dadd_shim>:
10002c60:	b5f0      	push	{r4, r5, r6, r7, lr}

10002c62 <da_entry>:
10002c62:	0d0c      	lsrs	r4, r1, #20
10002c64:	0fcf      	lsrs	r7, r1, #31
10002c66:	1e66      	subs	r6, r4, #1
10002c68:	0536      	lsls	r6, r6, #20
10002c6a:	1b89      	subs	r1, r1, r6
10002c6c:	0564      	lsls	r4, r4, #21
10002c6e:	d303      	bcc.n	10002c78 <l8_1>
10002c70:	43c9      	mvns	r1, r1
10002c72:	4240      	negs	r0, r0
10002c74:	d300      	bcc.n	10002c78 <l8_1>
10002c76:	3101      	adds	r1, #1

10002c78 <l8_1>:
10002c78:	0d64      	lsrs	r4, r4, #21
10002c7a:	d003      	beq.n	10002c84 <l8_2>
10002c7c:	1c66      	adds	r6, r4, #1
10002c7e:	0af6      	lsrs	r6, r6, #11
10002c80:	d007      	beq.n	10002c92 <l8_3>
10002c82:	1be4      	subs	r4, r4, r7

10002c84 <l8_2>:
10002c84:	2000      	movs	r0, #0
10002c86:	007f      	lsls	r7, r7, #1
10002c88:	1c79      	adds	r1, r7, #1
10002c8a:	0789      	lsls	r1, r1, #30
10002c8c:	1289      	asrs	r1, r1, #10
10002c8e:	3c80      	subs	r4, #128	@ 0x80
10002c90:	0324      	lsls	r4, r4, #12

10002c92 <l8_3>:
10002c92:	0d1d      	lsrs	r5, r3, #20
10002c94:	0fdf      	lsrs	r7, r3, #31
10002c96:	1e6e      	subs	r6, r5, #1
10002c98:	0536      	lsls	r6, r6, #20
10002c9a:	1b9b      	subs	r3, r3, r6
10002c9c:	056d      	lsls	r5, r5, #21
10002c9e:	d303      	bcc.n	10002ca8 <l9_1>
10002ca0:	43db      	mvns	r3, r3
10002ca2:	4252      	negs	r2, r2
10002ca4:	d300      	bcc.n	10002ca8 <l9_1>
10002ca6:	3301      	adds	r3, #1

10002ca8 <l9_1>:
10002ca8:	0d6d      	lsrs	r5, r5, #21
10002caa:	d003      	beq.n	10002cb4 <l9_2>
10002cac:	1c6e      	adds	r6, r5, #1
10002cae:	0af6      	lsrs	r6, r6, #11
10002cb0:	d007      	beq.n	10002cc2 <l9_3>
10002cb2:	1bed      	subs	r5, r5, r7

10002cb4 <l9_2>:
10002cb4:	2200      	movs	r2, #0
10002cb6:	007f      	lsls	r7, r7, #1
10002cb8:	1c7b      	adds	r3, r7, #1
10002cba:	079b      	lsls	r3, r3, #30
10002cbc:	129b      	asrs	r3, r3, #10
10002cbe:	3d80      	subs	r5, #128	@ 0x80
10002cc0:	032d      	lsls	r5, r5, #12

10002cc2 <l9_3>:
10002cc2:	1b2f      	subs	r7, r5, r4
10002cc4:	1b66      	subs	r6, r4, r5
10002cc6:	d458      	bmi.n	10002d7a <da_ygtx>
10002cc8:	46a4      	mov	ip, r4
10002cca:	2e20      	cmp	r6, #32
10002ccc:	da46      	bge.n	10002d5c <da_xrgty>
10002cce:	3720      	adds	r7, #32
10002cd0:	0014      	movs	r4, r2
10002cd2:	40bc      	lsls	r4, r7

10002cd4 <da_xgty0>:
10002cd4:	001d      	movs	r5, r3
10002cd6:	40bd      	lsls	r5, r7
10002cd8:	40f2      	lsrs	r2, r6
10002cda:	4133      	asrs	r3, r6
10002cdc:	432a      	orrs	r2, r5

10002cde <da_add>:
10002cde:	1880      	adds	r0, r0, r2
10002ce0:	4159      	adcs	r1, r3

10002ce2 <da_pack>:
10002ce2:	0fcb      	lsrs	r3, r1, #31
10002ce4:	d005      	beq.n	10002cf2 <da_pack+0x10>
10002ce6:	43c9      	mvns	r1, r1
10002ce8:	43c0      	mvns	r0, r0
10002cea:	2200      	movs	r2, #0
10002cec:	4264      	negs	r4, r4
10002cee:	4150      	adcs	r0, r2
10002cf0:	4151      	adcs	r1, r2
10002cf2:	4662      	mov	r2, ip
10002cf4:	0d4d      	lsrs	r5, r1, #21
10002cf6:	d128      	bne.n	10002d4a <da_0>
10002cf8:	0d0d      	lsrs	r5, r1, #20
10002cfa:	d107      	bne.n	10002d0c <da_1>
10002cfc:	2800      	cmp	r0, #0
10002cfe:	d01f      	beq.n	10002d40 <da_5>

10002d00 <da_2>:
10002d00:	1924      	adds	r4, r4, r4
10002d02:	4140      	adcs	r0, r0
10002d04:	4149      	adcs	r1, r1
10002d06:	3a01      	subs	r2, #1
10002d08:	0d0d      	lsrs	r5, r1, #20
10002d0a:	d0f9      	beq.n	10002d00 <da_2>

10002d0c <da_1>:
10002d0c:	0064      	lsls	r4, r4, #1
10002d0e:	d306      	bcc.n	10002d1e <da_3>

10002d10 <da_4>:
10002d10:	3001      	adds	r0, #1
10002d12:	d300      	bcc.n	10002d16 <da_4+0x6>
10002d14:	3101      	adds	r1, #1
10002d16:	2c00      	cmp	r4, #0
10002d18:	d101      	bne.n	10002d1e <da_3>
10002d1a:	0840      	lsrs	r0, r0, #1
10002d1c:	0040      	lsls	r0, r0, #1

10002d1e <da_3>:
10002d1e:	3a01      	subs	r2, #1
10002d20:	d40b      	bmi.n	10002d3a <da_6>
10002d22:	1c94      	adds	r4, r2, #2
10002d24:	0ae4      	lsrs	r4, r4, #11
10002d26:	d104      	bne.n	10002d32 <da_7>
10002d28:	0512      	lsls	r2, r2, #20
10002d2a:	4411      	add	r1, r2
10002d2c:	07db      	lsls	r3, r3, #31
10002d2e:	4419      	add	r1, r3
10002d30:	bdf0      	pop	{r4, r5, r6, r7, pc}

10002d32 <da_7>:
10002d32:	07d9      	lsls	r1, r3, #31
10002d34:	4b20      	ldr	r3, [pc, #128]	@ (10002db8 <da_xmgty+0x4>)
10002d36:	4319      	orrs	r1, r3
10002d38:	e000      	b.n	10002d3c <da_6+0x2>

10002d3a <da_6>:
10002d3a:	07d9      	lsls	r1, r3, #31
10002d3c:	2000      	movs	r0, #0
10002d3e:	bdf0      	pop	{r4, r5, r6, r7, pc}

10002d40 <da_5>:
10002d40:	2900      	cmp	r1, #0
10002d42:	d1dd      	bne.n	10002d00 <da_2>
10002d44:	2c00      	cmp	r4, #0
10002d46:	d1db      	bne.n	10002d00 <da_2>
10002d48:	bdf0      	pop	{r4, r5, r6, r7, pc}

10002d4a <da_0>:
10002d4a:	3201      	adds	r2, #1
10002d4c:	07c6      	lsls	r6, r0, #31
10002d4e:	0840      	lsrs	r0, r0, #1
10002d50:	07cd      	lsls	r5, r1, #31
10002d52:	4328      	orrs	r0, r5
10002d54:	0849      	lsrs	r1, r1, #1
10002d56:	2e00      	cmp	r6, #0
10002d58:	d0e1      	beq.n	10002d1e <da_3>
10002d5a:	e7d9      	b.n	10002d10 <da_4>

10002d5c <da_xrgty>:
10002d5c:	2e3c      	cmp	r6, #60	@ 0x3c
10002d5e:	da29      	bge.n	10002db4 <da_xmgty>
10002d60:	3e20      	subs	r6, #32
10002d62:	3740      	adds	r7, #64	@ 0x40
10002d64:	0014      	movs	r4, r2
10002d66:	40bc      	lsls	r4, r7
10002d68:	d000      	beq.n	10002d6c <da_xrgty+0x10>
10002d6a:	2401      	movs	r4, #1
10002d6c:	40f2      	lsrs	r2, r6
10002d6e:	4314      	orrs	r4, r2
10002d70:	001a      	movs	r2, r3
10002d72:	40bb      	lsls	r3, r7
10002d74:	431c      	orrs	r4, r3
10002d76:	17d3      	asrs	r3, r2, #31
10002d78:	e7ac      	b.n	10002cd4 <da_xgty0>

10002d7a <da_ygtx>:
10002d7a:	46ac      	mov	ip, r5
10002d7c:	2f20      	cmp	r7, #32
10002d7e:	da08      	bge.n	10002d92 <da_yrgtx>
10002d80:	3620      	adds	r6, #32
10002d82:	0004      	movs	r4, r0
10002d84:	40b4      	lsls	r4, r6

10002d86 <da_ygtx0>:
10002d86:	000d      	movs	r5, r1
10002d88:	40b5      	lsls	r5, r6
10002d8a:	40f8      	lsrs	r0, r7
10002d8c:	4139      	asrs	r1, r7
10002d8e:	4328      	orrs	r0, r5
10002d90:	e7a5      	b.n	10002cde <da_add>

10002d92 <da_yrgtx>:
10002d92:	2f3c      	cmp	r7, #60	@ 0x3c
10002d94:	da0c      	bge.n	10002db0 <da_ymgtx>
10002d96:	3f20      	subs	r7, #32
10002d98:	3640      	adds	r6, #64	@ 0x40
10002d9a:	0004      	movs	r4, r0
10002d9c:	40b4      	lsls	r4, r6
10002d9e:	d000      	beq.n	10002da2 <da_yrgtx+0x10>
10002da0:	2401      	movs	r4, #1
10002da2:	40f8      	lsrs	r0, r7
10002da4:	4304      	orrs	r4, r0
10002da6:	0008      	movs	r0, r1
10002da8:	40b1      	lsls	r1, r6
10002daa:	430c      	orrs	r4, r1
10002dac:	17c1      	asrs	r1, r0, #31
10002dae:	e7ea      	b.n	10002d86 <da_ygtx0>

10002db0 <da_ymgtx>:
10002db0:	0010      	movs	r0, r2
10002db2:	0019      	movs	r1, r3

10002db4 <da_xmgty>:
10002db4:	2400      	movs	r4, #0
10002db6:	e794      	b.n	10002ce2 <da_pack>
10002db8:	7ff00000 	.word	0x7ff00000

10002dbc <dmul_shim>:
10002dbc:	b5f0      	push	{r4, r5, r6, r7, lr}
10002dbe:	0d0c      	lsrs	r4, r1, #20
10002dc0:	1e66      	subs	r6, r4, #1
10002dc2:	0536      	lsls	r6, r6, #20
10002dc4:	1b89      	subs	r1, r1, r6
10002dc6:	0ae6      	lsrs	r6, r4, #11
10002dc8:	0564      	lsls	r4, r4, #21
10002dca:	0d64      	lsrs	r4, r4, #21
10002dcc:	d002      	beq.n	10002dd4 <l12_1>
10002dce:	1c65      	adds	r5, r4, #1
10002dd0:	0aed      	lsrs	r5, r5, #11
10002dd2:	d004      	beq.n	10002dde <l12_2>

10002dd4 <l12_1>:
10002dd4:	2000      	movs	r0, #0
10002dd6:	2101      	movs	r1, #1
10002dd8:	0509      	lsls	r1, r1, #20
10002dda:	3c80      	subs	r4, #128	@ 0x80
10002ddc:	0324      	lsls	r4, r4, #12

10002dde <l12_2>:
10002dde:	46a4      	mov	ip, r4
10002de0:	0d1c      	lsrs	r4, r3, #20
10002de2:	1e67      	subs	r7, r4, #1
10002de4:	053f      	lsls	r7, r7, #20
10002de6:	1bdb      	subs	r3, r3, r7
10002de8:	0ae7      	lsrs	r7, r4, #11
10002dea:	0564      	lsls	r4, r4, #21
10002dec:	0d64      	lsrs	r4, r4, #21
10002dee:	d002      	beq.n	10002df6 <l13_1>
10002df0:	1c65      	adds	r5, r4, #1
10002df2:	0aed      	lsrs	r5, r5, #11
10002df4:	d004      	beq.n	10002e00 <l13_2>

10002df6 <l13_1>:
10002df6:	2200      	movs	r2, #0
10002df8:	2301      	movs	r3, #1
10002dfa:	051b      	lsls	r3, r3, #20
10002dfc:	3c80      	subs	r4, #128	@ 0x80
10002dfe:	0324      	lsls	r4, r4, #12

10002e00 <l13_2>:
10002e00:	4077      	eors	r7, r6
10002e02:	4464      	add	r4, ip
10002e04:	b497      	push	{r0, r1, r2, r4, r7}
10002e06:	b284      	uxth	r4, r0
10002e08:	b296      	uxth	r6, r2
10002e0a:	4374      	muls	r4, r6
10002e0c:	0c07      	lsrs	r7, r0, #16
10002e0e:	437e      	muls	r6, r7
10002e10:	0c15      	lsrs	r5, r2, #16
10002e12:	436f      	muls	r7, r5
10002e14:	b280      	uxth	r0, r0
10002e16:	4368      	muls	r0, r5
10002e18:	1836      	adds	r6, r6, r0
10002e1a:	d302      	bcc.n	10002e22 <l14_1>
10002e1c:	2001      	movs	r0, #1
10002e1e:	0400      	lsls	r0, r0, #16
10002e20:	183f      	adds	r7, r7, r0

10002e22 <l14_1>:
10002e22:	0430      	lsls	r0, r6, #16
10002e24:	0c35      	lsrs	r5, r6, #16
10002e26:	1900      	adds	r0, r0, r4
10002e28:	417d      	adcs	r5, r7
10002e2a:	4684      	mov	ip, r0
10002e2c:	b288      	uxth	r0, r1
10002e2e:	b29a      	uxth	r2, r3
10002e30:	4350      	muls	r0, r2
10002e32:	0c0c      	lsrs	r4, r1, #16
10002e34:	4362      	muls	r2, r4
10002e36:	0c1f      	lsrs	r7, r3, #16
10002e38:	437c      	muls	r4, r7
10002e3a:	b28e      	uxth	r6, r1
10002e3c:	437e      	muls	r6, r7
10002e3e:	1992      	adds	r2, r2, r6
10002e40:	d302      	bcc.n	10002e48 <l15_1>
10002e42:	2601      	movs	r6, #1
10002e44:	0436      	lsls	r6, r6, #16
10002e46:	19a4      	adds	r4, r4, r6

10002e48 <l15_1>:
10002e48:	0416      	lsls	r6, r2, #16
10002e4a:	0c17      	lsrs	r7, r2, #16
10002e4c:	1836      	adds	r6, r6, r0
10002e4e:	4167      	adcs	r7, r4
10002e50:	bc01      	pop	{r0}
10002e52:	b281      	uxth	r1, r0
10002e54:	b29a      	uxth	r2, r3
10002e56:	4351      	muls	r1, r2
10002e58:	0c04      	lsrs	r4, r0, #16
10002e5a:	4362      	muls	r2, r4
10002e5c:	0c1b      	lsrs	r3, r3, #16
10002e5e:	435c      	muls	r4, r3
10002e60:	b280      	uxth	r0, r0
10002e62:	4358      	muls	r0, r3
10002e64:	1812      	adds	r2, r2, r0
10002e66:	d302      	bcc.n	10002e6e <l16_1>
10002e68:	2001      	movs	r0, #1
10002e6a:	0400      	lsls	r0, r0, #16
10002e6c:	1824      	adds	r4, r4, r0

10002e6e <l16_1>:
10002e6e:	0410      	lsls	r0, r2, #16
10002e70:	0c13      	lsrs	r3, r2, #16
10002e72:	1840      	adds	r0, r0, r1
10002e74:	4163      	adcs	r3, r4
10002e76:	182d      	adds	r5, r5, r0
10002e78:	415e      	adcs	r6, r3
10002e7a:	2000      	movs	r0, #0
10002e7c:	4147      	adcs	r7, r0
10002e7e:	bc06      	pop	{r1, r2}
10002e80:	b288      	uxth	r0, r1
10002e82:	b293      	uxth	r3, r2
10002e84:	4358      	muls	r0, r3
10002e86:	0c0c      	lsrs	r4, r1, #16
10002e88:	4363      	muls	r3, r4
10002e8a:	0c12      	lsrs	r2, r2, #16
10002e8c:	4354      	muls	r4, r2
10002e8e:	b289      	uxth	r1, r1
10002e90:	4351      	muls	r1, r2
10002e92:	185b      	adds	r3, r3, r1
10002e94:	d302      	bcc.n	10002e9c <l17_1>
10002e96:	2101      	movs	r1, #1
10002e98:	0409      	lsls	r1, r1, #16
10002e9a:	1864      	adds	r4, r4, r1

10002e9c <l17_1>:
10002e9c:	0419      	lsls	r1, r3, #16
10002e9e:	0c1a      	lsrs	r2, r3, #16
10002ea0:	1809      	adds	r1, r1, r0
10002ea2:	4162      	adcs	r2, r4
10002ea4:	186d      	adds	r5, r5, r1
10002ea6:	4156      	adcs	r6, r2
10002ea8:	2000      	movs	r0, #0
10002eaa:	4147      	adcs	r7, r0
10002eac:	bc18      	pop	{r3, r4}
10002eae:	02f9      	lsls	r1, r7, #11
10002eb0:	0d72      	lsrs	r2, r6, #21
10002eb2:	4311      	orrs	r1, r2
10002eb4:	02f0      	lsls	r0, r6, #11
10002eb6:	0d6a      	lsrs	r2, r5, #21
10002eb8:	4310      	orrs	r0, r2
10002eba:	02ed      	lsls	r5, r5, #11
10002ebc:	0d0a      	lsrs	r2, r1, #20
10002ebe:	d103      	bne.n	10002ec8 <l17_1+0x2c>
10002ec0:	196d      	adds	r5, r5, r5
10002ec2:	4140      	adcs	r0, r0
10002ec4:	4149      	adcs	r1, r1
10002ec6:	3b01      	subs	r3, #1
10002ec8:	4e12      	ldr	r6, [pc, #72]	@ (10002f14 <dm_1+0xa>)
10002eca:	1b9b      	subs	r3, r3, r6
10002ecc:	0076      	lsls	r6, r6, #1
10002ece:	42b3      	cmp	r3, r6
10002ed0:	d20e      	bcs.n	10002ef0 <dm_0>
10002ed2:	006d      	lsls	r5, r5, #1
10002ed4:	d307      	bcc.n	10002ee6 <l17_1+0x4a>
10002ed6:	3001      	adds	r0, #1
10002ed8:	2600      	movs	r6, #0
10002eda:	4171      	adcs	r1, r6
10002edc:	4666      	mov	r6, ip
10002ede:	4335      	orrs	r5, r6
10002ee0:	d101      	bne.n	10002ee6 <l17_1+0x4a>
10002ee2:	0840      	lsrs	r0, r0, #1
10002ee4:	0040      	lsls	r0, r0, #1
10002ee6:	051b      	lsls	r3, r3, #20
10002ee8:	18c9      	adds	r1, r1, r3

10002eea <dm_2>:
10002eea:	07e4      	lsls	r4, r4, #31
10002eec:	4421      	add	r1, r4
10002eee:	bdf0      	pop	{r4, r5, r6, r7, pc}

10002ef0 <dm_0>:
10002ef0:	da0b      	bge.n	10002f0a <dm_1>
10002ef2:	3301      	adds	r3, #1
10002ef4:	d106      	bne.n	10002f04 <dm_0+0x14>
10002ef6:	3001      	adds	r0, #1
10002ef8:	d104      	bne.n	10002f04 <dm_0+0x14>
10002efa:	3101      	adds	r1, #1
10002efc:	0d4f      	lsrs	r7, r1, #21
10002efe:	d001      	beq.n	10002f04 <dm_0+0x14>
10002f00:	0849      	lsrs	r1, r1, #1
10002f02:	e7f2      	b.n	10002eea <dm_2>
10002f04:	07e1      	lsls	r1, r4, #31
10002f06:	2000      	movs	r0, #0
10002f08:	bdf0      	pop	{r4, r5, r6, r7, pc}

10002f0a <dm_1>:
10002f0a:	3601      	adds	r6, #1
10002f0c:	0531      	lsls	r1, r6, #20
10002f0e:	2000      	movs	r0, #0
10002f10:	e7eb      	b.n	10002eea <dm_2>
10002f12:	0000      	.short	0x0000
10002f14:	000003ff 	.word	0x000003ff

10002f18 <ddiv_shim>:
10002f18:	b5f0      	push	{r4, r5, r6, r7, lr}

10002f1a <ddiv0>:
10002f1a:	0d1c      	lsrs	r4, r3, #20
10002f1c:	1e67      	subs	r7, r4, #1
10002f1e:	053f      	lsls	r7, r7, #20
10002f20:	1bdb      	subs	r3, r3, r7
10002f22:	0ae7      	lsrs	r7, r4, #11
10002f24:	0564      	lsls	r4, r4, #21
10002f26:	0d64      	lsrs	r4, r4, #21
10002f28:	d002      	beq.n	10002f30 <l20_1>
10002f2a:	1c66      	adds	r6, r4, #1
10002f2c:	0af6      	lsrs	r6, r6, #11
10002f2e:	d004      	beq.n	10002f3a <l20_2>

10002f30 <l20_1>:
10002f30:	2200      	movs	r2, #0
10002f32:	2301      	movs	r3, #1
10002f34:	051b      	lsls	r3, r3, #20
10002f36:	3c80      	subs	r4, #128	@ 0x80
10002f38:	0324      	lsls	r4, r4, #12

10002f3a <l20_2>:
10002f3a:	25d0      	movs	r5, #208	@ 0xd0
10002f3c:	062d      	lsls	r5, r5, #24
10002f3e:	2600      	movs	r6, #0
10002f40:	43f6      	mvns	r6, r6
10002f42:	662e      	str	r6, [r5, #96]	@ 0x60
10002f44:	091e      	lsrs	r6, r3, #4
10002f46:	666e      	str	r6, [r5, #100]	@ 0x64
10002f48:	0fce      	lsrs	r6, r1, #31
10002f4a:	19f6      	adds	r6, r6, r7
10002f4c:	46b4      	mov	ip, r6
10002f4e:	0049      	lsls	r1, r1, #1
10002f50:	0d4f      	lsrs	r7, r1, #21
10002f52:	d002      	beq.n	10002f5a <l20_2+0x20>
10002f54:	1c7e      	adds	r6, r7, #1
10002f56:	0af6      	lsrs	r6, r6, #11
10002f58:	d003      	beq.n	10002f62 <l20_2+0x28>
10002f5a:	2000      	movs	r0, #0
10002f5c:	2100      	movs	r1, #0
10002f5e:	3f40      	subs	r7, #64	@ 0x40
10002f60:	033f      	lsls	r7, r7, #12
10002f62:	1b3e      	subs	r6, r7, r4
10002f64:	00b6      	lsls	r6, r6, #2
10002f66:	44b4      	add	ip, r6
10002f68:	3f01      	subs	r7, #1
10002f6a:	057f      	lsls	r7, r7, #21
10002f6c:	1bc9      	subs	r1, r1, r7
10002f6e:	0849      	lsrs	r1, r1, #1
10002f70:	6f2e      	ldr	r6, [r5, #112]	@ 0x70
10002f72:	3601      	adds	r6, #1
10002f74:	0876      	lsrs	r6, r6, #1
10002f76:	029c      	lsls	r4, r3, #10
10002f78:	0d95      	lsrs	r5, r2, #22
10002f7a:	4325      	orrs	r5, r4
10002f7c:	4375      	muls	r5, r6
10002f7e:	13ed      	asrs	r5, r5, #15
10002f80:	4375      	muls	r5, r6
10002f82:	13ad      	asrs	r5, r5, #14
10002f84:	3501      	adds	r5, #1
10002f86:	106d      	asrs	r5, r5, #1
10002f88:	03f6      	lsls	r6, r6, #15
10002f8a:	1b76      	subs	r6, r6, r5
10002f8c:	b40c      	push	{r2, r3}
10002f8e:	02cc      	lsls	r4, r1, #11
10002f90:	0d45      	lsrs	r5, r0, #21
10002f92:	432c      	orrs	r4, r5
10002f94:	b2a2      	uxth	r2, r4
10002f96:	b2b3      	uxth	r3, r6
10002f98:	435a      	muls	r2, r3
10002f9a:	0c27      	lsrs	r7, r4, #16
10002f9c:	437b      	muls	r3, r7
10002f9e:	0c35      	lsrs	r5, r6, #16
10002fa0:	436f      	muls	r7, r5
10002fa2:	b2a4      	uxth	r4, r4
10002fa4:	436c      	muls	r4, r5
10002fa6:	191b      	adds	r3, r3, r4
10002fa8:	d302      	bcc.n	10002fb0 <l21_1>
10002faa:	2401      	movs	r4, #1
10002fac:	0424      	lsls	r4, r4, #16
10002fae:	193f      	adds	r7, r7, r4

10002fb0 <l21_1>:
10002fb0:	041c      	lsls	r4, r3, #16
10002fb2:	0c1d      	lsrs	r5, r3, #16
10002fb4:	18a4      	adds	r4, r4, r2
10002fb6:	417d      	adcs	r5, r7
10002fb8:	1924      	adds	r4, r4, r4
10002fba:	416d      	adcs	r5, r5
10002fbc:	9a00      	ldr	r2, [sp, #0]
10002fbe:	b291      	uxth	r1, r2
10002fc0:	b2ac      	uxth	r4, r5
10002fc2:	4361      	muls	r1, r4
10002fc4:	0c17      	lsrs	r7, r2, #16
10002fc6:	437c      	muls	r4, r7
10002fc8:	0c2b      	lsrs	r3, r5, #16
10002fca:	435f      	muls	r7, r3
10002fcc:	b292      	uxth	r2, r2
10002fce:	435a      	muls	r2, r3
10002fd0:	18a4      	adds	r4, r4, r2
10002fd2:	d302      	bcc.n	10002fda <l22_1>
10002fd4:	2201      	movs	r2, #1
10002fd6:	0412      	lsls	r2, r2, #16
10002fd8:	18bf      	adds	r7, r7, r2

10002fda <l22_1>:
10002fda:	0422      	lsls	r2, r4, #16
10002fdc:	0c23      	lsrs	r3, r4, #16
10002fde:	1852      	adds	r2, r2, r1
10002fe0:	417b      	adcs	r3, r7
10002fe2:	9c01      	ldr	r4, [sp, #4]
10002fe4:	436c      	muls	r4, r5
10002fe6:	191b      	adds	r3, r3, r4
10002fe8:	0e52      	lsrs	r2, r2, #25
10002fea:	01d9      	lsls	r1, r3, #7
10002fec:	430a      	orrs	r2, r1
10002fee:	0144      	lsls	r4, r0, #5
10002ff0:	1aa0      	subs	r0, r4, r2
10002ff2:	b281      	uxth	r1, r0
10002ff4:	b2b2      	uxth	r2, r6
10002ff6:	4351      	muls	r1, r2
10002ff8:	1403      	asrs	r3, r0, #16
10002ffa:	435a      	muls	r2, r3
10002ffc:	0c36      	lsrs	r6, r6, #16
10002ffe:	4373      	muls	r3, r6
10003000:	b287      	uxth	r7, r0
10003002:	4377      	muls	r7, r6
10003004:	17d6      	asrs	r6, r2, #31
10003006:	19d2      	adds	r2, r2, r7
10003008:	2700      	movs	r7, #0
1000300a:	417e      	adcs	r6, r7
1000300c:	0436      	lsls	r6, r6, #16
1000300e:	199b      	adds	r3, r3, r6
10003010:	0417      	lsls	r7, r2, #16
10003012:	0c16      	lsrs	r6, r2, #16
10003014:	187f      	adds	r7, r7, r1
10003016:	415e      	adcs	r6, r3
10003018:	1673      	asrs	r3, r6, #25
1000301a:	18ed      	adds	r5, r5, r3
1000301c:	01f3      	lsls	r3, r6, #7
1000301e:	2600      	movs	r6, #0
10003020:	3380      	adds	r3, #128	@ 0x80
10003022:	4175      	adcs	r5, r6
10003024:	0fa9      	lsrs	r1, r5, #30
10003026:	d106      	bne.n	10003036 <dd_0>
10003028:	0064      	lsls	r4, r4, #1
1000302a:	0a69      	lsrs	r1, r5, #9
1000302c:	05e8      	lsls	r0, r5, #23
1000302e:	0a5b      	lsrs	r3, r3, #9
10003030:	4318      	orrs	r0, r3
10003032:	d209      	bcs.n	10003048 <dd_1>
10003034:	e02f      	b.n	10003096 <dd_2>

10003036 <dd_0>:
10003036:	2204      	movs	r2, #4
10003038:	4494      	add	ip, r2
1000303a:	3380      	adds	r3, #128	@ 0x80
1000303c:	4175      	adcs	r5, r6
1000303e:	0aa9      	lsrs	r1, r5, #10
10003040:	05a8      	lsls	r0, r5, #22
10003042:	0a9b      	lsrs	r3, r3, #10
10003044:	4318      	orrs	r0, r3
10003046:	d326      	bcc.n	10003096 <dd_2>

10003048 <dd_1>:
10003048:	4140      	adcs	r0, r0
1000304a:	4149      	adcs	r1, r1
1000304c:	0424      	lsls	r4, r4, #16
1000304e:	9a00      	ldr	r2, [sp, #0]
10003050:	9b01      	ldr	r3, [sp, #4]
10003052:	000d      	movs	r5, r1
10003054:	4355      	muls	r5, r2
10003056:	1b64      	subs	r4, r4, r5
10003058:	4343      	muls	r3, r0
1000305a:	1ae4      	subs	r4, r4, r3
1000305c:	b295      	uxth	r5, r2
1000305e:	b286      	uxth	r6, r0
10003060:	4375      	muls	r5, r6
10003062:	0c17      	lsrs	r7, r2, #16
10003064:	437e      	muls	r6, r7
10003066:	0c03      	lsrs	r3, r0, #16
10003068:	435f      	muls	r7, r3
1000306a:	b292      	uxth	r2, r2
1000306c:	435a      	muls	r2, r3
1000306e:	18b6      	adds	r6, r6, r2
10003070:	d302      	bcc.n	10003078 <l24_1>
10003072:	2201      	movs	r2, #1
10003074:	0412      	lsls	r2, r2, #16
10003076:	18bf      	adds	r7, r7, r2

10003078 <l24_1>:
10003078:	0432      	lsls	r2, r6, #16
1000307a:	0c33      	lsrs	r3, r6, #16
1000307c:	1952      	adds	r2, r2, r5
1000307e:	417b      	adcs	r3, r7
10003080:	4252      	negs	r2, r2
10003082:	419c      	sbcs	r4, r3
10003084:	2c00      	cmp	r4, #0
10003086:	d402      	bmi.n	1000308e <l24_1+0x16>
10003088:	2200      	movs	r2, #0
1000308a:	3001      	adds	r0, #1
1000308c:	4151      	adcs	r1, r2
1000308e:	0840      	lsrs	r0, r0, #1
10003090:	07ca      	lsls	r2, r1, #31
10003092:	4310      	orrs	r0, r2
10003094:	0849      	lsrs	r1, r1, #1

10003096 <dd_2>:
10003096:	b002      	add	sp, #8
10003098:	4662      	mov	r2, ip
1000309a:	07d7      	lsls	r7, r2, #31
1000309c:	1092      	asrs	r2, r2, #2
1000309e:	4b08      	ldr	r3, [pc, #32]	@ (100030c0 <dd_4+0x6>)
100030a0:	18d2      	adds	r2, r2, r3
100030a2:	4b08      	ldr	r3, [pc, #32]	@ (100030c4 <dd_4+0xa>)
100030a4:	429a      	cmp	r2, r3
100030a6:	d203      	bcs.n	100030b0 <dd_3>
100030a8:	0512      	lsls	r2, r2, #20
100030aa:	1889      	adds	r1, r1, r2

100030ac <dd_5>:
100030ac:	19c9      	adds	r1, r1, r7
100030ae:	bdf0      	pop	{r4, r5, r6, r7, pc}

100030b0 <dd_3>:
100030b0:	2000      	movs	r0, #0
100030b2:	2a00      	cmp	r2, #0
100030b4:	dc01      	bgt.n	100030ba <dd_4>
100030b6:	0039      	movs	r1, r7
100030b8:	bdf0      	pop	{r4, r5, r6, r7, pc}

100030ba <dd_4>:
100030ba:	3301      	adds	r3, #1
100030bc:	0519      	lsls	r1, r3, #20
100030be:	e7f5      	b.n	100030ac <dd_5>
100030c0:	000003fd 	.word	0x000003fd
100030c4:	000007fe 	.word	0x000007fe

100030c8 <double2uint_shim>:
100030c8:	2200      	movs	r2, #0

100030ca <double2ufix_shim>:
100030ca:	b500      	push	{lr}
100030cc:	3220      	adds	r2, #32
100030ce:	f000 f804 	bl	100030da <double2ufix64_shim>
100030d2:	0008      	movs	r0, r1
100030d4:	bd00      	pop	{pc}
	...

100030d8 <double2uint64_shim>:
100030d8:	2200      	movs	r2, #0

100030da <double2ufix64_shim>:
100030da:	150b      	asrs	r3, r1, #20
100030dc:	d40a      	bmi.n	100030f4 <ret_dzero>

100030de <d2fix>:
100030de:	b510      	push	{r4, lr}
100030e0:	4694      	mov	ip, r2
100030e2:	f000 f831 	bl	10003148 <dunpacks>
100030e6:	1414      	asrs	r4, r2, #16
100030e8:	3401      	adds	r4, #1
100030ea:	da00      	bge.n	100030ee <d2fix+0x10>
100030ec:	2100      	movs	r1, #0
100030ee:	17cb      	asrs	r3, r1, #31
100030f0:	4c14      	ldr	r4, [pc, #80]	@ (10003144 <d2fix_a+0x4a>)
100030f2:	4720      	bx	r4

100030f4 <ret_dzero>:
100030f4:	2000      	movs	r0, #0
100030f6:	2100      	movs	r1, #0
100030f8:	4770      	bx	lr

100030fa <d2fix_a>:
100030fa:	4462      	add	r2, ip
100030fc:	3a34      	subs	r2, #52	@ 0x34
100030fe:	d40c      	bmi.n	1000311a <d2fix_a+0x20>
10003100:	2a0c      	cmp	r2, #12
10003102:	da07      	bge.n	10003114 <d2fix_a+0x1a>
10003104:	0004      	movs	r4, r0
10003106:	4091      	lsls	r1, r2
10003108:	4090      	lsls	r0, r2
1000310a:	4252      	negs	r2, r2
1000310c:	3220      	adds	r2, #32
1000310e:	40d4      	lsrs	r4, r2
10003110:	4321      	orrs	r1, r4
10003112:	bd10      	pop	{r4, pc}
10003114:	43d8      	mvns	r0, r3
10003116:	43d9      	mvns	r1, r3
10003118:	bd10      	pop	{r4, pc}
1000311a:	3220      	adds	r2, #32
1000311c:	d407      	bmi.n	1000312e <d2fix_a+0x34>
1000311e:	460c      	mov	r4, r1
10003120:	4094      	lsls	r4, r2
10003122:	4252      	negs	r2, r2
10003124:	3220      	adds	r2, #32
10003126:	4111      	asrs	r1, r2
10003128:	40d0      	lsrs	r0, r2
1000312a:	4320      	orrs	r0, r4
1000312c:	bd10      	pop	{r4, pc}
1000312e:	0008      	movs	r0, r1
10003130:	17c9      	asrs	r1, r1, #31
10003132:	3220      	adds	r2, #32
10003134:	d403      	bmi.n	1000313e <d2fix_a+0x44>
10003136:	4252      	negs	r2, r2
10003138:	3220      	adds	r2, #32
1000313a:	4110      	asrs	r0, r2
1000313c:	bd10      	pop	{r4, pc}
1000313e:	0018      	movs	r0, r3
10003140:	0019      	movs	r1, r3
10003142:	bd10      	pop	{r4, pc}
10003144:	100030fb 	.word	0x100030fb

10003148 <dunpacks>:
10003148:	0d0a      	lsrs	r2, r1, #20
1000314a:	0fcc      	lsrs	r4, r1, #31
1000314c:	1e53      	subs	r3, r2, #1
1000314e:	051b      	lsls	r3, r3, #20
10003150:	1ac9      	subs	r1, r1, r3
10003152:	0552      	lsls	r2, r2, #21
10003154:	d303      	bcc.n	1000315e <l60_1>
10003156:	43c9      	mvns	r1, r1
10003158:	4240      	negs	r0, r0
1000315a:	d300      	bcc.n	1000315e <l60_1>
1000315c:	3101      	adds	r1, #1

1000315e <l60_1>:
1000315e:	0d52      	lsrs	r2, r2, #21
10003160:	d003      	beq.n	1000316a <l60_2>
10003162:	1c53      	adds	r3, r2, #1
10003164:	0adb      	lsrs	r3, r3, #11
10003166:	d007      	beq.n	10003178 <l60_3>
10003168:	1b12      	subs	r2, r2, r4

1000316a <l60_2>:
1000316a:	2000      	movs	r0, #0
1000316c:	0064      	lsls	r4, r4, #1
1000316e:	1c61      	adds	r1, r4, #1
10003170:	0789      	lsls	r1, r1, #30
10003172:	1289      	asrs	r1, r1, #10
10003174:	3a80      	subs	r2, #128	@ 0x80
10003176:	0312      	lsls	r2, r2, #12

10003178 <l60_3>:
10003178:	4b01      	ldr	r3, [pc, #4]	@ (10003180 <l60_3+0x8>)
1000317a:	1ad2      	subs	r2, r2, r3
1000317c:	4770      	bx	lr
1000317e:	0000      	.short	0x0000
10003180:	000003ff 	.word	0x000003ff

10003184 <__wrap___aeabi_lmul>:
10003184:	4351      	muls	r1, r2
10003186:	4343      	muls	r3, r0
10003188:	18c9      	adds	r1, r1, r3
1000318a:	468c      	mov	ip, r1
1000318c:	0c11      	lsrs	r1, r2, #16
1000318e:	b283      	uxth	r3, r0
10003190:	434b      	muls	r3, r1
10003192:	b410      	push	{r4}
10003194:	0c04      	lsrs	r4, r0, #16
10003196:	4361      	muls	r1, r4
10003198:	b292      	uxth	r2, r2
1000319a:	b280      	uxth	r0, r0
1000319c:	4350      	muls	r0, r2
1000319e:	4362      	muls	r2, r4
100031a0:	041c      	lsls	r4, r3, #16
100031a2:	0c1b      	lsrs	r3, r3, #16
100031a4:	1900      	adds	r0, r0, r4
100031a6:	bc10      	pop	{r4}
100031a8:	4159      	adcs	r1, r3
100031aa:	0413      	lsls	r3, r2, #16
100031ac:	0c12      	lsrs	r2, r2, #16
100031ae:	18c0      	adds	r0, r0, r3
100031b0:	4151      	adcs	r1, r2
100031b2:	4461      	add	r1, ip
100031b4:	4770      	bx	lr
	...

100031b8 <__wrap___aeabi_frsub>:
100031b8:	4048      	eors	r0, r1
100031ba:	4041      	eors	r1, r0
100031bc:	4048      	eors	r0, r1

100031be <__wrap___aeabi_fsub>:
100031be:	4b0e      	ldr	r3, [pc, #56]	@ (100031f8 <__wrap___aeabi_fmul+0x6>)
100031c0:	685b      	ldr	r3, [r3, #4]
100031c2:	4718      	bx	r3

100031c4 <__wrap___aeabi_fadd>:
100031c4:	4b0c      	ldr	r3, [pc, #48]	@ (100031f8 <__wrap___aeabi_fmul+0x6>)
100031c6:	681b      	ldr	r3, [r3, #0]
100031c8:	4718      	bx	r3

100031ca <__wrap___aeabi_fdiv>:
100031ca:	4a0c      	ldr	r2, [pc, #48]	@ (100031fc <__wrap___aeabi_fmul+0xa>)
100031cc:	6f93      	ldr	r3, [r2, #120]	@ 0x78
100031ce:	089b      	lsrs	r3, r3, #2
100031d0:	d202      	bcs.n	100031d8 <fdiv_save_state>

100031d2 <fdiv_shim_call>:
100031d2:	4b09      	ldr	r3, [pc, #36]	@ (100031f8 <__wrap___aeabi_fmul+0x6>)
100031d4:	68db      	ldr	r3, [r3, #12]
100031d6:	4718      	bx	r3

100031d8 <fdiv_save_state>:
100031d8:	b5f0      	push	{r4, r5, r6, r7, lr}
100031da:	6e14      	ldr	r4, [r2, #96]	@ 0x60
100031dc:	6e55      	ldr	r5, [r2, #100]	@ 0x64
100031de:	6f57      	ldr	r7, [r2, #116]	@ 0x74
100031e0:	6f16      	ldr	r6, [r2, #112]	@ 0x70
100031e2:	f7ff fff6 	bl	100031d2 <fdiv_shim_call>
100031e6:	4a05      	ldr	r2, [pc, #20]	@ (100031fc <__wrap___aeabi_fmul+0xa>)
100031e8:	6614      	str	r4, [r2, #96]	@ 0x60
100031ea:	6655      	str	r5, [r2, #100]	@ 0x64
100031ec:	6757      	str	r7, [r2, #116]	@ 0x74
100031ee:	6716      	str	r6, [r2, #112]	@ 0x70
100031f0:	bdf0      	pop	{r4, r5, r6, r7, pc}

100031f2 <__wrap___aeabi_fmul>:
100031f2:	4b01      	ldr	r3, [pc, #4]	@ (100031f8 <__wrap___aeabi_fmul+0x6>)
100031f4:	689b      	ldr	r3, [r3, #8]
100031f6:	4718      	bx	r3
100031f8:	200012e8 	.word	0x200012e8
100031fc:	d0000000 	.word	0xd0000000

10003200 <__wrap___aeabi_ui2f>:
10003200:	1a49      	subs	r1, r1, r1
10003202:	2800      	cmp	r0, #0
10003204:	d108      	bne.n	10003218 <__aeabi_i2f_main>
10003206:	4608      	mov	r0, r1
10003208:	4770      	bx	lr
	...

1000320c <__wrap___aeabi_i2f>:
1000320c:	0fc1      	lsrs	r1, r0, #31
1000320e:	07c9      	lsls	r1, r1, #31
10003210:	d500      	bpl.n	10003214 <__wrap___aeabi_i2f+0x8>
10003212:	4240      	negs	r0, r0
10003214:	2800      	cmp	r0, #0
10003216:	d017      	beq.n	10003248 <__aeabi_i2f_main+0x30>

10003218 <__aeabi_i2f_main>:
10003218:	46f4      	mov	ip, lr
1000321a:	b403      	push	{r0, r1}
1000321c:	4b0b      	ldr	r3, [pc, #44]	@ (1000324c <__aeabi_i2f_main+0x34>)
1000321e:	681b      	ldr	r3, [r3, #0]
10003220:	4798      	blx	r3
10003222:	bc06      	pop	{r1, r2}
10003224:	4081      	lsls	r1, r0
10003226:	389e      	subs	r0, #158	@ 0x9e
10003228:	4240      	negs	r0, r0
1000322a:	3180      	adds	r1, #128	@ 0x80
1000322c:	d207      	bcs.n	1000323e <__aeabi_i2f_main+0x26>
1000322e:	060b      	lsls	r3, r1, #24
10003230:	d007      	beq.n	10003242 <__aeabi_i2f_main+0x2a>
10003232:	0049      	lsls	r1, r1, #1
10003234:	0a49      	lsrs	r1, r1, #9
10003236:	05c0      	lsls	r0, r0, #23
10003238:	4310      	orrs	r0, r2
1000323a:	4308      	orrs	r0, r1
1000323c:	4760      	bx	ip
1000323e:	3001      	adds	r0, #1
10003240:	e7f8      	b.n	10003234 <__aeabi_i2f_main+0x1c>
10003242:	0a49      	lsrs	r1, r1, #9
10003244:	0289      	lsls	r1, r1, #10
10003246:	e7f5      	b.n	10003234 <__aeabi_i2f_main+0x1c>
10003248:	4770      	bx	lr
1000324a:	0000      	.short	0x0000
1000324c:	20001f50 	.word	0x20001f50

10003250 <__wrap___aeabi_f2d>:
10003250:	4b03      	ldr	r3, [pc, #12]	@ (10003260 <__wrap___aeabi_f2d+0x10>)
10003252:	6fdb      	ldr	r3, [r3, #124]	@ 0x7c
10003254:	46fc      	mov	ip, pc
10003256:	4718      	bx	r3
10003258:	32f5df7c 	.word	0x32f5df7c
1000325c:	00001000 	.word	0x00001000
10003260:	200012e8 	.word	0x200012e8

10003264 <__aeabi_float_init>:
10003264:	2313      	movs	r3, #19
10003266:	b510      	push	{r4, lr}
10003268:	4812      	ldr	r0, [pc, #72]	@ (100032b4 <__aeabi_float_init+0x50>)
1000326a:	781c      	ldrb	r4, [r3, #0]
1000326c:	f7fe ffb4 	bl	100021d8 <rom_data_lookup>
10003270:	0001      	movs	r1, r0
10003272:	2c01      	cmp	r4, #1
10003274:	d00a      	beq.n	1000328c <__aeabi_float_init+0x28>
10003276:	dd03      	ble.n	10003280 <__aeabi_float_init+0x1c>
10003278:	2280      	movs	r2, #128	@ 0x80
1000327a:	480f      	ldr	r0, [pc, #60]	@ (100032b8 <__aeabi_float_init+0x54>)
1000327c:	f000 f860 	bl	10003340 <__wrap___aeabi_memcpy>
10003280:	480e      	ldr	r0, [pc, #56]	@ (100032bc <__aeabi_float_init+0x58>)
10003282:	f7fe ffa1 	bl	100021c8 <rom_func_lookup>
10003286:	4b0e      	ldr	r3, [pc, #56]	@ (100032c0 <__aeabi_float_init+0x5c>)
10003288:	6018      	str	r0, [r3, #0]
1000328a:	bd10      	pop	{r4, pc}
1000328c:	4c0a      	ldr	r4, [pc, #40]	@ (100032b8 <__aeabi_float_init+0x54>)
1000328e:	2254      	movs	r2, #84	@ 0x54
10003290:	0020      	movs	r0, r4
10003292:	f000 f855 	bl	10003340 <__wrap___aeabi_memcpy>
10003296:	4b0b      	ldr	r3, [pc, #44]	@ (100032c4 <__aeabi_float_init+0x60>)
10003298:	6563      	str	r3, [r4, #84]	@ 0x54
1000329a:	65a3      	str	r3, [r4, #88]	@ 0x58
1000329c:	65e3      	str	r3, [r4, #92]	@ 0x5c
1000329e:	6623      	str	r3, [r4, #96]	@ 0x60
100032a0:	6663      	str	r3, [r4, #100]	@ 0x64
100032a2:	66a3      	str	r3, [r4, #104]	@ 0x68
100032a4:	66e3      	str	r3, [r4, #108]	@ 0x6c
100032a6:	6723      	str	r3, [r4, #112]	@ 0x70
100032a8:	6763      	str	r3, [r4, #116]	@ 0x74
100032aa:	67a3      	str	r3, [r4, #120]	@ 0x78
100032ac:	67e3      	str	r3, [r4, #124]	@ 0x7c
100032ae:	6223      	str	r3, [r4, #32]
100032b0:	61e3      	str	r3, [r4, #28]
100032b2:	e7e5      	b.n	10003280 <__aeabi_float_init+0x1c>
100032b4:	00004653 	.word	0x00004653
100032b8:	200012e8 	.word	0x200012e8
100032bc:	0000334c 	.word	0x0000334c
100032c0:	20001f50 	.word	0x20001f50
100032c4:	100032c9 	.word	0x100032c9

100032c8 <float_table_shim_on_use_helper>:
100032c8:	b507      	push	{r0, r1, r2, lr}
100032ca:	4660      	mov	r0, ip
100032cc:	8801      	ldrh	r1, [r0, #0]
100032ce:	0a0a      	lsrs	r2, r1, #8
100032d0:	3002      	adds	r0, #2
100032d2:	2adf      	cmp	r2, #223	@ 0xdf
100032d4:	d1fa      	bne.n	100032cc <float_table_shim_on_use_helper+0x4>
100032d6:	b2c9      	uxtb	r1, r1
100032d8:	0882      	lsrs	r2, r0, #2
100032da:	d304      	bcc.n	100032e6 <float_table_shim_on_use_helper+0x1e>
100032dc:	8802      	ldrh	r2, [r0, #0]
100032de:	8840      	ldrh	r0, [r0, #2]
100032e0:	0400      	lsls	r0, r0, #16
100032e2:	4310      	orrs	r0, r2
100032e4:	e000      	b.n	100032e8 <float_table_shim_on_use_helper+0x20>
100032e6:	6800      	ldr	r0, [r0, #0]
100032e8:	4a01      	ldr	r2, [pc, #4]	@ (100032f0 <float_table_shim_on_use_helper+0x28>)
100032ea:	5050      	str	r0, [r2, r1]
100032ec:	9003      	str	r0, [sp, #12]
100032ee:	bd07      	pop	{r0, r1, r2, pc}
100032f0:	200012e8 	.word	0x200012e8

100032f4 <float2double_shim>:
100032f4:	0fc3      	lsrs	r3, r0, #31
100032f6:	07db      	lsls	r3, r3, #31
100032f8:	0041      	lsls	r1, r0, #1
100032fa:	0e0a      	lsrs	r2, r1, #24
100032fc:	d007      	beq.n	1000330e <float2double_shim+0x1a>
100032fe:	2aff      	cmp	r2, #255	@ 0xff
10003300:	d008      	beq.n	10003314 <float2double_shim+0x20>
10003302:	0909      	lsrs	r1, r1, #4
10003304:	4a05      	ldr	r2, [pc, #20]	@ (1000331c <float2double_shim+0x28>)
10003306:	1889      	adds	r1, r1, r2
10003308:	4319      	orrs	r1, r3
1000330a:	0740      	lsls	r0, r0, #29
1000330c:	4770      	bx	lr
1000330e:	0019      	movs	r1, r3
10003310:	2000      	movs	r0, #0
10003312:	4770      	bx	lr
10003314:	4902      	ldr	r1, [pc, #8]	@ (10003320 <float2double_shim+0x2c>)
10003316:	18c9      	adds	r1, r1, r3
10003318:	e7fa      	b.n	10003310 <float2double_shim+0x1c>
1000331a:	0000      	.short	0x0000
1000331c:	38000000 	.word	0x38000000
10003320:	7ff00000 	.word	0x7ff00000

10003324 <__aeabi_mem_init>:
10003324:	4801      	ldr	r0, [pc, #4]	@ (1000332c <__aeabi_mem_init+0x8>)
10003326:	2104      	movs	r1, #4
10003328:	4b01      	ldr	r3, [pc, #4]	@ (10003330 <__aeabi_mem_init+0xc>)
1000332a:	4718      	bx	r3
1000332c:	20000ff0 	.word	0x20000ff0
10003330:	100021e9 	.word	0x100021e9

10003334 <__wrap_memset>:
10003334:	4b01      	ldr	r3, [pc, #4]	@ (1000333c <__wrap_memset+0x8>)
10003336:	681b      	ldr	r3, [r3, #0]
10003338:	4718      	bx	r3
1000333a:	0000      	.short	0x0000
1000333c:	20000ff0 	.word	0x20000ff0

10003340 <__wrap___aeabi_memcpy>:
10003340:	4b01      	ldr	r3, [pc, #4]	@ (10003348 <__wrap___aeabi_memcpy+0x8>)
10003342:	685b      	ldr	r3, [r3, #4]
10003344:	4718      	bx	r3
10003346:	0000      	.short	0x0000
10003348:	20000ff0 	.word	0x20000ff0

1000334c <_out_buffer>:
1000334c:	429a      	cmp	r2, r3
1000334e:	d200      	bcs.n	10003352 <_out_buffer+0x6>
10003350:	5488      	strb	r0, [r1, r2]
10003352:	4770      	bx	lr

10003354 <_out_null>:
10003354:	4770      	bx	lr
10003356:	46c0      	nop			@ (mov r8, r8)

10003358 <_out_rev>:
10003358:	b5f8      	push	{r3, r4, r5, r6, r7, lr}
1000335a:	4657      	mov	r7, sl
1000335c:	46de      	mov	lr, fp
1000335e:	464e      	mov	r6, r9
10003360:	4645      	mov	r5, r8
10003362:	b5e0      	push	{r5, r6, r7, lr}
10003364:	4699      	mov	r9, r3
10003366:	9b0a      	ldr	r3, [sp, #40]	@ 0x28
10003368:	0007      	movs	r7, r0
1000336a:	469a      	mov	sl, r3
1000336c:	9b0d      	ldr	r3, [sp, #52]	@ 0x34
1000336e:	4688      	mov	r8, r1
10003370:	4693      	mov	fp, r2
10003372:	9c0b      	ldr	r4, [sp, #44]	@ 0x2c
10003374:	079b      	lsls	r3, r3, #30
10003376:	d13b      	bne.n	100033f0 <_out_rev+0x98>
10003378:	9b0c      	ldr	r3, [sp, #48]	@ 0x30
1000337a:	429c      	cmp	r4, r3
1000337c:	d23d      	bcs.n	100033fa <_out_rev+0xa2>
1000337e:	1b1e      	subs	r6, r3, r4
10003380:	940b      	str	r4, [sp, #44]	@ 0x2c
10003382:	0015      	movs	r5, r2
10003384:	000c      	movs	r4, r1
10003386:	445e      	add	r6, fp
10003388:	002a      	movs	r2, r5
1000338a:	464b      	mov	r3, r9
1000338c:	3501      	adds	r5, #1
1000338e:	0021      	movs	r1, r4
10003390:	2020      	movs	r0, #32
10003392:	47b8      	blx	r7
10003394:	42b5      	cmp	r5, r6
10003396:	d1f7      	bne.n	10003388 <_out_rev+0x30>
10003398:	46a0      	mov	r8, r4
1000339a:	9c0b      	ldr	r4, [sp, #44]	@ 0x2c
1000339c:	2c00      	cmp	r4, #0
1000339e:	d020      	beq.n	100033e2 <_out_rev+0x8a>
100033a0:	4645      	mov	r5, r8
100033a2:	1936      	adds	r6, r6, r4
100033a4:	4653      	mov	r3, sl
100033a6:	1b32      	subs	r2, r6, r4
100033a8:	3c01      	subs	r4, #1
100033aa:	5d18      	ldrb	r0, [r3, r4]
100033ac:	0029      	movs	r1, r5
100033ae:	464b      	mov	r3, r9
100033b0:	47b8      	blx	r7
100033b2:	2c00      	cmp	r4, #0
100033b4:	d1f6      	bne.n	100033a4 <_out_rev+0x4c>
100033b6:	002b      	movs	r3, r5
100033b8:	0035      	movs	r5, r6
100033ba:	4698      	mov	r8, r3
100033bc:	9b0d      	ldr	r3, [sp, #52]	@ 0x34
100033be:	079b      	lsls	r3, r3, #30
100033c0:	d50f      	bpl.n	100033e2 <_out_rev+0x8a>
100033c2:	465b      	mov	r3, fp
100033c4:	1aec      	subs	r4, r5, r3
100033c6:	9b0c      	ldr	r3, [sp, #48]	@ 0x30
100033c8:	42a3      	cmp	r3, r4
100033ca:	d90a      	bls.n	100033e2 <_out_rev+0x8a>
100033cc:	4646      	mov	r6, r8
100033ce:	4698      	mov	r8, r3
100033d0:	002a      	movs	r2, r5
100033d2:	464b      	mov	r3, r9
100033d4:	0031      	movs	r1, r6
100033d6:	2020      	movs	r0, #32
100033d8:	3401      	adds	r4, #1
100033da:	47b8      	blx	r7
100033dc:	3501      	adds	r5, #1
100033de:	4544      	cmp	r4, r8
100033e0:	d3f6      	bcc.n	100033d0 <_out_rev+0x78>
100033e2:	0028      	movs	r0, r5
100033e4:	bcf0      	pop	{r4, r5, r6, r7}
100033e6:	46bb      	mov	fp, r7
100033e8:	46b2      	mov	sl, r6
100033ea:	46a9      	mov	r9, r5
100033ec:	46a0      	mov	r8, r4
100033ee:	bdf8      	pop	{r3, r4, r5, r6, r7, pc}
100033f0:	0016      	movs	r6, r2
100033f2:	0015      	movs	r5, r2
100033f4:	2c00      	cmp	r4, #0
100033f6:	d1d3      	bne.n	100033a0 <_out_rev+0x48>
100033f8:	e7e0      	b.n	100033bc <_out_rev+0x64>
100033fa:	0016      	movs	r6, r2
100033fc:	2c00      	cmp	r4, #0
100033fe:	d1cf      	bne.n	100033a0 <_out_rev+0x48>
10003400:	0015      	movs	r5, r2
10003402:	e7ee      	b.n	100033e2 <_out_rev+0x8a>

10003404 <_ntoa_format>:
10003404:	b5f0      	push	{r4, r5, r6, r7, lr}
10003406:	464f      	mov	r7, r9
10003408:	4646      	mov	r6, r8
1000340a:	46d6      	mov	lr, sl
1000340c:	b5c0      	push	{r6, r7, lr}
1000340e:	b084      	sub	sp, #16
10003410:	4698      	mov	r8, r3
10003412:	ab0e      	add	r3, sp, #56	@ 0x38
10003414:	781b      	ldrb	r3, [r3, #0]
10003416:	4694      	mov	ip, r2
10003418:	4699      	mov	r9, r3
1000341a:	9b12      	ldr	r3, [sp, #72]	@ 0x48
1000341c:	9c0d      	ldr	r4, [sp, #52]	@ 0x34
1000341e:	9f10      	ldr	r7, [sp, #64]	@ 0x40
10003420:	9e11      	ldr	r6, [sp, #68]	@ 0x44
10003422:	079a      	lsls	r2, r3, #30
10003424:	d425      	bmi.n	10003472 <_ntoa_format+0x6e>
10003426:	2e00      	cmp	r6, #0
10003428:	d165      	bne.n	100034f6 <_ntoa_format+0xf2>
1000342a:	42bc      	cmp	r4, r7
1000342c:	d221      	bcs.n	10003472 <_ntoa_format+0x6e>
1000342e:	2201      	movs	r2, #1
10003430:	401a      	ands	r2, r3
10003432:	4692      	mov	sl, r2
10003434:	2c20      	cmp	r4, #32
10003436:	d100      	bne.n	1000343a <_ntoa_format+0x36>
10003438:	e0e9      	b.n	1000360e <_ntoa_format+0x20a>
1000343a:	9a0c      	ldr	r2, [sp, #48]	@ 0x30
1000343c:	1e55      	subs	r5, r2, #1
1000343e:	2230      	movs	r2, #48	@ 0x30
10003440:	e002      	b.n	10003448 <_ntoa_format+0x44>
10003442:	2c20      	cmp	r4, #32
10003444:	d100      	bne.n	10003448 <_ntoa_format+0x44>
10003446:	e07b      	b.n	10003540 <_ntoa_format+0x13c>
10003448:	3401      	adds	r4, #1
1000344a:	552a      	strb	r2, [r5, r4]
1000344c:	42a7      	cmp	r7, r4
1000344e:	d8f8      	bhi.n	10003442 <_ntoa_format+0x3e>
10003450:	4652      	mov	r2, sl
10003452:	2a00      	cmp	r2, #0
10003454:	d00d      	beq.n	10003472 <_ntoa_format+0x6e>
10003456:	42b4      	cmp	r4, r6
10003458:	d20b      	bcs.n	10003472 <_ntoa_format+0x6e>
1000345a:	9a0c      	ldr	r2, [sp, #48]	@ 0x30
1000345c:	1e55      	subs	r5, r2, #1
1000345e:	2230      	movs	r2, #48	@ 0x30
10003460:	2c20      	cmp	r4, #32
10003462:	d102      	bne.n	1000346a <_ntoa_format+0x66>
10003464:	e071      	b.n	1000354a <_ntoa_format+0x146>
10003466:	2c20      	cmp	r4, #32
10003468:	d02d      	beq.n	100034c6 <_ntoa_format+0xc2>
1000346a:	3401      	adds	r4, #1
1000346c:	552a      	strb	r2, [r5, r4]
1000346e:	42b4      	cmp	r4, r6
10003470:	d1f9      	bne.n	10003466 <_ntoa_format+0x62>
10003472:	06da      	lsls	r2, r3, #27
10003474:	d53c      	bpl.n	100034f0 <_ntoa_format+0xec>
10003476:	055a      	lsls	r2, r3, #21
10003478:	d42e      	bmi.n	100034d8 <_ntoa_format+0xd4>
1000347a:	2c00      	cmp	r4, #0
1000347c:	d128      	bne.n	100034d0 <_ntoa_format+0xcc>
1000347e:	9a0f      	ldr	r2, [sp, #60]	@ 0x3c
10003480:	2a10      	cmp	r2, #16
10003482:	d100      	bne.n	10003486 <_ntoa_format+0x82>
10003484:	e0b6      	b.n	100035f4 <_ntoa_format+0x1f0>
10003486:	2a02      	cmp	r2, #2
10003488:	d100      	bne.n	1000348c <_ntoa_format+0x88>
1000348a:	e0bc      	b.n	10003606 <_ntoa_format+0x202>
1000348c:	2230      	movs	r2, #48	@ 0x30
1000348e:	9c0c      	ldr	r4, [sp, #48]	@ 0x30
10003490:	7022      	strb	r2, [r4, #0]
10003492:	2401      	movs	r4, #1
10003494:	464a      	mov	r2, r9
10003496:	2a00      	cmp	r2, #0
10003498:	d165      	bne.n	10003566 <_ntoa_format+0x162>
1000349a:	075a      	lsls	r2, r3, #29
1000349c:	d400      	bmi.n	100034a0 <_ntoa_format+0x9c>
1000349e:	e099      	b.n	100035d4 <_ntoa_format+0x1d0>
100034a0:	222b      	movs	r2, #43	@ 0x2b
100034a2:	9d0c      	ldr	r5, [sp, #48]	@ 0x30
100034a4:	552a      	strb	r2, [r5, r4]
100034a6:	3401      	adds	r4, #1
100034a8:	9303      	str	r3, [sp, #12]
100034aa:	9b0c      	ldr	r3, [sp, #48]	@ 0x30
100034ac:	4662      	mov	r2, ip
100034ae:	9300      	str	r3, [sp, #0]
100034b0:	9602      	str	r6, [sp, #8]
100034b2:	4643      	mov	r3, r8
100034b4:	9401      	str	r4, [sp, #4]
100034b6:	f7ff ff4f 	bl	10003358 <_out_rev>
100034ba:	b004      	add	sp, #16
100034bc:	bce0      	pop	{r5, r6, r7}
100034be:	46ba      	mov	sl, r7
100034c0:	46b1      	mov	r9, r6
100034c2:	46a8      	mov	r8, r5
100034c4:	bdf0      	pop	{r4, r5, r6, r7, pc}
100034c6:	2420      	movs	r4, #32
100034c8:	06da      	lsls	r2, r3, #27
100034ca:	d5ed      	bpl.n	100034a8 <_ntoa_format+0xa4>
100034cc:	055a      	lsls	r2, r3, #21
100034ce:	d403      	bmi.n	100034d8 <_ntoa_format+0xd4>
100034d0:	42a7      	cmp	r7, r4
100034d2:	d066      	beq.n	100035a2 <_ntoa_format+0x19e>
100034d4:	42b4      	cmp	r4, r6
100034d6:	d064      	beq.n	100035a2 <_ntoa_format+0x19e>
100034d8:	9a0f      	ldr	r2, [sp, #60]	@ 0x3c
100034da:	2a10      	cmp	r2, #16
100034dc:	d071      	beq.n	100035c2 <_ntoa_format+0x1be>
100034de:	2a02      	cmp	r2, #2
100034e0:	d057      	beq.n	10003592 <_ntoa_format+0x18e>
100034e2:	2c20      	cmp	r4, #32
100034e4:	d0e0      	beq.n	100034a8 <_ntoa_format+0xa4>
100034e6:	0022      	movs	r2, r4
100034e8:	3401      	adds	r4, #1
100034ea:	2530      	movs	r5, #48	@ 0x30
100034ec:	9f0c      	ldr	r7, [sp, #48]	@ 0x30
100034ee:	54bd      	strb	r5, [r7, r2]
100034f0:	2c20      	cmp	r4, #32
100034f2:	d0d9      	beq.n	100034a8 <_ntoa_format+0xa4>
100034f4:	e7ce      	b.n	10003494 <_ntoa_format+0x90>
100034f6:	2201      	movs	r2, #1
100034f8:	0015      	movs	r5, r2
100034fa:	401d      	ands	r5, r3
100034fc:	46aa      	mov	sl, r5
100034fe:	421a      	tst	r2, r3
10003500:	d036      	beq.n	10003570 <_ntoa_format+0x16c>
10003502:	464a      	mov	r2, r9
10003504:	2a00      	cmp	r2, #0
10003506:	d14a      	bne.n	1000359e <_ntoa_format+0x19a>
10003508:	320c      	adds	r2, #12
1000350a:	421a      	tst	r2, r3
1000350c:	d147      	bne.n	1000359e <_ntoa_format+0x19a>
1000350e:	42bc      	cmp	r4, r7
10003510:	d2a1      	bcs.n	10003456 <_ntoa_format+0x52>
10003512:	2c20      	cmp	r4, #32
10003514:	d191      	bne.n	1000343a <_ntoa_format+0x36>
10003516:	2e20      	cmp	r6, #32
10003518:	d817      	bhi.n	1000354a <_ntoa_format+0x146>
1000351a:	2420      	movs	r4, #32
1000351c:	06da      	lsls	r2, r3, #27
1000351e:	d5c3      	bpl.n	100034a8 <_ntoa_format+0xa4>
10003520:	055a      	lsls	r2, r3, #21
10003522:	d41b      	bmi.n	1000355c <_ntoa_format+0x158>
10003524:	2f20      	cmp	r7, #32
10003526:	d001      	beq.n	1000352c <_ntoa_format+0x128>
10003528:	2e20      	cmp	r6, #32
1000352a:	d1d5      	bne.n	100034d8 <_ntoa_format+0xd4>
1000352c:	221f      	movs	r2, #31
1000352e:	9d0f      	ldr	r5, [sp, #60]	@ 0x3c
10003530:	2d10      	cmp	r5, #16
10003532:	d06f      	beq.n	10003614 <_ntoa_format+0x210>
10003534:	2d02      	cmp	r5, #2
10003536:	d1d8      	bne.n	100034ea <_ntoa_format+0xe6>
10003538:	2562      	movs	r5, #98	@ 0x62
1000353a:	9f0c      	ldr	r7, [sp, #48]	@ 0x30
1000353c:	54bd      	strb	r5, [r7, r2]
1000353e:	e7d0      	b.n	100034e2 <_ntoa_format+0xde>
10003540:	4652      	mov	r2, sl
10003542:	2a00      	cmp	r2, #0
10003544:	d079      	beq.n	1000363a <_ntoa_format+0x236>
10003546:	2e20      	cmp	r6, #32
10003548:	d9bd      	bls.n	100034c6 <_ntoa_format+0xc2>
1000354a:	2420      	movs	r4, #32
1000354c:	06da      	lsls	r2, r3, #27
1000354e:	d5ab      	bpl.n	100034a8 <_ntoa_format+0xa4>
10003550:	055a      	lsls	r2, r3, #21
10003552:	d403      	bmi.n	1000355c <_ntoa_format+0x158>
10003554:	2f20      	cmp	r7, #32
10003556:	d0e9      	beq.n	1000352c <_ntoa_format+0x128>
10003558:	2e20      	cmp	r6, #32
1000355a:	d0e7      	beq.n	1000352c <_ntoa_format+0x128>
1000355c:	9a0f      	ldr	r2, [sp, #60]	@ 0x3c
1000355e:	2a10      	cmp	r2, #16
10003560:	d1a2      	bne.n	100034a8 <_ntoa_format+0xa4>
10003562:	2420      	movs	r4, #32
10003564:	e7a0      	b.n	100034a8 <_ntoa_format+0xa4>
10003566:	222d      	movs	r2, #45	@ 0x2d
10003568:	9d0c      	ldr	r5, [sp, #48]	@ 0x30
1000356a:	552a      	strb	r2, [r5, r4]
1000356c:	3401      	adds	r4, #1
1000356e:	e79b      	b.n	100034a8 <_ntoa_format+0xa4>
10003570:	42bc      	cmp	r4, r7
10003572:	d300      	bcc.n	10003576 <_ntoa_format+0x172>
10003574:	e77d      	b.n	10003472 <_ntoa_format+0x6e>
10003576:	2c20      	cmp	r4, #32
10003578:	d000      	beq.n	1000357c <_ntoa_format+0x178>
1000357a:	e75e      	b.n	1000343a <_ntoa_format+0x36>
1000357c:	06da      	lsls	r2, r3, #27
1000357e:	d5f0      	bpl.n	10003562 <_ntoa_format+0x15e>
10003580:	055a      	lsls	r2, r3, #21
10003582:	d4ee      	bmi.n	10003562 <_ntoa_format+0x15e>
10003584:	2f20      	cmp	r7, #32
10003586:	d062      	beq.n	1000364e <_ntoa_format+0x24a>
10003588:	2e20      	cmp	r6, #32
1000358a:	d1ea      	bne.n	10003562 <_ntoa_format+0x15e>
1000358c:	0034      	movs	r4, r6
1000358e:	221f      	movs	r2, #31
10003590:	e7cd      	b.n	1000352e <_ntoa_format+0x12a>
10003592:	2c20      	cmp	r4, #32
10003594:	d100      	bne.n	10003598 <_ntoa_format+0x194>
10003596:	e787      	b.n	100034a8 <_ntoa_format+0xa4>
10003598:	0022      	movs	r2, r4
1000359a:	3401      	adds	r4, #1
1000359c:	e7cc      	b.n	10003538 <_ntoa_format+0x134>
1000359e:	3e01      	subs	r6, #1
100035a0:	e7b5      	b.n	1000350e <_ntoa_format+0x10a>
100035a2:	1e62      	subs	r2, r4, #1
100035a4:	2c01      	cmp	r4, #1
100035a6:	d1c2      	bne.n	1000352e <_ntoa_format+0x12a>
100035a8:	9a0f      	ldr	r2, [sp, #60]	@ 0x3c
100035aa:	2a10      	cmp	r2, #16
100035ac:	d000      	beq.n	100035b0 <_ntoa_format+0x1ac>
100035ae:	e76a      	b.n	10003486 <_ntoa_format+0x82>
100035b0:	069a      	lsls	r2, r3, #26
100035b2:	d53b      	bpl.n	1000362c <_ntoa_format+0x228>
100035b4:	2258      	movs	r2, #88	@ 0x58
100035b6:	9c0c      	ldr	r4, [sp, #48]	@ 0x30
100035b8:	7022      	strb	r2, [r4, #0]
100035ba:	3a28      	subs	r2, #40	@ 0x28
100035bc:	7062      	strb	r2, [r4, #1]
100035be:	2402      	movs	r4, #2
100035c0:	e768      	b.n	10003494 <_ntoa_format+0x90>
100035c2:	069a      	lsls	r2, r3, #26
100035c4:	d40e      	bmi.n	100035e4 <_ntoa_format+0x1e0>
100035c6:	2c20      	cmp	r4, #32
100035c8:	d0cb      	beq.n	10003562 <_ntoa_format+0x15e>
100035ca:	2278      	movs	r2, #120	@ 0x78
100035cc:	9d0c      	ldr	r5, [sp, #48]	@ 0x30
100035ce:	552a      	strb	r2, [r5, r4]
100035d0:	3401      	adds	r4, #1
100035d2:	e786      	b.n	100034e2 <_ntoa_format+0xde>
100035d4:	071a      	lsls	r2, r3, #28
100035d6:	d400      	bmi.n	100035da <_ntoa_format+0x1d6>
100035d8:	e766      	b.n	100034a8 <_ntoa_format+0xa4>
100035da:	2220      	movs	r2, #32
100035dc:	9d0c      	ldr	r5, [sp, #48]	@ 0x30
100035de:	552a      	strb	r2, [r5, r4]
100035e0:	3401      	adds	r4, #1
100035e2:	e761      	b.n	100034a8 <_ntoa_format+0xa4>
100035e4:	2c20      	cmp	r4, #32
100035e6:	d0bc      	beq.n	10003562 <_ntoa_format+0x15e>
100035e8:	2558      	movs	r5, #88	@ 0x58
100035ea:	9a0c      	ldr	r2, [sp, #48]	@ 0x30
100035ec:	1912      	adds	r2, r2, r4
100035ee:	7015      	strb	r5, [r2, #0]
100035f0:	3401      	adds	r4, #1
100035f2:	e776      	b.n	100034e2 <_ntoa_format+0xde>
100035f4:	069a      	lsls	r2, r3, #26
100035f6:	d508      	bpl.n	1000360a <_ntoa_format+0x206>
100035f8:	2258      	movs	r2, #88	@ 0x58
100035fa:	9c0c      	ldr	r4, [sp, #48]	@ 0x30
100035fc:	7022      	strb	r2, [r4, #0]
100035fe:	2230      	movs	r2, #48	@ 0x30
10003600:	7062      	strb	r2, [r4, #1]
10003602:	2402      	movs	r4, #2
10003604:	e746      	b.n	10003494 <_ntoa_format+0x90>
10003606:	3260      	adds	r2, #96	@ 0x60
10003608:	e7f7      	b.n	100035fa <_ntoa_format+0x1f6>
1000360a:	2278      	movs	r2, #120	@ 0x78
1000360c:	e7f5      	b.n	100035fa <_ntoa_format+0x1f6>
1000360e:	2a00      	cmp	r2, #0
10003610:	d183      	bne.n	1000351a <_ntoa_format+0x116>
10003612:	e7b3      	b.n	1000357c <_ntoa_format+0x178>
10003614:	1ea2      	subs	r2, r4, #2
10003616:	3c01      	subs	r4, #1
10003618:	069d      	lsls	r5, r3, #26
1000361a:	d403      	bmi.n	10003624 <_ntoa_format+0x220>
1000361c:	2578      	movs	r5, #120	@ 0x78
1000361e:	9f0c      	ldr	r7, [sp, #48]	@ 0x30
10003620:	54bd      	strb	r5, [r7, r2]
10003622:	e760      	b.n	100034e6 <_ntoa_format+0xe2>
10003624:	2558      	movs	r5, #88	@ 0x58
10003626:	9f0c      	ldr	r7, [sp, #48]	@ 0x30
10003628:	54bd      	strb	r5, [r7, r2]
1000362a:	e75c      	b.n	100034e6 <_ntoa_format+0xe2>
1000362c:	2278      	movs	r2, #120	@ 0x78
1000362e:	9c0c      	ldr	r4, [sp, #48]	@ 0x30
10003630:	7022      	strb	r2, [r4, #0]
10003632:	3a48      	subs	r2, #72	@ 0x48
10003634:	7062      	strb	r2, [r4, #1]
10003636:	2402      	movs	r4, #2
10003638:	e72c      	b.n	10003494 <_ntoa_format+0x90>
1000363a:	06da      	lsls	r2, r3, #27
1000363c:	d400      	bmi.n	10003640 <_ntoa_format+0x23c>
1000363e:	e733      	b.n	100034a8 <_ntoa_format+0xa4>
10003640:	055a      	lsls	r2, r3, #21
10003642:	d48b      	bmi.n	1000355c <_ntoa_format+0x158>
10003644:	2f20      	cmp	r7, #32
10003646:	d000      	beq.n	1000364a <_ntoa_format+0x246>
10003648:	e744      	b.n	100034d4 <_ntoa_format+0xd0>
1000364a:	221f      	movs	r2, #31
1000364c:	e76f      	b.n	1000352e <_ntoa_format+0x12a>
1000364e:	003c      	movs	r4, r7
10003650:	221f      	movs	r2, #31
10003652:	e76c      	b.n	1000352e <_ntoa_format+0x12a>

10003654 <_out_char>:
10003654:	b510      	push	{r4, lr}
10003656:	2800      	cmp	r0, #0
10003658:	d100      	bne.n	1000365c <_out_char+0x8>
1000365a:	bd10      	pop	{r4, pc}
1000365c:	f001 fb74 	bl	10004d48 <__wrap_putchar>
10003660:	e7fb      	b.n	1000365a <_out_char+0x6>
10003662:	46c0      	nop			@ (mov r8, r8)

10003664 <_out_fct>:
10003664:	000b      	movs	r3, r1
10003666:	b510      	push	{r4, lr}
10003668:	2800      	cmp	r0, #0
1000366a:	d002      	beq.n	10003672 <_out_fct+0xe>
1000366c:	6849      	ldr	r1, [r1, #4]
1000366e:	681b      	ldr	r3, [r3, #0]
10003670:	4798      	blx	r3
10003672:	bd10      	pop	{r4, pc}

10003674 <_etoa>:
10003674:	b5f0      	push	{r4, r5, r6, r7, lr}
10003676:	4657      	mov	r7, sl
10003678:	464e      	mov	r6, r9
1000367a:	4645      	mov	r5, r8
1000367c:	46de      	mov	lr, fp
1000367e:	b5e0      	push	{r5, r6, r7, lr}
10003680:	b099      	sub	sp, #100	@ 0x64
10003682:	4682      	mov	sl, r0
10003684:	4689      	mov	r9, r1
10003686:	4690      	mov	r8, r2
10003688:	9308      	str	r3, [sp, #32]
1000368a:	9a22      	ldr	r2, [sp, #136]	@ 0x88
1000368c:	9b23      	ldr	r3, [sp, #140]	@ 0x8c
1000368e:	0010      	movs	r0, r2
10003690:	0019      	movs	r1, r3
10003692:	f7ff fa1c 	bl	10002ace <__wrap___aeabi_dcmpun>
10003696:	2800      	cmp	r0, #0
10003698:	d000      	beq.n	1000369c <_etoa+0x28>
1000369a:	e0cd      	b.n	10003838 <_etoa+0x1c4>
1000369c:	9822      	ldr	r0, [sp, #136]	@ 0x88
1000369e:	9923      	ldr	r1, [sp, #140]	@ 0x8c
100036a0:	2201      	movs	r2, #1
100036a2:	4bd9      	ldr	r3, [pc, #868]	@ (10003a08 <_etoa+0x394>)
100036a4:	4252      	negs	r2, r2
100036a6:	f7ff fa0d 	bl	10002ac4 <__wrap___aeabi_dcmpgt>
100036aa:	2800      	cmp	r0, #0
100036ac:	d000      	beq.n	100036b0 <_etoa+0x3c>
100036ae:	e0c3      	b.n	10003838 <_etoa+0x1c4>
100036b0:	9822      	ldr	r0, [sp, #136]	@ 0x88
100036b2:	9923      	ldr	r1, [sp, #140]	@ 0x8c
100036b4:	2201      	movs	r2, #1
100036b6:	4bd5      	ldr	r3, [pc, #852]	@ (10003a0c <_etoa+0x398>)
100036b8:	4252      	negs	r2, r2
100036ba:	f7ff f9f5 	bl	10002aa8 <__wrap___aeabi_dcmplt>
100036be:	2800      	cmp	r0, #0
100036c0:	d000      	beq.n	100036c4 <_etoa+0x50>
100036c2:	e0b9      	b.n	10003838 <_etoa+0x1c4>
100036c4:	9822      	ldr	r0, [sp, #136]	@ 0x88
100036c6:	9923      	ldr	r1, [sp, #140]	@ 0x8c
100036c8:	2200      	movs	r2, #0
100036ca:	2300      	movs	r3, #0
100036cc:	f7ff f9ec 	bl	10002aa8 <__wrap___aeabi_dcmplt>
100036d0:	2800      	cmp	r0, #0
100036d2:	d000      	beq.n	100036d6 <_etoa+0x62>
100036d4:	e1f1      	b.n	10003aba <_etoa+0x446>
100036d6:	9e22      	ldr	r6, [sp, #136]	@ 0x88
100036d8:	9f23      	ldr	r7, [sp, #140]	@ 0x8c
100036da:	2380      	movs	r3, #128	@ 0x80
100036dc:	9a26      	ldr	r2, [sp, #152]	@ 0x98
100036de:	00db      	lsls	r3, r3, #3
100036e0:	401a      	ands	r2, r3
100036e2:	920d      	str	r2, [sp, #52]	@ 0x34
100036e4:	9a26      	ldr	r2, [sp, #152]	@ 0x98
100036e6:	421a      	tst	r2, r3
100036e8:	d101      	bne.n	100036ee <_etoa+0x7a>
100036ea:	2306      	movs	r3, #6
100036ec:	9324      	str	r3, [sp, #144]	@ 0x90
100036ee:	2380      	movs	r3, #128	@ 0x80
100036f0:	9a26      	ldr	r2, [sp, #152]	@ 0x98
100036f2:	011b      	lsls	r3, r3, #4
100036f4:	401a      	ands	r2, r3
100036f6:	003b      	movs	r3, r7
100036f8:	4693      	mov	fp, r2
100036fa:	9609      	str	r6, [sp, #36]	@ 0x24
100036fc:	4333      	orrs	r3, r6
100036fe:	d000      	beq.n	10003702 <_etoa+0x8e>
10003700:	e0b3      	b.n	1000386a <_etoa+0x1f6>
10003702:	2a00      	cmp	r2, #0
10003704:	d000      	beq.n	10003708 <_etoa+0x94>
10003706:	e1c2      	b.n	10003a8e <_etoa+0x41a>
10003708:	2300      	movs	r3, #0
1000370a:	2400      	movs	r4, #0
1000370c:	930a      	str	r3, [sp, #40]	@ 0x28
1000370e:	940b      	str	r4, [sp, #44]	@ 0x2c
10003710:	2300      	movs	r3, #0
10003712:	2504      	movs	r5, #4
10003714:	9309      	str	r3, [sp, #36]	@ 0x24
10003716:	9b25      	ldr	r3, [sp, #148]	@ 0x94
10003718:	2400      	movs	r4, #0
1000371a:	42ab      	cmp	r3, r5
1000371c:	d900      	bls.n	10003720 <_etoa+0xac>
1000371e:	1b5c      	subs	r4, r3, r5
10003720:	2302      	movs	r3, #2
10003722:	9a26      	ldr	r2, [sp, #152]	@ 0x98
10003724:	401a      	ands	r2, r3
10003726:	920c      	str	r2, [sp, #48]	@ 0x30
10003728:	9a26      	ldr	r2, [sp, #152]	@ 0x98
1000372a:	4213      	tst	r3, r2
1000372c:	d003      	beq.n	10003736 <_etoa+0xc2>
1000372e:	426b      	negs	r3, r5
10003730:	416b      	adcs	r3, r5
10003732:	425b      	negs	r3, r3
10003734:	401c      	ands	r4, r3
10003736:	9b09      	ldr	r3, [sp, #36]	@ 0x24
10003738:	2b00      	cmp	r3, #0
1000373a:	d007      	beq.n	1000374c <_etoa+0xd8>
1000373c:	9a0a      	ldr	r2, [sp, #40]	@ 0x28
1000373e:	9b0b      	ldr	r3, [sp, #44]	@ 0x2c
10003740:	0030      	movs	r0, r6
10003742:	0039      	movs	r1, r7
10003744:	f7ff f94f 	bl	100029e6 <__wrap___aeabi_ddiv>
10003748:	0006      	movs	r6, r0
1000374a:	000f      	movs	r7, r1
1000374c:	9822      	ldr	r0, [sp, #136]	@ 0x88
1000374e:	9923      	ldr	r1, [sp, #140]	@ 0x8c
10003750:	2200      	movs	r2, #0
10003752:	2300      	movs	r3, #0
10003754:	f7ff f9a8 	bl	10002aa8 <__wrap___aeabi_dcmplt>
10003758:	2800      	cmp	r0, #0
1000375a:	d003      	beq.n	10003764 <_etoa+0xf0>
1000375c:	2180      	movs	r1, #128	@ 0x80
1000375e:	0609      	lsls	r1, r1, #24
10003760:	187b      	adds	r3, r7, r1
10003762:	001f      	movs	r7, r3
10003764:	9a26      	ldr	r2, [sp, #152]	@ 0x98
10003766:	4baa      	ldr	r3, [pc, #680]	@ (10003a10 <_etoa+0x39c>)
10003768:	9600      	str	r6, [sp, #0]
1000376a:	9701      	str	r7, [sp, #4]
1000376c:	4013      	ands	r3, r2
1000376e:	9e08      	ldr	r6, [sp, #32]
10003770:	9304      	str	r3, [sp, #16]
10003772:	9b24      	ldr	r3, [sp, #144]	@ 0x90
10003774:	9403      	str	r4, [sp, #12]
10003776:	9302      	str	r3, [sp, #8]
10003778:	4642      	mov	r2, r8
1000377a:	0033      	movs	r3, r6
1000377c:	4649      	mov	r1, r9
1000377e:	4650      	mov	r0, sl
10003780:	f000 f9aa 	bl	10003ad8 <_ftoa>
10003784:	0004      	movs	r4, r0
10003786:	2d00      	cmp	r5, #0
10003788:	d067      	beq.n	1000385a <_etoa+0x1e6>
1000378a:	2020      	movs	r0, #32
1000378c:	9a26      	ldr	r2, [sp, #152]	@ 0x98
1000378e:	4649      	mov	r1, r9
10003790:	4002      	ands	r2, r0
10003792:	0013      	movs	r3, r2
10003794:	425a      	negs	r2, r3
10003796:	4153      	adcs	r3, r2
10003798:	425b      	negs	r3, r3
1000379a:	1c62      	adds	r2, r4, #1
1000379c:	4018      	ands	r0, r3
1000379e:	920a      	str	r2, [sp, #40]	@ 0x28
100037a0:	0033      	movs	r3, r6
100037a2:	0022      	movs	r2, r4
100037a4:	3045      	adds	r0, #69	@ 0x45
100037a6:	47d0      	blx	sl
100037a8:	9a09      	ldr	r2, [sp, #36]	@ 0x24
100037aa:	1e6f      	subs	r7, r5, #1
100037ac:	17d3      	asrs	r3, r2, #31
100037ae:	18d4      	adds	r4, r2, r3
100037b0:	405c      	eors	r4, r3
100037b2:	0fd3      	lsrs	r3, r2, #31
100037b4:	469b      	mov	fp, r3
100037b6:	2500      	movs	r5, #0
100037b8:	e001      	b.n	100037be <_etoa+0x14a>
100037ba:	2d20      	cmp	r5, #32
100037bc:	d013      	beq.n	100037e6 <_etoa+0x172>
100037be:	aa08      	add	r2, sp, #32
100037c0:	4694      	mov	ip, r2
100037c2:	231f      	movs	r3, #31
100037c4:	0020      	movs	r0, r4
100037c6:	4463      	add	r3, ip
100037c8:	210a      	movs	r1, #10
100037ca:	3501      	adds	r5, #1
100037cc:	195e      	adds	r6, r3, r5
100037ce:	f7fe febd 	bl	1000254c <__wrap___aeabi_uidiv>
100037d2:	3130      	adds	r1, #48	@ 0x30
100037d4:	7031      	strb	r1, [r6, #0]
100037d6:	0020      	movs	r0, r4
100037d8:	210a      	movs	r1, #10
100037da:	f7fe feb7 	bl	1000254c <__wrap___aeabi_uidiv>
100037de:	0026      	movs	r6, r4
100037e0:	0004      	movs	r4, r0
100037e2:	2e09      	cmp	r6, #9
100037e4:	d8e9      	bhi.n	100037ba <_etoa+0x146>
100037e6:	2305      	movs	r3, #5
100037e8:	9306      	str	r3, [sp, #24]
100037ea:	2300      	movs	r3, #0
100037ec:	9304      	str	r3, [sp, #16]
100037ee:	330a      	adds	r3, #10
100037f0:	9303      	str	r3, [sp, #12]
100037f2:	465b      	mov	r3, fp
100037f4:	9e08      	ldr	r6, [sp, #32]
100037f6:	9302      	str	r3, [sp, #8]
100037f8:	ab10      	add	r3, sp, #64	@ 0x40
100037fa:	9a0a      	ldr	r2, [sp, #40]	@ 0x28
100037fc:	9300      	str	r3, [sp, #0]
100037fe:	4649      	mov	r1, r9
10003800:	0033      	movs	r3, r6
10003802:	4650      	mov	r0, sl
10003804:	9705      	str	r7, [sp, #20]
10003806:	9501      	str	r5, [sp, #4]
10003808:	f7ff fdfc 	bl	10003404 <_ntoa_format>
1000380c:	9a0c      	ldr	r2, [sp, #48]	@ 0x30
1000380e:	0004      	movs	r4, r0
10003810:	2a00      	cmp	r2, #0
10003812:	d022      	beq.n	1000385a <_etoa+0x1e6>
10003814:	4642      	mov	r2, r8
10003816:	1a85      	subs	r5, r0, r2
10003818:	9a25      	ldr	r2, [sp, #148]	@ 0x94
1000381a:	42aa      	cmp	r2, r5
1000381c:	d91d      	bls.n	1000385a <_etoa+0x1e6>
1000381e:	46b0      	mov	r8, r6
10003820:	4657      	mov	r7, sl
10003822:	0016      	movs	r6, r2
10003824:	0022      	movs	r2, r4
10003826:	4643      	mov	r3, r8
10003828:	4649      	mov	r1, r9
1000382a:	2020      	movs	r0, #32
1000382c:	3501      	adds	r5, #1
1000382e:	47b8      	blx	r7
10003830:	3401      	adds	r4, #1
10003832:	42ae      	cmp	r6, r5
10003834:	d8f6      	bhi.n	10003824 <_etoa+0x1b0>
10003836:	e010      	b.n	1000385a <_etoa+0x1e6>
10003838:	9b26      	ldr	r3, [sp, #152]	@ 0x98
1000383a:	4642      	mov	r2, r8
1000383c:	9304      	str	r3, [sp, #16]
1000383e:	9b25      	ldr	r3, [sp, #148]	@ 0x94
10003840:	4649      	mov	r1, r9
10003842:	9303      	str	r3, [sp, #12]
10003844:	9b24      	ldr	r3, [sp, #144]	@ 0x90
10003846:	4650      	mov	r0, sl
10003848:	9302      	str	r3, [sp, #8]
1000384a:	9b22      	ldr	r3, [sp, #136]	@ 0x88
1000384c:	9c23      	ldr	r4, [sp, #140]	@ 0x8c
1000384e:	9300      	str	r3, [sp, #0]
10003850:	9401      	str	r4, [sp, #4]
10003852:	9b08      	ldr	r3, [sp, #32]
10003854:	f000 f940 	bl	10003ad8 <_ftoa>
10003858:	0004      	movs	r4, r0
1000385a:	0020      	movs	r0, r4
1000385c:	b019      	add	sp, #100	@ 0x64
1000385e:	bcf0      	pop	{r4, r5, r6, r7}
10003860:	46bb      	mov	fp, r7
10003862:	46b2      	mov	sl, r6
10003864:	46a9      	mov	r9, r5
10003866:	46a0      	mov	r8, r4
10003868:	bdf0      	pop	{r4, r5, r6, r7, pc}
1000386a:	4b6a      	ldr	r3, [pc, #424]	@ (10003a14 <_etoa+0x3a0>)
1000386c:	0078      	lsls	r0, r7, #1
1000386e:	469c      	mov	ip, r3
10003870:	0d40      	lsrs	r0, r0, #21
10003872:	4460      	add	r0, ip
10003874:	f7ff f93c 	bl	10002af0 <__wrap___aeabi_i2d>
10003878:	4a67      	ldr	r2, [pc, #412]	@ (10003a18 <_etoa+0x3a4>)
1000387a:	4b68      	ldr	r3, [pc, #416]	@ (10003a1c <_etoa+0x3a8>)
1000387c:	f7ff f8d1 	bl	10002a22 <__wrap___aeabi_dmul>
10003880:	4a67      	ldr	r2, [pc, #412]	@ (10003a20 <_etoa+0x3ac>)
10003882:	4b68      	ldr	r3, [pc, #416]	@ (10003a24 <_etoa+0x3b0>)
10003884:	f7ff f8a6 	bl	100029d4 <__wrap___aeabi_dadd>
10003888:	4a67      	ldr	r2, [pc, #412]	@ (10003a28 <_etoa+0x3b4>)
1000388a:	033b      	lsls	r3, r7, #12
1000388c:	0b1b      	lsrs	r3, r3, #12
1000388e:	431a      	orrs	r2, r3
10003890:	0004      	movs	r4, r0
10003892:	000d      	movs	r5, r1
10003894:	9809      	ldr	r0, [sp, #36]	@ 0x24
10003896:	0011      	movs	r1, r2
10003898:	4b64      	ldr	r3, [pc, #400]	@ (10003a2c <_etoa+0x3b8>)
1000389a:	2200      	movs	r2, #0
1000389c:	f7ff f891 	bl	100029c2 <__wrap___aeabi_dsub>
100038a0:	4a63      	ldr	r2, [pc, #396]	@ (10003a30 <_etoa+0x3bc>)
100038a2:	4b64      	ldr	r3, [pc, #400]	@ (10003a34 <_etoa+0x3c0>)
100038a4:	f7ff f8bd 	bl	10002a22 <__wrap___aeabi_dmul>
100038a8:	0002      	movs	r2, r0
100038aa:	000b      	movs	r3, r1
100038ac:	0020      	movs	r0, r4
100038ae:	0029      	movs	r1, r5
100038b0:	f7ff f890 	bl	100029d4 <__wrap___aeabi_dadd>
100038b4:	f7ff f934 	bl	10002b20 <__wrap___aeabi_d2iz>
100038b8:	9009      	str	r0, [sp, #36]	@ 0x24
100038ba:	f7ff f919 	bl	10002af0 <__wrap___aeabi_i2d>
100038be:	4a5e      	ldr	r2, [pc, #376]	@ (10003a38 <_etoa+0x3c4>)
100038c0:	4b5e      	ldr	r3, [pc, #376]	@ (10003a3c <_etoa+0x3c8>)
100038c2:	0004      	movs	r4, r0
100038c4:	000d      	movs	r5, r1
100038c6:	f7ff f8ac 	bl	10002a22 <__wrap___aeabi_dmul>
100038ca:	2200      	movs	r2, #0
100038cc:	4b5c      	ldr	r3, [pc, #368]	@ (10003a40 <_etoa+0x3cc>)
100038ce:	f7ff f881 	bl	100029d4 <__wrap___aeabi_dadd>
100038d2:	f7ff f925 	bl	10002b20 <__wrap___aeabi_d2iz>
100038d6:	4a5b      	ldr	r2, [pc, #364]	@ (10003a44 <_etoa+0x3d0>)
100038d8:	4b5b      	ldr	r3, [pc, #364]	@ (10003a48 <_etoa+0x3d4>)
100038da:	0029      	movs	r1, r5
100038dc:	900c      	str	r0, [sp, #48]	@ 0x30
100038de:	0020      	movs	r0, r4
100038e0:	f7ff f89f 	bl	10002a22 <__wrap___aeabi_dmul>
100038e4:	0004      	movs	r4, r0
100038e6:	980c      	ldr	r0, [sp, #48]	@ 0x30
100038e8:	000d      	movs	r5, r1
100038ea:	f7ff f901 	bl	10002af0 <__wrap___aeabi_i2d>
100038ee:	4a57      	ldr	r2, [pc, #348]	@ (10003a4c <_etoa+0x3d8>)
100038f0:	4b57      	ldr	r3, [pc, #348]	@ (10003a50 <_etoa+0x3dc>)
100038f2:	f7ff f896 	bl	10002a22 <__wrap___aeabi_dmul>
100038f6:	0002      	movs	r2, r0
100038f8:	000b      	movs	r3, r1
100038fa:	0020      	movs	r0, r4
100038fc:	0029      	movs	r1, r5
100038fe:	f7ff f860 	bl	100029c2 <__wrap___aeabi_dsub>
10003902:	0004      	movs	r4, r0
10003904:	000d      	movs	r5, r1
10003906:	0002      	movs	r2, r0
10003908:	000b      	movs	r3, r1
1000390a:	940a      	str	r4, [sp, #40]	@ 0x28
1000390c:	950b      	str	r5, [sp, #44]	@ 0x2c
1000390e:	f7ff f888 	bl	10002a22 <__wrap___aeabi_dmul>
10003912:	0004      	movs	r4, r0
10003914:	000d      	movs	r5, r1
10003916:	980a      	ldr	r0, [sp, #40]	@ 0x28
10003918:	990b      	ldr	r1, [sp, #44]	@ 0x2c
1000391a:	0002      	movs	r2, r0
1000391c:	000b      	movs	r3, r1
1000391e:	f7ff f859 	bl	100029d4 <__wrap___aeabi_dadd>
10003922:	2200      	movs	r2, #0
10003924:	900e      	str	r0, [sp, #56]	@ 0x38
10003926:	910f      	str	r1, [sp, #60]	@ 0x3c
10003928:	4b4a      	ldr	r3, [pc, #296]	@ (10003a54 <_etoa+0x3e0>)
1000392a:	0020      	movs	r0, r4
1000392c:	0029      	movs	r1, r5
1000392e:	f7ff f85a 	bl	100029e6 <__wrap___aeabi_ddiv>
10003932:	2200      	movs	r2, #0
10003934:	4b48      	ldr	r3, [pc, #288]	@ (10003a58 <_etoa+0x3e4>)
10003936:	f7ff f84d 	bl	100029d4 <__wrap___aeabi_dadd>
1000393a:	0002      	movs	r2, r0
1000393c:	000b      	movs	r3, r1
1000393e:	0020      	movs	r0, r4
10003940:	0029      	movs	r1, r5
10003942:	f7ff f850 	bl	100029e6 <__wrap___aeabi_ddiv>
10003946:	2200      	movs	r2, #0
10003948:	4b44      	ldr	r3, [pc, #272]	@ (10003a5c <_etoa+0x3e8>)
1000394a:	f7ff f843 	bl	100029d4 <__wrap___aeabi_dadd>
1000394e:	0002      	movs	r2, r0
10003950:	000b      	movs	r3, r1
10003952:	0020      	movs	r0, r4
10003954:	0029      	movs	r1, r5
10003956:	f7ff f846 	bl	100029e6 <__wrap___aeabi_ddiv>
1000395a:	9a0a      	ldr	r2, [sp, #40]	@ 0x28
1000395c:	9b0b      	ldr	r3, [sp, #44]	@ 0x2c
1000395e:	000d      	movs	r5, r1
10003960:	2180      	movs	r1, #128	@ 0x80
10003962:	0004      	movs	r4, r0
10003964:	05c9      	lsls	r1, r1, #23
10003966:	2000      	movs	r0, #0
10003968:	f7ff f82b 	bl	100029c2 <__wrap___aeabi_dsub>
1000396c:	0002      	movs	r2, r0
1000396e:	000b      	movs	r3, r1
10003970:	0020      	movs	r0, r4
10003972:	0029      	movs	r1, r5
10003974:	f7ff f82e 	bl	100029d4 <__wrap___aeabi_dadd>
10003978:	0002      	movs	r2, r0
1000397a:	000b      	movs	r3, r1
1000397c:	980e      	ldr	r0, [sp, #56]	@ 0x38
1000397e:	990f      	ldr	r1, [sp, #60]	@ 0x3c
10003980:	f7ff f831 	bl	100029e6 <__wrap___aeabi_ddiv>
10003984:	2200      	movs	r2, #0
10003986:	4b28      	ldr	r3, [pc, #160]	@ (10003a28 <_etoa+0x3b4>)
10003988:	f7ff f824 	bl	100029d4 <__wrap___aeabi_dadd>
1000398c:	4b34      	ldr	r3, [pc, #208]	@ (10003a60 <_etoa+0x3ec>)
1000398e:	9c0c      	ldr	r4, [sp, #48]	@ 0x30
10003990:	469c      	mov	ip, r3
10003992:	4464      	add	r4, ip
10003994:	0523      	lsls	r3, r4, #20
10003996:	2200      	movs	r2, #0
10003998:	f7ff f843 	bl	10002a22 <__wrap___aeabi_dmul>
1000399c:	0004      	movs	r4, r0
1000399e:	000d      	movs	r5, r1
100039a0:	0002      	movs	r2, r0
100039a2:	000b      	movs	r3, r1
100039a4:	0030      	movs	r0, r6
100039a6:	0039      	movs	r1, r7
100039a8:	940a      	str	r4, [sp, #40]	@ 0x28
100039aa:	950b      	str	r5, [sp, #44]	@ 0x2c
100039ac:	f7ff f87c 	bl	10002aa8 <__wrap___aeabi_dcmplt>
100039b0:	2800      	cmp	r0, #0
100039b2:	d15d      	bne.n	10003a70 <_etoa+0x3fc>
100039b4:	0023      	movs	r3, r4
100039b6:	002a      	movs	r2, r5
100039b8:	25c6      	movs	r5, #198	@ 0xc6
100039ba:	9909      	ldr	r1, [sp, #36]	@ 0x24
100039bc:	3163      	adds	r1, #99	@ 0x63
100039be:	428d      	cmp	r5, r1
100039c0:	41ad      	sbcs	r5, r5
100039c2:	4659      	mov	r1, fp
100039c4:	426d      	negs	r5, r5
100039c6:	3504      	adds	r5, #4
100039c8:	2900      	cmp	r1, #0
100039ca:	d100      	bne.n	100039ce <_etoa+0x35a>
100039cc:	e6a3      	b.n	10003716 <_etoa+0xa2>
100039ce:	4313      	orrs	r3, r2
100039d0:	d063      	beq.n	10003a9a <_etoa+0x426>
100039d2:	0030      	movs	r0, r6
100039d4:	0039      	movs	r1, r7
100039d6:	4a23      	ldr	r2, [pc, #140]	@ (10003a64 <_etoa+0x3f0>)
100039d8:	4b23      	ldr	r3, [pc, #140]	@ (10003a68 <_etoa+0x3f4>)
100039da:	f7ff f86b 	bl	10002ab4 <__wrap___aeabi_dcmpge>
100039de:	2800      	cmp	r0, #0
100039e0:	d007      	beq.n	100039f2 <_etoa+0x37e>
100039e2:	2200      	movs	r2, #0
100039e4:	0030      	movs	r0, r6
100039e6:	0039      	movs	r1, r7
100039e8:	4b20      	ldr	r3, [pc, #128]	@ (10003a6c <_etoa+0x3f8>)
100039ea:	f7ff f85d 	bl	10002aa8 <__wrap___aeabi_dcmplt>
100039ee:	2800      	cmp	r0, #0
100039f0:	d153      	bne.n	10003a9a <_etoa+0x426>
100039f2:	9b24      	ldr	r3, [sp, #144]	@ 0x90
100039f4:	2b00      	cmp	r3, #0
100039f6:	d100      	bne.n	100039fa <_etoa+0x386>
100039f8:	e68d      	b.n	10003716 <_etoa+0xa2>
100039fa:	9b0d      	ldr	r3, [sp, #52]	@ 0x34
100039fc:	1e5a      	subs	r2, r3, #1
100039fe:	4193      	sbcs	r3, r2
10003a00:	9a24      	ldr	r2, [sp, #144]	@ 0x90
10003a02:	1ad3      	subs	r3, r2, r3
10003a04:	9324      	str	r3, [sp, #144]	@ 0x90
10003a06:	e686      	b.n	10003716 <_etoa+0xa2>
10003a08:	7fefffff 	.word	0x7fefffff
10003a0c:	ffefffff 	.word	0xffefffff
10003a10:	fffff7ff 	.word	0xfffff7ff
10003a14:	fffffc01 	.word	0xfffffc01
10003a18:	509f79fb 	.word	0x509f79fb
10003a1c:	3fd34413 	.word	0x3fd34413
10003a20:	8b60c8b3 	.word	0x8b60c8b3
10003a24:	3fc68a28 	.word	0x3fc68a28
10003a28:	3ff00000 	.word	0x3ff00000
10003a2c:	3ff80000 	.word	0x3ff80000
10003a30:	636f4361 	.word	0x636f4361
10003a34:	3fd287a7 	.word	0x3fd287a7
10003a38:	0979a371 	.word	0x0979a371
10003a3c:	400a934f 	.word	0x400a934f
10003a40:	3fe00000 	.word	0x3fe00000
10003a44:	bbb55516 	.word	0xbbb55516
10003a48:	40026bb1 	.word	0x40026bb1
10003a4c:	fefa39ef 	.word	0xfefa39ef
10003a50:	3fe62e42 	.word	0x3fe62e42
10003a54:	402c0000 	.word	0x402c0000
10003a58:	40240000 	.word	0x40240000
10003a5c:	40180000 	.word	0x40180000
10003a60:	000003ff 	.word	0x000003ff
10003a64:	eb1c432d 	.word	0xeb1c432d
10003a68:	3f1a36e2 	.word	0x3f1a36e2
10003a6c:	412e8480 	.word	0x412e8480
10003a70:	9b09      	ldr	r3, [sp, #36]	@ 0x24
10003a72:	2200      	movs	r2, #0
10003a74:	3b01      	subs	r3, #1
10003a76:	9309      	str	r3, [sp, #36]	@ 0x24
10003a78:	0020      	movs	r0, r4
10003a7a:	4b16      	ldr	r3, [pc, #88]	@ (10003ad4 <_etoa+0x460>)
10003a7c:	0029      	movs	r1, r5
10003a7e:	f7fe ffb2 	bl	100029e6 <__wrap___aeabi_ddiv>
10003a82:	000a      	movs	r2, r1
10003a84:	0001      	movs	r1, r0
10003a86:	0003      	movs	r3, r0
10003a88:	910a      	str	r1, [sp, #40]	@ 0x28
10003a8a:	920b      	str	r2, [sp, #44]	@ 0x2c
10003a8c:	e794      	b.n	100039b8 <_etoa+0x344>
10003a8e:	2300      	movs	r3, #0
10003a90:	2400      	movs	r4, #0
10003a92:	930a      	str	r3, [sp, #40]	@ 0x28
10003a94:	940b      	str	r4, [sp, #44]	@ 0x2c
10003a96:	2300      	movs	r3, #0
10003a98:	9309      	str	r3, [sp, #36]	@ 0x24
10003a9a:	9a24      	ldr	r2, [sp, #144]	@ 0x90
10003a9c:	9b09      	ldr	r3, [sp, #36]	@ 0x24
10003a9e:	429a      	cmp	r2, r3
10003aa0:	dd14      	ble.n	10003acc <_etoa+0x458>
10003aa2:	1ad3      	subs	r3, r2, r3
10003aa4:	3b01      	subs	r3, #1
10003aa6:	9324      	str	r3, [sp, #144]	@ 0x90
10003aa8:	2380      	movs	r3, #128	@ 0x80
10003aaa:	9a26      	ldr	r2, [sp, #152]	@ 0x98
10003aac:	00db      	lsls	r3, r3, #3
10003aae:	431a      	orrs	r2, r3
10003ab0:	2300      	movs	r3, #0
10003ab2:	2500      	movs	r5, #0
10003ab4:	9226      	str	r2, [sp, #152]	@ 0x98
10003ab6:	9309      	str	r3, [sp, #36]	@ 0x24
10003ab8:	e62d      	b.n	10003716 <_etoa+0xa2>
10003aba:	2280      	movs	r2, #128	@ 0x80
10003abc:	0612      	lsls	r2, r2, #24
10003abe:	4694      	mov	ip, r2
10003ac0:	9b22      	ldr	r3, [sp, #136]	@ 0x88
10003ac2:	001e      	movs	r6, r3
10003ac4:	9b23      	ldr	r3, [sp, #140]	@ 0x8c
10003ac6:	4463      	add	r3, ip
10003ac8:	001f      	movs	r7, r3
10003aca:	e606      	b.n	100036da <_etoa+0x66>
10003acc:	2300      	movs	r3, #0
10003ace:	9324      	str	r3, [sp, #144]	@ 0x90
10003ad0:	e7ea      	b.n	10003aa8 <_etoa+0x434>
10003ad2:	46c0      	nop			@ (mov r8, r8)
10003ad4:	40240000 	.word	0x40240000

10003ad8 <_ftoa>:
10003ad8:	b5f0      	push	{r4, r5, r6, r7, lr}
10003ada:	4645      	mov	r5, r8
10003adc:	46de      	mov	lr, fp
10003ade:	464e      	mov	r6, r9
10003ae0:	4657      	mov	r7, sl
10003ae2:	b5e0      	push	{r5, r6, r7, lr}
10003ae4:	b095      	sub	sp, #84	@ 0x54
10003ae6:	468b      	mov	fp, r1
10003ae8:	4690      	mov	r8, r2
10003aea:	4699      	mov	r9, r3
10003aec:	9a1e      	ldr	r2, [sp, #120]	@ 0x78
10003aee:	9b1f      	ldr	r3, [sp, #124]	@ 0x7c
10003af0:	900a      	str	r0, [sp, #40]	@ 0x28
10003af2:	0019      	movs	r1, r3
10003af4:	0010      	movs	r0, r2
10003af6:	9d20      	ldr	r5, [sp, #128]	@ 0x80
10003af8:	f7fe ffe9 	bl	10002ace <__wrap___aeabi_dcmpun>
10003afc:	2800      	cmp	r0, #0
10003afe:	d000      	beq.n	10003b02 <_ftoa+0x2a>
10003b00:	e1b0      	b.n	10003e64 <_ftoa+0x38c>
10003b02:	981e      	ldr	r0, [sp, #120]	@ 0x78
10003b04:	991f      	ldr	r1, [sp, #124]	@ 0x7c
10003b06:	2201      	movs	r2, #1
10003b08:	4bc7      	ldr	r3, [pc, #796]	@ (10003e28 <_ftoa+0x350>)
10003b0a:	4252      	negs	r2, r2
10003b0c:	f7fe ffcc 	bl	10002aa8 <__wrap___aeabi_dcmplt>
10003b10:	2800      	cmp	r0, #0
10003b12:	d000      	beq.n	10003b16 <_ftoa+0x3e>
10003b14:	e137      	b.n	10003d86 <_ftoa+0x2ae>
10003b16:	981e      	ldr	r0, [sp, #120]	@ 0x78
10003b18:	991f      	ldr	r1, [sp, #124]	@ 0x7c
10003b1a:	2201      	movs	r2, #1
10003b1c:	4bc3      	ldr	r3, [pc, #780]	@ (10003e2c <_ftoa+0x354>)
10003b1e:	4252      	negs	r2, r2
10003b20:	f7fe ffd0 	bl	10002ac4 <__wrap___aeabi_dcmpgt>
10003b24:	2800      	cmp	r0, #0
10003b26:	d000      	beq.n	10003b2a <_ftoa+0x52>
10003b28:	e0a7      	b.n	10003c7a <_ftoa+0x1a2>
10003b2a:	981e      	ldr	r0, [sp, #120]	@ 0x78
10003b2c:	991f      	ldr	r1, [sp, #124]	@ 0x7c
10003b2e:	2200      	movs	r2, #0
10003b30:	4bbf      	ldr	r3, [pc, #764]	@ (10003e30 <_ftoa+0x358>)
10003b32:	f7fe ffc7 	bl	10002ac4 <__wrap___aeabi_dcmpgt>
10003b36:	2800      	cmp	r0, #0
10003b38:	d000      	beq.n	10003b3c <_ftoa+0x64>
10003b3a:	e088      	b.n	10003c4e <_ftoa+0x176>
10003b3c:	981e      	ldr	r0, [sp, #120]	@ 0x78
10003b3e:	991f      	ldr	r1, [sp, #124]	@ 0x7c
10003b40:	2200      	movs	r2, #0
10003b42:	4bbc      	ldr	r3, [pc, #752]	@ (10003e34 <_ftoa+0x35c>)
10003b44:	f7fe ffb0 	bl	10002aa8 <__wrap___aeabi_dcmplt>
10003b48:	2800      	cmp	r0, #0
10003b4a:	d000      	beq.n	10003b4e <_ftoa+0x76>
10003b4c:	e07f      	b.n	10003c4e <_ftoa+0x176>
10003b4e:	981e      	ldr	r0, [sp, #120]	@ 0x78
10003b50:	991f      	ldr	r1, [sp, #124]	@ 0x7c
10003b52:	2200      	movs	r2, #0
10003b54:	2300      	movs	r3, #0
10003b56:	f7fe ffa7 	bl	10002aa8 <__wrap___aeabi_dcmplt>
10003b5a:	2800      	cmp	r0, #0
10003b5c:	d000      	beq.n	10003b60 <_ftoa+0x88>
10003b5e:	e0fa      	b.n	10003d56 <_ftoa+0x27e>
10003b60:	2300      	movs	r3, #0
10003b62:	930b      	str	r3, [sp, #44]	@ 0x2c
10003b64:	2380      	movs	r3, #128	@ 0x80
10003b66:	9c22      	ldr	r4, [sp, #136]	@ 0x88
10003b68:	9a22      	ldr	r2, [sp, #136]	@ 0x88
10003b6a:	00db      	lsls	r3, r3, #3
10003b6c:	401c      	ands	r4, r3
10003b6e:	421a      	tst	r2, r3
10003b70:	d100      	bne.n	10003b74 <_ftoa+0x9c>
10003b72:	e102      	b.n	10003d7a <_ftoa+0x2a2>
10003b74:	2d09      	cmp	r5, #9
10003b76:	d800      	bhi.n	10003b7a <_ftoa+0xa2>
10003b78:	e17c      	b.n	10003e74 <_ftoa+0x39c>
10003b7a:	a906      	add	r1, sp, #24
10003b7c:	468c      	mov	ip, r1
10003b7e:	002c      	movs	r4, r5
10003b80:	2217      	movs	r2, #23
10003b82:	2300      	movs	r3, #0
10003b84:	2130      	movs	r1, #48	@ 0x30
10003b86:	3c09      	subs	r4, #9
10003b88:	4462      	add	r2, ip
10003b8a:	3301      	adds	r3, #1
10003b8c:	54d1      	strb	r1, [r2, r3]
10003b8e:	1aef      	subs	r7, r5, r3
10003b90:	2b20      	cmp	r3, #32
10003b92:	d100      	bne.n	10003b96 <_ftoa+0xbe>
10003b94:	e132      	b.n	10003dfc <_ftoa+0x324>
10003b96:	42a3      	cmp	r3, r4
10003b98:	d1f7      	bne.n	10003b8a <_ftoa+0xb2>
10003b9a:	2200      	movs	r2, #0
10003b9c:	4ba4      	ldr	r3, [pc, #656]	@ (10003e30 <_ftoa+0x358>)
10003b9e:	9206      	str	r2, [sp, #24]
10003ba0:	9307      	str	r3, [sp, #28]
10003ba2:	981e      	ldr	r0, [sp, #120]	@ 0x78
10003ba4:	991f      	ldr	r1, [sp, #124]	@ 0x7c
10003ba6:	f7fe ffbb 	bl	10002b20 <__wrap___aeabi_d2iz>
10003baa:	0005      	movs	r5, r0
10003bac:	f7fe ffa0 	bl	10002af0 <__wrap___aeabi_i2d>
10003bb0:	0002      	movs	r2, r0
10003bb2:	000b      	movs	r3, r1
10003bb4:	981e      	ldr	r0, [sp, #120]	@ 0x78
10003bb6:	991f      	ldr	r1, [sp, #124]	@ 0x7c
10003bb8:	f7fe ff03 	bl	100029c2 <__wrap___aeabi_dsub>
10003bbc:	9a06      	ldr	r2, [sp, #24]
10003bbe:	9b07      	ldr	r3, [sp, #28]
10003bc0:	f7fe ff2f 	bl	10002a22 <__wrap___aeabi_dmul>
10003bc4:	9008      	str	r0, [sp, #32]
10003bc6:	9109      	str	r1, [sp, #36]	@ 0x24
10003bc8:	f7fe ffce 	bl	10002b68 <__wrap___aeabi_d2uiz>
10003bcc:	0006      	movs	r6, r0
10003bce:	f7fe ff8b 	bl	10002ae8 <__wrap___aeabi_ui2d>
10003bd2:	0002      	movs	r2, r0
10003bd4:	000b      	movs	r3, r1
10003bd6:	9808      	ldr	r0, [sp, #32]
10003bd8:	9909      	ldr	r1, [sp, #36]	@ 0x24
10003bda:	f7fe fef2 	bl	100029c2 <__wrap___aeabi_dsub>
10003bde:	2200      	movs	r2, #0
10003be0:	4b95      	ldr	r3, [pc, #596]	@ (10003e38 <_ftoa+0x360>)
10003be2:	9008      	str	r0, [sp, #32]
10003be4:	9109      	str	r1, [sp, #36]	@ 0x24
10003be6:	f7fe ff6d 	bl	10002ac4 <__wrap___aeabi_dcmpgt>
10003bea:	2800      	cmp	r0, #0
10003bec:	d100      	bne.n	10003bf0 <_ftoa+0x118>
10003bee:	e0d2      	b.n	10003d96 <_ftoa+0x2be>
10003bf0:	3601      	adds	r6, #1
10003bf2:	0030      	movs	r0, r6
10003bf4:	f7fe ff78 	bl	10002ae8 <__wrap___aeabi_ui2d>
10003bf8:	9a06      	ldr	r2, [sp, #24]
10003bfa:	9b07      	ldr	r3, [sp, #28]
10003bfc:	f7fe ff5a 	bl	10002ab4 <__wrap___aeabi_dcmpge>
10003c00:	2800      	cmp	r0, #0
10003c02:	d001      	beq.n	10003c08 <_ftoa+0x130>
10003c04:	2600      	movs	r6, #0
10003c06:	3501      	adds	r5, #1
10003c08:	46aa      	mov	sl, r5
10003c0a:	2f00      	cmp	r7, #0
10003c0c:	d000      	beq.n	10003c10 <_ftoa+0x138>
10003c0e:	e098      	b.n	10003d42 <_ftoa+0x26a>
10003c10:	0028      	movs	r0, r5
10003c12:	f7fe ff6d 	bl	10002af0 <__wrap___aeabi_i2d>
10003c16:	0002      	movs	r2, r0
10003c18:	000b      	movs	r3, r1
10003c1a:	981e      	ldr	r0, [sp, #120]	@ 0x78
10003c1c:	991f      	ldr	r1, [sp, #124]	@ 0x7c
10003c1e:	f7fe fed0 	bl	100029c2 <__wrap___aeabi_dsub>
10003c22:	4b85      	ldr	r3, [pc, #532]	@ (10003e38 <_ftoa+0x360>)
10003c24:	2200      	movs	r2, #0
10003c26:	0006      	movs	r6, r0
10003c28:	000f      	movs	r7, r1
10003c2a:	f7fe ff3d 	bl	10002aa8 <__wrap___aeabi_dcmplt>
10003c2e:	ab0c      	add	r3, sp, #48	@ 0x30
10003c30:	469a      	mov	sl, r3
10003c32:	2800      	cmp	r0, #0
10003c34:	d145      	bne.n	10003cc2 <_ftoa+0x1ea>
10003c36:	2200      	movs	r2, #0
10003c38:	0030      	movs	r0, r6
10003c3a:	0039      	movs	r1, r7
10003c3c:	4b7e      	ldr	r3, [pc, #504]	@ (10003e38 <_ftoa+0x360>)
10003c3e:	f7fe ff41 	bl	10002ac4 <__wrap___aeabi_dcmpgt>
10003c42:	2800      	cmp	r0, #0
10003c44:	d13d      	bne.n	10003cc2 <_ftoa+0x1ea>
10003c46:	07eb      	lsls	r3, r5, #31
10003c48:	d53b      	bpl.n	10003cc2 <_ftoa+0x1ea>
10003c4a:	3501      	adds	r5, #1
10003c4c:	e039      	b.n	10003cc2 <_ftoa+0x1ea>
10003c4e:	9b22      	ldr	r3, [sp, #136]	@ 0x88
10003c50:	4642      	mov	r2, r8
10003c52:	9304      	str	r3, [sp, #16]
10003c54:	9b21      	ldr	r3, [sp, #132]	@ 0x84
10003c56:	4659      	mov	r1, fp
10003c58:	9303      	str	r3, [sp, #12]
10003c5a:	980a      	ldr	r0, [sp, #40]	@ 0x28
10003c5c:	9b1e      	ldr	r3, [sp, #120]	@ 0x78
10003c5e:	9c1f      	ldr	r4, [sp, #124]	@ 0x7c
10003c60:	9502      	str	r5, [sp, #8]
10003c62:	9300      	str	r3, [sp, #0]
10003c64:	9401      	str	r4, [sp, #4]
10003c66:	464b      	mov	r3, r9
10003c68:	f7ff fd04 	bl	10003674 <_etoa>
10003c6c:	b015      	add	sp, #84	@ 0x54
10003c6e:	bcf0      	pop	{r4, r5, r6, r7}
10003c70:	46bb      	mov	fp, r7
10003c72:	46b2      	mov	sl, r6
10003c74:	46a9      	mov	r9, r5
10003c76:	46a0      	mov	r8, r4
10003c78:	bdf0      	pop	{r4, r5, r6, r7, pc}
10003c7a:	9b22      	ldr	r3, [sp, #136]	@ 0x88
10003c7c:	075b      	lsls	r3, r3, #29
10003c7e:	d467      	bmi.n	10003d50 <_ftoa+0x278>
10003c80:	2203      	movs	r2, #3
10003c82:	4b6e      	ldr	r3, [pc, #440]	@ (10003e3c <_ftoa+0x364>)
10003c84:	9922      	ldr	r1, [sp, #136]	@ 0x88
10003c86:	9201      	str	r2, [sp, #4]
10003c88:	9103      	str	r1, [sp, #12]
10003c8a:	9921      	ldr	r1, [sp, #132]	@ 0x84
10003c8c:	9102      	str	r1, [sp, #8]
10003c8e:	9300      	str	r3, [sp, #0]
10003c90:	4642      	mov	r2, r8
10003c92:	464b      	mov	r3, r9
10003c94:	4659      	mov	r1, fp
10003c96:	980a      	ldr	r0, [sp, #40]	@ 0x28
10003c98:	f7ff fb5e 	bl	10003358 <_out_rev>
10003c9c:	e7e6      	b.n	10003c6c <_ftoa+0x194>
10003c9e:	aa06      	add	r2, sp, #24
10003ca0:	4694      	mov	ip, r2
10003ca2:	2317      	movs	r3, #23
10003ca4:	0028      	movs	r0, r5
10003ca6:	4463      	add	r3, ip
10003ca8:	210a      	movs	r1, #10
10003caa:	3401      	adds	r4, #1
10003cac:	191e      	adds	r6, r3, r4
10003cae:	f7fe fc25 	bl	100024fc <__wrap___aeabi_idiv>
10003cb2:	3130      	adds	r1, #48	@ 0x30
10003cb4:	0028      	movs	r0, r5
10003cb6:	7031      	strb	r1, [r6, #0]
10003cb8:	210a      	movs	r1, #10
10003cba:	f7fe fc1f 	bl	100024fc <__wrap___aeabi_idiv>
10003cbe:	1e05      	subs	r5, r0, #0
10003cc0:	d076      	beq.n	10003db0 <_ftoa+0x2d8>
10003cc2:	2c20      	cmp	r4, #32
10003cc4:	d1eb      	bne.n	10003c9e <_ftoa+0x1c6>
10003cc6:	2303      	movs	r3, #3
10003cc8:	9a22      	ldr	r2, [sp, #136]	@ 0x88
10003cca:	4013      	ands	r3, r2
10003ccc:	2b01      	cmp	r3, #1
10003cce:	d11d      	bne.n	10003d0c <_ftoa+0x234>
10003cd0:	9b21      	ldr	r3, [sp, #132]	@ 0x84
10003cd2:	2b00      	cmp	r3, #0
10003cd4:	d01a      	beq.n	10003d0c <_ftoa+0x234>
10003cd6:	9b0b      	ldr	r3, [sp, #44]	@ 0x2c
10003cd8:	2b00      	cmp	r3, #0
10003cda:	d000      	beq.n	10003cde <_ftoa+0x206>
10003cdc:	e0bb      	b.n	10003e56 <_ftoa+0x37e>
10003cde:	9a22      	ldr	r2, [sp, #136]	@ 0x88
10003ce0:	330c      	adds	r3, #12
10003ce2:	4213      	tst	r3, r2
10003ce4:	d000      	beq.n	10003ce8 <_ftoa+0x210>
10003ce6:	e0b6      	b.n	10003e56 <_ftoa+0x37e>
10003ce8:	9b21      	ldr	r3, [sp, #132]	@ 0x84
10003cea:	42a3      	cmp	r3, r4
10003cec:	d800      	bhi.n	10003cf0 <_ftoa+0x218>
10003cee:	e087      	b.n	10003e00 <_ftoa+0x328>
10003cf0:	ab06      	add	r3, sp, #24
10003cf2:	469c      	mov	ip, r3
10003cf4:	2217      	movs	r2, #23
10003cf6:	2330      	movs	r3, #48	@ 0x30
10003cf8:	4462      	add	r2, ip
10003cfa:	e004      	b.n	10003d06 <_ftoa+0x22e>
10003cfc:	9921      	ldr	r1, [sp, #132]	@ 0x84
10003cfe:	3401      	adds	r4, #1
10003d00:	5513      	strb	r3, [r2, r4]
10003d02:	428c      	cmp	r4, r1
10003d04:	d059      	beq.n	10003dba <_ftoa+0x2e2>
10003d06:	2c20      	cmp	r4, #32
10003d08:	d1f8      	bne.n	10003cfc <_ftoa+0x224>
10003d0a:	2420      	movs	r4, #32
10003d0c:	9b22      	ldr	r3, [sp, #136]	@ 0x88
10003d0e:	9401      	str	r4, [sp, #4]
10003d10:	9303      	str	r3, [sp, #12]
10003d12:	9b21      	ldr	r3, [sp, #132]	@ 0x84
10003d14:	9302      	str	r3, [sp, #8]
10003d16:	4653      	mov	r3, sl
10003d18:	e7b9      	b.n	10003c8e <_ftoa+0x1b6>
10003d1a:	aa06      	add	r2, sp, #24
10003d1c:	4694      	mov	ip, r2
10003d1e:	2317      	movs	r3, #23
10003d20:	210a      	movs	r1, #10
10003d22:	4463      	add	r3, ip
10003d24:	0030      	movs	r0, r6
10003d26:	3401      	adds	r4, #1
10003d28:	191d      	adds	r5, r3, r4
10003d2a:	f7fe fc0f 	bl	1000254c <__wrap___aeabi_uidiv>
10003d2e:	3130      	adds	r1, #48	@ 0x30
10003d30:	7029      	strb	r1, [r5, #0]
10003d32:	0030      	movs	r0, r6
10003d34:	210a      	movs	r1, #10
10003d36:	3f01      	subs	r7, #1
10003d38:	f7fe fc08 	bl	1000254c <__wrap___aeabi_uidiv>
10003d3c:	2e09      	cmp	r6, #9
10003d3e:	d946      	bls.n	10003dce <_ftoa+0x2f6>
10003d40:	0006      	movs	r6, r0
10003d42:	2c20      	cmp	r4, #32
10003d44:	d1e9      	bne.n	10003d1a <_ftoa+0x242>
10003d46:	4655      	mov	r5, sl
10003d48:	ab0c      	add	r3, sp, #48	@ 0x30
10003d4a:	2420      	movs	r4, #32
10003d4c:	469a      	mov	sl, r3
10003d4e:	e7b8      	b.n	10003cc2 <_ftoa+0x1ea>
10003d50:	2204      	movs	r2, #4
10003d52:	4b3b      	ldr	r3, [pc, #236]	@ (10003e40 <_ftoa+0x368>)
10003d54:	e796      	b.n	10003c84 <_ftoa+0x1ac>
10003d56:	9a1e      	ldr	r2, [sp, #120]	@ 0x78
10003d58:	9b1f      	ldr	r3, [sp, #124]	@ 0x7c
10003d5a:	2000      	movs	r0, #0
10003d5c:	2100      	movs	r1, #0
10003d5e:	f7fe fe30 	bl	100029c2 <__wrap___aeabi_dsub>
10003d62:	2301      	movs	r3, #1
10003d64:	930b      	str	r3, [sp, #44]	@ 0x2c
10003d66:	2380      	movs	r3, #128	@ 0x80
10003d68:	9c22      	ldr	r4, [sp, #136]	@ 0x88
10003d6a:	9a22      	ldr	r2, [sp, #136]	@ 0x88
10003d6c:	00db      	lsls	r3, r3, #3
10003d6e:	901e      	str	r0, [sp, #120]	@ 0x78
10003d70:	911f      	str	r1, [sp, #124]	@ 0x7c
10003d72:	401c      	ands	r4, r3
10003d74:	421a      	tst	r2, r3
10003d76:	d000      	beq.n	10003d7a <_ftoa+0x2a2>
10003d78:	e6fc      	b.n	10003b74 <_ftoa+0x9c>
10003d7a:	2200      	movs	r2, #0
10003d7c:	4b31      	ldr	r3, [pc, #196]	@ (10003e44 <_ftoa+0x36c>)
10003d7e:	2706      	movs	r7, #6
10003d80:	9206      	str	r2, [sp, #24]
10003d82:	9307      	str	r3, [sp, #28]
10003d84:	e70d      	b.n	10003ba2 <_ftoa+0xca>
10003d86:	9b22      	ldr	r3, [sp, #136]	@ 0x88
10003d88:	9303      	str	r3, [sp, #12]
10003d8a:	9b21      	ldr	r3, [sp, #132]	@ 0x84
10003d8c:	9302      	str	r3, [sp, #8]
10003d8e:	2304      	movs	r3, #4
10003d90:	9301      	str	r3, [sp, #4]
10003d92:	4b2d      	ldr	r3, [pc, #180]	@ (10003e48 <_ftoa+0x370>)
10003d94:	e77b      	b.n	10003c8e <_ftoa+0x1b6>
10003d96:	2200      	movs	r2, #0
10003d98:	9808      	ldr	r0, [sp, #32]
10003d9a:	9909      	ldr	r1, [sp, #36]	@ 0x24
10003d9c:	4b26      	ldr	r3, [pc, #152]	@ (10003e38 <_ftoa+0x360>)
10003d9e:	f7fe fe83 	bl	10002aa8 <__wrap___aeabi_dcmplt>
10003da2:	2800      	cmp	r0, #0
10003da4:	d000      	beq.n	10003da8 <_ftoa+0x2d0>
10003da6:	e72f      	b.n	10003c08 <_ftoa+0x130>
10003da8:	2e00      	cmp	r6, #0
10003daa:	d14f      	bne.n	10003e4c <_ftoa+0x374>
10003dac:	3601      	adds	r6, #1
10003dae:	e72b      	b.n	10003c08 <_ftoa+0x130>
10003db0:	2303      	movs	r3, #3
10003db2:	9a22      	ldr	r2, [sp, #136]	@ 0x88
10003db4:	4013      	ands	r3, r2
10003db6:	2b01      	cmp	r3, #1
10003db8:	d066      	beq.n	10003e88 <_ftoa+0x3b0>
10003dba:	2c20      	cmp	r4, #32
10003dbc:	d0a6      	beq.n	10003d0c <_ftoa+0x234>
10003dbe:	9b0b      	ldr	r3, [sp, #44]	@ 0x2c
10003dc0:	2b00      	cmp	r3, #0
10003dc2:	d01f      	beq.n	10003e04 <_ftoa+0x32c>
10003dc4:	232d      	movs	r3, #45	@ 0x2d
10003dc6:	4652      	mov	r2, sl
10003dc8:	5513      	strb	r3, [r2, r4]
10003dca:	3401      	adds	r4, #1
10003dcc:	e79e      	b.n	10003d0c <_ftoa+0x234>
10003dce:	4655      	mov	r5, sl
10003dd0:	2c20      	cmp	r4, #32
10003dd2:	d0b9      	beq.n	10003d48 <_ftoa+0x270>
10003dd4:	2330      	movs	r3, #48	@ 0x30
10003dd6:	193a      	adds	r2, r7, r4
10003dd8:	2f00      	cmp	r7, #0
10003dda:	d008      	beq.n	10003dee <_ftoa+0x316>
10003ddc:	2017      	movs	r0, #23
10003dde:	a906      	add	r1, sp, #24
10003de0:	3401      	adds	r4, #1
10003de2:	1809      	adds	r1, r1, r0
10003de4:	550b      	strb	r3, [r1, r4]
10003de6:	2c20      	cmp	r4, #32
10003de8:	d0ae      	beq.n	10003d48 <_ftoa+0x270>
10003dea:	4294      	cmp	r4, r2
10003dec:	d1f6      	bne.n	10003ddc <_ftoa+0x304>
10003dee:	ab0c      	add	r3, sp, #48	@ 0x30
10003df0:	469a      	mov	sl, r3
10003df2:	232e      	movs	r3, #46	@ 0x2e
10003df4:	4652      	mov	r2, sl
10003df6:	5513      	strb	r3, [r2, r4]
10003df8:	3401      	adds	r4, #1
10003dfa:	e762      	b.n	10003cc2 <_ftoa+0x1ea>
10003dfc:	2420      	movs	r4, #32
10003dfe:	e6cc      	b.n	10003b9a <_ftoa+0xc2>
10003e00:	2c20      	cmp	r4, #32
10003e02:	d083      	beq.n	10003d0c <_ftoa+0x234>
10003e04:	9b22      	ldr	r3, [sp, #136]	@ 0x88
10003e06:	075b      	lsls	r3, r3, #29
10003e08:	d408      	bmi.n	10003e1c <_ftoa+0x344>
10003e0a:	9b22      	ldr	r3, [sp, #136]	@ 0x88
10003e0c:	071b      	lsls	r3, r3, #28
10003e0e:	d400      	bmi.n	10003e12 <_ftoa+0x33a>
10003e10:	e77c      	b.n	10003d0c <_ftoa+0x234>
10003e12:	2320      	movs	r3, #32
10003e14:	4652      	mov	r2, sl
10003e16:	5513      	strb	r3, [r2, r4]
10003e18:	3401      	adds	r4, #1
10003e1a:	e777      	b.n	10003d0c <_ftoa+0x234>
10003e1c:	232b      	movs	r3, #43	@ 0x2b
10003e1e:	4652      	mov	r2, sl
10003e20:	5513      	strb	r3, [r2, r4]
10003e22:	3401      	adds	r4, #1
10003e24:	e772      	b.n	10003d0c <_ftoa+0x234>
10003e26:	46c0      	nop			@ (mov r8, r8)
10003e28:	ffefffff 	.word	0xffefffff
10003e2c:	7fefffff 	.word	0x7fefffff
10003e30:	41cdcd65 	.word	0x41cdcd65
10003e34:	c1cdcd65 	.word	0xc1cdcd65
10003e38:	3fe00000 	.word	0x3fe00000
10003e3c:	1000aa98 	.word	0x1000aa98
10003e40:	1000aa90 	.word	0x1000aa90
10003e44:	412e8480 	.word	0x412e8480
10003e48:	1000aaa0 	.word	0x1000aaa0
10003e4c:	07f3      	lsls	r3, r6, #31
10003e4e:	d400      	bmi.n	10003e52 <_ftoa+0x37a>
10003e50:	e6da      	b.n	10003c08 <_ftoa+0x130>
10003e52:	3601      	adds	r6, #1
10003e54:	e6d8      	b.n	10003c08 <_ftoa+0x130>
10003e56:	9b21      	ldr	r3, [sp, #132]	@ 0x84
10003e58:	3b01      	subs	r3, #1
10003e5a:	9321      	str	r3, [sp, #132]	@ 0x84
10003e5c:	42a3      	cmp	r3, r4
10003e5e:	d900      	bls.n	10003e62 <_ftoa+0x38a>
10003e60:	e746      	b.n	10003cf0 <_ftoa+0x218>
10003e62:	e7aa      	b.n	10003dba <_ftoa+0x2e2>
10003e64:	9b22      	ldr	r3, [sp, #136]	@ 0x88
10003e66:	9303      	str	r3, [sp, #12]
10003e68:	9b21      	ldr	r3, [sp, #132]	@ 0x84
10003e6a:	9302      	str	r3, [sp, #8]
10003e6c:	2303      	movs	r3, #3
10003e6e:	9301      	str	r3, [sp, #4]
10003e70:	4b07      	ldr	r3, [pc, #28]	@ (10003e90 <_ftoa+0x3b8>)
10003e72:	e70c      	b.n	10003c8e <_ftoa+0x1b6>
10003e74:	4b07      	ldr	r3, [pc, #28]	@ (10003e94 <_ftoa+0x3bc>)
10003e76:	00ea      	lsls	r2, r5, #3
10003e78:	189b      	adds	r3, r3, r2
10003e7a:	685c      	ldr	r4, [r3, #4]
10003e7c:	681b      	ldr	r3, [r3, #0]
10003e7e:	002f      	movs	r7, r5
10003e80:	9306      	str	r3, [sp, #24]
10003e82:	9407      	str	r4, [sp, #28]
10003e84:	2400      	movs	r4, #0
10003e86:	e68c      	b.n	10003ba2 <_ftoa+0xca>
10003e88:	9b21      	ldr	r3, [sp, #132]	@ 0x84
10003e8a:	2b00      	cmp	r3, #0
10003e8c:	d095      	beq.n	10003dba <_ftoa+0x2e2>
10003e8e:	e722      	b.n	10003cd6 <_ftoa+0x1fe>
10003e90:	1000aa9c 	.word	0x1000aa9c
10003e94:	1000ad48 	.word	0x1000ad48

10003e98 <_vsnprintf>:
10003e98:	b5f0      	push	{r4, r5, r6, r7, lr}
10003e9a:	4657      	mov	r7, sl
10003e9c:	46de      	mov	lr, fp
10003e9e:	464e      	mov	r6, r9
10003ea0:	4645      	mov	r5, r8
10003ea2:	b5e0      	push	{r5, r6, r7, lr}
10003ea4:	b0a5      	sub	sp, #148	@ 0x94
10003ea6:	001f      	movs	r7, r3
10003ea8:	9b2e      	ldr	r3, [sp, #184]	@ 0xb8
10003eaa:	4691      	mov	r9, r2
10003eac:	930d      	str	r3, [sp, #52]	@ 0x34
10003eae:	4aca      	ldr	r2, [pc, #808]	@ (100041d8 <_vsnprintf+0x340>)
10003eb0:	4bca      	ldr	r3, [pc, #808]	@ (100041dc <_vsnprintf+0x344>)
10003eb2:	4682      	mov	sl, r0
10003eb4:	468b      	mov	fp, r1
10003eb6:	601a      	str	r2, [r3, #0]
10003eb8:	2900      	cmp	r1, #0
10003eba:	d100      	bne.n	10003ebe <_vsnprintf+0x26>
10003ebc:	e229      	b.n	10004312 <_vsnprintf+0x47a>
10003ebe:	2300      	movs	r3, #0
10003ec0:	7838      	ldrb	r0, [r7, #0]
10003ec2:	4698      	mov	r8, r3
10003ec4:	2800      	cmp	r0, #0
10003ec6:	d100      	bne.n	10003eca <_vsnprintf+0x32>
10003ec8:	e22b      	b.n	10004322 <_vsnprintf+0x48a>
10003eca:	4bc5      	ldr	r3, [pc, #788]	@ (100041e0 <_vsnprintf+0x348>)
10003ecc:	4644      	mov	r4, r8
10003ece:	930c      	str	r3, [sp, #48]	@ 0x30
10003ed0:	4bc4      	ldr	r3, [pc, #784]	@ (100041e4 <_vsnprintf+0x34c>)
10003ed2:	4655      	mov	r5, sl
10003ed4:	464e      	mov	r6, r9
10003ed6:	930e      	str	r3, [sp, #56]	@ 0x38
10003ed8:	e00a      	b.n	10003ef0 <_vsnprintf+0x58>
10003eda:	1c63      	adds	r3, r4, #1
10003edc:	4698      	mov	r8, r3
10003ede:	0022      	movs	r2, r4
10003ee0:	0033      	movs	r3, r6
10003ee2:	4659      	mov	r1, fp
10003ee4:	47a8      	blx	r5
10003ee6:	4644      	mov	r4, r8
10003ee8:	7838      	ldrb	r0, [r7, #0]
10003eea:	2800      	cmp	r0, #0
10003eec:	d100      	bne.n	10003ef0 <_vsnprintf+0x58>
10003eee:	e087      	b.n	10004000 <_vsnprintf+0x168>
10003ef0:	3701      	adds	r7, #1
10003ef2:	2825      	cmp	r0, #37	@ 0x25
10003ef4:	d1f1      	bne.n	10003eda <_vsnprintf+0x42>
10003ef6:	2308      	movs	r3, #8
10003ef8:	469a      	mov	sl, r3
10003efa:	3b04      	subs	r3, #4
10003efc:	4699      	mov	r9, r3
10003efe:	3b02      	subs	r3, #2
10003f00:	4698      	mov	r8, r3
10003f02:	3b01      	subs	r3, #1
10003f04:	2200      	movs	r2, #0
10003f06:	469c      	mov	ip, r3
10003f08:	940b      	str	r4, [sp, #44]	@ 0x2c
10003f0a:	7838      	ldrb	r0, [r7, #0]
10003f0c:	1c79      	adds	r1, r7, #1
10003f0e:	0003      	movs	r3, r0
10003f10:	3b20      	subs	r3, #32
10003f12:	b2db      	uxtb	r3, r3
10003f14:	2b10      	cmp	r3, #16
10003f16:	d803      	bhi.n	10003f20 <_vsnprintf+0x88>
10003f18:	9c0c      	ldr	r4, [sp, #48]	@ 0x30
10003f1a:	009b      	lsls	r3, r3, #2
10003f1c:	58e3      	ldr	r3, [r4, r3]
10003f1e:	469f      	mov	pc, r3
10003f20:	0003      	movs	r3, r0
10003f22:	3b30      	subs	r3, #48	@ 0x30
10003f24:	9c0b      	ldr	r4, [sp, #44]	@ 0x2c
10003f26:	920b      	str	r2, [sp, #44]	@ 0x2c
10003f28:	2b09      	cmp	r3, #9
10003f2a:	d93a      	bls.n	10003fa2 <_vsnprintf+0x10a>
10003f2c:	2300      	movs	r3, #0
10003f2e:	4698      	mov	r8, r3
10003f30:	282a      	cmp	r0, #42	@ 0x2a
10003f32:	d100      	bne.n	10003f36 <_vsnprintf+0x9e>
10003f34:	e0dd      	b.n	100040f2 <_vsnprintf+0x25a>
10003f36:	2300      	movs	r3, #0
10003f38:	469a      	mov	sl, r3
10003f3a:	282e      	cmp	r0, #46	@ 0x2e
10003f3c:	d04b      	beq.n	10003fd6 <_vsnprintf+0x13e>
10003f3e:	0003      	movs	r3, r0
10003f40:	3b68      	subs	r3, #104	@ 0x68
10003f42:	b2db      	uxtb	r3, r3
10003f44:	2b12      	cmp	r3, #18
10003f46:	d81e      	bhi.n	10003f86 <_vsnprintf+0xee>
10003f48:	9a0e      	ldr	r2, [sp, #56]	@ 0x38
10003f4a:	009b      	lsls	r3, r3, #2
10003f4c:	58d3      	ldr	r3, [r2, r3]
10003f4e:	469f      	mov	pc, r3
10003f50:	4663      	mov	r3, ip
10003f52:	000f      	movs	r7, r1
10003f54:	431a      	orrs	r2, r3
10003f56:	e7d8      	b.n	10003f0a <_vsnprintf+0x72>
10003f58:	4643      	mov	r3, r8
10003f5a:	000f      	movs	r7, r1
10003f5c:	431a      	orrs	r2, r3
10003f5e:	e7d4      	b.n	10003f0a <_vsnprintf+0x72>
10003f60:	464b      	mov	r3, r9
10003f62:	000f      	movs	r7, r1
10003f64:	431a      	orrs	r2, r3
10003f66:	e7d0      	b.n	10003f0a <_vsnprintf+0x72>
10003f68:	2310      	movs	r3, #16
10003f6a:	000f      	movs	r7, r1
10003f6c:	431a      	orrs	r2, r3
10003f6e:	e7cc      	b.n	10003f0a <_vsnprintf+0x72>
10003f70:	4653      	mov	r3, sl
10003f72:	000f      	movs	r7, r1
10003f74:	431a      	orrs	r2, r3
10003f76:	e7c8      	b.n	10003f0a <_vsnprintf+0x72>
10003f78:	2380      	movs	r3, #128	@ 0x80
10003f7a:	005b      	lsls	r3, r3, #1
10003f7c:	9a0b      	ldr	r2, [sp, #44]	@ 0x2c
10003f7e:	7878      	ldrb	r0, [r7, #1]
10003f80:	431a      	orrs	r2, r3
10003f82:	920b      	str	r2, [sp, #44]	@ 0x2c
10003f84:	3101      	adds	r1, #1
10003f86:	000f      	movs	r7, r1
10003f88:	2867      	cmp	r0, #103	@ 0x67
10003f8a:	d84f      	bhi.n	1000402c <_vsnprintf+0x194>
10003f8c:	2824      	cmp	r0, #36	@ 0x24
10003f8e:	d9a4      	bls.n	10003eda <_vsnprintf+0x42>
10003f90:	0003      	movs	r3, r0
10003f92:	3b25      	subs	r3, #37	@ 0x25
10003f94:	b2db      	uxtb	r3, r3
10003f96:	2b42      	cmp	r3, #66	@ 0x42
10003f98:	d89f      	bhi.n	10003eda <_vsnprintf+0x42>
10003f9a:	4993      	ldr	r1, [pc, #588]	@ (100041e8 <_vsnprintf+0x350>)
10003f9c:	009b      	lsls	r3, r3, #2
10003f9e:	58cb      	ldr	r3, [r1, r3]
10003fa0:	469f      	mov	pc, r3
10003fa2:	2300      	movs	r3, #0
10003fa4:	4698      	mov	r8, r3
10003fa6:	9b0b      	ldr	r3, [sp, #44]	@ 0x2c
10003fa8:	4647      	mov	r7, r8
10003faa:	469c      	mov	ip, r3
10003fac:	e000      	b.n	10003fb0 <_vsnprintf+0x118>
10003fae:	3101      	adds	r1, #1
10003fb0:	00bb      	lsls	r3, r7, #2
10003fb2:	19db      	adds	r3, r3, r7
10003fb4:	005b      	lsls	r3, r3, #1
10003fb6:	181f      	adds	r7, r3, r0
10003fb8:	7808      	ldrb	r0, [r1, #0]
10003fba:	3f30      	subs	r7, #48	@ 0x30
10003fbc:	0003      	movs	r3, r0
10003fbe:	3b30      	subs	r3, #48	@ 0x30
10003fc0:	2b09      	cmp	r3, #9
10003fc2:	d9f4      	bls.n	10003fae <_vsnprintf+0x116>
10003fc4:	4663      	mov	r3, ip
10003fc6:	930b      	str	r3, [sp, #44]	@ 0x2c
10003fc8:	2300      	movs	r3, #0
10003fca:	46b8      	mov	r8, r7
10003fcc:	469a      	mov	sl, r3
10003fce:	000f      	movs	r7, r1
10003fd0:	3101      	adds	r1, #1
10003fd2:	282e      	cmp	r0, #46	@ 0x2e
10003fd4:	d1b3      	bne.n	10003f3e <_vsnprintf+0xa6>
10003fd6:	2080      	movs	r0, #128	@ 0x80
10003fd8:	9a0b      	ldr	r2, [sp, #44]	@ 0x2c
10003fda:	00c0      	lsls	r0, r0, #3
10003fdc:	4302      	orrs	r2, r0
10003fde:	920b      	str	r2, [sp, #44]	@ 0x2c
10003fe0:	2230      	movs	r2, #48	@ 0x30
10003fe2:	4252      	negs	r2, r2
10003fe4:	4694      	mov	ip, r2
10003fe6:	7878      	ldrb	r0, [r7, #1]
10003fe8:	000b      	movs	r3, r1
10003fea:	4484      	add	ip, r0
10003fec:	4662      	mov	r2, ip
10003fee:	2a09      	cmp	r2, #9
10003ff0:	d800      	bhi.n	10003ff4 <_vsnprintf+0x15c>
10003ff2:	e1aa      	b.n	1000434a <_vsnprintf+0x4b2>
10003ff4:	282a      	cmp	r0, #42	@ 0x2a
10003ff6:	d100      	bne.n	10003ffa <_vsnprintf+0x162>
10003ff8:	e1b9      	b.n	1000436e <_vsnprintf+0x4d6>
10003ffa:	000f      	movs	r7, r1
10003ffc:	3101      	adds	r1, #1
10003ffe:	e79e      	b.n	10003f3e <_vsnprintf+0xa6>
10004000:	46a0      	mov	r8, r4
10004002:	46aa      	mov	sl, r5
10004004:	46b1      	mov	r9, r6
10004006:	45c8      	cmp	r8, r9
10004008:	d303      	bcc.n	10004012 <_vsnprintf+0x17a>
1000400a:	2301      	movs	r3, #1
1000400c:	425b      	negs	r3, r3
1000400e:	444b      	add	r3, r9
10004010:	4698      	mov	r8, r3
10004012:	464b      	mov	r3, r9
10004014:	4642      	mov	r2, r8
10004016:	4659      	mov	r1, fp
10004018:	2000      	movs	r0, #0
1000401a:	47d0      	blx	sl
1000401c:	0020      	movs	r0, r4
1000401e:	b025      	add	sp, #148	@ 0x94
10004020:	bcf0      	pop	{r4, r5, r6, r7}
10004022:	46bb      	mov	fp, r7
10004024:	46b2      	mov	sl, r6
10004026:	46a9      	mov	r9, r5
10004028:	46a0      	mov	r8, r4
1000402a:	bdf0      	pop	{r4, r5, r6, r7, pc}
1000402c:	0001      	movs	r1, r0
1000402e:	3969      	subs	r1, #105	@ 0x69
10004030:	b2c9      	uxtb	r1, r1
10004032:	290f      	cmp	r1, #15
10004034:	d900      	bls.n	10004038 <_vsnprintf+0x1a0>
10004036:	e750      	b.n	10003eda <_vsnprintf+0x42>
10004038:	2301      	movs	r3, #1
1000403a:	408b      	lsls	r3, r1
1000403c:	469c      	mov	ip, r3
1000403e:	4b6b      	ldr	r3, [pc, #428]	@ (100041ec <_vsnprintf+0x354>)
10004040:	4699      	mov	r9, r3
10004042:	4663      	mov	r3, ip
10004044:	464a      	mov	r2, r9
10004046:	4013      	ands	r3, r2
10004048:	930f      	str	r3, [sp, #60]	@ 0x3c
1000404a:	4662      	mov	r2, ip
1000404c:	464b      	mov	r3, r9
1000404e:	421a      	tst	r2, r3
10004050:	d000      	beq.n	10004054 <_vsnprintf+0x1bc>
10004052:	e168      	b.n	10004326 <_vsnprintf+0x48e>
10004054:	290a      	cmp	r1, #10
10004056:	d056      	beq.n	10004106 <_vsnprintf+0x26e>
10004058:	2907      	cmp	r1, #7
1000405a:	d000      	beq.n	1000405e <_vsnprintf+0x1c6>
1000405c:	e73d      	b.n	10003eda <_vsnprintf+0x42>
1000405e:	9b0d      	ldr	r3, [sp, #52]	@ 0x34
10004060:	cb02      	ldmia	r3!, {r1}
10004062:	4698      	mov	r8, r3
10004064:	2900      	cmp	r1, #0
10004066:	d000      	beq.n	1000406a <_vsnprintf+0x1d2>
10004068:	e192      	b.n	10004390 <_vsnprintf+0x4f8>
1000406a:	9b0b      	ldr	r3, [sp, #44]	@ 0x2c
1000406c:	2110      	movs	r1, #16
1000406e:	001a      	movs	r2, r3
10004070:	438a      	bics	r2, r1
10004072:	0010      	movs	r0, r2
10004074:	3111      	adds	r1, #17
10004076:	4308      	orrs	r0, r1
10004078:	4681      	mov	r9, r0
1000407a:	2080      	movs	r0, #128	@ 0x80
1000407c:	001a      	movs	r2, r3
1000407e:	00c0      	lsls	r0, r0, #3
10004080:	4002      	ands	r2, r0
10004082:	0011      	movs	r1, r2
10004084:	4203      	tst	r3, r0
10004086:	d11c      	bne.n	100040c2 <_vsnprintf+0x22a>
10004088:	ab14      	add	r3, sp, #80	@ 0x50
1000408a:	469c      	mov	ip, r3
1000408c:	221f      	movs	r2, #31
1000408e:	230f      	movs	r3, #15
10004090:	4462      	add	r2, ip
10004092:	950d      	str	r5, [sp, #52]	@ 0x34
10004094:	469c      	mov	ip, r3
10004096:	0015      	movs	r5, r2
10004098:	9b0f      	ldr	r3, [sp, #60]	@ 0x3c
1000409a:	940b      	str	r4, [sp, #44]	@ 0x2c
1000409c:	e002      	b.n	100040a4 <_vsnprintf+0x20c>
1000409e:	2b20      	cmp	r3, #32
100040a0:	d00c      	beq.n	100040bc <_vsnprintf+0x224>
100040a2:	0011      	movs	r1, r2
100040a4:	4664      	mov	r4, ip
100040a6:	400c      	ands	r4, r1
100040a8:	0020      	movs	r0, r4
100040aa:	3037      	adds	r0, #55	@ 0x37
100040ac:	2c09      	cmp	r4, #9
100040ae:	d800      	bhi.n	100040b2 <_vsnprintf+0x21a>
100040b0:	3807      	subs	r0, #7
100040b2:	3301      	adds	r3, #1
100040b4:	54e8      	strb	r0, [r5, r3]
100040b6:	090a      	lsrs	r2, r1, #4
100040b8:	290f      	cmp	r1, #15
100040ba:	d8f0      	bhi.n	1000409e <_vsnprintf+0x206>
100040bc:	9c0b      	ldr	r4, [sp, #44]	@ 0x2c
100040be:	9d0d      	ldr	r5, [sp, #52]	@ 0x34
100040c0:	930f      	str	r3, [sp, #60]	@ 0x3c
100040c2:	464b      	mov	r3, r9
100040c4:	2208      	movs	r2, #8
100040c6:	9306      	str	r3, [sp, #24]
100040c8:	4653      	mov	r3, sl
100040ca:	9205      	str	r2, [sp, #20]
100040cc:	3208      	adds	r2, #8
100040ce:	9203      	str	r2, [sp, #12]
100040d0:	2200      	movs	r2, #0
100040d2:	9304      	str	r3, [sp, #16]
100040d4:	9b0f      	ldr	r3, [sp, #60]	@ 0x3c
100040d6:	9202      	str	r2, [sp, #8]
100040d8:	9301      	str	r3, [sp, #4]
100040da:	ab1c      	add	r3, sp, #112	@ 0x70
100040dc:	0022      	movs	r2, r4
100040de:	9300      	str	r3, [sp, #0]
100040e0:	4659      	mov	r1, fp
100040e2:	0033      	movs	r3, r6
100040e4:	0028      	movs	r0, r5
100040e6:	f7ff f98d 	bl	10003404 <_ntoa_format>
100040ea:	4643      	mov	r3, r8
100040ec:	0004      	movs	r4, r0
100040ee:	930d      	str	r3, [sp, #52]	@ 0x34
100040f0:	e6fa      	b.n	10003ee8 <_vsnprintf+0x50>
100040f2:	9b0d      	ldr	r3, [sp, #52]	@ 0x34
100040f4:	cb04      	ldmia	r3!, {r2}
100040f6:	4690      	mov	r8, r2
100040f8:	2a00      	cmp	r2, #0
100040fa:	db79      	blt.n	100041f0 <_vsnprintf+0x358>
100040fc:	7878      	ldrb	r0, [r7, #1]
100040fe:	930d      	str	r3, [sp, #52]	@ 0x34
10004100:	000f      	movs	r7, r1
10004102:	3101      	adds	r1, #1
10004104:	e717      	b.n	10003f36 <_vsnprintf+0x9e>
10004106:	9b0d      	ldr	r3, [sp, #52]	@ 0x34
10004108:	cb02      	ldmia	r3!, {r1}
1000410a:	9314      	str	r3, [sp, #80]	@ 0x50
1000410c:	780b      	ldrb	r3, [r1, #0]
1000410e:	469c      	mov	ip, r3
10004110:	0018      	movs	r0, r3
10004112:	4653      	mov	r3, sl
10004114:	2b00      	cmp	r3, #0
10004116:	d100      	bne.n	1000411a <_vsnprintf+0x282>
10004118:	e134      	b.n	10004384 <_vsnprintf+0x4ec>
1000411a:	2800      	cmp	r0, #0
1000411c:	d015      	beq.n	1000414a <_vsnprintf+0x2b2>
1000411e:	4653      	mov	r3, sl
10004120:	3b01      	subs	r3, #1
10004122:	3301      	adds	r3, #1
10004124:	4699      	mov	r9, r3
10004126:	940d      	str	r4, [sp, #52]	@ 0x34
10004128:	9c0b      	ldr	r4, [sp, #44]	@ 0x2c
1000412a:	4489      	add	r9, r1
1000412c:	464a      	mov	r2, r9
1000412e:	000b      	movs	r3, r1
10004130:	46a1      	mov	r9, r4
10004132:	e001      	b.n	10004138 <_vsnprintf+0x2a0>
10004134:	4293      	cmp	r3, r2
10004136:	d003      	beq.n	10004140 <_vsnprintf+0x2a8>
10004138:	785c      	ldrb	r4, [r3, #1]
1000413a:	3301      	adds	r3, #1
1000413c:	2c00      	cmp	r4, #0
1000413e:	d1f9      	bne.n	10004134 <_vsnprintf+0x29c>
10004140:	464a      	mov	r2, r9
10004142:	1a5b      	subs	r3, r3, r1
10004144:	9c0d      	ldr	r4, [sp, #52]	@ 0x34
10004146:	920b      	str	r2, [sp, #44]	@ 0x2c
10004148:	930f      	str	r3, [sp, #60]	@ 0x3c
1000414a:	2380      	movs	r3, #128	@ 0x80
1000414c:	00db      	lsls	r3, r3, #3
1000414e:	4699      	mov	r9, r3
10004150:	9a0b      	ldr	r2, [sp, #44]	@ 0x2c
10004152:	4013      	ands	r3, r2
10004154:	930d      	str	r3, [sp, #52]	@ 0x34
10004156:	464b      	mov	r3, r9
10004158:	421a      	tst	r2, r3
1000415a:	d004      	beq.n	10004166 <_vsnprintf+0x2ce>
1000415c:	9b0f      	ldr	r3, [sp, #60]	@ 0x3c
1000415e:	4553      	cmp	r3, sl
10004160:	d901      	bls.n	10004166 <_vsnprintf+0x2ce>
10004162:	4653      	mov	r3, sl
10004164:	930f      	str	r3, [sp, #60]	@ 0x3c
10004166:	2302      	movs	r3, #2
10004168:	4699      	mov	r9, r3
1000416a:	9a0b      	ldr	r2, [sp, #44]	@ 0x2c
1000416c:	4013      	ands	r3, r2
1000416e:	930b      	str	r3, [sp, #44]	@ 0x2c
10004170:	464b      	mov	r3, r9
10004172:	4213      	tst	r3, r2
10004174:	d100      	bne.n	10004178 <_vsnprintf+0x2e0>
10004176:	e1f5      	b.n	10004564 <_vsnprintf+0x6cc>
10004178:	4663      	mov	r3, ip
1000417a:	2b00      	cmp	r3, #0
1000417c:	d100      	bne.n	10004180 <_vsnprintf+0x2e8>
1000417e:	e1d6      	b.n	1000452e <_vsnprintf+0x696>
10004180:	9b0d      	ldr	r3, [sp, #52]	@ 0x34
10004182:	2b00      	cmp	r3, #0
10004184:	d100      	bne.n	10004188 <_vsnprintf+0x2f0>
10004186:	e182      	b.n	1000448e <_vsnprintf+0x5f6>
10004188:	1b0b      	subs	r3, r1, r4
1000418a:	46d1      	mov	r9, sl
1000418c:	0031      	movs	r1, r6
1000418e:	469a      	mov	sl, r3
10004190:	003b      	movs	r3, r7
10004192:	44a1      	add	r9, r4
10004194:	002e      	movs	r6, r5
10004196:	465f      	mov	r7, fp
10004198:	464d      	mov	r5, r9
1000419a:	0022      	movs	r2, r4
1000419c:	469b      	mov	fp, r3
1000419e:	4689      	mov	r9, r1
100041a0:	e009      	b.n	100041b6 <_vsnprintf+0x31e>
100041a2:	464b      	mov	r3, r9
100041a4:	0039      	movs	r1, r7
100041a6:	1c54      	adds	r4, r2, #1
100041a8:	47b0      	blx	r6
100041aa:	4653      	mov	r3, sl
100041ac:	5d18      	ldrb	r0, [r3, r4]
100041ae:	2800      	cmp	r0, #0
100041b0:	d100      	bne.n	100041b4 <_vsnprintf+0x31c>
100041b2:	e192      	b.n	100044da <_vsnprintf+0x642>
100041b4:	0022      	movs	r2, r4
100041b6:	4295      	cmp	r5, r2
100041b8:	d1f3      	bne.n	100041a2 <_vsnprintf+0x30a>
100041ba:	464b      	mov	r3, r9
100041bc:	465a      	mov	r2, fp
100041be:	46a9      	mov	r9, r5
100041c0:	46bb      	mov	fp, r7
100041c2:	0035      	movs	r5, r6
100041c4:	0017      	movs	r7, r2
100041c6:	001e      	movs	r6, r3
100041c8:	464c      	mov	r4, r9
100041ca:	9b0b      	ldr	r3, [sp, #44]	@ 0x2c
100041cc:	2b00      	cmp	r3, #0
100041ce:	d000      	beq.n	100041d2 <_vsnprintf+0x33a>
100041d0:	e1ad      	b.n	1000452e <_vsnprintf+0x696>
100041d2:	9b14      	ldr	r3, [sp, #80]	@ 0x50
100041d4:	930d      	str	r3, [sp, #52]	@ 0x34
100041d6:	e687      	b.n	10003ee8 <_vsnprintf+0x50>
100041d8:	10003e99 	.word	0x10003e99
100041dc:	20001c80 	.word	0x20001c80
100041e0:	1000abac 	.word	0x1000abac
100041e4:	1000abf0 	.word	0x1000abf0
100041e8:	1000ac3c 	.word	0x1000ac3c
100041ec:	00009041 	.word	0x00009041
100041f0:	9a0b      	ldr	r2, [sp, #44]	@ 0x2c
100041f2:	3828      	subs	r0, #40	@ 0x28
100041f4:	4302      	orrs	r2, r0
100041f6:	920b      	str	r2, [sp, #44]	@ 0x2c
100041f8:	4642      	mov	r2, r8
100041fa:	4252      	negs	r2, r2
100041fc:	7878      	ldrb	r0, [r7, #1]
100041fe:	4690      	mov	r8, r2
10004200:	000f      	movs	r7, r1
10004202:	930d      	str	r3, [sp, #52]	@ 0x34
10004204:	3101      	adds	r1, #1
10004206:	e696      	b.n	10003f36 <_vsnprintf+0x9e>
10004208:	7878      	ldrb	r0, [r7, #1]
1000420a:	286c      	cmp	r0, #108	@ 0x6c
1000420c:	d100      	bne.n	10004210 <_vsnprintf+0x378>
1000420e:	e15d      	b.n	100044cc <_vsnprintf+0x634>
10004210:	2380      	movs	r3, #128	@ 0x80
10004212:	9a0b      	ldr	r2, [sp, #44]	@ 0x2c
10004214:	005b      	lsls	r3, r3, #1
10004216:	431a      	orrs	r2, r3
10004218:	920b      	str	r2, [sp, #44]	@ 0x2c
1000421a:	3101      	adds	r1, #1
1000421c:	e6b3      	b.n	10003f86 <_vsnprintf+0xee>
1000421e:	2380      	movs	r3, #128	@ 0x80
10004220:	009b      	lsls	r3, r3, #2
10004222:	e6ab      	b.n	10003f7c <_vsnprintf+0xe4>
10004224:	7878      	ldrb	r0, [r7, #1]
10004226:	2868      	cmp	r0, #104	@ 0x68
10004228:	d100      	bne.n	1000422c <_vsnprintf+0x394>
1000422a:	e148      	b.n	100044be <_vsnprintf+0x626>
1000422c:	2380      	movs	r3, #128	@ 0x80
1000422e:	9a0b      	ldr	r2, [sp, #44]	@ 0x2c
10004230:	3101      	adds	r1, #1
10004232:	431a      	orrs	r2, r3
10004234:	920b      	str	r2, [sp, #44]	@ 0x2c
10004236:	e6a6      	b.n	10003f86 <_vsnprintf+0xee>
10004238:	2867      	cmp	r0, #103	@ 0x67
1000423a:	d100      	bne.n	1000423e <_vsnprintf+0x3a6>
1000423c:	e0b2      	b.n	100043a4 <_vsnprintf+0x50c>
1000423e:	2847      	cmp	r0, #71	@ 0x47
10004240:	d100      	bne.n	10004244 <_vsnprintf+0x3ac>
10004242:	e11a      	b.n	1000447a <_vsnprintf+0x5e2>
10004244:	2845      	cmp	r0, #69	@ 0x45
10004246:	d100      	bne.n	1000424a <_vsnprintf+0x3b2>
10004248:	e11c      	b.n	10004484 <_vsnprintf+0x5ec>
1000424a:	9a0b      	ldr	r2, [sp, #44]	@ 0x2c
1000424c:	2107      	movs	r1, #7
1000424e:	9204      	str	r2, [sp, #16]
10004250:	4642      	mov	r2, r8
10004252:	9b0d      	ldr	r3, [sp, #52]	@ 0x34
10004254:	9203      	str	r2, [sp, #12]
10004256:	3307      	adds	r3, #7
10004258:	4652      	mov	r2, sl
1000425a:	438b      	bics	r3, r1
1000425c:	0019      	movs	r1, r3
1000425e:	9202      	str	r2, [sp, #8]
10004260:	c90c      	ldmia	r1!, {r2, r3}
10004262:	0028      	movs	r0, r5
10004264:	9200      	str	r2, [sp, #0]
10004266:	9301      	str	r3, [sp, #4]
10004268:	910d      	str	r1, [sp, #52]	@ 0x34
1000426a:	0022      	movs	r2, r4
1000426c:	0033      	movs	r3, r6
1000426e:	4659      	mov	r1, fp
10004270:	f7ff fa00 	bl	10003674 <_etoa>
10004274:	0004      	movs	r4, r0
10004276:	e637      	b.n	10003ee8 <_vsnprintf+0x50>
10004278:	2846      	cmp	r0, #70	@ 0x46
1000427a:	d100      	bne.n	1000427e <_vsnprintf+0x3e6>
1000427c:	e08d      	b.n	1000439a <_vsnprintf+0x502>
1000427e:	9a0b      	ldr	r2, [sp, #44]	@ 0x2c
10004280:	2107      	movs	r1, #7
10004282:	9204      	str	r2, [sp, #16]
10004284:	4642      	mov	r2, r8
10004286:	9b0d      	ldr	r3, [sp, #52]	@ 0x34
10004288:	9203      	str	r2, [sp, #12]
1000428a:	3307      	adds	r3, #7
1000428c:	4652      	mov	r2, sl
1000428e:	438b      	bics	r3, r1
10004290:	0019      	movs	r1, r3
10004292:	9202      	str	r2, [sp, #8]
10004294:	c90c      	ldmia	r1!, {r2, r3}
10004296:	0028      	movs	r0, r5
10004298:	9200      	str	r2, [sp, #0]
1000429a:	9301      	str	r3, [sp, #4]
1000429c:	910d      	str	r1, [sp, #52]	@ 0x34
1000429e:	0022      	movs	r2, r4
100042a0:	0033      	movs	r3, r6
100042a2:	4659      	mov	r1, fp
100042a4:	f7ff fc18 	bl	10003ad8 <_ftoa>
100042a8:	0004      	movs	r4, r0
100042aa:	e61d      	b.n	10003ee8 <_vsnprintf+0x50>
100042ac:	1c63      	adds	r3, r4, #1
100042ae:	4698      	mov	r8, r3
100042b0:	0022      	movs	r2, r4
100042b2:	0033      	movs	r3, r6
100042b4:	4659      	mov	r1, fp
100042b6:	2025      	movs	r0, #37	@ 0x25
100042b8:	47a8      	blx	r5
100042ba:	4644      	mov	r4, r8
100042bc:	e614      	b.n	10003ee8 <_vsnprintf+0x50>
100042be:	9b0d      	ldr	r3, [sp, #52]	@ 0x34
100042c0:	3304      	adds	r3, #4
100042c2:	930f      	str	r3, [sp, #60]	@ 0x3c
100042c4:	1c63      	adds	r3, r4, #1
100042c6:	4699      	mov	r9, r3
100042c8:	9b0b      	ldr	r3, [sp, #44]	@ 0x2c
100042ca:	079a      	lsls	r2, r3, #30
100042cc:	d400      	bmi.n	100042d0 <_vsnprintf+0x438>
100042ce:	e10a      	b.n	100044e6 <_vsnprintf+0x64e>
100042d0:	9b0d      	ldr	r3, [sp, #52]	@ 0x34
100042d2:	0022      	movs	r2, r4
100042d4:	7818      	ldrb	r0, [r3, #0]
100042d6:	4659      	mov	r1, fp
100042d8:	0033      	movs	r3, r6
100042da:	47a8      	blx	r5
100042dc:	4643      	mov	r3, r8
100042de:	4444      	add	r4, r8
100042e0:	2b01      	cmp	r3, #1
100042e2:	d800      	bhi.n	100042e6 <_vsnprintf+0x44e>
100042e4:	e16f      	b.n	100045c6 <_vsnprintf+0x72e>
100042e6:	46b0      	mov	r8, r6
100042e8:	002e      	movs	r6, r5
100042ea:	0025      	movs	r5, r4
100042ec:	464c      	mov	r4, r9
100042ee:	46b9      	mov	r9, r7
100042f0:	465f      	mov	r7, fp
100042f2:	0022      	movs	r2, r4
100042f4:	4643      	mov	r3, r8
100042f6:	3401      	adds	r4, #1
100042f8:	0039      	movs	r1, r7
100042fa:	2020      	movs	r0, #32
100042fc:	47b0      	blx	r6
100042fe:	42ac      	cmp	r4, r5
10004300:	d1f7      	bne.n	100042f2 <_vsnprintf+0x45a>
10004302:	002c      	movs	r4, r5
10004304:	46bb      	mov	fp, r7
10004306:	0035      	movs	r5, r6
10004308:	464f      	mov	r7, r9
1000430a:	4646      	mov	r6, r8
1000430c:	9b0f      	ldr	r3, [sp, #60]	@ 0x3c
1000430e:	930d      	str	r3, [sp, #52]	@ 0x34
10004310:	e5ea      	b.n	10003ee8 <_vsnprintf+0x50>
10004312:	4bd6      	ldr	r3, [pc, #856]	@ (1000466c <_vsnprintf+0x7d4>)
10004314:	7838      	ldrb	r0, [r7, #0]
10004316:	469a      	mov	sl, r3
10004318:	2300      	movs	r3, #0
1000431a:	4698      	mov	r8, r3
1000431c:	2800      	cmp	r0, #0
1000431e:	d000      	beq.n	10004322 <_vsnprintf+0x48a>
10004320:	e5d3      	b.n	10003eca <_vsnprintf+0x32>
10004322:	2400      	movs	r4, #0
10004324:	e66f      	b.n	10004006 <_vsnprintf+0x16e>
10004326:	286f      	cmp	r0, #111	@ 0x6f
10004328:	d042      	beq.n	100043b0 <_vsnprintf+0x518>
1000432a:	d800      	bhi.n	1000432e <_vsnprintf+0x496>
1000432c:	e1fd      	b.n	1000472a <_vsnprintf+0x892>
1000432e:	2310      	movs	r3, #16
10004330:	2878      	cmp	r0, #120	@ 0x78
10004332:	d100      	bne.n	10004336 <_vsnprintf+0x49e>
10004334:	e09b      	b.n	1000446e <_vsnprintf+0x5d6>
10004336:	9a0b      	ldr	r2, [sp, #44]	@ 0x2c
10004338:	439a      	bics	r2, r3
1000433a:	920b      	str	r2, [sp, #44]	@ 0x2c
1000433c:	230a      	movs	r3, #10
1000433e:	469c      	mov	ip, r3
10004340:	2300      	movs	r3, #0
10004342:	9314      	str	r3, [sp, #80]	@ 0x50
10004344:	330a      	adds	r3, #10
10004346:	930f      	str	r3, [sp, #60]	@ 0x3c
10004348:	e038      	b.n	100043bc <_vsnprintf+0x524>
1000434a:	4657      	mov	r7, sl
1000434c:	9a0b      	ldr	r2, [sp, #44]	@ 0x2c
1000434e:	00b9      	lsls	r1, r7, #2
10004350:	19c9      	adds	r1, r1, r7
10004352:	0049      	lsls	r1, r1, #1
10004354:	3301      	adds	r3, #1
10004356:	180f      	adds	r7, r1, r0
10004358:	7818      	ldrb	r0, [r3, #0]
1000435a:	3f30      	subs	r7, #48	@ 0x30
1000435c:	0001      	movs	r1, r0
1000435e:	3930      	subs	r1, #48	@ 0x30
10004360:	2909      	cmp	r1, #9
10004362:	d9f4      	bls.n	1000434e <_vsnprintf+0x4b6>
10004364:	46ba      	mov	sl, r7
10004366:	920b      	str	r2, [sp, #44]	@ 0x2c
10004368:	001f      	movs	r7, r3
1000436a:	1c59      	adds	r1, r3, #1
1000436c:	e5e7      	b.n	10003f3e <_vsnprintf+0xa6>
1000436e:	9b0d      	ldr	r3, [sp, #52]	@ 0x34
10004370:	78b8      	ldrb	r0, [r7, #2]
10004372:	cb04      	ldmia	r3!, {r2}
10004374:	3702      	adds	r7, #2
10004376:	43d1      	mvns	r1, r2
10004378:	17c9      	asrs	r1, r1, #31
1000437a:	400a      	ands	r2, r1
1000437c:	4692      	mov	sl, r2
1000437e:	930d      	str	r3, [sp, #52]	@ 0x34
10004380:	1c79      	adds	r1, r7, #1
10004382:	e5dc      	b.n	10003f3e <_vsnprintf+0xa6>
10004384:	2800      	cmp	r0, #0
10004386:	d100      	bne.n	1000438a <_vsnprintf+0x4f2>
10004388:	e6df      	b.n	1000414a <_vsnprintf+0x2b2>
1000438a:	2302      	movs	r3, #2
1000438c:	425b      	negs	r3, r3
1000438e:	e6c8      	b.n	10004122 <_vsnprintf+0x28a>
10004390:	2021      	movs	r0, #33	@ 0x21
10004392:	9a0b      	ldr	r2, [sp, #44]	@ 0x2c
10004394:	4302      	orrs	r2, r0
10004396:	4691      	mov	r9, r2
10004398:	e676      	b.n	10004088 <_vsnprintf+0x1f0>
1000439a:	2320      	movs	r3, #32
1000439c:	9a0b      	ldr	r2, [sp, #44]	@ 0x2c
1000439e:	431a      	orrs	r2, r3
100043a0:	920b      	str	r2, [sp, #44]	@ 0x2c
100043a2:	e76c      	b.n	1000427e <_vsnprintf+0x3e6>
100043a4:	2380      	movs	r3, #128	@ 0x80
100043a6:	9a0b      	ldr	r2, [sp, #44]	@ 0x2c
100043a8:	011b      	lsls	r3, r3, #4
100043aa:	431a      	orrs	r2, r3
100043ac:	920b      	str	r2, [sp, #44]	@ 0x2c
100043ae:	e74c      	b.n	1000424a <_vsnprintf+0x3b2>
100043b0:	2308      	movs	r3, #8
100043b2:	469c      	mov	ip, r3
100043b4:	2300      	movs	r3, #0
100043b6:	9314      	str	r3, [sp, #80]	@ 0x50
100043b8:	3308      	adds	r3, #8
100043ba:	930f      	str	r3, [sp, #60]	@ 0x3c
100043bc:	980b      	ldr	r0, [sp, #44]	@ 0x2c
100043be:	2380      	movs	r3, #128	@ 0x80
100043c0:	0002      	movs	r2, r0
100043c2:	00db      	lsls	r3, r3, #3
100043c4:	401a      	ands	r2, r3
100043c6:	0011      	movs	r1, r2
100043c8:	0002      	movs	r2, r0
100043ca:	4218      	tst	r0, r3
100043cc:	d000      	beq.n	100043d0 <_vsnprintf+0x538>
100043ce:	e080      	b.n	100044d2 <_vsnprintf+0x63a>
100043d0:	230c      	movs	r3, #12
100043d2:	439a      	bics	r2, r3
100043d4:	0010      	movs	r0, r2
100043d6:	2380      	movs	r3, #128	@ 0x80
100043d8:	0002      	movs	r2, r0
100043da:	009b      	lsls	r3, r3, #2
100043dc:	401a      	ands	r2, r3
100043de:	920b      	str	r2, [sp, #44]	@ 0x2c
100043e0:	4218      	tst	r0, r3
100043e2:	d000      	beq.n	100043e6 <_vsnprintf+0x54e>
100043e4:	e0f1      	b.n	100045ca <_vsnprintf+0x732>
100043e6:	2380      	movs	r3, #128	@ 0x80
100043e8:	0002      	movs	r2, r0
100043ea:	005b      	lsls	r3, r3, #1
100043ec:	401a      	ands	r2, r3
100043ee:	4691      	mov	r9, r2
100043f0:	9a0d      	ldr	r2, [sp, #52]	@ 0x34
100043f2:	3204      	adds	r2, #4
100043f4:	9214      	str	r2, [sp, #80]	@ 0x50
100043f6:	4218      	tst	r0, r3
100043f8:	d000      	beq.n	100043fc <_vsnprintf+0x564>
100043fa:	e2c3      	b.n	10004984 <_vsnprintf+0xaec>
100043fc:	0643      	lsls	r3, r0, #25
100043fe:	d500      	bpl.n	10004402 <_vsnprintf+0x56a>
10004400:	e0d7      	b.n	100045b2 <_vsnprintf+0x71a>
10004402:	0603      	lsls	r3, r0, #24
10004404:	d400      	bmi.n	10004408 <_vsnprintf+0x570>
10004406:	e321      	b.n	10004a4c <_vsnprintf+0xbb4>
10004408:	9b0d      	ldr	r3, [sp, #52]	@ 0x34
1000440a:	881b      	ldrh	r3, [r3, #0]
1000440c:	9309      	str	r3, [sp, #36]	@ 0x24
1000440e:	2b00      	cmp	r3, #0
10004410:	d000      	beq.n	10004414 <_vsnprintf+0x57c>
10004412:	e12d      	b.n	10004670 <_vsnprintf+0x7d8>
10004414:	3310      	adds	r3, #16
10004416:	4398      	bics	r0, r3
10004418:	2900      	cmp	r1, #0
1000441a:	d100      	bne.n	1000441e <_vsnprintf+0x586>
1000441c:	e128      	b.n	10004670 <_vsnprintf+0x7d8>
1000441e:	2300      	movs	r3, #0
10004420:	4699      	mov	r9, r3
10004422:	4643      	mov	r3, r8
10004424:	9305      	str	r3, [sp, #20]
10004426:	4653      	mov	r3, sl
10004428:	9304      	str	r3, [sp, #16]
1000442a:	9b0f      	ldr	r3, [sp, #60]	@ 0x3c
1000442c:	9006      	str	r0, [sp, #24]
1000442e:	9303      	str	r3, [sp, #12]
10004430:	2300      	movs	r3, #0
10004432:	9302      	str	r3, [sp, #8]
10004434:	464b      	mov	r3, r9
10004436:	9301      	str	r3, [sp, #4]
10004438:	ab1c      	add	r3, sp, #112	@ 0x70
1000443a:	0022      	movs	r2, r4
1000443c:	9300      	str	r3, [sp, #0]
1000443e:	4659      	mov	r1, fp
10004440:	0033      	movs	r3, r6
10004442:	0028      	movs	r0, r5
10004444:	f7fe ffde 	bl	10003404 <_ntoa_format>
10004448:	0004      	movs	r4, r0
1000444a:	e6c2      	b.n	100041d2 <_vsnprintf+0x33a>
1000444c:	2858      	cmp	r0, #88	@ 0x58
1000444e:	d009      	beq.n	10004464 <_vsnprintf+0x5cc>
10004450:	2862      	cmp	r0, #98	@ 0x62
10004452:	d000      	beq.n	10004456 <_vsnprintf+0x5be>
10004454:	e2e3      	b.n	10004a1e <_vsnprintf+0xb86>
10004456:	2302      	movs	r3, #2
10004458:	469c      	mov	ip, r3
1000445a:	2300      	movs	r3, #0
1000445c:	9314      	str	r3, [sp, #80]	@ 0x50
1000445e:	3302      	adds	r3, #2
10004460:	930f      	str	r3, [sp, #60]	@ 0x3c
10004462:	e7ab      	b.n	100043bc <_vsnprintf+0x524>
10004464:	2320      	movs	r3, #32
10004466:	9a0b      	ldr	r2, [sp, #44]	@ 0x2c
10004468:	431a      	orrs	r2, r3
1000446a:	920b      	str	r2, [sp, #44]	@ 0x2c
1000446c:	3b10      	subs	r3, #16
1000446e:	469c      	mov	ip, r3
10004470:	2300      	movs	r3, #0
10004472:	9314      	str	r3, [sp, #80]	@ 0x50
10004474:	3310      	adds	r3, #16
10004476:	930f      	str	r3, [sp, #60]	@ 0x3c
10004478:	e7a0      	b.n	100043bc <_vsnprintf+0x524>
1000447a:	2380      	movs	r3, #128	@ 0x80
1000447c:	9a0b      	ldr	r2, [sp, #44]	@ 0x2c
1000447e:	011b      	lsls	r3, r3, #4
10004480:	431a      	orrs	r2, r3
10004482:	920b      	str	r2, [sp, #44]	@ 0x2c
10004484:	2320      	movs	r3, #32
10004486:	9a0b      	ldr	r2, [sp, #44]	@ 0x2c
10004488:	431a      	orrs	r2, r3
1000448a:	920b      	str	r2, [sp, #44]	@ 0x2c
1000448c:	e6dd      	b.n	1000424a <_vsnprintf+0x3b2>
1000448e:	1b0b      	subs	r3, r1, r4
10004490:	469a      	mov	sl, r3
10004492:	9b0f      	ldr	r3, [sp, #60]	@ 0x3c
10004494:	4699      	mov	r9, r3
10004496:	003b      	movs	r3, r7
10004498:	0037      	movs	r7, r6
1000449a:	465e      	mov	r6, fp
1000449c:	469b      	mov	fp, r3
1000449e:	0022      	movs	r2, r4
100044a0:	003b      	movs	r3, r7
100044a2:	0031      	movs	r1, r6
100044a4:	47a8      	blx	r5
100044a6:	4653      	mov	r3, sl
100044a8:	3401      	adds	r4, #1
100044aa:	5d18      	ldrb	r0, [r3, r4]
100044ac:	2800      	cmp	r0, #0
100044ae:	d1f6      	bne.n	1000449e <_vsnprintf+0x606>
100044b0:	464b      	mov	r3, r9
100044b2:	930f      	str	r3, [sp, #60]	@ 0x3c
100044b4:	465b      	mov	r3, fp
100044b6:	46b3      	mov	fp, r6
100044b8:	003e      	movs	r6, r7
100044ba:	001f      	movs	r7, r3
100044bc:	e685      	b.n	100041ca <_vsnprintf+0x332>
100044be:	23c0      	movs	r3, #192	@ 0xc0
100044c0:	9a0b      	ldr	r2, [sp, #44]	@ 0x2c
100044c2:	78b8      	ldrb	r0, [r7, #2]
100044c4:	431a      	orrs	r2, r3
100044c6:	920b      	str	r2, [sp, #44]	@ 0x2c
100044c8:	1cf9      	adds	r1, r7, #3
100044ca:	e55c      	b.n	10003f86 <_vsnprintf+0xee>
100044cc:	23c0      	movs	r3, #192	@ 0xc0
100044ce:	009b      	lsls	r3, r3, #2
100044d0:	e7f6      	b.n	100044c0 <_vsnprintf+0x628>
100044d2:	230d      	movs	r3, #13
100044d4:	439a      	bics	r2, r3
100044d6:	0010      	movs	r0, r2
100044d8:	e77d      	b.n	100043d6 <_vsnprintf+0x53e>
100044da:	465b      	mov	r3, fp
100044dc:	0035      	movs	r5, r6
100044de:	46bb      	mov	fp, r7
100044e0:	464e      	mov	r6, r9
100044e2:	001f      	movs	r7, r3
100044e4:	e671      	b.n	100041ca <_vsnprintf+0x332>
100044e6:	4643      	mov	r3, r8
100044e8:	2b01      	cmp	r3, #1
100044ea:	d966      	bls.n	100045ba <_vsnprintf+0x722>
100044ec:	1e63      	subs	r3, r4, #1
100044ee:	4443      	add	r3, r8
100044f0:	0032      	movs	r2, r6
100044f2:	002e      	movs	r6, r5
100044f4:	001d      	movs	r5, r3
100044f6:	003b      	movs	r3, r7
100044f8:	46a2      	mov	sl, r4
100044fa:	465f      	mov	r7, fp
100044fc:	4691      	mov	r9, r2
100044fe:	469b      	mov	fp, r3
10004500:	0022      	movs	r2, r4
10004502:	464b      	mov	r3, r9
10004504:	3401      	adds	r4, #1
10004506:	0039      	movs	r1, r7
10004508:	2020      	movs	r0, #32
1000450a:	47b0      	blx	r6
1000450c:	42ac      	cmp	r4, r5
1000450e:	d1f7      	bne.n	10004500 <_vsnprintf+0x668>
10004510:	465b      	mov	r3, fp
10004512:	0035      	movs	r5, r6
10004514:	46bb      	mov	fp, r7
10004516:	464e      	mov	r6, r9
10004518:	46a1      	mov	r9, r4
1000451a:	4654      	mov	r4, sl
1000451c:	001f      	movs	r7, r3
1000451e:	9b0d      	ldr	r3, [sp, #52]	@ 0x34
10004520:	464a      	mov	r2, r9
10004522:	7818      	ldrb	r0, [r3, #0]
10004524:	4659      	mov	r1, fp
10004526:	0033      	movs	r3, r6
10004528:	4444      	add	r4, r8
1000452a:	47a8      	blx	r5
1000452c:	e6ee      	b.n	1000430c <_vsnprintf+0x474>
1000452e:	9b0f      	ldr	r3, [sp, #60]	@ 0x3c
10004530:	46a1      	mov	r9, r4
10004532:	4598      	cmp	r8, r3
10004534:	d800      	bhi.n	10004538 <_vsnprintf+0x6a0>
10004536:	e64c      	b.n	100041d2 <_vsnprintf+0x33a>
10004538:	4444      	add	r4, r8
1000453a:	1ae4      	subs	r4, r4, r3
1000453c:	46b0      	mov	r8, r6
1000453e:	002e      	movs	r6, r5
10004540:	0025      	movs	r5, r4
10004542:	464c      	mov	r4, r9
10004544:	46b9      	mov	r9, r7
10004546:	465f      	mov	r7, fp
10004548:	0022      	movs	r2, r4
1000454a:	4643      	mov	r3, r8
1000454c:	3401      	adds	r4, #1
1000454e:	0039      	movs	r1, r7
10004550:	2020      	movs	r0, #32
10004552:	47b0      	blx	r6
10004554:	42ac      	cmp	r4, r5
10004556:	d1f7      	bne.n	10004548 <_vsnprintf+0x6b0>
10004558:	002c      	movs	r4, r5
1000455a:	46bb      	mov	fp, r7
1000455c:	0035      	movs	r5, r6
1000455e:	464f      	mov	r7, r9
10004560:	4646      	mov	r6, r8
10004562:	e636      	b.n	100041d2 <_vsnprintf+0x33a>
10004564:	980f      	ldr	r0, [sp, #60]	@ 0x3c
10004566:	4580      	cmp	r8, r0
10004568:	d800      	bhi.n	1000456c <_vsnprintf+0x6d4>
1000456a:	e273      	b.n	10004a54 <_vsnprintf+0xbbc>
1000456c:	4643      	mov	r3, r8
1000456e:	18e2      	adds	r2, r4, r3
10004570:	1a13      	subs	r3, r2, r0
10004572:	0032      	movs	r2, r6
10004574:	002e      	movs	r6, r5
10004576:	001d      	movs	r5, r3
10004578:	003b      	movs	r3, r7
1000457a:	4691      	mov	r9, r2
1000457c:	465f      	mov	r7, fp
1000457e:	469b      	mov	fp, r3
10004580:	910f      	str	r1, [sp, #60]	@ 0x3c
10004582:	0022      	movs	r2, r4
10004584:	464b      	mov	r3, r9
10004586:	3401      	adds	r4, #1
10004588:	0039      	movs	r1, r7
1000458a:	2020      	movs	r0, #32
1000458c:	47b0      	blx	r6
1000458e:	42ac      	cmp	r4, r5
10004590:	d1f7      	bne.n	10004582 <_vsnprintf+0x6ea>
10004592:	465b      	mov	r3, fp
10004594:	46bb      	mov	fp, r7
10004596:	001f      	movs	r7, r3
10004598:	4643      	mov	r3, r8
1000459a:	990f      	ldr	r1, [sp, #60]	@ 0x3c
1000459c:	3301      	adds	r3, #1
1000459e:	930f      	str	r3, [sp, #60]	@ 0x3c
100045a0:	780b      	ldrb	r3, [r1, #0]
100045a2:	0035      	movs	r5, r6
100045a4:	469c      	mov	ip, r3
100045a6:	464e      	mov	r6, r9
100045a8:	4660      	mov	r0, ip
100045aa:	2800      	cmp	r0, #0
100045ac:	d000      	beq.n	100045b0 <_vsnprintf+0x718>
100045ae:	e5e7      	b.n	10004180 <_vsnprintf+0x2e8>
100045b0:	e60f      	b.n	100041d2 <_vsnprintf+0x33a>
100045b2:	9b0d      	ldr	r3, [sp, #52]	@ 0x34
100045b4:	781b      	ldrb	r3, [r3, #0]
100045b6:	9309      	str	r3, [sp, #36]	@ 0x24
100045b8:	e729      	b.n	1000440e <_vsnprintf+0x576>
100045ba:	9b0d      	ldr	r3, [sp, #52]	@ 0x34
100045bc:	0022      	movs	r2, r4
100045be:	7818      	ldrb	r0, [r3, #0]
100045c0:	4659      	mov	r1, fp
100045c2:	0033      	movs	r3, r6
100045c4:	47a8      	blx	r5
100045c6:	464c      	mov	r4, r9
100045c8:	e6a0      	b.n	1000430c <_vsnprintf+0x474>
100045ca:	9a0d      	ldr	r2, [sp, #52]	@ 0x34
100045cc:	3bfa      	subs	r3, #250	@ 0xfa
100045ce:	3bff      	subs	r3, #255	@ 0xff
100045d0:	3207      	adds	r2, #7
100045d2:	439a      	bics	r2, r3
100045d4:	3301      	adds	r3, #1
100045d6:	4699      	mov	r9, r3
100045d8:	4491      	add	r9, r2
100045da:	464b      	mov	r3, r9
100045dc:	930d      	str	r3, [sp, #52]	@ 0x34
100045de:	6813      	ldr	r3, [r2, #0]
100045e0:	6852      	ldr	r2, [r2, #4]
100045e2:	9215      	str	r2, [sp, #84]	@ 0x54
100045e4:	431a      	orrs	r2, r3
100045e6:	d106      	bne.n	100045f6 <_vsnprintf+0x75e>
100045e8:	3210      	adds	r2, #16
100045ea:	4390      	bics	r0, r2
100045ec:	2200      	movs	r2, #0
100045ee:	9209      	str	r2, [sp, #36]	@ 0x24
100045f0:	2900      	cmp	r1, #0
100045f2:	d000      	beq.n	100045f6 <_vsnprintf+0x75e>
100045f4:	e083      	b.n	100046fe <_vsnprintf+0x866>
100045f6:	2261      	movs	r2, #97	@ 0x61
100045f8:	0681      	lsls	r1, r0, #26
100045fa:	d500      	bpl.n	100045fe <_vsnprintf+0x766>
100045fc:	2241      	movs	r2, #65	@ 0x41
100045fe:	b2d2      	uxtb	r2, r2
10004600:	920a      	str	r2, [sp, #40]	@ 0x28
10004602:	aa14      	add	r2, sp, #80	@ 0x50
10004604:	4691      	mov	r9, r2
10004606:	9a0a      	ldr	r2, [sp, #40]	@ 0x28
10004608:	2100      	movs	r1, #0
1000460a:	3a0a      	subs	r2, #10
1000460c:	920b      	str	r2, [sp, #44]	@ 0x2c
1000460e:	4642      	mov	r2, r8
10004610:	9217      	str	r2, [sp, #92]	@ 0x5c
10004612:	4652      	mov	r2, sl
10004614:	9218      	str	r2, [sp, #96]	@ 0x60
10004616:	465a      	mov	r2, fp
10004618:	46b2      	mov	sl, r6
1000461a:	9109      	str	r1, [sp, #36]	@ 0x24
1000461c:	001e      	movs	r6, r3
1000461e:	311f      	adds	r1, #31
10004620:	9b14      	ldr	r3, [sp, #80]	@ 0x50
10004622:	4449      	add	r1, r9
10004624:	46bb      	mov	fp, r7
10004626:	9416      	str	r4, [sp, #88]	@ 0x58
10004628:	951a      	str	r5, [sp, #104]	@ 0x68
1000462a:	2400      	movs	r4, #0
1000462c:	4667      	mov	r7, ip
1000462e:	4698      	mov	r8, r3
10004630:	4689      	mov	r9, r1
10004632:	9d15      	ldr	r5, [sp, #84]	@ 0x54
10004634:	9019      	str	r0, [sp, #100]	@ 0x64
10004636:	921b      	str	r2, [sp, #108]	@ 0x6c
10004638:	e00a      	b.n	10004650 <_vsnprintf+0x7b8>
1000463a:	3230      	adds	r2, #48	@ 0x30
1000463c:	b2d2      	uxtb	r2, r2
1000463e:	464b      	mov	r3, r9
10004640:	3401      	adds	r4, #1
10004642:	551a      	strb	r2, [r3, r4]
10004644:	45a8      	cmp	r8, r5
10004646:	d04c      	beq.n	100046e2 <_vsnprintf+0x84a>
10004648:	2c20      	cmp	r4, #32
1000464a:	d04c      	beq.n	100046e6 <_vsnprintf+0x84e>
1000464c:	0006      	movs	r6, r0
1000464e:	000d      	movs	r5, r1
10004650:	003a      	movs	r2, r7
10004652:	2300      	movs	r3, #0
10004654:	0030      	movs	r0, r6
10004656:	0029      	movs	r1, r5
10004658:	f7fd ffb6 	bl	100025c8 <__wrap___aeabi_uldivmod>
1000465c:	b2d2      	uxtb	r2, r2
1000465e:	2a09      	cmp	r2, #9
10004660:	d9eb      	bls.n	1000463a <_vsnprintf+0x7a2>
10004662:	9b0b      	ldr	r3, [sp, #44]	@ 0x2c
10004664:	469c      	mov	ip, r3
10004666:	4462      	add	r2, ip
10004668:	b2d2      	uxtb	r2, r2
1000466a:	e7e8      	b.n	1000463e <_vsnprintf+0x7a6>
1000466c:	10003355 	.word	0x10003355
10004670:	2361      	movs	r3, #97	@ 0x61
10004672:	0682      	lsls	r2, r0, #26
10004674:	d500      	bpl.n	10004678 <_vsnprintf+0x7e0>
10004676:	2341      	movs	r3, #65	@ 0x41
10004678:	b2db      	uxtb	r3, r3
1000467a:	3b0a      	subs	r3, #10
1000467c:	930b      	str	r3, [sp, #44]	@ 0x2c
1000467e:	4643      	mov	r3, r8
10004680:	a914      	add	r1, sp, #80	@ 0x50
10004682:	221f      	movs	r2, #31
10004684:	468c      	mov	ip, r1
10004686:	9315      	str	r3, [sp, #84]	@ 0x54
10004688:	4653      	mov	r3, sl
1000468a:	4462      	add	r2, ip
1000468c:	46b2      	mov	sl, r6
1000468e:	940d      	str	r4, [sp, #52]	@ 0x34
10004690:	9717      	str	r7, [sp, #92]	@ 0x5c
10004692:	464c      	mov	r4, r9
10004694:	4680      	mov	r8, r0
10004696:	46a9      	mov	r9, r5
10004698:	0017      	movs	r7, r2
1000469a:	9d09      	ldr	r5, [sp, #36]	@ 0x24
1000469c:	9e0f      	ldr	r6, [sp, #60]	@ 0x3c
1000469e:	9316      	str	r3, [sp, #88]	@ 0x58
100046a0:	e008      	b.n	100046b4 <_vsnprintf+0x81c>
100046a2:	3330      	adds	r3, #48	@ 0x30
100046a4:	b2db      	uxtb	r3, r3
100046a6:	3401      	adds	r4, #1
100046a8:	553b      	strb	r3, [r7, r4]
100046aa:	42b5      	cmp	r5, r6
100046ac:	d30e      	bcc.n	100046cc <_vsnprintf+0x834>
100046ae:	2c20      	cmp	r4, #32
100046b0:	d00c      	beq.n	100046cc <_vsnprintf+0x834>
100046b2:	0005      	movs	r5, r0
100046b4:	0031      	movs	r1, r6
100046b6:	0028      	movs	r0, r5
100046b8:	f7fd ff48 	bl	1000254c <__wrap___aeabi_uidiv>
100046bc:	b2cb      	uxtb	r3, r1
100046be:	2909      	cmp	r1, #9
100046c0:	d9ef      	bls.n	100046a2 <_vsnprintf+0x80a>
100046c2:	9a0b      	ldr	r2, [sp, #44]	@ 0x2c
100046c4:	4694      	mov	ip, r2
100046c6:	4463      	add	r3, ip
100046c8:	b2db      	uxtb	r3, r3
100046ca:	e7ec      	b.n	100046a6 <_vsnprintf+0x80e>
100046cc:	9b15      	ldr	r3, [sp, #84]	@ 0x54
100046ce:	4640      	mov	r0, r8
100046d0:	4698      	mov	r8, r3
100046d2:	9b16      	ldr	r3, [sp, #88]	@ 0x58
100046d4:	464d      	mov	r5, r9
100046d6:	4656      	mov	r6, sl
100046d8:	46a1      	mov	r9, r4
100046da:	469a      	mov	sl, r3
100046dc:	9c0d      	ldr	r4, [sp, #52]	@ 0x34
100046de:	9f17      	ldr	r7, [sp, #92]	@ 0x5c
100046e0:	e69f      	b.n	10004422 <_vsnprintf+0x58a>
100046e2:	42b7      	cmp	r7, r6
100046e4:	d9b0      	bls.n	10004648 <_vsnprintf+0x7b0>
100046e6:	9b17      	ldr	r3, [sp, #92]	@ 0x5c
100046e8:	4656      	mov	r6, sl
100046ea:	4698      	mov	r8, r3
100046ec:	9b18      	ldr	r3, [sp, #96]	@ 0x60
100046ee:	465f      	mov	r7, fp
100046f0:	469a      	mov	sl, r3
100046f2:	9b1b      	ldr	r3, [sp, #108]	@ 0x6c
100046f4:	9409      	str	r4, [sp, #36]	@ 0x24
100046f6:	469b      	mov	fp, r3
100046f8:	9c16      	ldr	r4, [sp, #88]	@ 0x58
100046fa:	9819      	ldr	r0, [sp, #100]	@ 0x64
100046fc:	9d1a      	ldr	r5, [sp, #104]	@ 0x68
100046fe:	4643      	mov	r3, r8
10004700:	9305      	str	r3, [sp, #20]
10004702:	4653      	mov	r3, sl
10004704:	9304      	str	r3, [sp, #16]
10004706:	9b0f      	ldr	r3, [sp, #60]	@ 0x3c
10004708:	9006      	str	r0, [sp, #24]
1000470a:	9303      	str	r3, [sp, #12]
1000470c:	2300      	movs	r3, #0
1000470e:	9302      	str	r3, [sp, #8]
10004710:	9b09      	ldr	r3, [sp, #36]	@ 0x24
10004712:	9301      	str	r3, [sp, #4]
10004714:	ab1c      	add	r3, sp, #112	@ 0x70
10004716:	0022      	movs	r2, r4
10004718:	9300      	str	r3, [sp, #0]
1000471a:	4659      	mov	r1, fp
1000471c:	0033      	movs	r3, r6
1000471e:	0028      	movs	r0, r5
10004720:	f7fe fe70 	bl	10003404 <_ntoa_format>
10004724:	0004      	movs	r4, r0
10004726:	f7ff fbdf 	bl	10003ee8 <_vsnprintf+0x50>
1000472a:	2310      	movs	r3, #16
1000472c:	9a0b      	ldr	r2, [sp, #44]	@ 0x2c
1000472e:	439a      	bics	r2, r3
10004730:	920f      	str	r2, [sp, #60]	@ 0x3c
10004732:	2869      	cmp	r0, #105	@ 0x69
10004734:	d000      	beq.n	10004738 <_vsnprintf+0x8a0>
10004736:	e191      	b.n	10004a5c <_vsnprintf+0xbc4>
10004738:	990b      	ldr	r1, [sp, #44]	@ 0x2c
1000473a:	2380      	movs	r3, #128	@ 0x80
1000473c:	000a      	movs	r2, r1
1000473e:	00db      	lsls	r3, r3, #3
10004740:	401a      	ands	r2, r3
10004742:	0010      	movs	r0, r2
10004744:	000a      	movs	r2, r1
10004746:	4219      	tst	r1, r3
10004748:	d003      	beq.n	10004752 <_vsnprintf+0x8ba>
1000474a:	2111      	movs	r1, #17
1000474c:	0018      	movs	r0, r3
1000474e:	438a      	bics	r2, r1
10004750:	920f      	str	r2, [sp, #60]	@ 0x3c
10004752:	9a0f      	ldr	r2, [sp, #60]	@ 0x3c
10004754:	2380      	movs	r3, #128	@ 0x80
10004756:	0011      	movs	r1, r2
10004758:	009b      	lsls	r3, r3, #2
1000475a:	4019      	ands	r1, r3
1000475c:	468c      	mov	ip, r1
1000475e:	421a      	tst	r2, r3
10004760:	d15b      	bne.n	1000481a <_vsnprintf+0x982>
10004762:	2380      	movs	r3, #128	@ 0x80
10004764:	0011      	movs	r1, r2
10004766:	005b      	lsls	r3, r3, #1
10004768:	4019      	ands	r1, r3
1000476a:	4689      	mov	r9, r1
1000476c:	990d      	ldr	r1, [sp, #52]	@ 0x34
1000476e:	3104      	adds	r1, #4
10004770:	910b      	str	r1, [sp, #44]	@ 0x2c
10004772:	421a      	tst	r2, r3
10004774:	d000      	beq.n	10004778 <_vsnprintf+0x8e0>
10004776:	e0b2      	b.n	100048de <_vsnprintf+0xa46>
10004778:	0013      	movs	r3, r2
1000477a:	065b      	lsls	r3, r3, #25
1000477c:	d400      	bmi.n	10004780 <_vsnprintf+0x8e8>
1000477e:	e0ed      	b.n	1000495c <_vsnprintf+0xac4>
10004780:	9b0d      	ldr	r3, [sp, #52]	@ 0x34
10004782:	781b      	ldrb	r3, [r3, #0]
10004784:	001a      	movs	r2, r3
10004786:	0fd9      	lsrs	r1, r3, #31
10004788:	910d      	str	r1, [sp, #52]	@ 0x34
1000478a:	2b00      	cmp	r3, #0
1000478c:	d100      	bne.n	10004790 <_vsnprintf+0x8f8>
1000478e:	e0a3      	b.n	100048d8 <_vsnprintf+0xa40>
10004790:	0010      	movs	r0, r2
10004792:	aa14      	add	r2, sp, #80	@ 0x50
10004794:	4694      	mov	ip, r2
10004796:	4642      	mov	r2, r8
10004798:	231f      	movs	r3, #31
1000479a:	9215      	str	r2, [sp, #84]	@ 0x54
1000479c:	4652      	mov	r2, sl
1000479e:	4463      	add	r3, ip
100047a0:	46a8      	mov	r8, r5
100047a2:	46ba      	mov	sl, r7
100047a4:	464d      	mov	r5, r9
100047a6:	9414      	str	r4, [sp, #80]	@ 0x50
100047a8:	46b1      	mov	r9, r6
100047aa:	0004      	movs	r4, r0
100047ac:	001f      	movs	r7, r3
100047ae:	9216      	str	r2, [sp, #88]	@ 0x58
100047b0:	e001      	b.n	100047b6 <_vsnprintf+0x91e>
100047b2:	2d20      	cmp	r5, #32
100047b4:	d00f      	beq.n	100047d6 <_vsnprintf+0x93e>
100047b6:	0020      	movs	r0, r4
100047b8:	210a      	movs	r1, #10
100047ba:	f7fd fec7 	bl	1000254c <__wrap___aeabi_uidiv>
100047be:	3501      	adds	r5, #1
100047c0:	197e      	adds	r6, r7, r5
100047c2:	3130      	adds	r1, #48	@ 0x30
100047c4:	7031      	strb	r1, [r6, #0]
100047c6:	0020      	movs	r0, r4
100047c8:	210a      	movs	r1, #10
100047ca:	f7fd febf 	bl	1000254c <__wrap___aeabi_uidiv>
100047ce:	0026      	movs	r6, r4
100047d0:	0004      	movs	r4, r0
100047d2:	2e09      	cmp	r6, #9
100047d4:	d8ed      	bhi.n	100047b2 <_vsnprintf+0x91a>
100047d6:	9b15      	ldr	r3, [sp, #84]	@ 0x54
100047d8:	464e      	mov	r6, r9
100047da:	46a9      	mov	r9, r5
100047dc:	4645      	mov	r5, r8
100047de:	4698      	mov	r8, r3
100047e0:	9b16      	ldr	r3, [sp, #88]	@ 0x58
100047e2:	4657      	mov	r7, sl
100047e4:	469a      	mov	sl, r3
100047e6:	9c14      	ldr	r4, [sp, #80]	@ 0x50
100047e8:	9b0f      	ldr	r3, [sp, #60]	@ 0x3c
100047ea:	9306      	str	r3, [sp, #24]
100047ec:	4643      	mov	r3, r8
100047ee:	9305      	str	r3, [sp, #20]
100047f0:	4653      	mov	r3, sl
100047f2:	9304      	str	r3, [sp, #16]
100047f4:	230a      	movs	r3, #10
100047f6:	9303      	str	r3, [sp, #12]
100047f8:	9b0d      	ldr	r3, [sp, #52]	@ 0x34
100047fa:	9302      	str	r3, [sp, #8]
100047fc:	464b      	mov	r3, r9
100047fe:	9301      	str	r3, [sp, #4]
10004800:	ab1c      	add	r3, sp, #112	@ 0x70
10004802:	0022      	movs	r2, r4
10004804:	9300      	str	r3, [sp, #0]
10004806:	4659      	mov	r1, fp
10004808:	0033      	movs	r3, r6
1000480a:	0028      	movs	r0, r5
1000480c:	f7fe fdfa 	bl	10003404 <_ntoa_format>
10004810:	9b0b      	ldr	r3, [sp, #44]	@ 0x2c
10004812:	0004      	movs	r4, r0
10004814:	930d      	str	r3, [sp, #52]	@ 0x34
10004816:	f7ff fb67 	bl	10003ee8 <_vsnprintf+0x50>
1000481a:	2207      	movs	r2, #7
1000481c:	9b0d      	ldr	r3, [sp, #52]	@ 0x34
1000481e:	3307      	adds	r3, #7
10004820:	4393      	bics	r3, r2
10004822:	3201      	adds	r2, #1
10004824:	4694      	mov	ip, r2
10004826:	449c      	add	ip, r3
10004828:	4662      	mov	r2, ip
1000482a:	920d      	str	r2, [sp, #52]	@ 0x34
1000482c:	cb0c      	ldmia	r3, {r2, r3}
1000482e:	0fd9      	lsrs	r1, r3, #31
10004830:	910b      	str	r1, [sp, #44]	@ 0x2c
10004832:	0011      	movs	r1, r2
10004834:	4319      	orrs	r1, r3
10004836:	d100      	bne.n	1000483a <_vsnprintf+0x9a2>
10004838:	e09b      	b.n	10004972 <_vsnprintf+0xada>
1000483a:	17d9      	asrs	r1, r3, #31
1000483c:	9113      	str	r1, [sp, #76]	@ 0x4c
1000483e:	9112      	str	r1, [sp, #72]	@ 0x48
10004840:	4051      	eors	r1, r2
10004842:	9110      	str	r1, [sp, #64]	@ 0x40
10004844:	9913      	ldr	r1, [sp, #76]	@ 0x4c
10004846:	4059      	eors	r1, r3
10004848:	9111      	str	r1, [sp, #68]	@ 0x44
1000484a:	9810      	ldr	r0, [sp, #64]	@ 0x40
1000484c:	9911      	ldr	r1, [sp, #68]	@ 0x44
1000484e:	9a12      	ldr	r2, [sp, #72]	@ 0x48
10004850:	9b13      	ldr	r3, [sp, #76]	@ 0x4c
10004852:	1a80      	subs	r0, r0, r2
10004854:	4199      	sbcs	r1, r3
10004856:	9010      	str	r0, [sp, #64]	@ 0x40
10004858:	9111      	str	r1, [sp, #68]	@ 0x44
1000485a:	aa14      	add	r2, sp, #80	@ 0x50
1000485c:	4694      	mov	ip, r2
1000485e:	4642      	mov	r2, r8
10004860:	2300      	movs	r3, #0
10004862:	9215      	str	r2, [sp, #84]	@ 0x54
10004864:	4652      	mov	r2, sl
10004866:	4699      	mov	r9, r3
10004868:	9216      	str	r2, [sp, #88]	@ 0x58
1000486a:	0032      	movs	r2, r6
1000486c:	331f      	adds	r3, #31
1000486e:	4463      	add	r3, ip
10004870:	46a8      	mov	r8, r5
10004872:	464e      	mov	r6, r9
10004874:	46ba      	mov	sl, r7
10004876:	9414      	str	r4, [sp, #80]	@ 0x50
10004878:	001f      	movs	r7, r3
1000487a:	9c10      	ldr	r4, [sp, #64]	@ 0x40
1000487c:	9d11      	ldr	r5, [sp, #68]	@ 0x44
1000487e:	4691      	mov	r9, r2
10004880:	e001      	b.n	10004886 <_vsnprintf+0x9ee>
10004882:	2e20      	cmp	r6, #32
10004884:	d010      	beq.n	100048a8 <_vsnprintf+0xa10>
10004886:	0020      	movs	r0, r4
10004888:	0029      	movs	r1, r5
1000488a:	220a      	movs	r2, #10
1000488c:	2300      	movs	r3, #0
1000488e:	f7fd fe9b 	bl	100025c8 <__wrap___aeabi_uldivmod>
10004892:	3601      	adds	r6, #1
10004894:	3230      	adds	r2, #48	@ 0x30
10004896:	002b      	movs	r3, r5
10004898:	55ba      	strb	r2, [r7, r6]
1000489a:	000d      	movs	r5, r1
1000489c:	0022      	movs	r2, r4
1000489e:	0004      	movs	r4, r0
100048a0:	2b00      	cmp	r3, #0
100048a2:	d1ee      	bne.n	10004882 <_vsnprintf+0x9ea>
100048a4:	2a09      	cmp	r2, #9
100048a6:	d8ec      	bhi.n	10004882 <_vsnprintf+0x9ea>
100048a8:	9b15      	ldr	r3, [sp, #84]	@ 0x54
100048aa:	9410      	str	r4, [sp, #64]	@ 0x40
100048ac:	9511      	str	r5, [sp, #68]	@ 0x44
100048ae:	4645      	mov	r5, r8
100048b0:	4698      	mov	r8, r3
100048b2:	464b      	mov	r3, r9
100048b4:	9a16      	ldr	r2, [sp, #88]	@ 0x58
100048b6:	46b1      	mov	r9, r6
100048b8:	4657      	mov	r7, sl
100048ba:	001e      	movs	r6, r3
100048bc:	4692      	mov	sl, r2
100048be:	9c14      	ldr	r4, [sp, #80]	@ 0x50
100048c0:	9b0f      	ldr	r3, [sp, #60]	@ 0x3c
100048c2:	9306      	str	r3, [sp, #24]
100048c4:	4643      	mov	r3, r8
100048c6:	9305      	str	r3, [sp, #20]
100048c8:	4653      	mov	r3, sl
100048ca:	9304      	str	r3, [sp, #16]
100048cc:	230a      	movs	r3, #10
100048ce:	9303      	str	r3, [sp, #12]
100048d0:	9b0b      	ldr	r3, [sp, #44]	@ 0x2c
100048d2:	9302      	str	r3, [sp, #8]
100048d4:	464b      	mov	r3, r9
100048d6:	e71c      	b.n	10004712 <_vsnprintf+0x87a>
100048d8:	2800      	cmp	r0, #0
100048da:	d185      	bne.n	100047e8 <_vsnprintf+0x950>
100048dc:	e759      	b.n	10004792 <_vsnprintf+0x8fa>
100048de:	9b0d      	ldr	r3, [sp, #52]	@ 0x34
100048e0:	681b      	ldr	r3, [r3, #0]
100048e2:	0fda      	lsrs	r2, r3, #31
100048e4:	0011      	movs	r1, r2
100048e6:	2b00      	cmp	r3, #0
100048e8:	d100      	bne.n	100048ec <_vsnprintf+0xa54>
100048ea:	e0a6      	b.n	10004a3a <_vsnprintf+0xba2>
100048ec:	17da      	asrs	r2, r3, #31
100048ee:	1898      	adds	r0, r3, r2
100048f0:	4050      	eors	r0, r2
100048f2:	aa14      	add	r2, sp, #80	@ 0x50
100048f4:	4691      	mov	r9, r2
100048f6:	231f      	movs	r3, #31
100048f8:	4642      	mov	r2, r8
100048fa:	444b      	add	r3, r9
100048fc:	46a8      	mov	r8, r5
100048fe:	940d      	str	r4, [sp, #52]	@ 0x34
10004900:	9716      	str	r7, [sp, #88]	@ 0x58
10004902:	0004      	movs	r4, r0
10004904:	4665      	mov	r5, ip
10004906:	46b1      	mov	r9, r6
10004908:	001f      	movs	r7, r3
1000490a:	9114      	str	r1, [sp, #80]	@ 0x50
1000490c:	9215      	str	r2, [sp, #84]	@ 0x54
1000490e:	e001      	b.n	10004914 <_vsnprintf+0xa7c>
10004910:	2d20      	cmp	r5, #32
10004912:	d00f      	beq.n	10004934 <_vsnprintf+0xa9c>
10004914:	0020      	movs	r0, r4
10004916:	210a      	movs	r1, #10
10004918:	f7fd fe18 	bl	1000254c <__wrap___aeabi_uidiv>
1000491c:	3501      	adds	r5, #1
1000491e:	197e      	adds	r6, r7, r5
10004920:	3130      	adds	r1, #48	@ 0x30
10004922:	7031      	strb	r1, [r6, #0]
10004924:	0020      	movs	r0, r4
10004926:	210a      	movs	r1, #10
10004928:	f7fd fe10 	bl	1000254c <__wrap___aeabi_uidiv>
1000492c:	0026      	movs	r6, r4
1000492e:	0004      	movs	r4, r0
10004930:	2e09      	cmp	r6, #9
10004932:	d8ed      	bhi.n	10004910 <_vsnprintf+0xa78>
10004934:	9b15      	ldr	r3, [sp, #84]	@ 0x54
10004936:	46ac      	mov	ip, r5
10004938:	4645      	mov	r5, r8
1000493a:	4698      	mov	r8, r3
1000493c:	9b14      	ldr	r3, [sp, #80]	@ 0x50
1000493e:	464e      	mov	r6, r9
10004940:	0019      	movs	r1, r3
10004942:	9c0d      	ldr	r4, [sp, #52]	@ 0x34
10004944:	9f16      	ldr	r7, [sp, #88]	@ 0x58
10004946:	9b0f      	ldr	r3, [sp, #60]	@ 0x3c
10004948:	9102      	str	r1, [sp, #8]
1000494a:	9306      	str	r3, [sp, #24]
1000494c:	4643      	mov	r3, r8
1000494e:	9305      	str	r3, [sp, #20]
10004950:	4653      	mov	r3, sl
10004952:	9304      	str	r3, [sp, #16]
10004954:	230a      	movs	r3, #10
10004956:	9303      	str	r3, [sp, #12]
10004958:	4663      	mov	r3, ip
1000495a:	e750      	b.n	100047fe <_vsnprintf+0x966>
1000495c:	0013      	movs	r3, r2
1000495e:	061b      	lsls	r3, r3, #24
10004960:	d56e      	bpl.n	10004a40 <_vsnprintf+0xba8>
10004962:	9b0d      	ldr	r3, [sp, #52]	@ 0x34
10004964:	2200      	movs	r2, #0
10004966:	5e9b      	ldrsh	r3, [r3, r2]
10004968:	17d9      	asrs	r1, r3, #31
1000496a:	185a      	adds	r2, r3, r1
1000496c:	404a      	eors	r2, r1
1000496e:	b292      	uxth	r2, r2
10004970:	e709      	b.n	10004786 <_vsnprintf+0x8ee>
10004972:	2300      	movs	r3, #0
10004974:	4699      	mov	r9, r3
10004976:	2800      	cmp	r0, #0
10004978:	d1a2      	bne.n	100048c0 <_vsnprintf+0xa28>
1000497a:	2200      	movs	r2, #0
1000497c:	2300      	movs	r3, #0
1000497e:	9210      	str	r2, [sp, #64]	@ 0x40
10004980:	9311      	str	r3, [sp, #68]	@ 0x44
10004982:	e76a      	b.n	1000485a <_vsnprintf+0x9c2>
10004984:	9b0d      	ldr	r3, [sp, #52]	@ 0x34
10004986:	681b      	ldr	r3, [r3, #0]
10004988:	4699      	mov	r9, r3
1000498a:	2b00      	cmp	r3, #0
1000498c:	d103      	bne.n	10004996 <_vsnprintf+0xafe>
1000498e:	3310      	adds	r3, #16
10004990:	4398      	bics	r0, r3
10004992:	2900      	cmp	r1, #0
10004994:	d138      	bne.n	10004a08 <_vsnprintf+0xb70>
10004996:	2361      	movs	r3, #97	@ 0x61
10004998:	0682      	lsls	r2, r0, #26
1000499a:	d500      	bpl.n	1000499e <_vsnprintf+0xb06>
1000499c:	2341      	movs	r3, #65	@ 0x41
1000499e:	b2db      	uxtb	r3, r3
100049a0:	3b0a      	subs	r3, #10
100049a2:	930d      	str	r3, [sp, #52]	@ 0x34
100049a4:	4643      	mov	r3, r8
100049a6:	9316      	str	r3, [sp, #88]	@ 0x58
100049a8:	4653      	mov	r3, sl
100049aa:	a914      	add	r1, sp, #80	@ 0x50
100049ac:	221f      	movs	r2, #31
100049ae:	468c      	mov	ip, r1
100049b0:	9317      	str	r3, [sp, #92]	@ 0x5c
100049b2:	002b      	movs	r3, r5
100049b4:	4462      	add	r2, ip
100049b6:	464d      	mov	r5, r9
100049b8:	46b2      	mov	sl, r6
100049ba:	9415      	str	r4, [sp, #84]	@ 0x54
100049bc:	9718      	str	r7, [sp, #96]	@ 0x60
100049be:	4680      	mov	r8, r0
100049c0:	0017      	movs	r7, r2
100049c2:	4699      	mov	r9, r3
100049c4:	9c0b      	ldr	r4, [sp, #44]	@ 0x2c
100049c6:	9e0f      	ldr	r6, [sp, #60]	@ 0x3c
100049c8:	e008      	b.n	100049dc <_vsnprintf+0xb44>
100049ca:	3330      	adds	r3, #48	@ 0x30
100049cc:	b2db      	uxtb	r3, r3
100049ce:	3401      	adds	r4, #1
100049d0:	553b      	strb	r3, [r7, r4]
100049d2:	42b5      	cmp	r5, r6
100049d4:	d30e      	bcc.n	100049f4 <_vsnprintf+0xb5c>
100049d6:	2c20      	cmp	r4, #32
100049d8:	d00c      	beq.n	100049f4 <_vsnprintf+0xb5c>
100049da:	0005      	movs	r5, r0
100049dc:	0031      	movs	r1, r6
100049de:	0028      	movs	r0, r5
100049e0:	f7fd fdb4 	bl	1000254c <__wrap___aeabi_uidiv>
100049e4:	b2cb      	uxtb	r3, r1
100049e6:	2909      	cmp	r1, #9
100049e8:	d9ef      	bls.n	100049ca <_vsnprintf+0xb32>
100049ea:	9a0d      	ldr	r2, [sp, #52]	@ 0x34
100049ec:	4694      	mov	ip, r2
100049ee:	4463      	add	r3, ip
100049f0:	b2db      	uxtb	r3, r3
100049f2:	e7ec      	b.n	100049ce <_vsnprintf+0xb36>
100049f4:	9b16      	ldr	r3, [sp, #88]	@ 0x58
100049f6:	4640      	mov	r0, r8
100049f8:	4698      	mov	r8, r3
100049fa:	9b17      	ldr	r3, [sp, #92]	@ 0x5c
100049fc:	4656      	mov	r6, sl
100049fe:	464d      	mov	r5, r9
10004a00:	469a      	mov	sl, r3
10004a02:	940b      	str	r4, [sp, #44]	@ 0x2c
10004a04:	9f18      	ldr	r7, [sp, #96]	@ 0x60
10004a06:	9c15      	ldr	r4, [sp, #84]	@ 0x54
10004a08:	4643      	mov	r3, r8
10004a0a:	9305      	str	r3, [sp, #20]
10004a0c:	4653      	mov	r3, sl
10004a0e:	9304      	str	r3, [sp, #16]
10004a10:	9b0f      	ldr	r3, [sp, #60]	@ 0x3c
10004a12:	9006      	str	r0, [sp, #24]
10004a14:	9303      	str	r3, [sp, #12]
10004a16:	2300      	movs	r3, #0
10004a18:	9302      	str	r3, [sp, #8]
10004a1a:	9b0b      	ldr	r3, [sp, #44]	@ 0x2c
10004a1c:	e50b      	b.n	10004436 <_vsnprintf+0x59e>
10004a1e:	990b      	ldr	r1, [sp, #44]	@ 0x2c
10004a20:	2380      	movs	r3, #128	@ 0x80
10004a22:	000a      	movs	r2, r1
10004a24:	00db      	lsls	r3, r3, #3
10004a26:	401a      	ands	r2, r3
10004a28:	0010      	movs	r0, r2
10004a2a:	000a      	movs	r2, r1
10004a2c:	4219      	tst	r1, r3
10004a2e:	d000      	beq.n	10004a32 <_vsnprintf+0xb9a>
10004a30:	e68b      	b.n	1000474a <_vsnprintf+0x8b2>
10004a32:	2310      	movs	r3, #16
10004a34:	439a      	bics	r2, r3
10004a36:	920f      	str	r2, [sp, #60]	@ 0x3c
10004a38:	e68b      	b.n	10004752 <_vsnprintf+0x8ba>
10004a3a:	2800      	cmp	r0, #0
10004a3c:	d183      	bne.n	10004946 <_vsnprintf+0xaae>
10004a3e:	e758      	b.n	100048f2 <_vsnprintf+0xa5a>
10004a40:	9b0d      	ldr	r3, [sp, #52]	@ 0x34
10004a42:	681b      	ldr	r3, [r3, #0]
10004a44:	17d9      	asrs	r1, r3, #31
10004a46:	185a      	adds	r2, r3, r1
10004a48:	404a      	eors	r2, r1
10004a4a:	e69c      	b.n	10004786 <_vsnprintf+0x8ee>
10004a4c:	9b0d      	ldr	r3, [sp, #52]	@ 0x34
10004a4e:	681b      	ldr	r3, [r3, #0]
10004a50:	9309      	str	r3, [sp, #36]	@ 0x24
10004a52:	e4dc      	b.n	1000440e <_vsnprintf+0x576>
10004a54:	0003      	movs	r3, r0
10004a56:	3301      	adds	r3, #1
10004a58:	930f      	str	r3, [sp, #60]	@ 0x3c
10004a5a:	e5a5      	b.n	100045a8 <_vsnprintf+0x710>
10004a5c:	920b      	str	r2, [sp, #44]	@ 0x2c
10004a5e:	e46d      	b.n	1000433c <_vsnprintf+0x4a4>

10004a60 <__wrap_snprintf>:
10004a60:	b40c      	push	{r2, r3}
10004a62:	b530      	push	{r4, r5, lr}
10004a64:	b085      	sub	sp, #20
10004a66:	ac08      	add	r4, sp, #32
10004a68:	cc08      	ldmia	r4!, {r3}
10004a6a:	4d06      	ldr	r5, [pc, #24]	@ (10004a84 <__wrap_snprintf+0x24>)
10004a6c:	000a      	movs	r2, r1
10004a6e:	9400      	str	r4, [sp, #0]
10004a70:	0001      	movs	r1, r0
10004a72:	0028      	movs	r0, r5
10004a74:	9403      	str	r4, [sp, #12]
10004a76:	f7ff fa0f 	bl	10003e98 <_vsnprintf>
10004a7a:	b005      	add	sp, #20
10004a7c:	bc30      	pop	{r4, r5}
10004a7e:	bc08      	pop	{r3}
10004a80:	b002      	add	sp, #8
10004a82:	4718      	bx	r3
10004a84:	1000334d 	.word	0x1000334d

10004a88 <vfctprintf>:
10004a88:	b500      	push	{lr}
10004a8a:	b085      	sub	sp, #20
10004a8c:	9103      	str	r1, [sp, #12]
10004a8e:	2101      	movs	r1, #1
10004a90:	9002      	str	r0, [sp, #8]
10004a92:	9300      	str	r3, [sp, #0]
10004a94:	4803      	ldr	r0, [pc, #12]	@ (10004aa4 <vfctprintf+0x1c>)
10004a96:	0013      	movs	r3, r2
10004a98:	424a      	negs	r2, r1
10004a9a:	a902      	add	r1, sp, #8
10004a9c:	f7ff f9fc 	bl	10003e98 <_vsnprintf>
10004aa0:	b005      	add	sp, #20
10004aa2:	bd00      	pop	{pc}
10004aa4:	10003665 	.word	0x10003665

10004aa8 <weak_raw_vprintf>:
10004aa8:	b510      	push	{r4, lr}
10004aaa:	4a09      	ldr	r2, [pc, #36]	@ (10004ad0 <weak_raw_vprintf+0x28>)
10004aac:	0003      	movs	r3, r0
10004aae:	6814      	ldr	r4, [r2, #0]
10004ab0:	b084      	sub	sp, #16
10004ab2:	2c00      	cmp	r4, #0
10004ab4:	d008      	beq.n	10004ac8 <weak_raw_vprintf+0x20>
10004ab6:	2201      	movs	r2, #1
10004ab8:	9100      	str	r1, [sp, #0]
10004aba:	4806      	ldr	r0, [pc, #24]	@ (10004ad4 <weak_raw_vprintf+0x2c>)
10004abc:	4252      	negs	r2, r2
10004abe:	a903      	add	r1, sp, #12
10004ac0:	47a0      	blx	r4
10004ac2:	2001      	movs	r0, #1
10004ac4:	b004      	add	sp, #16
10004ac6:	bd10      	pop	{r4, pc}
10004ac8:	f000 f98a 	bl	10004de0 <__wrap_puts>
10004acc:	2000      	movs	r0, #0
10004ace:	e7f9      	b.n	10004ac4 <weak_raw_vprintf+0x1c>
10004ad0:	20001c80 	.word	0x20001c80
10004ad4:	10003655 	.word	0x10003655

10004ad8 <_exit>:
10004ad8:	be00      	bkpt	0x0000
10004ada:	e7fd      	b.n	10004ad8 <_exit>

10004adc <_fini>:
10004adc:	4770      	bx	lr
10004ade:	46c0      	nop			@ (mov r8, r8)

10004ae0 <exit>:
10004ae0:	b510      	push	{r4, lr}
10004ae2:	f7ff fff9 	bl	10004ad8 <_exit>
10004ae6:	46c0      	nop			@ (mov r8, r8)

10004ae8 <runtime_init>:
10004ae8:	b570      	push	{r4, r5, r6, lr}
10004aea:	f7fd fbcf 	bl	1000228c <runtime_run_initializers>
10004aee:	4d07      	ldr	r5, [pc, #28]	@ (10004b0c <runtime_init+0x24>)
10004af0:	4e07      	ldr	r6, [pc, #28]	@ (10004b10 <runtime_init+0x28>)
10004af2:	42b5      	cmp	r5, r6
10004af4:	d209      	bcs.n	10004b0a <runtime_init+0x22>
10004af6:	2400      	movs	r4, #0
10004af8:	3e01      	subs	r6, #1
10004afa:	1b76      	subs	r6, r6, r5
10004afc:	08b6      	lsrs	r6, r6, #2
10004afe:	cd08      	ldmia	r5!, {r3}
10004b00:	4798      	blx	r3
10004b02:	0023      	movs	r3, r4
10004b04:	3401      	adds	r4, #1
10004b06:	42b3      	cmp	r3, r6
10004b08:	d1f9      	bne.n	10004afe <runtime_init+0x16>
10004b0a:	bd70      	pop	{r4, r5, r6, pc}
10004b0c:	1000a748 	.word	0x1000a748
10004b10:	1000a750 	.word	0x1000a750

10004b14 <stdio_out_chars_no_crlf>:
10004b14:	0003      	movs	r3, r0
10004b16:	b510      	push	{r4, lr}
10004b18:	0008      	movs	r0, r1
10004b1a:	0011      	movs	r1, r2
10004b1c:	681b      	ldr	r3, [r3, #0]
10004b1e:	4798      	blx	r3
10004b20:	bd10      	pop	{r4, pc}
10004b22:	46c0      	nop			@ (mov r8, r8)

10004b24 <stdio_out_chars_crlf>:
10004b24:	b5f0      	push	{r4, r5, r6, r7, lr}
10004b26:	46c6      	mov	lr, r8
10004b28:	b500      	push	{lr}
10004b2a:	7d43      	ldrb	r3, [r0, #21]
10004b2c:	0007      	movs	r7, r0
10004b2e:	000d      	movs	r5, r1
10004b30:	0016      	movs	r6, r2
10004b32:	2b00      	cmp	r3, #0
10004b34:	d038      	beq.n	10004ba8 <stdio_out_chars_crlf+0x84>
10004b36:	2a00      	cmp	r2, #0
10004b38:	dd2e      	ble.n	10004b98 <stdio_out_chars_crlf+0x74>
10004b3a:	2100      	movs	r1, #0
10004b3c:	1e6a      	subs	r2, r5, #1
10004b3e:	4690      	mov	r8, r2
10004b40:	5c6a      	ldrb	r2, [r5, r1]
10004b42:	7d03      	ldrb	r3, [r0, #20]
10004b44:	1c4c      	adds	r4, r1, #1
10004b46:	2000      	movs	r0, #0
10004b48:	2a0a      	cmp	r2, #10
10004b4a:	d00c      	beq.n	10004b66 <stdio_out_chars_crlf+0x42>
10004b4c:	42a6      	cmp	r6, r4
10004b4e:	d016      	beq.n	10004b7e <stdio_out_chars_crlf+0x5a>
10004b50:	4643      	mov	r3, r8
10004b52:	5d1b      	ldrb	r3, [r3, r4]
10004b54:	0021      	movs	r1, r4
10004b56:	3b0d      	subs	r3, #13
10004b58:	425a      	negs	r2, r3
10004b5a:	4153      	adcs	r3, r2
10004b5c:	5c6a      	ldrb	r2, [r5, r1]
10004b5e:	b2db      	uxtb	r3, r3
10004b60:	1c4c      	adds	r4, r1, #1
10004b62:	2a0a      	cmp	r2, #10
10004b64:	d1f2      	bne.n	10004b4c <stdio_out_chars_crlf+0x28>
10004b66:	2b00      	cmp	r3, #0
10004b68:	d1f0      	bne.n	10004b4c <stdio_out_chars_crlf+0x28>
10004b6a:	4288      	cmp	r0, r1
10004b6c:	db17      	blt.n	10004b9e <stdio_out_chars_crlf+0x7a>
10004b6e:	2102      	movs	r1, #2
10004b70:	4810      	ldr	r0, [pc, #64]	@ (10004bb4 <stdio_out_chars_crlf+0x90>)
10004b72:	683b      	ldr	r3, [r7, #0]
10004b74:	4798      	blx	r3
10004b76:	42a6      	cmp	r6, r4
10004b78:	d007      	beq.n	10004b8a <stdio_out_chars_crlf+0x66>
10004b7a:	0020      	movs	r0, r4
10004b7c:	e7e8      	b.n	10004b50 <stdio_out_chars_crlf+0x2c>
10004b7e:	4286      	cmp	r6, r0
10004b80:	dd03      	ble.n	10004b8a <stdio_out_chars_crlf+0x66>
10004b82:	1a31      	subs	r1, r6, r0
10004b84:	683b      	ldr	r3, [r7, #0]
10004b86:	1828      	adds	r0, r5, r0
10004b88:	4798      	blx	r3
10004b8a:	19ad      	adds	r5, r5, r6
10004b8c:	3d01      	subs	r5, #1
10004b8e:	782b      	ldrb	r3, [r5, #0]
10004b90:	3b0d      	subs	r3, #13
10004b92:	425a      	negs	r2, r3
10004b94:	4153      	adcs	r3, r2
10004b96:	753b      	strb	r3, [r7, #20]
10004b98:	bc80      	pop	{r7}
10004b9a:	46b8      	mov	r8, r7
10004b9c:	bdf0      	pop	{r4, r5, r6, r7, pc}
10004b9e:	1a09      	subs	r1, r1, r0
10004ba0:	683b      	ldr	r3, [r7, #0]
10004ba2:	1828      	adds	r0, r5, r0
10004ba4:	4798      	blx	r3
10004ba6:	e7e2      	b.n	10004b6e <stdio_out_chars_crlf+0x4a>
10004ba8:	6803      	ldr	r3, [r0, #0]
10004baa:	0011      	movs	r1, r2
10004bac:	0028      	movs	r0, r5
10004bae:	4798      	blx	r3
10004bb0:	e7f2      	b.n	10004b98 <stdio_out_chars_crlf+0x74>
10004bb2:	46c0      	nop			@ (mov r8, r8)
10004bb4:	1000ad98 	.word	0x1000ad98

10004bb8 <stdio_buffered_printer>:
10004bb8:	b5f8      	push	{r3, r4, r5, r6, r7, lr}
10004bba:	680b      	ldr	r3, [r1, #0]
10004bbc:	000d      	movs	r5, r1
10004bbe:	1c5a      	adds	r2, r3, #1
10004bc0:	18cb      	adds	r3, r1, r3
10004bc2:	600a      	str	r2, [r1, #0]
10004bc4:	7118      	strb	r0, [r3, #4]
10004bc6:	2a80      	cmp	r2, #128	@ 0x80
10004bc8:	d000      	beq.n	10004bcc <stdio_buffered_printer+0x14>
10004bca:	bdf8      	pop	{r3, r4, r5, r6, r7, pc}
10004bcc:	4b0e      	ldr	r3, [pc, #56]	@ (10004c08 <stdio_buffered_printer+0x50>)
10004bce:	681c      	ldr	r4, [r3, #0]
10004bd0:	2c00      	cmp	r4, #0
10004bd2:	d015      	beq.n	10004c00 <stdio_buffered_printer+0x48>
10004bd4:	4e0d      	ldr	r6, [pc, #52]	@ (10004c0c <stdio_buffered_printer+0x54>)
10004bd6:	1d0f      	adds	r7, r1, #4
10004bd8:	e002      	b.n	10004be0 <stdio_buffered_printer+0x28>
10004bda:	6924      	ldr	r4, [r4, #16]
10004bdc:	2c00      	cmp	r4, #0
10004bde:	d00f      	beq.n	10004c00 <stdio_buffered_printer+0x48>
10004be0:	6823      	ldr	r3, [r4, #0]
10004be2:	2b00      	cmp	r3, #0
10004be4:	d0f9      	beq.n	10004bda <stdio_buffered_printer+0x22>
10004be6:	6833      	ldr	r3, [r6, #0]
10004be8:	2b00      	cmp	r3, #0
10004bea:	d001      	beq.n	10004bf0 <stdio_buffered_printer+0x38>
10004bec:	42a3      	cmp	r3, r4
10004bee:	d1f4      	bne.n	10004bda <stdio_buffered_printer+0x22>
10004bf0:	0020      	movs	r0, r4
10004bf2:	0039      	movs	r1, r7
10004bf4:	682a      	ldr	r2, [r5, #0]
10004bf6:	f7ff ff95 	bl	10004b24 <stdio_out_chars_crlf>
10004bfa:	6924      	ldr	r4, [r4, #16]
10004bfc:	2c00      	cmp	r4, #0
10004bfe:	d1ef      	bne.n	10004be0 <stdio_buffered_printer+0x28>
10004c00:	2300      	movs	r3, #0
10004c02:	602b      	str	r3, [r5, #0]
10004c04:	e7e1      	b.n	10004bca <stdio_buffered_printer+0x12>
10004c06:	46c0      	nop			@ (mov r8, r8)
10004c08:	20001860 	.word	0x20001860
10004c0c:	20001868 	.word	0x20001868

10004c10 <stdio_put_string>:
10004c10:	b5f0      	push	{r4, r5, r6, r7, lr}
10004c12:	46de      	mov	lr, fp
10004c14:	4657      	mov	r7, sl
10004c16:	464e      	mov	r6, r9
10004c18:	4645      	mov	r5, r8
10004c1a:	b5e0      	push	{r5, r6, r7, lr}
10004c1c:	b085      	sub	sp, #20
10004c1e:	0017      	movs	r7, r2
10004c20:	001c      	movs	r4, r3
10004c22:	0006      	movs	r6, r0
10004c24:	000d      	movs	r5, r1
10004c26:	f7fd f919 	bl	10001e5c <time_us_64>
10004c2a:	2300      	movs	r3, #0
10004c2c:	4a31      	ldr	r2, [pc, #196]	@ (10004cf4 <stdio_put_string+0xe4>)
10004c2e:	1812      	adds	r2, r2, r0
10004c30:	414b      	adcs	r3, r1
10004c32:	2180      	movs	r1, #128	@ 0x80
10004c34:	0609      	lsls	r1, r1, #24
10004c36:	428b      	cmp	r3, r1
10004c38:	d302      	bcc.n	10004c40 <stdio_put_string+0x30>
10004c3a:	2201      	movs	r2, #1
10004c3c:	4b2e      	ldr	r3, [pc, #184]	@ (10004cf8 <stdio_put_string+0xe8>)
10004c3e:	4252      	negs	r2, r2
10004c40:	492e      	ldr	r1, [pc, #184]	@ (10004cfc <stdio_put_string+0xec>)
10004c42:	0008      	movs	r0, r1
10004c44:	468a      	mov	sl, r1
10004c46:	f005 fd3f 	bl	1000a6c8 <__mutex_try_enter_block_until_veneer>
10004c4a:	9001      	str	r0, [sp, #4]
10004c4c:	1c6b      	adds	r3, r5, #1
10004c4e:	d103      	bne.n	10004c58 <stdio_put_string+0x48>
10004c50:	0030      	movs	r0, r6
10004c52:	f005 fcc9 	bl	1000a5e8 <strlen>
10004c56:	0005      	movs	r5, r0
10004c58:	2c00      	cmp	r4, #0
10004c5a:	d026      	beq.n	10004caa <stdio_put_string+0x9a>
10004c5c:	4b28      	ldr	r3, [pc, #160]	@ (10004d00 <stdio_put_string+0xf0>)
10004c5e:	4698      	mov	r8, r3
10004c60:	4b28      	ldr	r3, [pc, #160]	@ (10004d04 <stdio_put_string+0xf4>)
10004c62:	681c      	ldr	r4, [r3, #0]
10004c64:	2c00      	cmp	r4, #0
10004c66:	d015      	beq.n	10004c94 <stdio_put_string+0x84>
10004c68:	2f00      	cmp	r7, #0
10004c6a:	d121      	bne.n	10004cb0 <stdio_put_string+0xa0>
10004c6c:	4f26      	ldr	r7, [pc, #152]	@ (10004d08 <stdio_put_string+0xf8>)
10004c6e:	e002      	b.n	10004c76 <stdio_put_string+0x66>
10004c70:	6924      	ldr	r4, [r4, #16]
10004c72:	2c00      	cmp	r4, #0
10004c74:	d00e      	beq.n	10004c94 <stdio_put_string+0x84>
10004c76:	6823      	ldr	r3, [r4, #0]
10004c78:	2b00      	cmp	r3, #0
10004c7a:	d0f9      	beq.n	10004c70 <stdio_put_string+0x60>
10004c7c:	683b      	ldr	r3, [r7, #0]
10004c7e:	2b00      	cmp	r3, #0
10004c80:	d001      	beq.n	10004c86 <stdio_put_string+0x76>
10004c82:	429c      	cmp	r4, r3
10004c84:	d1f4      	bne.n	10004c70 <stdio_put_string+0x60>
10004c86:	0020      	movs	r0, r4
10004c88:	002a      	movs	r2, r5
10004c8a:	0031      	movs	r1, r6
10004c8c:	47c0      	blx	r8
10004c8e:	6924      	ldr	r4, [r4, #16]
10004c90:	2c00      	cmp	r4, #0
10004c92:	d1f0      	bne.n	10004c76 <stdio_put_string+0x66>
10004c94:	9b01      	ldr	r3, [sp, #4]
10004c96:	2b00      	cmp	r3, #0
10004c98:	d128      	bne.n	10004cec <stdio_put_string+0xdc>
10004c9a:	0028      	movs	r0, r5
10004c9c:	b005      	add	sp, #20
10004c9e:	bcf0      	pop	{r4, r5, r6, r7}
10004ca0:	46bb      	mov	fp, r7
10004ca2:	46b2      	mov	sl, r6
10004ca4:	46a9      	mov	r9, r5
10004ca6:	46a0      	mov	r8, r4
10004ca8:	bdf0      	pop	{r4, r5, r6, r7, pc}
10004caa:	4b18      	ldr	r3, [pc, #96]	@ (10004d0c <stdio_put_string+0xfc>)
10004cac:	4698      	mov	r8, r3
10004cae:	e7d7      	b.n	10004c60 <stdio_put_string+0x50>
10004cb0:	4b15      	ldr	r3, [pc, #84]	@ (10004d08 <stdio_put_string+0xf8>)
10004cb2:	4699      	mov	r9, r3
10004cb4:	ab02      	add	r3, sp, #8
10004cb6:	1ddf      	adds	r7, r3, #7
10004cb8:	230a      	movs	r3, #10
10004cba:	469b      	mov	fp, r3
10004cbc:	e002      	b.n	10004cc4 <stdio_put_string+0xb4>
10004cbe:	6924      	ldr	r4, [r4, #16]
10004cc0:	2c00      	cmp	r4, #0
10004cc2:	d0e7      	beq.n	10004c94 <stdio_put_string+0x84>
10004cc4:	6823      	ldr	r3, [r4, #0]
10004cc6:	2b00      	cmp	r3, #0
10004cc8:	d0f9      	beq.n	10004cbe <stdio_put_string+0xae>
10004cca:	464b      	mov	r3, r9
10004ccc:	681b      	ldr	r3, [r3, #0]
10004cce:	2b00      	cmp	r3, #0
10004cd0:	d001      	beq.n	10004cd6 <stdio_put_string+0xc6>
10004cd2:	42a3      	cmp	r3, r4
10004cd4:	d1f3      	bne.n	10004cbe <stdio_put_string+0xae>
10004cd6:	002a      	movs	r2, r5
10004cd8:	0031      	movs	r1, r6
10004cda:	0020      	movs	r0, r4
10004cdc:	47c0      	blx	r8
10004cde:	465b      	mov	r3, fp
10004ce0:	2201      	movs	r2, #1
10004ce2:	0039      	movs	r1, r7
10004ce4:	0020      	movs	r0, r4
10004ce6:	703b      	strb	r3, [r7, #0]
10004ce8:	47c0      	blx	r8
10004cea:	e7e8      	b.n	10004cbe <stdio_put_string+0xae>
10004cec:	4650      	mov	r0, sl
10004cee:	f005 fcab 	bl	1000a648 <__mutex_exit_veneer>
10004cf2:	e7d2      	b.n	10004c9a <stdio_put_string+0x8a>
10004cf4:	000f4240 	.word	0x000f4240
10004cf8:	7fffffff 	.word	0x7fffffff
10004cfc:	20001054 	.word	0x20001054
10004d00:	10004b25 	.word	0x10004b25
10004d04:	20001860 	.word	0x20001860
10004d08:	20001868 	.word	0x20001868
10004d0c:	10004b15 	.word	0x10004b15

10004d10 <stdio_set_driver_enabled>:
10004d10:	4a0a      	ldr	r2, [pc, #40]	@ (10004d3c <stdio_set_driver_enabled+0x2c>)
10004d12:	6813      	ldr	r3, [r2, #0]
10004d14:	2b00      	cmp	r3, #0
10004d16:	d105      	bne.n	10004d24 <stdio_set_driver_enabled+0x14>
10004d18:	e00c      	b.n	10004d34 <stdio_set_driver_enabled+0x24>
10004d1a:	001a      	movs	r2, r3
10004d1c:	691b      	ldr	r3, [r3, #16]
10004d1e:	3210      	adds	r2, #16
10004d20:	2b00      	cmp	r3, #0
10004d22:	d007      	beq.n	10004d34 <stdio_set_driver_enabled+0x24>
10004d24:	4298      	cmp	r0, r3
10004d26:	d1f8      	bne.n	10004d1a <stdio_set_driver_enabled+0xa>
10004d28:	2900      	cmp	r1, #0
10004d2a:	d102      	bne.n	10004d32 <stdio_set_driver_enabled+0x22>
10004d2c:	6903      	ldr	r3, [r0, #16]
10004d2e:	6013      	str	r3, [r2, #0]
10004d30:	6101      	str	r1, [r0, #16]
10004d32:	4770      	bx	lr
10004d34:	2900      	cmp	r1, #0
10004d36:	d0fc      	beq.n	10004d32 <stdio_set_driver_enabled+0x22>
10004d38:	6010      	str	r0, [r2, #0]
10004d3a:	e7fa      	b.n	10004d32 <stdio_set_driver_enabled+0x22>
10004d3c:	20001860 	.word	0x20001860

10004d40 <stdio_init_all>:
10004d40:	b510      	push	{r4, lr}
10004d42:	f000 fa7d 	bl	10005240 <stdio_usb_init>
10004d46:	bd10      	pop	{r4, pc}

10004d48 <__wrap_putchar>:
10004d48:	b5f0      	push	{r4, r5, r6, r7, lr}
10004d4a:	46ce      	mov	lr, r9
10004d4c:	4647      	mov	r7, r8
10004d4e:	b580      	push	{r7, lr}
10004d50:	b083      	sub	sp, #12
10004d52:	466b      	mov	r3, sp
10004d54:	0006      	movs	r6, r0
10004d56:	1ddd      	adds	r5, r3, #7
10004d58:	7028      	strb	r0, [r5, #0]
10004d5a:	f7fd f87f 	bl	10001e5c <time_us_64>
10004d5e:	2300      	movs	r3, #0
10004d60:	4a1a      	ldr	r2, [pc, #104]	@ (10004dcc <__wrap_putchar+0x84>)
10004d62:	1812      	adds	r2, r2, r0
10004d64:	414b      	adcs	r3, r1
10004d66:	2180      	movs	r1, #128	@ 0x80
10004d68:	0609      	lsls	r1, r1, #24
10004d6a:	428b      	cmp	r3, r1
10004d6c:	d302      	bcc.n	10004d74 <__wrap_putchar+0x2c>
10004d6e:	2201      	movs	r2, #1
10004d70:	4b17      	ldr	r3, [pc, #92]	@ (10004dd0 <__wrap_putchar+0x88>)
10004d72:	4252      	negs	r2, r2
10004d74:	4917      	ldr	r1, [pc, #92]	@ (10004dd4 <__wrap_putchar+0x8c>)
10004d76:	0008      	movs	r0, r1
10004d78:	4688      	mov	r8, r1
10004d7a:	f005 fca5 	bl	1000a6c8 <__mutex_try_enter_block_until_veneer>
10004d7e:	4b16      	ldr	r3, [pc, #88]	@ (10004dd8 <__wrap_putchar+0x90>)
10004d80:	4681      	mov	r9, r0
10004d82:	681c      	ldr	r4, [r3, #0]
10004d84:	2c00      	cmp	r4, #0
10004d86:	d014      	beq.n	10004db2 <__wrap_putchar+0x6a>
10004d88:	4f14      	ldr	r7, [pc, #80]	@ (10004ddc <__wrap_putchar+0x94>)
10004d8a:	e002      	b.n	10004d92 <__wrap_putchar+0x4a>
10004d8c:	6924      	ldr	r4, [r4, #16]
10004d8e:	2c00      	cmp	r4, #0
10004d90:	d00f      	beq.n	10004db2 <__wrap_putchar+0x6a>
10004d92:	6823      	ldr	r3, [r4, #0]
10004d94:	2b00      	cmp	r3, #0
10004d96:	d0f9      	beq.n	10004d8c <__wrap_putchar+0x44>
10004d98:	683b      	ldr	r3, [r7, #0]
10004d9a:	2b00      	cmp	r3, #0
10004d9c:	d001      	beq.n	10004da2 <__wrap_putchar+0x5a>
10004d9e:	429c      	cmp	r4, r3
10004da0:	d1f4      	bne.n	10004d8c <__wrap_putchar+0x44>
10004da2:	0020      	movs	r0, r4
10004da4:	2201      	movs	r2, #1
10004da6:	0029      	movs	r1, r5
10004da8:	f7ff febc 	bl	10004b24 <stdio_out_chars_crlf>
10004dac:	6924      	ldr	r4, [r4, #16]
10004dae:	2c00      	cmp	r4, #0
10004db0:	d1ef      	bne.n	10004d92 <__wrap_putchar+0x4a>
10004db2:	464b      	mov	r3, r9
10004db4:	2b00      	cmp	r3, #0
10004db6:	d105      	bne.n	10004dc4 <__wrap_putchar+0x7c>
10004db8:	0030      	movs	r0, r6
10004dba:	b003      	add	sp, #12
10004dbc:	bcc0      	pop	{r6, r7}
10004dbe:	46b9      	mov	r9, r7
10004dc0:	46b0      	mov	r8, r6
10004dc2:	bdf0      	pop	{r4, r5, r6, r7, pc}
10004dc4:	4640      	mov	r0, r8
10004dc6:	f005 fc3f 	bl	1000a648 <__mutex_exit_veneer>
10004dca:	e7f5      	b.n	10004db8 <__wrap_putchar+0x70>
10004dcc:	000f4240 	.word	0x000f4240
10004dd0:	7fffffff 	.word	0x7fffffff
10004dd4:	20001054 	.word	0x20001054
10004dd8:	20001860 	.word	0x20001860
10004ddc:	20001868 	.word	0x20001868

10004de0 <__wrap_puts>:
10004de0:	b570      	push	{r4, r5, r6, lr}
10004de2:	0004      	movs	r4, r0
10004de4:	f005 fc00 	bl	1000a5e8 <strlen>
10004de8:	2301      	movs	r3, #1
10004dea:	0001      	movs	r1, r0
10004dec:	0005      	movs	r5, r0
10004dee:	2201      	movs	r2, #1
10004df0:	0020      	movs	r0, r4
10004df2:	f7ff ff0d 	bl	10004c10 <stdio_put_string>
10004df6:	4b08      	ldr	r3, [pc, #32]	@ (10004e18 <__wrap_puts+0x38>)
10004df8:	681c      	ldr	r4, [r3, #0]
10004dfa:	2c00      	cmp	r4, #0
10004dfc:	d006      	beq.n	10004e0c <__wrap_puts+0x2c>
10004dfe:	6863      	ldr	r3, [r4, #4]
10004e00:	2b00      	cmp	r3, #0
10004e02:	d005      	beq.n	10004e10 <__wrap_puts+0x30>
10004e04:	4798      	blx	r3
10004e06:	6924      	ldr	r4, [r4, #16]
10004e08:	2c00      	cmp	r4, #0
10004e0a:	d1f8      	bne.n	10004dfe <__wrap_puts+0x1e>
10004e0c:	0028      	movs	r0, r5
10004e0e:	bd70      	pop	{r4, r5, r6, pc}
10004e10:	6924      	ldr	r4, [r4, #16]
10004e12:	2c00      	cmp	r4, #0
10004e14:	d1f3      	bne.n	10004dfe <__wrap_puts+0x1e>
10004e16:	e7f9      	b.n	10004e0c <__wrap_puts+0x2c>
10004e18:	20001860 	.word	0x20001860

10004e1c <__wrap_vprintf>:
10004e1c:	b5f0      	push	{r4, r5, r6, r7, lr}
10004e1e:	46ce      	mov	lr, r9
10004e20:	4647      	mov	r7, r8
10004e22:	b580      	push	{r7, lr}
10004e24:	b0a3      	sub	sp, #140	@ 0x8c
10004e26:	0004      	movs	r4, r0
10004e28:	000d      	movs	r5, r1
10004e2a:	f7fd f817 	bl	10001e5c <time_us_64>
10004e2e:	2300      	movs	r3, #0
10004e30:	4a29      	ldr	r2, [pc, #164]	@ (10004ed8 <__wrap_vprintf+0xbc>)
10004e32:	1812      	adds	r2, r2, r0
10004e34:	414b      	adcs	r3, r1
10004e36:	2180      	movs	r1, #128	@ 0x80
10004e38:	0609      	lsls	r1, r1, #24
10004e3a:	428b      	cmp	r3, r1
10004e3c:	d302      	bcc.n	10004e44 <__wrap_vprintf+0x28>
10004e3e:	2201      	movs	r2, #1
10004e40:	4b26      	ldr	r3, [pc, #152]	@ (10004edc <__wrap_vprintf+0xc0>)
10004e42:	4252      	negs	r2, r2
10004e44:	4f26      	ldr	r7, [pc, #152]	@ (10004ee0 <__wrap_vprintf+0xc4>)
10004e46:	0038      	movs	r0, r7
10004e48:	f005 fc3e 	bl	1000a6c8 <__mutex_try_enter_block_until_veneer>
10004e4c:	2300      	movs	r3, #0
10004e4e:	0006      	movs	r6, r0
10004e50:	9301      	str	r3, [sp, #4]
10004e52:	0022      	movs	r2, r4
10004e54:	002b      	movs	r3, r5
10004e56:	4823      	ldr	r0, [pc, #140]	@ (10004ee4 <__wrap_vprintf+0xc8>)
10004e58:	a901      	add	r1, sp, #4
10004e5a:	f7ff fe15 	bl	10004a88 <vfctprintf>
10004e5e:	9b01      	ldr	r3, [sp, #4]
10004e60:	4680      	mov	r8, r0
10004e62:	2b00      	cmp	r3, #0
10004e64:	d114      	bne.n	10004e90 <__wrap_vprintf+0x74>
10004e66:	4b20      	ldr	r3, [pc, #128]	@ (10004ee8 <__wrap_vprintf+0xcc>)
10004e68:	681c      	ldr	r4, [r3, #0]
10004e6a:	2c00      	cmp	r4, #0
10004e6c:	d006      	beq.n	10004e7c <__wrap_vprintf+0x60>
10004e6e:	6863      	ldr	r3, [r4, #4]
10004e70:	2b00      	cmp	r3, #0
10004e72:	d00b      	beq.n	10004e8c <__wrap_vprintf+0x70>
10004e74:	4798      	blx	r3
10004e76:	6924      	ldr	r4, [r4, #16]
10004e78:	2c00      	cmp	r4, #0
10004e7a:	d1f8      	bne.n	10004e6e <__wrap_vprintf+0x52>
10004e7c:	2e00      	cmp	r6, #0
10004e7e:	d125      	bne.n	10004ecc <__wrap_vprintf+0xb0>
10004e80:	4640      	mov	r0, r8
10004e82:	b023      	add	sp, #140	@ 0x8c
10004e84:	bcc0      	pop	{r6, r7}
10004e86:	46b9      	mov	r9, r7
10004e88:	46b0      	mov	r8, r6
10004e8a:	bdf0      	pop	{r4, r5, r6, r7, pc}
10004e8c:	6924      	ldr	r4, [r4, #16]
10004e8e:	e7ec      	b.n	10004e6a <__wrap_vprintf+0x4e>
10004e90:	4b15      	ldr	r3, [pc, #84]	@ (10004ee8 <__wrap_vprintf+0xcc>)
10004e92:	681d      	ldr	r5, [r3, #0]
10004e94:	4699      	mov	r9, r3
10004e96:	2d00      	cmp	r5, #0
10004e98:	d01c      	beq.n	10004ed4 <__wrap_vprintf+0xb8>
10004e9a:	4c14      	ldr	r4, [pc, #80]	@ (10004eec <__wrap_vprintf+0xd0>)
10004e9c:	e002      	b.n	10004ea4 <__wrap_vprintf+0x88>
10004e9e:	692d      	ldr	r5, [r5, #16]
10004ea0:	2d00      	cmp	r5, #0
10004ea2:	d00f      	beq.n	10004ec4 <__wrap_vprintf+0xa8>
10004ea4:	682b      	ldr	r3, [r5, #0]
10004ea6:	2b00      	cmp	r3, #0
10004ea8:	d0f9      	beq.n	10004e9e <__wrap_vprintf+0x82>
10004eaa:	6823      	ldr	r3, [r4, #0]
10004eac:	2b00      	cmp	r3, #0
10004eae:	d001      	beq.n	10004eb4 <__wrap_vprintf+0x98>
10004eb0:	42ab      	cmp	r3, r5
10004eb2:	d1f4      	bne.n	10004e9e <__wrap_vprintf+0x82>
10004eb4:	0028      	movs	r0, r5
10004eb6:	9a01      	ldr	r2, [sp, #4]
10004eb8:	a902      	add	r1, sp, #8
10004eba:	f7ff fe33 	bl	10004b24 <stdio_out_chars_crlf>
10004ebe:	692d      	ldr	r5, [r5, #16]
10004ec0:	2d00      	cmp	r5, #0
10004ec2:	d1ef      	bne.n	10004ea4 <__wrap_vprintf+0x88>
10004ec4:	464b      	mov	r3, r9
10004ec6:	9501      	str	r5, [sp, #4]
10004ec8:	681c      	ldr	r4, [r3, #0]
10004eca:	e7ce      	b.n	10004e6a <__wrap_vprintf+0x4e>
10004ecc:	0038      	movs	r0, r7
10004ece:	f005 fbbb 	bl	1000a648 <__mutex_exit_veneer>
10004ed2:	e7d5      	b.n	10004e80 <__wrap_vprintf+0x64>
10004ed4:	9501      	str	r5, [sp, #4]
10004ed6:	e7d1      	b.n	10004e7c <__wrap_vprintf+0x60>
10004ed8:	000f4240 	.word	0x000f4240
10004edc:	7fffffff 	.word	0x7fffffff
10004ee0:	20001054 	.word	0x20001054
10004ee4:	10004bb9 	.word	0x10004bb9
10004ee8:	20001860 	.word	0x20001860
10004eec:	20001868 	.word	0x20001868

10004ef0 <__wrap_printf>:
10004ef0:	b40f      	push	{r0, r1, r2, r3}
10004ef2:	b500      	push	{lr}
10004ef4:	b083      	sub	sp, #12
10004ef6:	a904      	add	r1, sp, #16
10004ef8:	c901      	ldmia	r1!, {r0}
10004efa:	9101      	str	r1, [sp, #4]
10004efc:	f7ff ff8e 	bl	10004e1c <__wrap_vprintf>
10004f00:	b003      	add	sp, #12
10004f02:	bc08      	pop	{r3}
10004f04:	b004      	add	sp, #16
10004f06:	4718      	bx	r3

10004f08 <stdio_usb_set_chars_available_callback>:
10004f08:	4b02      	ldr	r3, [pc, #8]	@ (10004f14 <stdio_usb_set_chars_available_callback+0xc>)
10004f0a:	6018      	str	r0, [r3, #0]
10004f0c:	4b02      	ldr	r3, [pc, #8]	@ (10004f18 <stdio_usb_set_chars_available_callback+0x10>)
10004f0e:	6019      	str	r1, [r3, #0]
10004f10:	4770      	bx	lr
10004f12:	46c0      	nop			@ (mov r8, r8)
10004f14:	200017fc 	.word	0x200017fc
10004f18:	20001800 	.word	0x20001800

10004f1c <usb_irq>:
10004f1c:	b510      	push	{r4, lr}
10004f1e:	4b02      	ldr	r3, [pc, #8]	@ (10004f28 <usb_irq+0xc>)
10004f20:	7818      	ldrb	r0, [r3, #0]
10004f22:	f7fc f945 	bl	100011b0 <irq_set_pending>
10004f26:	bd10      	pop	{r4, pc}
10004f28:	2002207e 	.word	0x2002207e

10004f2c <timer_task>:
10004f2c:	4b15      	ldr	r3, [pc, #84]	@ (10004f84 <timer_task+0x58>)
10004f2e:	b570      	push	{r4, r5, r6, lr}
10004f30:	681a      	ldr	r2, [r3, #0]
10004f32:	2a00      	cmp	r2, #0
10004f34:	d022      	beq.n	10004f7c <timer_task+0x50>
10004f36:	f3ef 8110 	mrs	r1, PRIMASK
10004f3a:	b672      	cpsid	i
10004f3c:	6810      	ldr	r0, [r2, #0]
10004f3e:	2800      	cmp	r0, #0
10004f40:	d0fc      	beq.n	10004f3c <timer_task+0x10>
10004f42:	f3bf 8f5f 	dmb	sy
10004f46:	2000      	movs	r0, #0
10004f48:	4a0f      	ldr	r2, [pc, #60]	@ (10004f88 <timer_task+0x5c>)
10004f4a:	6059      	str	r1, [r3, #4]
10004f4c:	7010      	strb	r0, [r2, #0]
10004f4e:	681b      	ldr	r3, [r3, #0]
10004f50:	f3bf 8f5f 	dmb	sy
10004f54:	6018      	str	r0, [r3, #0]
10004f56:	f381 8810 	msr	PRIMASK, r1
10004f5a:	2400      	movs	r4, #0
10004f5c:	2500      	movs	r5, #0
10004f5e:	4e0b      	ldr	r6, [pc, #44]	@ (10004f8c <timer_task+0x60>)
10004f60:	7830      	ldrb	r0, [r6, #0]
10004f62:	f7fc f919 	bl	10001198 <irq_is_enabled>
10004f66:	2800      	cmp	r0, #0
10004f68:	d104      	bne.n	10004f74 <timer_task+0x48>
10004f6a:	2400      	movs	r4, #0
10004f6c:	2500      	movs	r5, #0
10004f6e:	0029      	movs	r1, r5
10004f70:	0020      	movs	r0, r4
10004f72:	bd70      	pop	{r4, r5, r6, pc}
10004f74:	7830      	ldrb	r0, [r6, #0]
10004f76:	f7fc f91b 	bl	100011b0 <irq_set_pending>
10004f7a:	e7f8      	b.n	10004f6e <timer_task+0x42>
10004f7c:	24fa      	movs	r4, #250	@ 0xfa
10004f7e:	2500      	movs	r5, #0
10004f80:	00a4      	lsls	r4, r4, #2
10004f82:	e7ec      	b.n	10004f5e <timer_task+0x32>
10004f84:	20001c8c 	.word	0x20001c8c
10004f88:	2002207f 	.word	0x2002207f
10004f8c:	2002207e 	.word	0x2002207e

10004f90 <stdio_usb_in_chars>:
10004f90:	b570      	push	{r4, r5, r6, lr}
10004f92:	0004      	movs	r4, r0
10004f94:	2000      	movs	r0, #0
10004f96:	000e      	movs	r6, r1
10004f98:	f001 fb78 	bl	1000668c <tud_cdc_n_connected>
10004f9c:	2800      	cmp	r0, #0
10004f9e:	d036      	beq.n	1000500e <stdio_usb_in_chars+0x7e>
10004fa0:	2000      	movs	r0, #0
10004fa2:	f001 fb89 	bl	100066b8 <tud_cdc_n_available>
10004fa6:	2800      	cmp	r0, #0
10004fa8:	d031      	beq.n	1000500e <stdio_usb_in_chars+0x7e>
10004faa:	f7fc ff57 	bl	10001e5c <time_us_64>
10004fae:	2300      	movs	r3, #0
10004fb0:	4a18      	ldr	r2, [pc, #96]	@ (10005014 <stdio_usb_in_chars+0x84>)
10004fb2:	1812      	adds	r2, r2, r0
10004fb4:	414b      	adcs	r3, r1
10004fb6:	2180      	movs	r1, #128	@ 0x80
10004fb8:	0609      	lsls	r1, r1, #24
10004fba:	428b      	cmp	r3, r1
10004fbc:	d216      	bcs.n	10004fec <stdio_usb_in_chars+0x5c>
10004fbe:	4d16      	ldr	r5, [pc, #88]	@ (10005018 <stdio_usb_in_chars+0x88>)
10004fc0:	0028      	movs	r0, r5
10004fc2:	f005 fb81 	bl	1000a6c8 <__mutex_try_enter_block_until_veneer>
10004fc6:	2800      	cmp	r0, #0
10004fc8:	d021      	beq.n	1000500e <stdio_usb_in_chars+0x7e>
10004fca:	2000      	movs	r0, #0
10004fcc:	f001 fb5e 	bl	1000668c <tud_cdc_n_connected>
10004fd0:	2800      	cmp	r0, #0
10004fd2:	d10f      	bne.n	10004ff4 <stdio_usb_in_chars+0x64>
10004fd4:	2001      	movs	r0, #1
10004fd6:	2100      	movs	r1, #0
10004fd8:	4240      	negs	r0, r0
10004fda:	f000 fd7f 	bl	10005adc <tud_task_ext>
10004fde:	2403      	movs	r4, #3
10004fe0:	4264      	negs	r4, r4
10004fe2:	0028      	movs	r0, r5
10004fe4:	f005 fb30 	bl	1000a648 <__mutex_exit_veneer>
10004fe8:	0020      	movs	r0, r4
10004fea:	bd70      	pop	{r4, r5, r6, pc}
10004fec:	2201      	movs	r2, #1
10004fee:	4b0b      	ldr	r3, [pc, #44]	@ (1000501c <stdio_usb_in_chars+0x8c>)
10004ff0:	4252      	negs	r2, r2
10004ff2:	e7e4      	b.n	10004fbe <stdio_usb_in_chars+0x2e>
10004ff4:	2000      	movs	r0, #0
10004ff6:	f001 fb5f 	bl	100066b8 <tud_cdc_n_available>
10004ffa:	2800      	cmp	r0, #0
10004ffc:	d0ea      	beq.n	10004fd4 <stdio_usb_in_chars+0x44>
10004ffe:	0021      	movs	r1, r4
10005000:	0032      	movs	r2, r6
10005002:	2000      	movs	r0, #0
10005004:	f001 fb62 	bl	100066cc <tud_cdc_n_read>
10005008:	1e04      	subs	r4, r0, #0
1000500a:	d1ea      	bne.n	10004fe2 <stdio_usb_in_chars+0x52>
1000500c:	e7e7      	b.n	10004fde <stdio_usb_in_chars+0x4e>
1000500e:	2403      	movs	r4, #3
10005010:	4264      	negs	r4, r4
10005012:	e7e9      	b.n	10004fe8 <stdio_usb_in_chars+0x58>
10005014:	000f4240 	.word	0x000f4240
10005018:	20001f58 	.word	0x20001f58
1000501c:	7fffffff 	.word	0x7fffffff

10005020 <stdio_usb_out_flush>:
10005020:	b510      	push	{r4, lr}
10005022:	f7fc ff1b 	bl	10001e5c <time_us_64>
10005026:	2300      	movs	r3, #0
10005028:	4a0e      	ldr	r2, [pc, #56]	@ (10005064 <stdio_usb_out_flush+0x44>)
1000502a:	1812      	adds	r2, r2, r0
1000502c:	414b      	adcs	r3, r1
1000502e:	2180      	movs	r1, #128	@ 0x80
10005030:	0609      	lsls	r1, r1, #24
10005032:	428b      	cmp	r3, r1
10005034:	d302      	bcc.n	1000503c <stdio_usb_out_flush+0x1c>
10005036:	2201      	movs	r2, #1
10005038:	4b0b      	ldr	r3, [pc, #44]	@ (10005068 <stdio_usb_out_flush+0x48>)
1000503a:	4252      	negs	r2, r2
1000503c:	4c0b      	ldr	r4, [pc, #44]	@ (1000506c <stdio_usb_out_flush+0x4c>)
1000503e:	0020      	movs	r0, r4
10005040:	f005 fb42 	bl	1000a6c8 <__mutex_try_enter_block_until_veneer>
10005044:	2800      	cmp	r0, #0
10005046:	d00c      	beq.n	10005062 <stdio_usb_out_flush+0x42>
10005048:	2001      	movs	r0, #1
1000504a:	2100      	movs	r1, #0
1000504c:	4240      	negs	r0, r0
1000504e:	f000 fd45 	bl	10005adc <tud_task_ext>
10005052:	2000      	movs	r0, #0
10005054:	f001 fb84 	bl	10006760 <tud_cdc_n_write_flush>
10005058:	2800      	cmp	r0, #0
1000505a:	d1f5      	bne.n	10005048 <stdio_usb_out_flush+0x28>
1000505c:	0020      	movs	r0, r4
1000505e:	f005 faf3 	bl	1000a648 <__mutex_exit_veneer>
10005062:	bd10      	pop	{r4, pc}
10005064:	000f4240 	.word	0x000f4240
10005068:	7fffffff 	.word	0x7fffffff
1000506c:	20001f58 	.word	0x20001f58

10005070 <stdio_usb_out_chars>:
10005070:	b5f8      	push	{r3, r4, r5, r6, r7, lr}
10005072:	46de      	mov	lr, fp
10005074:	4657      	mov	r7, sl
10005076:	b580      	push	{r7, lr}
10005078:	0005      	movs	r5, r0
1000507a:	000c      	movs	r4, r1
1000507c:	f7fc feee 	bl	10001e5c <time_us_64>
10005080:	2300      	movs	r3, #0
10005082:	4a37      	ldr	r2, [pc, #220]	@ (10005160 <stdio_usb_out_chars+0xf0>)
10005084:	1812      	adds	r2, r2, r0
10005086:	414b      	adcs	r3, r1
10005088:	2180      	movs	r1, #128	@ 0x80
1000508a:	0609      	lsls	r1, r1, #24
1000508c:	428b      	cmp	r3, r1
1000508e:	d302      	bcc.n	10005096 <stdio_usb_out_chars+0x26>
10005090:	2201      	movs	r2, #1
10005092:	4b34      	ldr	r3, [pc, #208]	@ (10005164 <stdio_usb_out_chars+0xf4>)
10005094:	4252      	negs	r2, r2
10005096:	4934      	ldr	r1, [pc, #208]	@ (10005168 <stdio_usb_out_chars+0xf8>)
10005098:	0008      	movs	r0, r1
1000509a:	468a      	mov	sl, r1
1000509c:	f005 fb14 	bl	1000a6c8 <__mutex_try_enter_block_until_veneer>
100050a0:	2800      	cmp	r0, #0
100050a2:	d103      	bne.n	100050ac <stdio_usb_out_chars+0x3c>
100050a4:	bcc0      	pop	{r6, r7}
100050a6:	46bb      	mov	fp, r7
100050a8:	46b2      	mov	sl, r6
100050aa:	bdf8      	pop	{r3, r4, r5, r6, r7, pc}
100050ac:	2000      	movs	r0, #0
100050ae:	f001 faed 	bl	1000668c <tud_cdc_n_connected>
100050b2:	2800      	cmp	r0, #0
100050b4:	d04a      	beq.n	1000514c <stdio_usb_out_chars+0xdc>
100050b6:	2600      	movs	r6, #0
100050b8:	2c00      	cmp	r4, #0
100050ba:	dd43      	ble.n	10005144 <stdio_usb_out_chars+0xd4>
100050bc:	4b2b      	ldr	r3, [pc, #172]	@ (1000516c <stdio_usb_out_chars+0xfc>)
100050be:	469b      	mov	fp, r3
100050c0:	e014      	b.n	100050ec <stdio_usb_out_chars+0x7c>
100050c2:	19a9      	adds	r1, r5, r6
100050c4:	2000      	movs	r0, #0
100050c6:	f001 fb85 	bl	100067d4 <tud_cdc_n_write>
100050ca:	0007      	movs	r7, r0
100050cc:	2001      	movs	r0, #1
100050ce:	2100      	movs	r1, #0
100050d0:	4240      	negs	r0, r0
100050d2:	f000 fd03 	bl	10005adc <tud_task_ext>
100050d6:	2000      	movs	r0, #0
100050d8:	f001 fb42 	bl	10006760 <tud_cdc_n_write_flush>
100050dc:	f7fc febe 	bl	10001e5c <time_us_64>
100050e0:	4b22      	ldr	r3, [pc, #136]	@ (1000516c <stdio_usb_out_chars+0xfc>)
100050e2:	19f6      	adds	r6, r6, r7
100050e4:	6018      	str	r0, [r3, #0]
100050e6:	6059      	str	r1, [r3, #4]
100050e8:	42b4      	cmp	r4, r6
100050ea:	dd2b      	ble.n	10005144 <stdio_usb_out_chars+0xd4>
100050ec:	2000      	movs	r0, #0
100050ee:	f001 fb91 	bl	10006814 <tud_cdc_n_write_available>
100050f2:	1ba7      	subs	r7, r4, r6
100050f4:	0002      	movs	r2, r0
100050f6:	42b8      	cmp	r0, r7
100050f8:	dd00      	ble.n	100050fc <stdio_usb_out_chars+0x8c>
100050fa:	003a      	movs	r2, r7
100050fc:	2a00      	cmp	r2, #0
100050fe:	d1e0      	bne.n	100050c2 <stdio_usb_out_chars+0x52>
10005100:	2001      	movs	r0, #1
10005102:	2100      	movs	r1, #0
10005104:	4240      	negs	r0, r0
10005106:	f000 fce9 	bl	10005adc <tud_task_ext>
1000510a:	2000      	movs	r0, #0
1000510c:	f001 fb28 	bl	10006760 <tud_cdc_n_write_flush>
10005110:	2000      	movs	r0, #0
10005112:	f001 fabb 	bl	1000668c <tud_cdc_n_connected>
10005116:	2800      	cmp	r0, #0
10005118:	d014      	beq.n	10005144 <stdio_usb_out_chars+0xd4>
1000511a:	2000      	movs	r0, #0
1000511c:	f001 fb7a 	bl	10006814 <tud_cdc_n_write_available>
10005120:	2800      	cmp	r0, #0
10005122:	d1e1      	bne.n	100050e8 <stdio_usb_out_chars+0x78>
10005124:	f7fc fe9a 	bl	10001e5c <time_us_64>
10005128:	465b      	mov	r3, fp
1000512a:	000f      	movs	r7, r1
1000512c:	681a      	ldr	r2, [r3, #0]
1000512e:	685b      	ldr	r3, [r3, #4]
10005130:	2100      	movs	r1, #0
10005132:	4684      	mov	ip, r0
10005134:	480e      	ldr	r0, [pc, #56]	@ (10005170 <stdio_usb_out_chars+0x100>)
10005136:	1812      	adds	r2, r2, r0
10005138:	414b      	adcs	r3, r1
1000513a:	429f      	cmp	r7, r3
1000513c:	d802      	bhi.n	10005144 <stdio_usb_out_chars+0xd4>
1000513e:	d1d3      	bne.n	100050e8 <stdio_usb_out_chars+0x78>
10005140:	4594      	cmp	ip, r2
10005142:	d9d1      	bls.n	100050e8 <stdio_usb_out_chars+0x78>
10005144:	4650      	mov	r0, sl
10005146:	f005 fa7f 	bl	1000a648 <__mutex_exit_veneer>
1000514a:	e7ab      	b.n	100050a4 <stdio_usb_out_chars+0x34>
1000514c:	2000      	movs	r0, #0
1000514e:	2100      	movs	r1, #0
10005150:	4b06      	ldr	r3, [pc, #24]	@ (1000516c <stdio_usb_out_chars+0xfc>)
10005152:	6018      	str	r0, [r3, #0]
10005154:	6059      	str	r1, [r3, #4]
10005156:	4650      	mov	r0, sl
10005158:	f005 fa76 	bl	1000a648 <__mutex_exit_veneer>
1000515c:	e7a2      	b.n	100050a4 <stdio_usb_out_chars+0x34>
1000515e:	46c0      	nop			@ (mov r8, r8)
10005160:	000f4240 	.word	0x000f4240
10005164:	7fffffff 	.word	0x7fffffff
10005168:	20001f58 	.word	0x20001f58
1000516c:	200011e0 	.word	0x200011e0
10005170:	0007a120 	.word	0x0007a120

10005174 <low_priority_worker_irq>:
10005174:	b530      	push	{r4, r5, lr}
10005176:	4c2b      	ldr	r4, [pc, #172]	@ (10005224 <low_priority_worker_irq+0xb0>)
10005178:	b085      	sub	sp, #20
1000517a:	2100      	movs	r1, #0
1000517c:	0020      	movs	r0, r4
1000517e:	f005 fa93 	bl	1000a6a8 <__mutex_try_enter_veneer>
10005182:	2800      	cmp	r0, #0
10005184:	d11c      	bne.n	100051c0 <low_priority_worker_irq+0x4c>
10005186:	4b28      	ldr	r3, [pc, #160]	@ (10005228 <low_priority_worker_irq+0xb4>)
10005188:	681a      	ldr	r2, [r3, #0]
1000518a:	2a00      	cmp	r2, #0
1000518c:	d016      	beq.n	100051bc <low_priority_worker_irq+0x48>
1000518e:	f3ef 8110 	mrs	r1, PRIMASK
10005192:	b672      	cpsid	i
10005194:	6810      	ldr	r0, [r2, #0]
10005196:	2800      	cmp	r0, #0
10005198:	d0fc      	beq.n	10005194 <low_priority_worker_irq+0x20>
1000519a:	f3bf 8f5f 	dmb	sy
1000519e:	2401      	movs	r4, #1
100051a0:	4822      	ldr	r0, [pc, #136]	@ (1000522c <low_priority_worker_irq+0xb8>)
100051a2:	6059      	str	r1, [r3, #4]
100051a4:	7802      	ldrb	r2, [r0, #0]
100051a6:	681b      	ldr	r3, [r3, #0]
100051a8:	b2d2      	uxtb	r2, r2
100051aa:	7004      	strb	r4, [r0, #0]
100051ac:	f3bf 8f5f 	dmb	sy
100051b0:	2000      	movs	r0, #0
100051b2:	6018      	str	r0, [r3, #0]
100051b4:	f381 8810 	msr	PRIMASK, r1
100051b8:	2a00      	cmp	r2, #0
100051ba:	d017      	beq.n	100051ec <low_priority_worker_irq+0x78>
100051bc:	b005      	add	sp, #20
100051be:	bd30      	pop	{r4, r5, pc}
100051c0:	2001      	movs	r0, #1
100051c2:	2100      	movs	r1, #0
100051c4:	4240      	negs	r0, r0
100051c6:	f000 fc89 	bl	10005adc <tud_task_ext>
100051ca:	2000      	movs	r0, #0
100051cc:	f001 fa74 	bl	100066b8 <tud_cdc_n_available>
100051d0:	0005      	movs	r5, r0
100051d2:	0020      	movs	r0, r4
100051d4:	f005 fa38 	bl	1000a648 <__mutex_exit_veneer>
100051d8:	2d00      	cmp	r5, #0
100051da:	d0ef      	beq.n	100051bc <low_priority_worker_irq+0x48>
100051dc:	4b14      	ldr	r3, [pc, #80]	@ (10005230 <low_priority_worker_irq+0xbc>)
100051de:	681b      	ldr	r3, [r3, #0]
100051e0:	2b00      	cmp	r3, #0
100051e2:	d0eb      	beq.n	100051bc <low_priority_worker_irq+0x48>
100051e4:	4a13      	ldr	r2, [pc, #76]	@ (10005234 <low_priority_worker_irq+0xc0>)
100051e6:	6810      	ldr	r0, [r2, #0]
100051e8:	4798      	blx	r3
100051ea:	e7e7      	b.n	100051bc <low_priority_worker_irq+0x48>
100051ec:	f7fc fbfa 	bl	100019e4 <alarm_pool_get_default>
100051f0:	0004      	movs	r4, r0
100051f2:	f7fc fe33 	bl	10001e5c <time_us_64>
100051f6:	22fa      	movs	r2, #250	@ 0xfa
100051f8:	2300      	movs	r3, #0
100051fa:	0092      	lsls	r2, r2, #2
100051fc:	1812      	adds	r2, r2, r0
100051fe:	414b      	adcs	r3, r1
10005200:	2180      	movs	r1, #128	@ 0x80
10005202:	0609      	lsls	r1, r1, #24
10005204:	428b      	cmp	r3, r1
10005206:	d302      	bcc.n	1000520e <low_priority_worker_irq+0x9a>
10005208:	2201      	movs	r2, #1
1000520a:	4b0b      	ldr	r3, [pc, #44]	@ (10005238 <low_priority_worker_irq+0xc4>)
1000520c:	4252      	negs	r2, r2
1000520e:	2101      	movs	r1, #1
10005210:	9102      	str	r1, [sp, #8]
10005212:	2100      	movs	r1, #0
10005214:	9101      	str	r1, [sp, #4]
10005216:	4909      	ldr	r1, [pc, #36]	@ (1000523c <low_priority_worker_irq+0xc8>)
10005218:	0020      	movs	r0, r4
1000521a:	9100      	str	r1, [sp, #0]
1000521c:	f7fc fbe6 	bl	100019ec <alarm_pool_add_alarm_at>
10005220:	e7cc      	b.n	100051bc <low_priority_worker_irq+0x48>
10005222:	46c0      	nop			@ (mov r8, r8)
10005224:	20001f58 	.word	0x20001f58
10005228:	20001c8c 	.word	0x20001c8c
1000522c:	2002207f 	.word	0x2002207f
10005230:	200017fc 	.word	0x200017fc
10005234:	20001800 	.word	0x20001800
10005238:	7fffffff 	.word	0x7fffffff
1000523c:	10004f2d 	.word	0x10004f2d

10005240 <stdio_usb_init>:
10005240:	23d0      	movs	r3, #208	@ 0xd0
10005242:	b510      	push	{r4, lr}
10005244:	061b      	lsls	r3, r3, #24
10005246:	b084      	sub	sp, #16
10005248:	681c      	ldr	r4, [r3, #0]
1000524a:	f7fc fbcb 	bl	100019e4 <alarm_pool_get_default>
1000524e:	f7fc fcc9 	bl	10001be4 <alarm_pool_core_num>
10005252:	42a0      	cmp	r0, r4
10005254:	d002      	beq.n	1000525c <stdio_usb_init+0x1c>
10005256:	2000      	movs	r0, #0
10005258:	b004      	add	sp, #16
1000525a:	bd10      	pop	{r4, pc}
1000525c:	4b2a      	ldr	r3, [pc, #168]	@ (10005308 <stdio_usb_init+0xc8>)
1000525e:	2100      	movs	r1, #0
10005260:	2000      	movs	r0, #0
10005262:	781b      	ldrb	r3, [r3, #0]
10005264:	f001 fca0 	bl	10006ba8 <tusb_rhport_init>
10005268:	4828      	ldr	r0, [pc, #160]	@ (1000530c <stdio_usb_init+0xcc>)
1000526a:	6803      	ldr	r3, [r0, #0]
1000526c:	2b00      	cmp	r3, #0
1000526e:	d047      	beq.n	10005300 <stdio_usb_init+0xc0>
10005270:	2001      	movs	r0, #1
10005272:	f7fc f947 	bl	10001504 <user_irq_claim_unused>
10005276:	23ff      	movs	r3, #255	@ 0xff
10005278:	4c25      	ldr	r4, [pc, #148]	@ (10005310 <stdio_usb_init+0xd0>)
1000527a:	4926      	ldr	r1, [pc, #152]	@ (10005314 <stdio_usb_init+0xd4>)
1000527c:	7020      	strb	r0, [r4, #0]
1000527e:	4018      	ands	r0, r3
10005280:	f7fb ffb0 	bl	100011e4 <irq_set_exclusive_handler>
10005284:	7820      	ldrb	r0, [r4, #0]
10005286:	2101      	movs	r1, #1
10005288:	f7fb ff74 	bl	10001174 <irq_set_enabled>
1000528c:	2005      	movs	r0, #5
1000528e:	f7fb ff97 	bl	100011c0 <irq_has_shared_handler>
10005292:	2800      	cmp	r0, #0
10005294:	d126      	bne.n	100052e4 <stdio_usb_init+0xa4>
10005296:	2208      	movs	r2, #8
10005298:	2100      	movs	r1, #0
1000529a:	481f      	ldr	r0, [pc, #124]	@ (10005318 <stdio_usb_init+0xd8>)
1000529c:	f7fe f84a 	bl	10003334 <__wrap_memset>
100052a0:	f7fc fba0 	bl	100019e4 <alarm_pool_get_default>
100052a4:	0004      	movs	r4, r0
100052a6:	f7fc fdd9 	bl	10001e5c <time_us_64>
100052aa:	22fa      	movs	r2, #250	@ 0xfa
100052ac:	2300      	movs	r3, #0
100052ae:	0092      	lsls	r2, r2, #2
100052b0:	1812      	adds	r2, r2, r0
100052b2:	414b      	adcs	r3, r1
100052b4:	2180      	movs	r1, #128	@ 0x80
100052b6:	0609      	lsls	r1, r1, #24
100052b8:	428b      	cmp	r3, r1
100052ba:	d302      	bcc.n	100052c2 <stdio_usb_init+0x82>
100052bc:	2201      	movs	r2, #1
100052be:	4b17      	ldr	r3, [pc, #92]	@ (1000531c <stdio_usb_init+0xdc>)
100052c0:	4252      	negs	r2, r2
100052c2:	2101      	movs	r1, #1
100052c4:	9102      	str	r1, [sp, #8]
100052c6:	2100      	movs	r1, #0
100052c8:	9101      	str	r1, [sp, #4]
100052ca:	4915      	ldr	r1, [pc, #84]	@ (10005320 <stdio_usb_init+0xe0>)
100052cc:	0020      	movs	r0, r4
100052ce:	9100      	str	r1, [sp, #0]
100052d0:	f7fc fb8c 	bl	100019ec <alarm_pool_add_alarm_at>
100052d4:	2800      	cmp	r0, #0
100052d6:	dbbe      	blt.n	10005256 <stdio_usb_init+0x16>
100052d8:	4812      	ldr	r0, [pc, #72]	@ (10005324 <stdio_usb_init+0xe4>)
100052da:	2101      	movs	r1, #1
100052dc:	f7ff fd18 	bl	10004d10 <stdio_set_driver_enabled>
100052e0:	2001      	movs	r0, #1
100052e2:	e7b9      	b.n	10005258 <stdio_usb_init+0x18>
100052e4:	2001      	movs	r0, #1
100052e6:	f7fb ff13 	bl	10001110 <spin_lock_claim_unused>
100052ea:	4b0b      	ldr	r3, [pc, #44]	@ (10005318 <stdio_usb_init+0xd8>)
100052ec:	0001      	movs	r1, r0
100052ee:	0018      	movs	r0, r3
100052f0:	f7fc f96a 	bl	100015c8 <critical_section_init_with_lock_num>
100052f4:	2200      	movs	r2, #0
100052f6:	2005      	movs	r0, #5
100052f8:	490b      	ldr	r1, [pc, #44]	@ (10005328 <stdio_usb_init+0xe8>)
100052fa:	f7fb ff9d 	bl	10001238 <irq_add_shared_handler>
100052fe:	e7eb      	b.n	100052d8 <stdio_usb_init+0x98>
10005300:	f7fc f946 	bl	10001590 <mutex_init>
10005304:	e7b4      	b.n	10005270 <stdio_usb_init+0x30>
10005306:	46c0      	nop			@ (mov r8, r8)
10005308:	1000b024 	.word	0x1000b024
1000530c:	20001f58 	.word	0x20001f58
10005310:	2002207e 	.word	0x2002207e
10005314:	10005175 	.word	0x10005175
10005318:	20001c8c 	.word	0x20001c8c
1000531c:	7fffffff 	.word	0x7fffffff
10005320:	10004f2d 	.word	0x10004f2d
10005324:	20001000 	.word	0x20001000
10005328:	10004f1d 	.word	0x10004f1d

1000532c <tud_descriptor_device_cb>:
1000532c:	4800      	ldr	r0, [pc, #0]	@ (10005330 <tud_descriptor_device_cb+0x4>)
1000532e:	4770      	bx	lr
10005330:	1000ae14 	.word	0x1000ae14

10005334 <tud_descriptor_configuration_cb>:
10005334:	4800      	ldr	r0, [pc, #0]	@ (10005338 <tud_descriptor_configuration_cb+0x4>)
10005336:	4770      	bx	lr
10005338:	1000adc0 	.word	0x1000adc0

1000533c <tud_descriptor_string_cb>:
1000533c:	b510      	push	{r4, lr}
1000533e:	0004      	movs	r4, r0
10005340:	4817      	ldr	r0, [pc, #92]	@ (100053a0 <tud_descriptor_string_cb+0x64>)
10005342:	7803      	ldrb	r3, [r0, #0]
10005344:	2b00      	cmp	r3, #0
10005346:	d020      	beq.n	1000538a <tud_descriptor_string_cb+0x4e>
10005348:	2c00      	cmp	r4, #0
1000534a:	d106      	bne.n	1000535a <tud_descriptor_string_cb+0x1e>
1000534c:	4b15      	ldr	r3, [pc, #84]	@ (100053a4 <tud_descriptor_string_cb+0x68>)
1000534e:	4816      	ldr	r0, [pc, #88]	@ (100053a8 <tud_descriptor_string_cb+0x6c>)
10005350:	8043      	strh	r3, [r0, #2]
10005352:	3b06      	subs	r3, #6
10005354:	3bff      	subs	r3, #255	@ 0xff
10005356:	8003      	strh	r3, [r0, #0]
10005358:	bd10      	pop	{r4, pc}
1000535a:	2c05      	cmp	r4, #5
1000535c:	d819      	bhi.n	10005392 <tud_descriptor_string_cb+0x56>
1000535e:	4b13      	ldr	r3, [pc, #76]	@ (100053ac <tud_descriptor_string_cb+0x70>)
10005360:	00a4      	lsls	r4, r4, #2
10005362:	58e0      	ldr	r0, [r4, r3]
10005364:	4912      	ldr	r1, [pc, #72]	@ (100053b0 <tud_descriptor_string_cb+0x74>)
10005366:	2301      	movs	r3, #1
10005368:	3801      	subs	r0, #1
1000536a:	e004      	b.n	10005376 <tud_descriptor_string_cb+0x3a>
1000536c:	3301      	adds	r3, #1
1000536e:	800a      	strh	r2, [r1, #0]
10005370:	3102      	adds	r1, #2
10005372:	2b14      	cmp	r3, #20
10005374:	d00f      	beq.n	10005396 <tud_descriptor_string_cb+0x5a>
10005376:	5cc2      	ldrb	r2, [r0, r3]
10005378:	2a00      	cmp	r2, #0
1000537a:	d1f7      	bne.n	1000536c <tud_descriptor_string_cb+0x30>
1000537c:	22c0      	movs	r2, #192	@ 0xc0
1000537e:	b2db      	uxtb	r3, r3
10005380:	005b      	lsls	r3, r3, #1
10005382:	0092      	lsls	r2, r2, #2
10005384:	4808      	ldr	r0, [pc, #32]	@ (100053a8 <tud_descriptor_string_cb+0x6c>)
10005386:	4313      	orrs	r3, r2
10005388:	e7e5      	b.n	10005356 <tud_descriptor_string_cb+0x1a>
1000538a:	2111      	movs	r1, #17
1000538c:	f000 f81a 	bl	100053c4 <pico_get_unique_board_id_string>
10005390:	e7da      	b.n	10005348 <tud_descriptor_string_cb+0xc>
10005392:	2000      	movs	r0, #0
10005394:	e7e0      	b.n	10005358 <tud_descriptor_string_cb+0x1c>
10005396:	23ca      	movs	r3, #202	@ 0xca
10005398:	4803      	ldr	r0, [pc, #12]	@ (100053a8 <tud_descriptor_string_cb+0x6c>)
1000539a:	009b      	lsls	r3, r3, #2
1000539c:	e7db      	b.n	10005356 <tud_descriptor_string_cb+0x1a>
1000539e:	46c0      	nop			@ (mov r8, r8)
100053a0:	20021f70 	.word	0x20021f70
100053a4:	00000409 	.word	0x00000409
100053a8:	20001838 	.word	0x20001838
100053ac:	1000ada8 	.word	0x1000ada8
100053b0:	2000183a 	.word	0x2000183a

100053b4 <_retrieve_unique_id_on_boot>:
100053b4:	b510      	push	{r4, lr}
100053b6:	4802      	ldr	r0, [pc, #8]	@ (100053c0 <_retrieve_unique_id_on_boot+0xc>)
100053b8:	f000 f8d8 	bl	1000556c <flash_get_unique_id>
100053bc:	bd10      	pop	{r4, pc}
100053be:	46c0      	nop			@ (mov r8, r8)
100053c0:	20001f48 	.word	0x20001f48

100053c4 <pico_get_unique_board_id_string>:
100053c4:	b530      	push	{r4, r5, lr}
100053c6:	1e4b      	subs	r3, r1, #1
100053c8:	2901      	cmp	r1, #1
100053ca:	d100      	bne.n	100053ce <pico_get_unique_board_id_string+0xa>
100053cc:	e0a7      	b.n	1000551e <pico_get_unique_board_id_string+0x15a>
100053ce:	4a66      	ldr	r2, [pc, #408]	@ (10005568 <pico_get_unique_board_id_string+0x1a4>)
100053d0:	7811      	ldrb	r1, [r2, #0]
100053d2:	090d      	lsrs	r5, r1, #4
100053d4:	002c      	movs	r4, r5
100053d6:	3430      	adds	r4, #48	@ 0x30
100053d8:	299f      	cmp	r1, #159	@ 0x9f
100053da:	d900      	bls.n	100053de <pico_get_unique_board_id_string+0x1a>
100053dc:	e0a2      	b.n	10005524 <pico_get_unique_board_id_string+0x160>
100053de:	7004      	strb	r4, [r0, #0]
100053e0:	2b01      	cmp	r3, #1
100053e2:	d100      	bne.n	100053e6 <pico_get_unique_board_id_string+0x22>
100053e4:	e0be      	b.n	10005564 <pico_get_unique_board_id_string+0x1a0>
100053e6:	210f      	movs	r1, #15
100053e8:	7814      	ldrb	r4, [r2, #0]
100053ea:	4021      	ands	r1, r4
100053ec:	000c      	movs	r4, r1
100053ee:	3430      	adds	r4, #48	@ 0x30
100053f0:	2909      	cmp	r1, #9
100053f2:	d900      	bls.n	100053f6 <pico_get_unique_board_id_string+0x32>
100053f4:	e098      	b.n	10005528 <pico_get_unique_board_id_string+0x164>
100053f6:	7044      	strb	r4, [r0, #1]
100053f8:	2b02      	cmp	r3, #2
100053fa:	d100      	bne.n	100053fe <pico_get_unique_board_id_string+0x3a>
100053fc:	e0b2      	b.n	10005564 <pico_get_unique_board_id_string+0x1a0>
100053fe:	7854      	ldrb	r4, [r2, #1]
10005400:	0925      	lsrs	r5, r4, #4
10005402:	0029      	movs	r1, r5
10005404:	3130      	adds	r1, #48	@ 0x30
10005406:	2c9f      	cmp	r4, #159	@ 0x9f
10005408:	d900      	bls.n	1000540c <pico_get_unique_board_id_string+0x48>
1000540a:	e090      	b.n	1000552e <pico_get_unique_board_id_string+0x16a>
1000540c:	7081      	strb	r1, [r0, #2]
1000540e:	2b03      	cmp	r3, #3
10005410:	d100      	bne.n	10005414 <pico_get_unique_board_id_string+0x50>
10005412:	e0a7      	b.n	10005564 <pico_get_unique_board_id_string+0x1a0>
10005414:	210f      	movs	r1, #15
10005416:	4021      	ands	r1, r4
10005418:	000c      	movs	r4, r1
1000541a:	3430      	adds	r4, #48	@ 0x30
1000541c:	2909      	cmp	r1, #9
1000541e:	d900      	bls.n	10005422 <pico_get_unique_board_id_string+0x5e>
10005420:	e087      	b.n	10005532 <pico_get_unique_board_id_string+0x16e>
10005422:	70c4      	strb	r4, [r0, #3]
10005424:	2b04      	cmp	r3, #4
10005426:	d100      	bne.n	1000542a <pico_get_unique_board_id_string+0x66>
10005428:	e09c      	b.n	10005564 <pico_get_unique_board_id_string+0x1a0>
1000542a:	7894      	ldrb	r4, [r2, #2]
1000542c:	0925      	lsrs	r5, r4, #4
1000542e:	0029      	movs	r1, r5
10005430:	3130      	adds	r1, #48	@ 0x30
10005432:	2c9f      	cmp	r4, #159	@ 0x9f
10005434:	d900      	bls.n	10005438 <pico_get_unique_board_id_string+0x74>
10005436:	e07f      	b.n	10005538 <pico_get_unique_board_id_string+0x174>
10005438:	7101      	strb	r1, [r0, #4]
1000543a:	2b05      	cmp	r3, #5
1000543c:	d100      	bne.n	10005440 <pico_get_unique_board_id_string+0x7c>
1000543e:	e091      	b.n	10005564 <pico_get_unique_board_id_string+0x1a0>
10005440:	210f      	movs	r1, #15
10005442:	4021      	ands	r1, r4
10005444:	000c      	movs	r4, r1
10005446:	3430      	adds	r4, #48	@ 0x30
10005448:	2909      	cmp	r1, #9
1000544a:	d900      	bls.n	1000544e <pico_get_unique_board_id_string+0x8a>
1000544c:	e076      	b.n	1000553c <pico_get_unique_board_id_string+0x178>
1000544e:	7144      	strb	r4, [r0, #5]
10005450:	2b06      	cmp	r3, #6
10005452:	d100      	bne.n	10005456 <pico_get_unique_board_id_string+0x92>
10005454:	e086      	b.n	10005564 <pico_get_unique_board_id_string+0x1a0>
10005456:	78d4      	ldrb	r4, [r2, #3]
10005458:	0925      	lsrs	r5, r4, #4
1000545a:	0029      	movs	r1, r5
1000545c:	3130      	adds	r1, #48	@ 0x30
1000545e:	2c9f      	cmp	r4, #159	@ 0x9f
10005460:	d900      	bls.n	10005464 <pico_get_unique_board_id_string+0xa0>
10005462:	e06e      	b.n	10005542 <pico_get_unique_board_id_string+0x17e>
10005464:	7181      	strb	r1, [r0, #6]
10005466:	2b07      	cmp	r3, #7
10005468:	d100      	bne.n	1000546c <pico_get_unique_board_id_string+0xa8>
1000546a:	e07b      	b.n	10005564 <pico_get_unique_board_id_string+0x1a0>
1000546c:	210f      	movs	r1, #15
1000546e:	4021      	ands	r1, r4
10005470:	000c      	movs	r4, r1
10005472:	3430      	adds	r4, #48	@ 0x30
10005474:	2909      	cmp	r1, #9
10005476:	d866      	bhi.n	10005546 <pico_get_unique_board_id_string+0x182>
10005478:	71c4      	strb	r4, [r0, #7]
1000547a:	2b08      	cmp	r3, #8
1000547c:	d100      	bne.n	10005480 <pico_get_unique_board_id_string+0xbc>
1000547e:	e071      	b.n	10005564 <pico_get_unique_board_id_string+0x1a0>
10005480:	7914      	ldrb	r4, [r2, #4]
10005482:	0925      	lsrs	r5, r4, #4
10005484:	0029      	movs	r1, r5
10005486:	3130      	adds	r1, #48	@ 0x30
10005488:	2c9f      	cmp	r4, #159	@ 0x9f
1000548a:	d85f      	bhi.n	1000554c <pico_get_unique_board_id_string+0x188>
1000548c:	7201      	strb	r1, [r0, #8]
1000548e:	2b09      	cmp	r3, #9
10005490:	d068      	beq.n	10005564 <pico_get_unique_board_id_string+0x1a0>
10005492:	210f      	movs	r1, #15
10005494:	4021      	ands	r1, r4
10005496:	000c      	movs	r4, r1
10005498:	3430      	adds	r4, #48	@ 0x30
1000549a:	2909      	cmp	r1, #9
1000549c:	d858      	bhi.n	10005550 <pico_get_unique_board_id_string+0x18c>
1000549e:	7244      	strb	r4, [r0, #9]
100054a0:	2b0a      	cmp	r3, #10
100054a2:	d05f      	beq.n	10005564 <pico_get_unique_board_id_string+0x1a0>
100054a4:	7954      	ldrb	r4, [r2, #5]
100054a6:	0925      	lsrs	r5, r4, #4
100054a8:	0029      	movs	r1, r5
100054aa:	3130      	adds	r1, #48	@ 0x30
100054ac:	2c9f      	cmp	r4, #159	@ 0x9f
100054ae:	d852      	bhi.n	10005556 <pico_get_unique_board_id_string+0x192>
100054b0:	7281      	strb	r1, [r0, #10]
100054b2:	2b0b      	cmp	r3, #11
100054b4:	d056      	beq.n	10005564 <pico_get_unique_board_id_string+0x1a0>
100054b6:	210f      	movs	r1, #15
100054b8:	4021      	ands	r1, r4
100054ba:	000c      	movs	r4, r1
100054bc:	3430      	adds	r4, #48	@ 0x30
100054be:	2909      	cmp	r1, #9
100054c0:	d84b      	bhi.n	1000555a <pico_get_unique_board_id_string+0x196>
100054c2:	72c4      	strb	r4, [r0, #11]
100054c4:	2b0c      	cmp	r3, #12
100054c6:	d04d      	beq.n	10005564 <pico_get_unique_board_id_string+0x1a0>
100054c8:	7994      	ldrb	r4, [r2, #6]
100054ca:	0925      	lsrs	r5, r4, #4
100054cc:	0029      	movs	r1, r5
100054ce:	3130      	adds	r1, #48	@ 0x30
100054d0:	2c9f      	cmp	r4, #159	@ 0x9f
100054d2:	d900      	bls.n	100054d6 <pico_get_unique_board_id_string+0x112>
100054d4:	3107      	adds	r1, #7
100054d6:	7301      	strb	r1, [r0, #12]
100054d8:	2b0d      	cmp	r3, #13
100054da:	d043      	beq.n	10005564 <pico_get_unique_board_id_string+0x1a0>
100054dc:	210f      	movs	r1, #15
100054de:	4021      	ands	r1, r4
100054e0:	000c      	movs	r4, r1
100054e2:	3430      	adds	r4, #48	@ 0x30
100054e4:	2909      	cmp	r1, #9
100054e6:	d901      	bls.n	100054ec <pico_get_unique_board_id_string+0x128>
100054e8:	3137      	adds	r1, #55	@ 0x37
100054ea:	000c      	movs	r4, r1
100054ec:	7344      	strb	r4, [r0, #13]
100054ee:	2b0e      	cmp	r3, #14
100054f0:	d038      	beq.n	10005564 <pico_get_unique_board_id_string+0x1a0>
100054f2:	79d1      	ldrb	r1, [r2, #7]
100054f4:	090c      	lsrs	r4, r1, #4
100054f6:	0022      	movs	r2, r4
100054f8:	3230      	adds	r2, #48	@ 0x30
100054fa:	299f      	cmp	r1, #159	@ 0x9f
100054fc:	d900      	bls.n	10005500 <pico_get_unique_board_id_string+0x13c>
100054fe:	3207      	adds	r2, #7
10005500:	7382      	strb	r2, [r0, #14]
10005502:	2b0f      	cmp	r3, #15
10005504:	d02e      	beq.n	10005564 <pico_get_unique_board_id_string+0x1a0>
10005506:	220f      	movs	r2, #15
10005508:	400a      	ands	r2, r1
1000550a:	0011      	movs	r1, r2
1000550c:	3137      	adds	r1, #55	@ 0x37
1000550e:	2a09      	cmp	r2, #9
10005510:	d801      	bhi.n	10005516 <pico_get_unique_board_id_string+0x152>
10005512:	3230      	adds	r2, #48	@ 0x30
10005514:	0011      	movs	r1, r2
10005516:	73c1      	strb	r1, [r0, #15]
10005518:	2b10      	cmp	r3, #16
1000551a:	d023      	beq.n	10005564 <pico_get_unique_board_id_string+0x1a0>
1000551c:	3010      	adds	r0, #16
1000551e:	2300      	movs	r3, #0
10005520:	7003      	strb	r3, [r0, #0]
10005522:	bd30      	pop	{r4, r5, pc}
10005524:	3407      	adds	r4, #7
10005526:	e75a      	b.n	100053de <pico_get_unique_board_id_string+0x1a>
10005528:	3137      	adds	r1, #55	@ 0x37
1000552a:	000c      	movs	r4, r1
1000552c:	e763      	b.n	100053f6 <pico_get_unique_board_id_string+0x32>
1000552e:	3107      	adds	r1, #7
10005530:	e76c      	b.n	1000540c <pico_get_unique_board_id_string+0x48>
10005532:	3137      	adds	r1, #55	@ 0x37
10005534:	000c      	movs	r4, r1
10005536:	e774      	b.n	10005422 <pico_get_unique_board_id_string+0x5e>
10005538:	3107      	adds	r1, #7
1000553a:	e77d      	b.n	10005438 <pico_get_unique_board_id_string+0x74>
1000553c:	3137      	adds	r1, #55	@ 0x37
1000553e:	000c      	movs	r4, r1
10005540:	e785      	b.n	1000544e <pico_get_unique_board_id_string+0x8a>
10005542:	3107      	adds	r1, #7
10005544:	e78e      	b.n	10005464 <pico_get_unique_board_id_string+0xa0>
10005546:	3137      	adds	r1, #55	@ 0x37
10005548:	000c      	movs	r4, r1
1000554a:	e795      	b.n	10005478 <pico_get_unique_board_id_string+0xb4>
1000554c:	3107      	adds	r1, #7
1000554e:	e79d      	b.n	1000548c <pico_get_unique_board_id_string+0xc8>
10005550:	3137      	adds	r1, #55	@ 0x37
10005552:	000c      	movs	r4, r1
10005554:	e7a3      	b.n	1000549e <pico_get_unique_board_id_string+0xda>
10005556:	3107      	adds	r1, #7
10005558:	e7aa      	b.n	100054b0 <pico_get_unique_board_id_string+0xec>
1000555a:	3137      	adds	r1, #55	@ 0x37
1000555c:	000c      	movs	r4, r1
1000555e:	72c4      	strb	r4, [r0, #11]
10005560:	2b0c      	cmp	r3, #12
10005562:	d1b1      	bne.n	100054c8 <pico_get_unique_board_id_string+0x104>
10005564:	18c0      	adds	r0, r0, r3
10005566:	e7da      	b.n	1000551e <pico_get_unique_board_id_string+0x15a>
10005568:	20001f48 	.word	0x20001f48

1000556c <flash_get_unique_id>:
1000556c:	b510      	push	{r4, lr}
1000556e:	b088      	sub	sp, #32
10005570:	0004      	movs	r4, r0
10005572:	220d      	movs	r2, #13
10005574:	2100      	movs	r1, #0
10005576:	4668      	mov	r0, sp
10005578:	f7fd fedc 	bl	10003334 <__wrap_memset>
1000557c:	220d      	movs	r2, #13
1000557e:	2100      	movs	r1, #0
10005580:	a804      	add	r0, sp, #16
10005582:	f7fd fed7 	bl	10003334 <__wrap_memset>
10005586:	466a      	mov	r2, sp
10005588:	234b      	movs	r3, #75	@ 0x4b
1000558a:	4668      	mov	r0, sp
1000558c:	7013      	strb	r3, [r2, #0]
1000558e:	a904      	add	r1, sp, #16
10005590:	2300      	movs	r3, #0
10005592:	220d      	movs	r2, #13
10005594:	f005 f868 	bl	1000a668 <__flash_do_cmd_cs_veneer>
10005598:	2115      	movs	r1, #21
1000559a:	2208      	movs	r2, #8
1000559c:	0020      	movs	r0, r4
1000559e:	4469      	add	r1, sp
100055a0:	f7fd fece 	bl	10003340 <__wrap___aeabi_memcpy>
100055a4:	b008      	add	sp, #32
100055a6:	bd10      	pop	{r4, pc}

100055a8 <usb_reset_interface_init>:
100055a8:	4770      	bx	lr
100055aa:	46c0      	nop			@ (mov r8, r8)

100055ac <usb_reset_interface_reset>:
100055ac:	2200      	movs	r2, #0
100055ae:	4b01      	ldr	r3, [pc, #4]	@ (100055b4 <usb_reset_interface_reset+0x8>)
100055b0:	701a      	strb	r2, [r3, #0]
100055b2:	4770      	bx	lr
100055b4:	2002207d 	.word	0x2002207d

100055b8 <usb_reset_interface_open>:
100055b8:	794b      	ldrb	r3, [r1, #5]
100055ba:	2000      	movs	r0, #0
100055bc:	2bff      	cmp	r3, #255	@ 0xff
100055be:	d10b      	bne.n	100055d8 <usb_reset_interface_open+0x20>
100055c0:	798b      	ldrb	r3, [r1, #6]
100055c2:	2b00      	cmp	r3, #0
100055c4:	d108      	bne.n	100055d8 <usb_reset_interface_open+0x20>
100055c6:	79cb      	ldrb	r3, [r1, #7]
100055c8:	2b01      	cmp	r3, #1
100055ca:	d105      	bne.n	100055d8 <usb_reset_interface_open+0x20>
100055cc:	2a08      	cmp	r2, #8
100055ce:	d903      	bls.n	100055d8 <usb_reset_interface_open+0x20>
100055d0:	4b02      	ldr	r3, [pc, #8]	@ (100055dc <usb_reset_interface_open+0x24>)
100055d2:	788a      	ldrb	r2, [r1, #2]
100055d4:	3009      	adds	r0, #9
100055d6:	701a      	strb	r2, [r3, #0]
100055d8:	4770      	bx	lr
100055da:	46c0      	nop			@ (mov r8, r8)
100055dc:	2002207d 	.word	0x2002207d

100055e0 <usb_reset_interface_xfer_cb>:
100055e0:	2001      	movs	r0, #1
100055e2:	4770      	bx	lr

100055e4 <usb_reset_interface_control_xfer_cb>:
100055e4:	b510      	push	{r4, lr}
100055e6:	2901      	cmp	r1, #1
100055e8:	d001      	beq.n	100055ee <usb_reset_interface_control_xfer_cb+0xa>
100055ea:	2001      	movs	r0, #1
100055ec:	bd10      	pop	{r4, pc}
100055ee:	4914      	ldr	r1, [pc, #80]	@ (10005640 <usb_reset_interface_control_xfer_cb+0x5c>)
100055f0:	7953      	ldrb	r3, [r2, #5]
100055f2:	7910      	ldrb	r0, [r2, #4]
100055f4:	7809      	ldrb	r1, [r1, #0]
100055f6:	021b      	lsls	r3, r3, #8
100055f8:	4303      	orrs	r3, r0
100055fa:	2000      	movs	r0, #0
100055fc:	4299      	cmp	r1, r3
100055fe:	d1f5      	bne.n	100055ec <usb_reset_interface_control_xfer_cb+0x8>
10005600:	7853      	ldrb	r3, [r2, #1]
10005602:	2b01      	cmp	r3, #1
10005604:	d008      	beq.n	10005618 <usb_reset_interface_control_xfer_cb+0x34>
10005606:	2b02      	cmp	r3, #2
10005608:	d1f0      	bne.n	100055ec <usb_reset_interface_control_xfer_cb+0x8>
1000560a:	2000      	movs	r0, #0
1000560c:	2264      	movs	r2, #100	@ 0x64
1000560e:	2100      	movs	r1, #0
10005610:	f7fc fd84 	bl	1000211c <watchdog_reboot>
10005614:	2001      	movs	r0, #1
10005616:	e7e9      	b.n	100055ec <usb_reset_interface_control_xfer_cb+0x8>
10005618:	78d1      	ldrb	r1, [r2, #3]
1000561a:	7890      	ldrb	r0, [r2, #2]
1000561c:	0209      	lsls	r1, r1, #8
1000561e:	4301      	orrs	r1, r0
10005620:	2080      	movs	r0, #128	@ 0x80
10005622:	000a      	movs	r2, r1
10005624:	0040      	lsls	r0, r0, #1
10005626:	4002      	ands	r2, r0
10005628:	4201      	tst	r1, r0
1000562a:	d006      	beq.n	1000563a <usb_reset_interface_control_xfer_cb+0x56>
1000562c:	09ca      	lsrs	r2, r1, #7
1000562e:	401a      	ands	r2, r3
10005630:	0a48      	lsrs	r0, r1, #9
10005632:	2303      	movs	r3, #3
10005634:	4019      	ands	r1, r3
10005636:	f7fc fdf9 	bl	1000222c <rom_reset_usb_boot_extra>
1000563a:	2001      	movs	r0, #1
1000563c:	4240      	negs	r0, r0
1000563e:	e7f8      	b.n	10005632 <usb_reset_interface_control_xfer_cb+0x4e>
10005640:	2002207d 	.word	0x2002207d

10005644 <tud_descriptor_bos_cb>:
10005644:	4800      	ldr	r0, [pc, #0]	@ (10005648 <tud_descriptor_bos_cb+0x4>)
10005646:	4770      	bx	lr
10005648:	1000aed0 	.word	0x1000aed0

1000564c <tud_vendor_control_xfer_cb>:
1000564c:	b570      	push	{r4, r5, r6, lr}
1000564e:	0005      	movs	r5, r0
10005650:	0014      	movs	r4, r2
10005652:	2001      	movs	r0, #1
10005654:	2901      	cmp	r1, #1
10005656:	d109      	bne.n	1000566c <tud_vendor_control_xfer_cb+0x20>
10005658:	7853      	ldrb	r3, [r2, #1]
1000565a:	2000      	movs	r0, #0
1000565c:	2b01      	cmp	r3, #1
1000565e:	d105      	bne.n	1000566c <tud_vendor_control_xfer_cb+0x20>
10005660:	7963      	ldrb	r3, [r4, #5]
10005662:	7912      	ldrb	r2, [r2, #4]
10005664:	021b      	lsls	r3, r3, #8
10005666:	4313      	orrs	r3, r2
10005668:	2b07      	cmp	r3, #7
1000566a:	d000      	beq.n	1000566e <tud_vendor_control_xfer_cb+0x22>
1000566c:	bd70      	pop	{r4, r5, r6, pc}
1000566e:	0021      	movs	r1, r4
10005670:	0028      	movs	r0, r5
10005672:	4a02      	ldr	r2, [pc, #8]	@ (1000567c <tud_vendor_control_xfer_cb+0x30>)
10005674:	339f      	adds	r3, #159	@ 0x9f
10005676:	f000 fee9 	bl	1000644c <tud_control_xfer>
1000567a:	e7f7      	b.n	1000566c <tud_vendor_control_xfer_cb+0x20>
1000567c:	1000ae28 	.word	0x1000ae28

10005680 <usbd_app_driver_get_cb>:
10005680:	2301      	movs	r3, #1
10005682:	7003      	strb	r3, [r0, #0]
10005684:	4800      	ldr	r0, [pc, #0]	@ (10005688 <usbd_app_driver_get_cb+0x8>)
10005686:	4770      	bx	lr
10005688:	1000aef4 	.word	0x1000aef4

1000568c <tud_cdc_line_coding_cb>:
1000568c:	784b      	ldrb	r3, [r1, #1]
1000568e:	780a      	ldrb	r2, [r1, #0]
10005690:	021b      	lsls	r3, r3, #8
10005692:	4313      	orrs	r3, r2
10005694:	788a      	ldrb	r2, [r1, #2]
10005696:	b510      	push	{r4, lr}
10005698:	0412      	lsls	r2, r2, #16
1000569a:	431a      	orrs	r2, r3
1000569c:	78cb      	ldrb	r3, [r1, #3]
1000569e:	061b      	lsls	r3, r3, #24
100056a0:	4313      	orrs	r3, r2
100056a2:	2296      	movs	r2, #150	@ 0x96
100056a4:	00d2      	lsls	r2, r2, #3
100056a6:	4293      	cmp	r3, r2
100056a8:	d000      	beq.n	100056ac <tud_cdc_line_coding_cb+0x20>
100056aa:	bd10      	pop	{r4, pc}
100056ac:	2200      	movs	r2, #0
100056ae:	2001      	movs	r0, #1
100056b0:	0011      	movs	r1, r2
100056b2:	4240      	negs	r0, r0
100056b4:	f7fc fdba 	bl	1000222c <rom_reset_usb_boot_extra>

100056b8 <dcd_init>:
100056b8:	b5f8      	push	{r3, r4, r5, r6, r7, lr}
100056ba:	f000 f935 	bl	10005928 <rp2040_usb_init>
100056be:	230c      	movs	r3, #12
100056c0:	4d19      	ldr	r5, [pc, #100]	@ (10005728 <dcd_init+0x70>)
100056c2:	22ff      	movs	r2, #255	@ 0xff
100056c4:	67ab      	str	r3, [r5, #120]	@ 0x78
100056c6:	2005      	movs	r0, #5
100056c8:	4918      	ldr	r1, [pc, #96]	@ (1000572c <dcd_init+0x74>)
100056ca:	f7fb fdb5 	bl	10001238 <irq_add_shared_handler>
100056ce:	4c18      	ldr	r4, [pc, #96]	@ (10005730 <dcd_init+0x78>)
100056d0:	2240      	movs	r2, #64	@ 0x40
100056d2:	2100      	movs	r1, #0
100056d4:	0020      	movs	r0, r4
100056d6:	f7fd fe2d 	bl	10003334 <__wrap_memset>
100056da:	2740      	movs	r7, #64	@ 0x40
100056dc:	2300      	movs	r3, #0
100056de:	2601      	movs	r6, #1
100056e0:	2121      	movs	r1, #33	@ 0x21
100056e2:	4a14      	ldr	r2, [pc, #80]	@ (10005734 <dcd_init+0x7c>)
100056e4:	7066      	strb	r6, [r4, #1]
100056e6:	8327      	strh	r7, [r4, #24]
100056e8:	60a2      	str	r2, [r4, #8]
100056ea:	6013      	str	r3, [r2, #0]
100056ec:	5463      	strb	r3, [r4, r1]
100056ee:	315f      	adds	r1, #95	@ 0x5f
100056f0:	8461      	strh	r1, [r4, #34]	@ 0x22
100056f2:	3945      	subs	r1, #69	@ 0x45
100056f4:	5463      	strb	r3, [r4, r1]
100056f6:	4a10      	ldr	r2, [pc, #64]	@ (10005738 <dcd_init+0x80>)
100056f8:	4910      	ldr	r1, [pc, #64]	@ (1000573c <dcd_init+0x84>)
100056fa:	6063      	str	r3, [r4, #4]
100056fc:	60e2      	str	r2, [r4, #12]
100056fe:	8727      	strh	r7, [r4, #56]	@ 0x38
10005700:	62a1      	str	r1, [r4, #40]	@ 0x28
10005702:	600b      	str	r3, [r1, #0]
10005704:	6263      	str	r3, [r4, #36]	@ 0x24
10005706:	62e2      	str	r2, [r4, #44]	@ 0x2c
10005708:	f004 ffb6 	bl	1000a678 <__reset_non_control_endpoints_veneer>
1000570c:	2380      	movs	r3, #128	@ 0x80
1000570e:	059b      	lsls	r3, r3, #22
10005710:	642e      	str	r6, [r5, #64]	@ 0x40
10005712:	64eb      	str	r3, [r5, #76]	@ 0x4c
10005714:	2390      	movs	r3, #144	@ 0x90
10005716:	4a0a      	ldr	r2, [pc, #40]	@ (10005740 <dcd_init+0x88>)
10005718:	2001      	movs	r0, #1
1000571a:	50ea      	str	r2, [r5, r3]
1000571c:	2280      	movs	r2, #128	@ 0x80
1000571e:	4b09      	ldr	r3, [pc, #36]	@ (10005744 <dcd_init+0x8c>)
10005720:	0252      	lsls	r2, r2, #9
10005722:	64da      	str	r2, [r3, #76]	@ 0x4c
10005724:	bdf8      	pop	{r3, r4, r5, r6, r7, pc}
10005726:	46c0      	nop			@ (mov r8, r8)
10005728:	50110000 	.word	0x50110000
1000572c:	20000499 	.word	0x20000499
10005730:	20001880 	.word	0x20001880
10005734:	50100084 	.word	0x50100084
10005738:	50100100 	.word	0x50100100
1000573c:	50100080 	.word	0x50100080
10005740:	0001d010 	.word	0x0001d010
10005744:	50112000 	.word	0x50112000

10005748 <dcd_int_enable>:
10005748:	b510      	push	{r4, lr}
1000574a:	2101      	movs	r1, #1
1000574c:	2005      	movs	r0, #5
1000574e:	f7fb fd11 	bl	10001174 <irq_set_enabled>
10005752:	bd10      	pop	{r4, pc}

10005754 <dcd_set_address>:
10005754:	b510      	push	{r4, lr}
10005756:	2200      	movs	r2, #0
10005758:	2100      	movs	r1, #0
1000575a:	4802      	ldr	r0, [pc, #8]	@ (10005764 <dcd_set_address+0x10>)
1000575c:	f000 f904 	bl	10005968 <hw_endpoint_xfer_start>
10005760:	bd10      	pop	{r4, pc}
10005762:	46c0      	nop			@ (mov r8, r8)
10005764:	200018a0 	.word	0x200018a0

10005768 <dcd_sof_enable>:
10005768:	4b04      	ldr	r3, [pc, #16]	@ (1000577c <dcd_sof_enable+0x14>)
1000576a:	7019      	strb	r1, [r3, #0]
1000576c:	2900      	cmp	r1, #0
1000576e:	d004      	beq.n	1000577a <dcd_sof_enable+0x12>
10005770:	2180      	movs	r1, #128	@ 0x80
10005772:	2390      	movs	r3, #144	@ 0x90
10005774:	4a02      	ldr	r2, [pc, #8]	@ (10005780 <dcd_sof_enable+0x18>)
10005776:	0289      	lsls	r1, r1, #10
10005778:	50d1      	str	r1, [r2, r3]
1000577a:	4770      	bx	lr
1000577c:	20022079 	.word	0x20022079
10005780:	50112000 	.word	0x50112000

10005784 <dcd_edpt0_status_complete>:
10005784:	780b      	ldrb	r3, [r1, #0]
10005786:	065b      	lsls	r3, r3, #25
10005788:	d102      	bne.n	10005790 <dcd_edpt0_status_complete+0xc>
1000578a:	784b      	ldrb	r3, [r1, #1]
1000578c:	2b05      	cmp	r3, #5
1000578e:	d000      	beq.n	10005792 <dcd_edpt0_status_complete+0xe>
10005790:	4770      	bx	lr
10005792:	788a      	ldrb	r2, [r1, #2]
10005794:	4b01      	ldr	r3, [pc, #4]	@ (1000579c <dcd_edpt0_status_complete+0x18>)
10005796:	601a      	str	r2, [r3, #0]
10005798:	e7fa      	b.n	10005790 <dcd_edpt0_status_complete+0xc>
1000579a:	46c0      	nop			@ (mov r8, r8)
1000579c:	50110000 	.word	0x50110000

100057a0 <dcd_edpt_open>:
100057a0:	b5f0      	push	{r4, r5, r6, r7, lr}
100057a2:	46c6      	mov	lr, r8
100057a4:	78cb      	ldrb	r3, [r1, #3]
100057a6:	b500      	push	{lr}
100057a8:	079b      	lsls	r3, r3, #30
100057aa:	0f9c      	lsrs	r4, r3, #30
100057ac:	0020      	movs	r0, r4
100057ae:	2c01      	cmp	r4, #1
100057b0:	d056      	beq.n	10005860 <dcd_edpt_open+0xc0>
100057b2:	788d      	ldrb	r5, [r1, #2]
100057b4:	790a      	ldrb	r2, [r1, #4]
100057b6:	794b      	ldrb	r3, [r1, #5]
100057b8:	217f      	movs	r1, #127	@ 0x7f
100057ba:	021b      	lsls	r3, r3, #8
100057bc:	4029      	ands	r1, r5
100057be:	09ee      	lsrs	r6, r5, #7
100057c0:	4313      	orrs	r3, r2
100057c2:	004a      	lsls	r2, r1, #1
100057c4:	4694      	mov	ip, r2
100057c6:	4f2c      	ldr	r7, [pc, #176]	@ (10005878 <dcd_edpt_open+0xd8>)
100057c8:	1992      	adds	r2, r2, r6
100057ca:	0152      	lsls	r2, r2, #5
100057cc:	18ba      	adds	r2, r7, r2
100057ce:	7095      	strb	r5, [r2, #2]
100057d0:	2501      	movs	r5, #1
100057d2:	4075      	eors	r5, r6
100057d4:	7055      	strb	r5, [r2, #1]
100057d6:	2500      	movs	r5, #0
100057d8:	055b      	lsls	r3, r3, #21
100057da:	0d5b      	lsrs	r3, r3, #21
100057dc:	70d5      	strb	r5, [r2, #3]
100057de:	8313      	strh	r3, [r2, #24]
100057e0:	76d4      	strb	r4, [r2, #27]
100057e2:	00ca      	lsls	r2, r1, #3
100057e4:	2e01      	cmp	r6, #1
100057e6:	d02b      	beq.n	10005840 <dcd_edpt_open+0xa0>
100057e8:	4c24      	ldr	r4, [pc, #144]	@ (1000587c <dcd_edpt_open+0xdc>)
100057ea:	46a0      	mov	r8, r4
100057ec:	018c      	lsls	r4, r1, #6
100057ee:	4442      	add	r2, r8
100057f0:	193c      	adds	r4, r7, r4
100057f2:	60a2      	str	r2, [r4, #8]
100057f4:	6015      	str	r5, [r2, #0]
100057f6:	2900      	cmp	r1, #0
100057f8:	d02b      	beq.n	10005852 <dcd_edpt_open+0xb2>
100057fa:	4a21      	ldr	r2, [pc, #132]	@ (10005880 <dcd_edpt_open+0xe0>)
100057fc:	00c9      	lsls	r1, r1, #3
100057fe:	4690      	mov	r8, r2
10005800:	4441      	add	r1, r8
10005802:	6061      	str	r1, [r4, #4]
10005804:	223f      	movs	r2, #63	@ 0x3f
10005806:	333f      	adds	r3, #63	@ 0x3f
10005808:	4393      	bics	r3, r2
1000580a:	2802      	cmp	r0, #2
1000580c:	d030      	beq.n	10005870 <dcd_edpt_open+0xd0>
1000580e:	0032      	movs	r2, r6
10005810:	4c1c      	ldr	r4, [pc, #112]	@ (10005884 <dcd_edpt_open+0xe4>)
10005812:	4462      	add	r2, ip
10005814:	6821      	ldr	r1, [r4, #0]
10005816:	0152      	lsls	r2, r2, #5
10005818:	18bf      	adds	r7, r7, r2
1000581a:	4a1b      	ldr	r2, [pc, #108]	@ (10005888 <dcd_edpt_open+0xe8>)
1000581c:	18cb      	adds	r3, r1, r3
1000581e:	60f9      	str	r1, [r7, #12]
10005820:	6023      	str	r3, [r4, #0]
10005822:	4293      	cmp	r3, r2
10005824:	d826      	bhi.n	10005874 <dcd_edpt_open+0xd4>
10005826:	4a19      	ldr	r2, [pc, #100]	@ (1000588c <dcd_edpt_open+0xec>)
10005828:	0683      	lsls	r3, r0, #26
1000582a:	404a      	eors	r2, r1
1000582c:	4313      	orrs	r3, r2
1000582e:	2280      	movs	r2, #128	@ 0x80
10005830:	0612      	lsls	r2, r2, #24
10005832:	4313      	orrs	r3, r2
10005834:	687a      	ldr	r2, [r7, #4]
10005836:	6013      	str	r3, [r2, #0]
10005838:	2001      	movs	r0, #1
1000583a:	bc80      	pop	{r7}
1000583c:	46b8      	mov	r8, r7
1000583e:	bdf0      	pop	{r4, r5, r6, r7, pc}
10005840:	4c13      	ldr	r4, [pc, #76]	@ (10005890 <dcd_edpt_open+0xf0>)
10005842:	46a0      	mov	r8, r4
10005844:	018c      	lsls	r4, r1, #6
10005846:	4442      	add	r2, r8
10005848:	193c      	adds	r4, r7, r4
1000584a:	62a2      	str	r2, [r4, #40]	@ 0x28
1000584c:	6015      	str	r5, [r2, #0]
1000584e:	2900      	cmp	r1, #0
10005850:	d108      	bne.n	10005864 <dcd_edpt_open+0xc4>
10005852:	2300      	movs	r3, #0
10005854:	0176      	lsls	r6, r6, #5
10005856:	19be      	adds	r6, r7, r6
10005858:	6073      	str	r3, [r6, #4]
1000585a:	4b0e      	ldr	r3, [pc, #56]	@ (10005894 <dcd_edpt_open+0xf4>)
1000585c:	60f3      	str	r3, [r6, #12]
1000585e:	e7eb      	b.n	10005838 <dcd_edpt_open+0x98>
10005860:	2000      	movs	r0, #0
10005862:	e7ea      	b.n	1000583a <dcd_edpt_open+0x9a>
10005864:	4a09      	ldr	r2, [pc, #36]	@ (1000588c <dcd_edpt_open+0xec>)
10005866:	00c9      	lsls	r1, r1, #3
10005868:	4690      	mov	r8, r2
1000586a:	4441      	add	r1, r8
1000586c:	6261      	str	r1, [r4, #36]	@ 0x24
1000586e:	e7c9      	b.n	10005804 <dcd_edpt_open+0x64>
10005870:	005b      	lsls	r3, r3, #1
10005872:	e7cc      	b.n	1000580e <dcd_edpt_open+0x6e>
10005874:	f7fc fd04 	bl	10002280 <hard_assertion_failure>
10005878:	20001880 	.word	0x20001880
1000587c:	50100084 	.word	0x50100084
10005880:	50100004 	.word	0x50100004
10005884:	20001c88 	.word	0x20001c88
10005888:	50100fff 	.word	0x50100fff
1000588c:	50100000 	.word	0x50100000
10005890:	50100080 	.word	0x50100080
10005894:	50100100 	.word	0x50100100

10005898 <dcd_edpt_close_all>:
10005898:	b510      	push	{r4, lr}
1000589a:	f004 feed 	bl	1000a678 <__reset_non_control_endpoints_veneer>
1000589e:	bd10      	pop	{r4, pc}

100058a0 <dcd_edpt_xfer>:
100058a0:	b510      	push	{r4, lr}
100058a2:	207f      	movs	r0, #127	@ 0x7f
100058a4:	000c      	movs	r4, r1
100058a6:	4020      	ands	r0, r4
100058a8:	0040      	lsls	r0, r0, #1
100058aa:	09e4      	lsrs	r4, r4, #7
100058ac:	0011      	movs	r1, r2
100058ae:	1900      	adds	r0, r0, r4
100058b0:	001a      	movs	r2, r3
100058b2:	4b03      	ldr	r3, [pc, #12]	@ (100058c0 <dcd_edpt_xfer+0x20>)
100058b4:	0140      	lsls	r0, r0, #5
100058b6:	18c0      	adds	r0, r0, r3
100058b8:	f000 f856 	bl	10005968 <hw_endpoint_xfer_start>
100058bc:	2001      	movs	r0, #1
100058be:	bd10      	pop	{r4, pc}
100058c0:	20001880 	.word	0x20001880

100058c4 <dcd_edpt_stall>:
100058c4:	237f      	movs	r3, #127	@ 0x7f
100058c6:	0018      	movs	r0, r3
100058c8:	b510      	push	{r4, lr}
100058ca:	4008      	ands	r0, r1
100058cc:	09ca      	lsrs	r2, r1, #7
100058ce:	420b      	tst	r3, r1
100058d0:	d103      	bne.n	100058da <dcd_edpt_stall+0x16>
100058d2:	4907      	ldr	r1, [pc, #28]	@ (100058f0 <dcd_edpt_stall+0x2c>)
100058d4:	3b7d      	subs	r3, #125	@ 0x7d
100058d6:	1a9b      	subs	r3, r3, r2
100058d8:	668b      	str	r3, [r1, #104]	@ 0x68
100058da:	0040      	lsls	r0, r0, #1
100058dc:	1880      	adds	r0, r0, r2
100058de:	2280      	movs	r2, #128	@ 0x80
100058e0:	4b04      	ldr	r3, [pc, #16]	@ (100058f4 <dcd_edpt_stall+0x30>)
100058e2:	0140      	lsls	r0, r0, #5
100058e4:	2100      	movs	r1, #0
100058e6:	18c0      	adds	r0, r0, r3
100058e8:	0112      	lsls	r2, r2, #4
100058ea:	f004 fefd 	bl	1000a6e8 <___hw_endpoint_buffer_control_update32_veneer>
100058ee:	bd10      	pop	{r4, pc}
100058f0:	50112000 	.word	0x50112000
100058f4:	20001880 	.word	0x20001880

100058f8 <dcd_edpt_clear_stall>:
100058f8:	227f      	movs	r2, #127	@ 0x7f
100058fa:	0013      	movs	r3, r2
100058fc:	b510      	push	{r4, lr}
100058fe:	400b      	ands	r3, r1
10005900:	420a      	tst	r2, r1
10005902:	d100      	bne.n	10005906 <dcd_edpt_clear_stall+0xe>
10005904:	bd10      	pop	{r4, pc}
10005906:	09c9      	lsrs	r1, r1, #7
10005908:	005b      	lsls	r3, r3, #1
1000590a:	185b      	adds	r3, r3, r1
1000590c:	4804      	ldr	r0, [pc, #16]	@ (10005920 <dcd_edpt_clear_stall+0x28>)
1000590e:	015b      	lsls	r3, r3, #5
10005910:	18c0      	adds	r0, r0, r3
10005912:	2300      	movs	r3, #0
10005914:	2200      	movs	r2, #0
10005916:	4903      	ldr	r1, [pc, #12]	@ (10005924 <dcd_edpt_clear_stall+0x2c>)
10005918:	70c3      	strb	r3, [r0, #3]
1000591a:	f004 fee5 	bl	1000a6e8 <___hw_endpoint_buffer_control_update32_veneer>
1000591e:	e7f1      	b.n	10005904 <dcd_edpt_clear_stall+0xc>
10005920:	20001880 	.word	0x20001880
10005924:	fffff7ff 	.word	0xfffff7ff

10005928 <rp2040_usb_init>:
10005928:	2280      	movs	r2, #128	@ 0x80
1000592a:	4b0a      	ldr	r3, [pc, #40]	@ (10005954 <rp2040_usb_init+0x2c>)
1000592c:	0452      	lsls	r2, r2, #17
1000592e:	b510      	push	{r4, lr}
10005930:	601a      	str	r2, [r3, #0]
10005932:	4b09      	ldr	r3, [pc, #36]	@ (10005958 <rp2040_usb_init+0x30>)
10005934:	4909      	ldr	r1, [pc, #36]	@ (1000595c <rp2040_usb_init+0x34>)
10005936:	601a      	str	r2, [r3, #0]
10005938:	0010      	movs	r0, r2
1000593a:	680b      	ldr	r3, [r1, #0]
1000593c:	4398      	bics	r0, r3
1000593e:	d1fb      	bne.n	10005938 <rp2040_usb_init+0x10>
10005940:	2280      	movs	r2, #128	@ 0x80
10005942:	2100      	movs	r1, #0
10005944:	0152      	lsls	r2, r2, #5
10005946:	4806      	ldr	r0, [pc, #24]	@ (10005960 <rp2040_usb_init+0x38>)
10005948:	f7fd fcf4 	bl	10003334 <__wrap_memset>
1000594c:	2209      	movs	r2, #9
1000594e:	4b05      	ldr	r3, [pc, #20]	@ (10005964 <rp2040_usb_init+0x3c>)
10005950:	675a      	str	r2, [r3, #116]	@ 0x74
10005952:	bd10      	pop	{r4, pc}
10005954:	4000e000 	.word	0x4000e000
10005958:	4000f000 	.word	0x4000f000
1000595c:	4000c008 	.word	0x4000c008
10005960:	50100000 	.word	0x50100000
10005964:	50110000 	.word	0x50110000

10005968 <hw_endpoint_xfer_start>:
10005968:	2300      	movs	r3, #0
1000596a:	b510      	push	{r4, lr}
1000596c:	82c3      	strh	r3, [r0, #22]
1000596e:	3301      	adds	r3, #1
10005970:	8282      	strh	r2, [r0, #20]
10005972:	7683      	strb	r3, [r0, #26]
10005974:	6101      	str	r1, [r0, #16]
10005976:	0004      	movs	r4, r0
10005978:	f004 fe6e 	bl	1000a658 <__e15_is_bulkin_ep_veneer>
1000597c:	2800      	cmp	r0, #0
1000597e:	d004      	beq.n	1000598a <hw_endpoint_xfer_start+0x22>
10005980:	2180      	movs	r1, #128	@ 0x80
10005982:	2390      	movs	r3, #144	@ 0x90
10005984:	4a07      	ldr	r2, [pc, #28]	@ (100059a4 <hw_endpoint_xfer_start+0x3c>)
10005986:	0289      	lsls	r1, r1, #10
10005988:	50d1      	str	r1, [r2, r3]
1000598a:	0020      	movs	r0, r4
1000598c:	f004 feb4 	bl	1000a6f8 <__e15_is_critical_frame_period_veneer>
10005990:	2800      	cmp	r0, #0
10005992:	d002      	beq.n	1000599a <hw_endpoint_xfer_start+0x32>
10005994:	2301      	movs	r3, #1
10005996:	7723      	strb	r3, [r4, #28]
10005998:	bd10      	pop	{r4, pc}
1000599a:	0020      	movs	r0, r4
1000599c:	f004 fe8c 	bl	1000a6b8 <__hw_endpoint_start_next_buffer_veneer>
100059a0:	e7fa      	b.n	10005998 <hw_endpoint_xfer_start+0x30>
100059a2:	46c0      	nop			@ (mov r8, r8)
100059a4:	50112000 	.word	0x50112000

100059a8 <tud_event_hook_cb>:
100059a8:	4770      	bx	lr
100059aa:	46c0      	nop			@ (mov r8, r8)

100059ac <tud_sof_cb>:
100059ac:	4770      	bx	lr
100059ae:	46c0      	nop			@ (mov r8, r8)

100059b0 <tud_descriptor_device_qualifier_cb>:
100059b0:	2000      	movs	r0, #0
100059b2:	4770      	bx	lr

100059b4 <tud_descriptor_other_speed_configuration_cb>:
100059b4:	2000      	movs	r0, #0
100059b6:	4770      	bx	lr

100059b8 <tud_mount_cb>:
100059b8:	4770      	bx	lr
100059ba:	46c0      	nop			@ (mov r8, r8)

100059bc <tud_umount_cb>:
100059bc:	4770      	bx	lr
100059be:	46c0      	nop			@ (mov r8, r8)

100059c0 <tud_suspend_cb>:
100059c0:	4770      	bx	lr
100059c2:	46c0      	nop			@ (mov r8, r8)

100059c4 <tud_resume_cb>:
100059c4:	4770      	bx	lr
100059c6:	46c0      	nop			@ (mov r8, r8)

100059c8 <tud_mounted>:
100059c8:	4b02      	ldr	r3, [pc, #8]	@ (100059d4 <tud_mounted+0xc>)
100059ca:	7858      	ldrb	r0, [r3, #1]
100059cc:	1e43      	subs	r3, r0, #1
100059ce:	4198      	sbcs	r0, r3
100059d0:	b2c0      	uxtb	r0, r0
100059d2:	4770      	bx	lr
100059d4:	200015e0 	.word	0x200015e0

100059d8 <tud_suspended>:
100059d8:	4b02      	ldr	r3, [pc, #8]	@ (100059e4 <tud_suspended+0xc>)
100059da:	7818      	ldrb	r0, [r3, #0]
100059dc:	0740      	lsls	r0, r0, #29
100059de:	0fc0      	lsrs	r0, r0, #31
100059e0:	4770      	bx	lr
100059e2:	46c0      	nop			@ (mov r8, r8)
100059e4:	200015e0 	.word	0x200015e0

100059e8 <tud_rhport_init>:
100059e8:	b5f0      	push	{r4, r5, r6, r7, lr}
100059ea:	46d6      	mov	lr, sl
100059ec:	464f      	mov	r7, r9
100059ee:	4646      	mov	r6, r8
100059f0:	b5c0      	push	{r6, r7, lr}
100059f2:	4b2f      	ldr	r3, [pc, #188]	@ (10005ab0 <tud_rhport_init+0xc8>)
100059f4:	0007      	movs	r7, r0
100059f6:	469a      	mov	sl, r3
100059f8:	781b      	ldrb	r3, [r3, #0]
100059fa:	000e      	movs	r6, r1
100059fc:	2bff      	cmp	r3, #255	@ 0xff
100059fe:	d001      	beq.n	10005a04 <tud_rhport_init+0x1c>
10005a00:	2001      	movs	r0, #1
10005a02:	e041      	b.n	10005a88 <tud_rhport_init+0xa0>
10005a04:	2900      	cmp	r1, #0
10005a06:	d03e      	beq.n	10005a86 <tud_rhport_init+0x9e>
10005a08:	2100      	movs	r1, #0
10005a0a:	2254      	movs	r2, #84	@ 0x54
10005a0c:	4829      	ldr	r0, [pc, #164]	@ (10005ab4 <tud_rhport_init+0xcc>)
10005a0e:	f7fd fc91 	bl	10003334 <__wrap_memset>
10005a12:	2200      	movs	r2, #0
10005a14:	4c28      	ldr	r4, [pc, #160]	@ (10005ab8 <tud_rhport_init+0xd0>)
10005a16:	4b29      	ldr	r3, [pc, #164]	@ (10005abc <tud_rhport_init+0xd4>)
10005a18:	0020      	movs	r0, r4
10005a1a:	701a      	strb	r2, [r3, #0]
10005a1c:	f7fb fdb8 	bl	10001590 <mutex_init>
10005a20:	4b27      	ldr	r3, [pc, #156]	@ (10005ac0 <tud_rhport_init+0xd8>)
10005a22:	601c      	str	r4, [r3, #0]
10005a24:	4c27      	ldr	r4, [pc, #156]	@ (10005ac4 <tud_rhport_init+0xdc>)
10005a26:	0020      	movs	r0, r4
10005a28:	3c14      	subs	r4, #20
10005a2a:	f7fb fdbf 	bl	100015ac <critical_section_init>
10005a2e:	0020      	movs	r0, r4
10005a30:	f001 fbb6 	bl	100071a0 <tu_fifo_clear>
10005a34:	4b24      	ldr	r3, [pc, #144]	@ (10005ac8 <tud_rhport_init+0xe0>)
10005a36:	4d25      	ldr	r5, [pc, #148]	@ (10005acc <tud_rhport_init+0xe4>)
10005a38:	601c      	str	r4, [r3, #0]
10005a3a:	4b25      	ldr	r3, [pc, #148]	@ (10005ad0 <tud_rhport_init+0xe8>)
10005a3c:	2b00      	cmp	r3, #0
10005a3e:	d028      	beq.n	10005a92 <tud_rhport_init+0xaa>
10005a40:	0028      	movs	r0, r5
10005a42:	f7ff fe1d 	bl	10005680 <usbd_app_driver_get_cb>
10005a46:	4b23      	ldr	r3, [pc, #140]	@ (10005ad4 <tud_rhport_init+0xec>)
10005a48:	6018      	str	r0, [r3, #0]
10005a4a:	782b      	ldrb	r3, [r5, #0]
10005a4c:	4a22      	ldr	r2, [pc, #136]	@ (10005ad8 <tud_rhport_init+0xf0>)
10005a4e:	2400      	movs	r4, #0
10005a50:	4691      	mov	r9, r2
10005a52:	4a20      	ldr	r2, [pc, #128]	@ (10005ad4 <tud_rhport_init+0xec>)
10005a54:	4690      	mov	r8, r2
10005a56:	e00e      	b.n	10005a76 <tud_rhport_init+0x8e>
10005a58:	4643      	mov	r3, r8
10005a5a:	681b      	ldr	r3, [r3, #0]
10005a5c:	0162      	lsls	r2, r4, #5
10005a5e:	189b      	adds	r3, r3, r2
10005a60:	2b00      	cmp	r3, #0
10005a62:	d010      	beq.n	10005a86 <tud_rhport_init+0x9e>
10005a64:	685b      	ldr	r3, [r3, #4]
10005a66:	2b00      	cmp	r3, #0
10005a68:	d00d      	beq.n	10005a86 <tud_rhport_init+0x9e>
10005a6a:	4798      	blx	r3
10005a6c:	3401      	adds	r4, #1
10005a6e:	782b      	ldrb	r3, [r5, #0]
10005a70:	b2e4      	uxtb	r4, r4
10005a72:	42a3      	cmp	r3, r4
10005a74:	d30f      	bcc.n	10005a96 <tud_rhport_init+0xae>
10005a76:	42a3      	cmp	r3, r4
10005a78:	d8ee      	bhi.n	10005a58 <tud_rhport_init+0x70>
10005a7a:	1ae3      	subs	r3, r4, r3
10005a7c:	015b      	lsls	r3, r3, #5
10005a7e:	444b      	add	r3, r9
10005a80:	685b      	ldr	r3, [r3, #4]
10005a82:	2b00      	cmp	r3, #0
10005a84:	d1f1      	bne.n	10005a6a <tud_rhport_init+0x82>
10005a86:	2000      	movs	r0, #0
10005a88:	bce0      	pop	{r5, r6, r7}
10005a8a:	46ba      	mov	sl, r7
10005a8c:	46b1      	mov	r9, r6
10005a8e:	46a8      	mov	r8, r5
10005a90:	bdf0      	pop	{r4, r5, r6, r7, pc}
10005a92:	782b      	ldrb	r3, [r5, #0]
10005a94:	e7da      	b.n	10005a4c <tud_rhport_init+0x64>
10005a96:	4653      	mov	r3, sl
10005a98:	0031      	movs	r1, r6
10005a9a:	0038      	movs	r0, r7
10005a9c:	701f      	strb	r7, [r3, #0]
10005a9e:	f7ff fe0b 	bl	100056b8 <dcd_init>
10005aa2:	2800      	cmp	r0, #0
10005aa4:	d0ef      	beq.n	10005a86 <tud_rhport_init+0x9e>
10005aa6:	0038      	movs	r0, r7
10005aa8:	f7ff fe4e 	bl	10005748 <dcd_int_enable>
10005aac:	2001      	movs	r0, #1
10005aae:	e7eb      	b.n	10005a88 <tud_rhport_init+0xa0>
10005ab0:	20001034 	.word	0x20001034
10005ab4:	200015e0 	.word	0x200015e0
10005ab8:	200015d8 	.word	0x200015d8
10005abc:	2002207a 	.word	0x2002207a
10005ac0:	20001634 	.word	0x20001634
10005ac4:	2000102c 	.word	0x2000102c
10005ac8:	20001638 	.word	0x20001638
10005acc:	20022078 	.word	0x20022078
10005ad0:	10005681 	.word	0x10005681
10005ad4:	20001430 	.word	0x20001430
10005ad8:	1000afbc 	.word	0x1000afbc

10005adc <tud_task_ext>:
10005adc:	b5f0      	push	{r4, r5, r6, r7, lr}
10005ade:	46de      	mov	lr, fp
10005ae0:	4657      	mov	r7, sl
10005ae2:	464e      	mov	r6, r9
10005ae4:	4645      	mov	r5, r8
10005ae6:	b5e0      	push	{r5, r6, r7, lr}
10005ae8:	4bc9      	ldr	r3, [pc, #804]	@ (10005e10 <tud_task_ext+0x334>)
10005aea:	b091      	sub	sp, #68	@ 0x44
10005aec:	9303      	str	r3, [sp, #12]
10005aee:	781b      	ldrb	r3, [r3, #0]
10005af0:	2bff      	cmp	r3, #255	@ 0xff
10005af2:	d100      	bne.n	10005af6 <tud_task_ext+0x1a>
10005af4:	e145      	b.n	10005d82 <tud_task_ext+0x2a6>
10005af6:	4bc7      	ldr	r3, [pc, #796]	@ (10005e14 <tud_task_ext+0x338>)
10005af8:	4ec7      	ldr	r6, [pc, #796]	@ (10005e18 <tud_task_ext+0x33c>)
10005afa:	469b      	mov	fp, r3
10005afc:	465f      	mov	r7, fp
10005afe:	4bc7      	ldr	r3, [pc, #796]	@ (10005e1c <tud_task_ext+0x340>)
10005b00:	ac0d      	add	r4, sp, #52	@ 0x34
10005b02:	9302      	str	r3, [sp, #8]
10005b04:	4bc6      	ldr	r3, [pc, #792]	@ (10005e20 <tud_task_ext+0x344>)
10005b06:	9301      	str	r3, [sp, #4]
10005b08:	6835      	ldr	r5, [r6, #0]
10005b0a:	696a      	ldr	r2, [r5, #20]
10005b0c:	f3ef 8110 	mrs	r1, PRIMASK
10005b10:	b672      	cpsid	i
10005b12:	6813      	ldr	r3, [r2, #0]
10005b14:	2b00      	cmp	r3, #0
10005b16:	d0fc      	beq.n	10005b12 <tud_task_ext+0x36>
10005b18:	f3bf 8f5f 	dmb	sy
10005b1c:	61a9      	str	r1, [r5, #24]
10005b1e:	0028      	movs	r0, r5
10005b20:	0021      	movs	r1, r4
10005b22:	f001 f96b 	bl	10006dfc <tu_fifo_read>
10005b26:	696a      	ldr	r2, [r5, #20]
10005b28:	69ab      	ldr	r3, [r5, #24]
10005b2a:	f3bf 8f5f 	dmb	sy
10005b2e:	2100      	movs	r1, #0
10005b30:	6011      	str	r1, [r2, #0]
10005b32:	f383 8810 	msr	PRIMASK, r3
10005b36:	2800      	cmp	r0, #0
10005b38:	d100      	bne.n	10005b3c <tud_task_ext+0x60>
10005b3a:	e122      	b.n	10005d82 <tud_task_ext+0x2a6>
10005b3c:	7863      	ldrb	r3, [r4, #1]
10005b3e:	2b08      	cmp	r3, #8
10005b40:	d8e2      	bhi.n	10005b08 <tud_task_ext+0x2c>
10005b42:	009b      	lsls	r3, r3, #2
10005b44:	58fb      	ldr	r3, [r7, r3]
10005b46:	469f      	mov	pc, r3
10005b48:	6863      	ldr	r3, [r4, #4]
10005b4a:	2b00      	cmp	r3, #0
10005b4c:	d0dc      	beq.n	10005b08 <tud_task_ext+0x2c>
10005b4e:	68a0      	ldr	r0, [r4, #8]
10005b50:	4798      	blx	r3
10005b52:	e7d9      	b.n	10005b08 <tud_task_ext+0x2c>
10005b54:	227f      	movs	r2, #127	@ 0x7f
10005b56:	7921      	ldrb	r1, [r4, #4]
10005b58:	4db0      	ldr	r5, [pc, #704]	@ (10005e1c <tud_task_ext+0x340>)
10005b5a:	400a      	ands	r2, r1
10005b5c:	0053      	lsls	r3, r2, #1
10005b5e:	18eb      	adds	r3, r5, r3
10005b60:	4698      	mov	r8, r3
10005b62:	09c8      	lsrs	r0, r1, #7
10005b64:	4480      	add	r8, r0
10005b66:	4640      	mov	r0, r8
10005b68:	2301      	movs	r3, #1
10005b6a:	3030      	adds	r0, #48	@ 0x30
10005b6c:	7905      	ldrb	r5, [r0, #4]
10005b6e:	439d      	bics	r5, r3
10005b70:	7105      	strb	r5, [r0, #4]
10005b72:	7905      	ldrb	r5, [r0, #4]
10005b74:	3303      	adds	r3, #3
10005b76:	439d      	bics	r5, r3
10005b78:	7105      	strb	r5, [r0, #4]
10005b7a:	2a00      	cmp	r2, #0
10005b7c:	d100      	bne.n	10005b80 <tud_task_ext+0xa4>
10005b7e:	e107      	b.n	10005d90 <tud_task_ext+0x2b4>
10005b80:	4643      	mov	r3, r8
10005b82:	4aa8      	ldr	r2, [pc, #672]	@ (10005e24 <tud_task_ext+0x348>)
10005b84:	7d1b      	ldrb	r3, [r3, #20]
10005b86:	7812      	ldrb	r2, [r2, #0]
10005b88:	4293      	cmp	r3, r2
10005b8a:	d300      	bcc.n	10005b8e <tud_task_ext+0xb2>
10005b8c:	e0f7      	b.n	10005d7e <tud_task_ext+0x2a2>
10005b8e:	4aa6      	ldr	r2, [pc, #664]	@ (10005e28 <tud_task_ext+0x34c>)
10005b90:	015b      	lsls	r3, r3, #5
10005b92:	6815      	ldr	r5, [r2, #0]
10005b94:	18ed      	adds	r5, r5, r3
10005b96:	2d00      	cmp	r5, #0
10005b98:	d100      	bne.n	10005b9c <tud_task_ext+0xc0>
10005b9a:	e0f2      	b.n	10005d82 <tud_task_ext+0x2a6>
10005b9c:	68a3      	ldr	r3, [r4, #8]
10005b9e:	7962      	ldrb	r2, [r4, #5]
10005ba0:	7820      	ldrb	r0, [r4, #0]
10005ba2:	69ad      	ldr	r5, [r5, #24]
10005ba4:	47a8      	blx	r5
10005ba6:	e7af      	b.n	10005b08 <tud_task_ext+0x2c>
10005ba8:	4aa0      	ldr	r2, [pc, #640]	@ (10005e2c <tud_task_ext+0x350>)
10005baa:	7813      	ldrb	r3, [r2, #0]
10005bac:	2b00      	cmp	r3, #0
10005bae:	d100      	bne.n	10005bb2 <tud_task_ext+0xd6>
10005bb0:	e0e7      	b.n	10005d82 <tud_task_ext+0x2a6>
10005bb2:	7813      	ldrb	r3, [r2, #0]
10005bb4:	3b01      	subs	r3, #1
10005bb6:	b2db      	uxtb	r3, r3
10005bb8:	7013      	strb	r3, [r2, #0]
10005bba:	7813      	ldrb	r3, [r2, #0]
10005bbc:	2b00      	cmp	r3, #0
10005bbe:	d1a3      	bne.n	10005b08 <tud_task_ext+0x2c>
10005bc0:	2201      	movs	r2, #1
10005bc2:	4d96      	ldr	r5, [pc, #600]	@ (10005e1c <tud_task_ext+0x340>)
10005bc4:	2101      	movs	r1, #1
10005bc6:	782b      	ldrb	r3, [r5, #0]
10005bc8:	2004      	movs	r0, #4
10005bca:	4313      	orrs	r3, r2
10005bcc:	702b      	strb	r3, [r5, #0]
10005bce:	2334      	movs	r3, #52	@ 0x34
10005bd0:	5cea      	ldrb	r2, [r5, r3]
10005bd2:	438a      	bics	r2, r1
10005bd4:	54ea      	strb	r2, [r5, r3]
10005bd6:	5cea      	ldrb	r2, [r5, r3]
10005bd8:	4382      	bics	r2, r0
10005bda:	54ea      	strb	r2, [r5, r3]
10005bdc:	3301      	adds	r3, #1
10005bde:	5cea      	ldrb	r2, [r5, r3]
10005be0:	438a      	bics	r2, r1
10005be2:	54ea      	strb	r2, [r5, r3]
10005be4:	5cea      	ldrb	r2, [r5, r3]
10005be6:	4382      	bics	r2, r0
10005be8:	54ea      	strb	r2, [r5, r3]
10005bea:	7823      	ldrb	r3, [r4, #0]
10005bec:	2000      	movs	r0, #0
10005bee:	469b      	mov	fp, r3
10005bf0:	f000 fc8c 	bl	1000650c <usbd_control_set_complete_callback>
10005bf4:	2260      	movs	r2, #96	@ 0x60
10005bf6:	7923      	ldrb	r3, [r4, #4]
10005bf8:	401a      	ands	r2, r3
10005bfa:	2a60      	cmp	r2, #96	@ 0x60
10005bfc:	d100      	bne.n	10005c00 <tud_task_ext+0x124>
10005bfe:	e0f2      	b.n	10005de6 <tud_task_ext+0x30a>
10005c00:	2a40      	cmp	r2, #64	@ 0x40
10005c02:	d100      	bne.n	10005c06 <tud_task_ext+0x12a>
10005c04:	e0f8      	b.n	10005df8 <tud_task_ext+0x31c>
10005c06:	06db      	lsls	r3, r3, #27
10005c08:	0edb      	lsrs	r3, r3, #27
10005c0a:	2b01      	cmp	r3, #1
10005c0c:	d100      	bne.n	10005c10 <tud_task_ext+0x134>
10005c0e:	e115      	b.n	10005e3c <tud_task_ext+0x360>
10005c10:	2b02      	cmp	r3, #2
10005c12:	d100      	bne.n	10005c16 <tud_task_ext+0x13a>
10005c14:	e0cb      	b.n	10005dae <tud_task_ext+0x2d2>
10005c16:	2b00      	cmp	r3, #0
10005c18:	d000      	beq.n	10005c1c <tud_task_ext+0x140>
10005c1a:	e0e4      	b.n	10005de6 <tud_task_ext+0x30a>
10005c1c:	2a20      	cmp	r2, #32
10005c1e:	d100      	bne.n	10005c22 <tud_task_ext+0x146>
10005c20:	e20f      	b.n	10006042 <tud_task_ext+0x566>
10005c22:	2a00      	cmp	r2, #0
10005c24:	d000      	beq.n	10005c28 <tud_task_ext+0x14c>
10005c26:	e0de      	b.n	10005de6 <tud_task_ext+0x30a>
10005c28:	7963      	ldrb	r3, [r4, #5]
10005c2a:	2b09      	cmp	r3, #9
10005c2c:	d900      	bls.n	10005c30 <tud_task_ext+0x154>
10005c2e:	e0da      	b.n	10005de6 <tud_task_ext+0x30a>
10005c30:	4a7f      	ldr	r2, [pc, #508]	@ (10005e30 <tud_task_ext+0x354>)
10005c32:	009b      	lsls	r3, r3, #2
10005c34:	58d3      	ldr	r3, [r2, r3]
10005c36:	469f      	mov	pc, r3
10005c38:	4d78      	ldr	r5, [pc, #480]	@ (10005e1c <tud_task_ext+0x340>)
10005c3a:	782b      	ldrb	r3, [r5, #0]
10005c3c:	07db      	lsls	r3, r3, #31
10005c3e:	d400      	bmi.n	10005c42 <tud_task_ext+0x166>
10005c40:	e762      	b.n	10005b08 <tud_task_ext+0x2c>
10005c42:	f7ff febf 	bl	100059c4 <tud_resume_cb>
10005c46:	e75f      	b.n	10005b08 <tud_task_ext+0x2c>
10005c48:	9b02      	ldr	r3, [sp, #8]
10005c4a:	78db      	ldrb	r3, [r3, #3]
10005c4c:	07db      	lsls	r3, r3, #31
10005c4e:	d400      	bmi.n	10005c52 <tud_task_ext+0x176>
10005c50:	e75a      	b.n	10005b08 <tud_task_ext+0x2c>
10005c52:	6860      	ldr	r0, [r4, #4]
10005c54:	f7ff feaa 	bl	100059ac <tud_sof_cb>
10005c58:	e756      	b.n	10005b08 <tud_task_ext+0x2c>
10005c5a:	4d70      	ldr	r5, [pc, #448]	@ (10005e1c <tud_task_ext+0x340>)
10005c5c:	782b      	ldrb	r3, [r5, #0]
10005c5e:	07db      	lsls	r3, r3, #31
10005c60:	d400      	bmi.n	10005c64 <tud_task_ext+0x188>
10005c62:	e751      	b.n	10005b08 <tud_task_ext+0x2c>
10005c64:	7828      	ldrb	r0, [r5, #0]
10005c66:	0700      	lsls	r0, r0, #28
10005c68:	0fc0      	lsrs	r0, r0, #31
10005c6a:	f7ff fea9 	bl	100059c0 <tud_suspend_cb>
10005c6e:	e74b      	b.n	10005b08 <tud_task_ext+0x2c>
10005c70:	7823      	ldrb	r3, [r4, #0]
10005c72:	4a6b      	ldr	r2, [pc, #428]	@ (10005e20 <tud_task_ext+0x344>)
10005c74:	4699      	mov	r9, r3
10005c76:	4693      	mov	fp, r2
10005c78:	4b6a      	ldr	r3, [pc, #424]	@ (10005e24 <tud_task_ext+0x348>)
10005c7a:	4a6b      	ldr	r2, [pc, #428]	@ (10005e28 <tud_task_ext+0x34c>)
10005c7c:	4698      	mov	r8, r3
10005c7e:	4692      	mov	sl, r2
10005c80:	003a      	movs	r2, r7
10005c82:	2500      	movs	r5, #0
10005c84:	4647      	mov	r7, r8
10005c86:	781b      	ldrb	r3, [r3, #0]
10005c88:	46b0      	mov	r8, r6
10005c8a:	464e      	mov	r6, r9
10005c8c:	4691      	mov	r9, r2
10005c8e:	e00e      	b.n	10005cae <tud_task_ext+0x1d2>
10005c90:	4653      	mov	r3, sl
10005c92:	681b      	ldr	r3, [r3, #0]
10005c94:	016a      	lsls	r2, r5, #5
10005c96:	189b      	adds	r3, r3, r2
10005c98:	2b00      	cmp	r3, #0
10005c9a:	d100      	bne.n	10005c9e <tud_task_ext+0x1c2>
10005c9c:	e07e      	b.n	10005d9c <tud_task_ext+0x2c0>
10005c9e:	68db      	ldr	r3, [r3, #12]
10005ca0:	0030      	movs	r0, r6
10005ca2:	4798      	blx	r3
10005ca4:	3501      	adds	r5, #1
10005ca6:	783b      	ldrb	r3, [r7, #0]
10005ca8:	b2ed      	uxtb	r5, r5
10005caa:	42ab      	cmp	r3, r5
10005cac:	d30c      	bcc.n	10005cc8 <tud_task_ext+0x1ec>
10005cae:	42ab      	cmp	r3, r5
10005cb0:	d8ee      	bhi.n	10005c90 <tud_task_ext+0x1b4>
10005cb2:	1aeb      	subs	r3, r5, r3
10005cb4:	015b      	lsls	r3, r3, #5
10005cb6:	445b      	add	r3, fp
10005cb8:	68db      	ldr	r3, [r3, #12]
10005cba:	0030      	movs	r0, r6
10005cbc:	4798      	blx	r3
10005cbe:	3501      	adds	r5, #1
10005cc0:	783b      	ldrb	r3, [r7, #0]
10005cc2:	b2ed      	uxtb	r5, r5
10005cc4:	42ab      	cmp	r3, r5
10005cc6:	d2f2      	bcs.n	10005cae <tud_task_ext+0x1d2>
10005cc8:	4d54      	ldr	r5, [pc, #336]	@ (10005e1c <tud_task_ext+0x340>)
10005cca:	2254      	movs	r2, #84	@ 0x54
10005ccc:	2100      	movs	r1, #0
10005cce:	0028      	movs	r0, r5
10005cd0:	f7fd fb30 	bl	10003334 <__wrap_memset>
10005cd4:	2210      	movs	r2, #16
10005cd6:	21ff      	movs	r1, #255	@ 0xff
10005cd8:	1d28      	adds	r0, r5, #4
10005cda:	f7fd fb2b 	bl	10003334 <__wrap_memset>
10005cde:	0028      	movs	r0, r5
10005ce0:	2220      	movs	r2, #32
10005ce2:	21ff      	movs	r1, #255	@ 0xff
10005ce4:	3014      	adds	r0, #20
10005ce6:	4646      	mov	r6, r8
10005ce8:	464f      	mov	r7, r9
10005cea:	f7fd fb23 	bl	10003334 <__wrap_memset>
10005cee:	f000 fc03 	bl	100064f8 <usbd_control_reset>
10005cf2:	7923      	ldrb	r3, [r4, #4]
10005cf4:	70ab      	strb	r3, [r5, #2]
10005cf6:	e707      	b.n	10005b08 <tud_task_ext+0x2c>
10005cf8:	7823      	ldrb	r3, [r4, #0]
10005cfa:	4a4b      	ldr	r2, [pc, #300]	@ (10005e28 <tud_task_ext+0x34c>)
10005cfc:	4699      	mov	r9, r3
10005cfe:	4b49      	ldr	r3, [pc, #292]	@ (10005e24 <tud_task_ext+0x348>)
10005d00:	4692      	mov	sl, r2
10005d02:	4698      	mov	r8, r3
10005d04:	0032      	movs	r2, r6
10005d06:	46bb      	mov	fp, r7
10005d08:	464e      	mov	r6, r9
10005d0a:	2500      	movs	r5, #0
10005d0c:	4647      	mov	r7, r8
10005d0e:	4691      	mov	r9, r2
10005d10:	781b      	ldrb	r3, [r3, #0]
10005d12:	e00d      	b.n	10005d30 <tud_task_ext+0x254>
10005d14:	4653      	mov	r3, sl
10005d16:	681b      	ldr	r3, [r3, #0]
10005d18:	016a      	lsls	r2, r5, #5
10005d1a:	189b      	adds	r3, r3, r2
10005d1c:	2b00      	cmp	r3, #0
10005d1e:	d041      	beq.n	10005da4 <tud_task_ext+0x2c8>
10005d20:	68db      	ldr	r3, [r3, #12]
10005d22:	0030      	movs	r0, r6
10005d24:	4798      	blx	r3
10005d26:	3501      	adds	r5, #1
10005d28:	783b      	ldrb	r3, [r7, #0]
10005d2a:	b2ed      	uxtb	r5, r5
10005d2c:	42ab      	cmp	r3, r5
10005d2e:	d30e      	bcc.n	10005d4e <tud_task_ext+0x272>
10005d30:	429d      	cmp	r5, r3
10005d32:	d3ef      	bcc.n	10005d14 <tud_task_ext+0x238>
10005d34:	9a01      	ldr	r2, [sp, #4]
10005d36:	1aeb      	subs	r3, r5, r3
10005d38:	4694      	mov	ip, r2
10005d3a:	015b      	lsls	r3, r3, #5
10005d3c:	4463      	add	r3, ip
10005d3e:	68db      	ldr	r3, [r3, #12]
10005d40:	0030      	movs	r0, r6
10005d42:	4798      	blx	r3
10005d44:	3501      	adds	r5, #1
10005d46:	783b      	ldrb	r3, [r7, #0]
10005d48:	b2ed      	uxtb	r5, r5
10005d4a:	42ab      	cmp	r3, r5
10005d4c:	d2f0      	bcs.n	10005d30 <tud_task_ext+0x254>
10005d4e:	9d02      	ldr	r5, [sp, #8]
10005d50:	2254      	movs	r2, #84	@ 0x54
10005d52:	2100      	movs	r1, #0
10005d54:	0028      	movs	r0, r5
10005d56:	f7fd faed 	bl	10003334 <__wrap_memset>
10005d5a:	2210      	movs	r2, #16
10005d5c:	21ff      	movs	r1, #255	@ 0xff
10005d5e:	4835      	ldr	r0, [pc, #212]	@ (10005e34 <tud_task_ext+0x358>)
10005d60:	f7fd fae8 	bl	10003334 <__wrap_memset>
10005d64:	0028      	movs	r0, r5
10005d66:	2220      	movs	r2, #32
10005d68:	21ff      	movs	r1, #255	@ 0xff
10005d6a:	3014      	adds	r0, #20
10005d6c:	464e      	mov	r6, r9
10005d6e:	465f      	mov	r7, fp
10005d70:	f7fd fae0 	bl	10003334 <__wrap_memset>
10005d74:	f000 fbc0 	bl	100064f8 <usbd_control_reset>
10005d78:	f7ff fe20 	bl	100059bc <tud_umount_cb>
10005d7c:	e6c4      	b.n	10005b08 <tud_task_ext+0x2c>
10005d7e:	4293      	cmp	r3, r2
10005d80:	d013      	beq.n	10005daa <tud_task_ext+0x2ce>
10005d82:	b011      	add	sp, #68	@ 0x44
10005d84:	bcf0      	pop	{r4, r5, r6, r7}
10005d86:	46bb      	mov	fp, r7
10005d88:	46b2      	mov	sl, r6
10005d8a:	46a9      	mov	r9, r5
10005d8c:	46a0      	mov	r8, r4
10005d8e:	bdf0      	pop	{r4, r5, r6, r7, pc}
10005d90:	68a3      	ldr	r3, [r4, #8]
10005d92:	7962      	ldrb	r2, [r4, #5]
10005d94:	7820      	ldrb	r0, [r4, #0]
10005d96:	f000 fbcd 	bl	10006534 <usbd_control_xfer_cb>
10005d9a:	e6b5      	b.n	10005b08 <tud_task_ext+0x2c>
10005d9c:	4646      	mov	r6, r8
10005d9e:	464f      	mov	r7, r9
10005da0:	4d1e      	ldr	r5, [pc, #120]	@ (10005e1c <tud_task_ext+0x340>)
10005da2:	e7a4      	b.n	10005cee <tud_task_ext+0x212>
10005da4:	464e      	mov	r6, r9
10005da6:	465f      	mov	r7, fp
10005da8:	e7e4      	b.n	10005d74 <tud_task_ext+0x298>
10005daa:	4d1d      	ldr	r5, [pc, #116]	@ (10005e20 <tud_task_ext+0x344>)
10005dac:	e6f6      	b.n	10005b9c <tud_task_ext+0xc0>
10005dae:	2370      	movs	r3, #112	@ 0x70
10005db0:	7a21      	ldrb	r1, [r4, #8]
10005db2:	420b      	tst	r3, r1
10005db4:	d117      	bne.n	10005de6 <tud_task_ext+0x30a>
10005db6:	09c8      	lsrs	r0, r1, #7
10005db8:	4682      	mov	sl, r0
10005dba:	330f      	adds	r3, #15
10005dbc:	400b      	ands	r3, r1
10005dbe:	005b      	lsls	r3, r3, #1
10005dc0:	4698      	mov	r8, r3
10005dc2:	4818      	ldr	r0, [pc, #96]	@ (10005e24 <tud_task_ext+0x348>)
10005dc4:	18eb      	adds	r3, r5, r3
10005dc6:	4453      	add	r3, sl
10005dc8:	7d1b      	ldrb	r3, [r3, #20]
10005dca:	7800      	ldrb	r0, [r0, #0]
10005dcc:	4283      	cmp	r3, r0
10005dce:	d260      	bcs.n	10005e92 <tud_task_ext+0x3b6>
10005dd0:	4815      	ldr	r0, [pc, #84]	@ (10005e28 <tud_task_ext+0x34c>)
10005dd2:	015b      	lsls	r3, r3, #5
10005dd4:	6800      	ldr	r0, [r0, #0]
10005dd6:	4681      	mov	r9, r0
10005dd8:	4499      	add	r9, r3
10005dda:	2a00      	cmp	r2, #0
10005ddc:	d100      	bne.n	10005de0 <tud_task_ext+0x304>
10005dde:	e14f      	b.n	10006080 <tud_task_ext+0x5a4>
10005de0:	464b      	mov	r3, r9
10005de2:	2b00      	cmp	r3, #0
10005de4:	d15d      	bne.n	10005ea2 <tud_task_ext+0x3c6>
10005de6:	7820      	ldrb	r0, [r4, #0]
10005de8:	2100      	movs	r1, #0
10005dea:	f7ff fd6b 	bl	100058c4 <dcd_edpt_stall>
10005dee:	2180      	movs	r1, #128	@ 0x80
10005df0:	7820      	ldrb	r0, [r4, #0]
10005df2:	f7ff fd67 	bl	100058c4 <dcd_edpt_stall>
10005df6:	e687      	b.n	10005b08 <tud_task_ext+0x2c>
10005df8:	480f      	ldr	r0, [pc, #60]	@ (10005e38 <tud_task_ext+0x35c>)
10005dfa:	f000 fb87 	bl	1000650c <usbd_control_set_complete_callback>
10005dfe:	2101      	movs	r1, #1
10005e00:	4658      	mov	r0, fp
10005e02:	aa0e      	add	r2, sp, #56	@ 0x38
10005e04:	f7ff fc22 	bl	1000564c <tud_vendor_control_xfer_cb>
10005e08:	2800      	cmp	r0, #0
10005e0a:	d000      	beq.n	10005e0e <tud_task_ext+0x332>
10005e0c:	e67c      	b.n	10005b08 <tud_task_ext+0x2c>
10005e0e:	e7ea      	b.n	10005de6 <tud_task_ext+0x30a>
10005e10:	20001034 	.word	0x20001034
10005e14:	1000af14 	.word	0x1000af14
10005e18:	20001638 	.word	0x20001638
10005e1c:	200015e0 	.word	0x200015e0
10005e20:	1000afbc 	.word	0x1000afbc
10005e24:	20022078 	.word	0x20022078
10005e28:	20001430 	.word	0x20001430
10005e2c:	2002207a 	.word	0x2002207a
10005e30:	1000af38 	.word	0x1000af38
10005e34:	200015e4 	.word	0x200015e4
10005e38:	1000564d 	.word	0x1000564d
10005e3c:	7a23      	ldrb	r3, [r4, #8]
10005e3e:	2b0f      	cmp	r3, #15
10005e40:	d8d1      	bhi.n	10005de6 <tud_task_ext+0x30a>
10005e42:	4ad6      	ldr	r2, [pc, #856]	@ (1000619c <tud_task_ext+0x6c0>)
10005e44:	18eb      	adds	r3, r5, r3
10005e46:	791b      	ldrb	r3, [r3, #4]
10005e48:	7812      	ldrb	r2, [r2, #0]
10005e4a:	4293      	cmp	r3, r2
10005e4c:	d334      	bcc.n	10005eb8 <tud_task_ext+0x3dc>
10005e4e:	d1ca      	bne.n	10005de6 <tud_task_ext+0x30a>
10005e50:	4dd3      	ldr	r5, [pc, #844]	@ (100061a0 <tud_task_ext+0x6c4>)
10005e52:	6968      	ldr	r0, [r5, #20]
10005e54:	f000 fb5a 	bl	1000650c <usbd_control_set_complete_callback>
10005e58:	2101      	movs	r1, #1
10005e5a:	4658      	mov	r0, fp
10005e5c:	696b      	ldr	r3, [r5, #20]
10005e5e:	aa0e      	add	r2, sp, #56	@ 0x38
10005e60:	4798      	blx	r3
10005e62:	2800      	cmp	r0, #0
10005e64:	d000      	beq.n	10005e68 <tud_task_ext+0x38c>
10005e66:	e64f      	b.n	10005b08 <tud_task_ext+0x2c>
10005e68:	2260      	movs	r2, #96	@ 0x60
10005e6a:	0015      	movs	r5, r2
10005e6c:	7923      	ldrb	r3, [r4, #4]
10005e6e:	401d      	ands	r5, r3
10005e70:	421a      	tst	r2, r3
10005e72:	d1b8      	bne.n	10005de6 <tud_task_ext+0x30a>
10005e74:	7963      	ldrb	r3, [r4, #5]
10005e76:	3b0a      	subs	r3, #10
10005e78:	2b01      	cmp	r3, #1
10005e7a:	d8b4      	bhi.n	10005de6 <tud_task_ext+0x30a>
10005e7c:	f000 fb46 	bl	1000650c <usbd_control_set_complete_callback>
10005e80:	7963      	ldrb	r3, [r4, #5]
10005e82:	2b0a      	cmp	r3, #10
10005e84:	d100      	bne.n	10005e88 <tud_task_ext+0x3ac>
10005e86:	e17f      	b.n	10006188 <tud_task_ext+0x6ac>
10005e88:	4658      	mov	r0, fp
10005e8a:	a90e      	add	r1, sp, #56	@ 0x38
10005e8c:	f000 fac8 	bl	10006420 <tud_control_status>
10005e90:	e63a      	b.n	10005b08 <tud_task_ext+0x2c>
10005e92:	4283      	cmp	r3, r0
10005e94:	d000      	beq.n	10005e98 <tud_task_ext+0x3bc>
10005e96:	e0ee      	b.n	10006076 <tud_task_ext+0x59a>
10005e98:	4bc1      	ldr	r3, [pc, #772]	@ (100061a0 <tud_task_ext+0x6c4>)
10005e9a:	4699      	mov	r9, r3
10005e9c:	2a00      	cmp	r2, #0
10005e9e:	d100      	bne.n	10005ea2 <tud_task_ext+0x3c6>
10005ea0:	e0ee      	b.n	10006080 <tud_task_ext+0x5a4>
10005ea2:	464b      	mov	r3, r9
10005ea4:	6958      	ldr	r0, [r3, #20]
10005ea6:	f000 fb31 	bl	1000650c <usbd_control_set_complete_callback>
10005eaa:	464b      	mov	r3, r9
10005eac:	2101      	movs	r1, #1
10005eae:	4658      	mov	r0, fp
10005eb0:	695b      	ldr	r3, [r3, #20]
10005eb2:	aa0e      	add	r2, sp, #56	@ 0x38
10005eb4:	4798      	blx	r3
10005eb6:	e7a7      	b.n	10005e08 <tud_task_ext+0x32c>
10005eb8:	4aba      	ldr	r2, [pc, #744]	@ (100061a4 <tud_task_ext+0x6c8>)
10005eba:	015b      	lsls	r3, r3, #5
10005ebc:	6815      	ldr	r5, [r2, #0]
10005ebe:	18ed      	adds	r5, r5, r3
10005ec0:	2d00      	cmp	r5, #0
10005ec2:	d1c6      	bne.n	10005e52 <tud_task_ext+0x376>
10005ec4:	e78f      	b.n	10005de6 <tud_task_ext+0x30a>
10005ec6:	79a3      	ldrb	r3, [r4, #6]
10005ec8:	4699      	mov	r9, r3
10005eca:	786b      	ldrb	r3, [r5, #1]
10005ecc:	4599      	cmp	r9, r3
10005ece:	d0db      	beq.n	10005e88 <tud_task_ext+0x3ac>
10005ed0:	786b      	ldrb	r3, [r5, #1]
10005ed2:	2b00      	cmp	r3, #0
10005ed4:	d000      	beq.n	10005ed8 <tud_task_ext+0x3fc>
10005ed6:	e12a      	b.n	1000612e <tud_task_ext+0x652>
10005ed8:	464b      	mov	r3, r9
10005eda:	706b      	strb	r3, [r5, #1]
10005edc:	2b00      	cmp	r3, #0
10005ede:	d100      	bne.n	10005ee2 <tud_task_ext+0x406>
10005ee0:	e122      	b.n	10006128 <tud_task_ext+0x64c>
10005ee2:	4648      	mov	r0, r9
10005ee4:	3801      	subs	r0, #1
10005ee6:	b2c0      	uxtb	r0, r0
10005ee8:	f7ff fa24 	bl	10005334 <tud_descriptor_configuration_cb>
10005eec:	2800      	cmp	r0, #0
10005eee:	d100      	bne.n	10005ef2 <tud_task_ext+0x416>
10005ef0:	e174      	b.n	100061dc <tud_task_ext+0x700>
10005ef2:	7843      	ldrb	r3, [r0, #1]
10005ef4:	9307      	str	r3, [sp, #28]
10005ef6:	2b02      	cmp	r3, #2
10005ef8:	d000      	beq.n	10005efc <tud_task_ext+0x420>
10005efa:	e16f      	b.n	100061dc <tud_task_ext+0x700>
10005efc:	2201      	movs	r2, #1
10005efe:	79c1      	ldrb	r1, [r0, #7]
10005f00:	46b1      	mov	r9, r6
10005f02:	118b      	asrs	r3, r1, #6
10005f04:	1149      	asrs	r1, r1, #5
10005f06:	4013      	ands	r3, r2
10005f08:	400a      	ands	r2, r1
10005f0a:	2130      	movs	r1, #48	@ 0x30
10005f0c:	0112      	lsls	r2, r2, #4
10005f0e:	015b      	lsls	r3, r3, #5
10005f10:	4313      	orrs	r3, r2
10005f12:	782a      	ldrb	r2, [r5, #0]
10005f14:	46a8      	mov	r8, r5
10005f16:	438a      	bics	r2, r1
10005f18:	4313      	orrs	r3, r2
10005f1a:	702b      	strb	r3, [r5, #0]
10005f1c:	2309      	movs	r3, #9
10005f1e:	469a      	mov	sl, r3
10005f20:	4482      	add	sl, r0
10005f22:	4656      	mov	r6, sl
10005f24:	46ba      	mov	sl, r7
10005f26:	78c3      	ldrb	r3, [r0, #3]
10005f28:	7882      	ldrb	r2, [r0, #2]
10005f2a:	021b      	lsls	r3, r3, #8
10005f2c:	4313      	orrs	r3, r2
10005f2e:	18c3      	adds	r3, r0, r3
10005f30:	9305      	str	r3, [sp, #20]
10005f32:	4b9a      	ldr	r3, [pc, #616]	@ (1000619c <tud_task_ext+0x6c0>)
10005f34:	9304      	str	r3, [sp, #16]
10005f36:	4b9a      	ldr	r3, [pc, #616]	@ (100061a0 <tud_task_ext+0x6c4>)
10005f38:	9308      	str	r3, [sp, #32]
10005f3a:	4b9a      	ldr	r3, [pc, #616]	@ (100061a4 <tud_task_ext+0x6c8>)
10005f3c:	9309      	str	r3, [sp, #36]	@ 0x24
10005f3e:	4b9a      	ldr	r3, [pc, #616]	@ (100061a8 <tud_task_ext+0x6cc>)
10005f40:	930a      	str	r3, [sp, #40]	@ 0x28
10005f42:	9b05      	ldr	r3, [sp, #20]
10005f44:	42b3      	cmp	r3, r6
10005f46:	d800      	bhi.n	10005f4a <tud_task_ext+0x46e>
10005f48:	e14b      	b.n	100061e2 <tud_task_ext+0x706>
10005f4a:	7873      	ldrb	r3, [r6, #1]
10005f4c:	2201      	movs	r2, #1
10005f4e:	2b0b      	cmp	r3, #11
10005f50:	d103      	bne.n	10005f5a <tud_task_ext+0x47e>
10005f52:	7833      	ldrb	r3, [r6, #0]
10005f54:	78f2      	ldrb	r2, [r6, #3]
10005f56:	18f6      	adds	r6, r6, r3
10005f58:	7873      	ldrb	r3, [r6, #1]
10005f5a:	2b04      	cmp	r3, #4
10005f5c:	d000      	beq.n	10005f60 <tud_task_ext+0x484>
10005f5e:	e13a      	b.n	100061d6 <tud_task_ext+0x6fa>
10005f60:	9b05      	ldr	r3, [sp, #20]
10005f62:	2700      	movs	r7, #0
10005f64:	1b9b      	subs	r3, r3, r6
10005f66:	b29b      	uxth	r3, r3
10005f68:	9306      	str	r3, [sp, #24]
10005f6a:	9b04      	ldr	r3, [sp, #16]
10005f6c:	920b      	str	r2, [sp, #44]	@ 0x2c
10005f6e:	781d      	ldrb	r5, [r3, #0]
10005f70:	e019      	b.n	10005fa6 <tud_task_ext+0x4ca>
10005f72:	9a09      	ldr	r2, [sp, #36]	@ 0x24
10005f74:	017b      	lsls	r3, r7, #5
10005f76:	6815      	ldr	r5, [r2, #0]
10005f78:	18ed      	adds	r5, r5, r3
10005f7a:	2d00      	cmp	r5, #0
10005f7c:	d100      	bne.n	10005f80 <tud_task_ext+0x4a4>
10005f7e:	e12a      	b.n	100061d6 <tud_task_ext+0x6fa>
10005f80:	0031      	movs	r1, r6
10005f82:	4658      	mov	r0, fp
10005f84:	692b      	ldr	r3, [r5, #16]
10005f86:	9a06      	ldr	r2, [sp, #24]
10005f88:	4798      	blx	r3
10005f8a:	4684      	mov	ip, r0
10005f8c:	2808      	cmp	r0, #8
10005f8e:	d903      	bls.n	10005f98 <tud_task_ext+0x4bc>
10005f90:	9a06      	ldr	r2, [sp, #24]
10005f92:	4282      	cmp	r2, r0
10005f94:	d300      	bcc.n	10005f98 <tud_task_ext+0x4bc>
10005f96:	e10b      	b.n	100061b0 <tud_task_ext+0x6d4>
10005f98:	9b04      	ldr	r3, [sp, #16]
10005f9a:	3701      	adds	r7, #1
10005f9c:	781d      	ldrb	r5, [r3, #0]
10005f9e:	b2ff      	uxtb	r7, r7
10005fa0:	42bd      	cmp	r5, r7
10005fa2:	d200      	bcs.n	10005fa6 <tud_task_ext+0x4ca>
10005fa4:	e117      	b.n	100061d6 <tud_task_ext+0x6fa>
10005fa6:	42af      	cmp	r7, r5
10005fa8:	d3e3      	bcc.n	10005f72 <tud_task_ext+0x496>
10005faa:	9b08      	ldr	r3, [sp, #32]
10005fac:	1b7d      	subs	r5, r7, r5
10005fae:	469c      	mov	ip, r3
10005fb0:	016d      	lsls	r5, r5, #5
10005fb2:	4465      	add	r5, ip
10005fb4:	e7e4      	b.n	10005f80 <tud_task_ext+0x4a4>
10005fb6:	786b      	ldrb	r3, [r5, #1]
10005fb8:	aa0c      	add	r2, sp, #48	@ 0x30
10005fba:	3202      	adds	r2, #2
10005fbc:	7013      	strb	r3, [r2, #0]
10005fbe:	4658      	mov	r0, fp
10005fc0:	2301      	movs	r3, #1
10005fc2:	a90e      	add	r1, sp, #56	@ 0x38
10005fc4:	f000 fa42 	bl	1000644c <tud_control_xfer>
10005fc8:	e59e      	b.n	10005b08 <tud_task_ext+0x2c>
10005fca:	88e3      	ldrh	r3, [r4, #6]
10005fcc:	0a1a      	lsrs	r2, r3, #8
10005fce:	b2d8      	uxtb	r0, r3
10005fd0:	2a0f      	cmp	r2, #15
10005fd2:	d900      	bls.n	10005fd6 <tud_task_ext+0x4fa>
10005fd4:	e707      	b.n	10005de6 <tud_task_ext+0x30a>
10005fd6:	4975      	ldr	r1, [pc, #468]	@ (100061ac <tud_task_ext+0x6d0>)
10005fd8:	0093      	lsls	r3, r2, #2
10005fda:	58cb      	ldr	r3, [r1, r3]
10005fdc:	469f      	mov	pc, r3
10005fde:	a80e      	add	r0, sp, #56	@ 0x38
10005fe0:	f000 fa9a 	bl	10006518 <usbd_control_set_request>
10005fe4:	4658      	mov	r0, fp
10005fe6:	79a1      	ldrb	r1, [r4, #6]
10005fe8:	f7ff fbb4 	bl	10005754 <dcd_set_address>
10005fec:	2202      	movs	r2, #2
10005fee:	782b      	ldrb	r3, [r5, #0]
10005ff0:	4313      	orrs	r3, r2
10005ff2:	702b      	strb	r3, [r5, #0]
10005ff4:	e588      	b.n	10005b08 <tud_task_ext+0x2c>
10005ff6:	88e3      	ldrh	r3, [r4, #6]
10005ff8:	2b01      	cmp	r3, #1
10005ffa:	d000      	beq.n	10005ffe <tud_task_ext+0x522>
10005ffc:	e6f3      	b.n	10005de6 <tud_task_ext+0x30a>
10005ffe:	2208      	movs	r2, #8
10006000:	782b      	ldrb	r3, [r5, #0]
10006002:	4658      	mov	r0, fp
10006004:	4393      	bics	r3, r2
10006006:	a90e      	add	r1, sp, #56	@ 0x38
10006008:	702b      	strb	r3, [r5, #0]
1000600a:	f000 fa09 	bl	10006420 <tud_control_status>
1000600e:	e57b      	b.n	10005b08 <tud_task_ext+0x2c>
10006010:	2002      	movs	r0, #2
10006012:	7829      	ldrb	r1, [r5, #0]
10006014:	ab0c      	add	r3, sp, #48	@ 0x30
10006016:	1c9a      	adds	r2, r3, #2
10006018:	068b      	lsls	r3, r1, #26
1000601a:	0889      	lsrs	r1, r1, #2
1000601c:	0fdb      	lsrs	r3, r3, #31
1000601e:	4001      	ands	r1, r0
10006020:	430b      	orrs	r3, r1
10006022:	8013      	strh	r3, [r2, #0]
10006024:	4658      	mov	r0, fp
10006026:	2302      	movs	r3, #2
10006028:	a90e      	add	r1, sp, #56	@ 0x38
1000602a:	f000 fa0f 	bl	1000644c <tud_control_xfer>
1000602e:	e56b      	b.n	10005b08 <tud_task_ext+0x2c>
10006030:	88e3      	ldrh	r3, [r4, #6]
10006032:	2b01      	cmp	r3, #1
10006034:	d000      	beq.n	10006038 <tud_task_ext+0x55c>
10006036:	e6d6      	b.n	10005de6 <tud_task_ext+0x30a>
10006038:	2208      	movs	r2, #8
1000603a:	782b      	ldrb	r3, [r5, #0]
1000603c:	4313      	orrs	r3, r2
1000603e:	702b      	strb	r3, [r5, #0]
10006040:	e722      	b.n	10005e88 <tud_task_ext+0x3ac>
10006042:	7a23      	ldrb	r3, [r4, #8]
10006044:	2b0f      	cmp	r3, #15
10006046:	d900      	bls.n	1000604a <tud_task_ext+0x56e>
10006048:	e6cd      	b.n	10005de6 <tud_task_ext+0x30a>
1000604a:	4a54      	ldr	r2, [pc, #336]	@ (1000619c <tud_task_ext+0x6c0>)
1000604c:	18eb      	adds	r3, r5, r3
1000604e:	791b      	ldrb	r3, [r3, #4]
10006050:	7812      	ldrb	r2, [r2, #0]
10006052:	4293      	cmp	r3, r2
10006054:	d228      	bcs.n	100060a8 <tud_task_ext+0x5cc>
10006056:	4a53      	ldr	r2, [pc, #332]	@ (100061a4 <tud_task_ext+0x6c8>)
10006058:	015b      	lsls	r3, r3, #5
1000605a:	6815      	ldr	r5, [r2, #0]
1000605c:	18ed      	adds	r5, r5, r3
1000605e:	2d00      	cmp	r5, #0
10006060:	d100      	bne.n	10006064 <tud_task_ext+0x588>
10006062:	e6c0      	b.n	10005de6 <tud_task_ext+0x30a>
10006064:	6968      	ldr	r0, [r5, #20]
10006066:	f000 fa51 	bl	1000650c <usbd_control_set_complete_callback>
1000606a:	2101      	movs	r1, #1
1000606c:	4658      	mov	r0, fp
1000606e:	696b      	ldr	r3, [r5, #20]
10006070:	aa0e      	add	r2, sp, #56	@ 0x38
10006072:	4798      	blx	r3
10006074:	e6c8      	b.n	10005e08 <tud_task_ext+0x32c>
10006076:	2a00      	cmp	r2, #0
10006078:	d000      	beq.n	1000607c <tud_task_ext+0x5a0>
1000607a:	e6b4      	b.n	10005de6 <tud_task_ext+0x30a>
1000607c:	2300      	movs	r3, #0
1000607e:	4699      	mov	r9, r3
10006080:	7962      	ldrb	r2, [r4, #5]
10006082:	2002      	movs	r0, #2
10006084:	0013      	movs	r3, r2
10006086:	9204      	str	r2, [sp, #16]
10006088:	4383      	bics	r3, r0
1000608a:	2b01      	cmp	r3, #1
1000608c:	d011      	beq.n	100060b2 <tud_task_ext+0x5d6>
1000608e:	2a00      	cmp	r2, #0
10006090:	d000      	beq.n	10006094 <tud_task_ext+0x5b8>
10006092:	e6a8      	b.n	10005de6 <tud_task_ext+0x30a>
10006094:	002b      	movs	r3, r5
10006096:	4443      	add	r3, r8
10006098:	4453      	add	r3, sl
1000609a:	3330      	adds	r3, #48	@ 0x30
1000609c:	791b      	ldrb	r3, [r3, #4]
1000609e:	aa0c      	add	r2, sp, #48	@ 0x30
100060a0:	079b      	lsls	r3, r3, #30
100060a2:	0fdb      	lsrs	r3, r3, #31
100060a4:	3202      	adds	r2, #2
100060a6:	e7bc      	b.n	10006022 <tud_task_ext+0x546>
100060a8:	4293      	cmp	r3, r2
100060aa:	d000      	beq.n	100060ae <tud_task_ext+0x5d2>
100060ac:	e69b      	b.n	10005de6 <tud_task_ext+0x30a>
100060ae:	4d3c      	ldr	r5, [pc, #240]	@ (100061a0 <tud_task_ext+0x6c4>)
100060b0:	e7d8      	b.n	10006064 <tud_task_ext+0x588>
100060b2:	88e3      	ldrh	r3, [r4, #6]
100060b4:	2b00      	cmp	r3, #0
100060b6:	d112      	bne.n	100060de <tud_task_ext+0x602>
100060b8:	9b03      	ldr	r3, [sp, #12]
100060ba:	7818      	ldrb	r0, [r3, #0]
100060bc:	9b04      	ldr	r3, [sp, #16]
100060be:	2b01      	cmp	r3, #1
100060c0:	d023      	beq.n	1000610a <tud_task_ext+0x62e>
100060c2:	f7ff fbff 	bl	100058c4 <dcd_edpt_stall>
100060c6:	4643      	mov	r3, r8
100060c8:	2102      	movs	r1, #2
100060ca:	18eb      	adds	r3, r5, r3
100060cc:	4453      	add	r3, sl
100060ce:	3330      	adds	r3, #48	@ 0x30
100060d0:	791a      	ldrb	r2, [r3, #4]
100060d2:	430a      	orrs	r2, r1
100060d4:	2101      	movs	r1, #1
100060d6:	711a      	strb	r2, [r3, #4]
100060d8:	791a      	ldrb	r2, [r3, #4]
100060da:	430a      	orrs	r2, r1
100060dc:	711a      	strb	r2, [r3, #4]
100060de:	464b      	mov	r3, r9
100060e0:	2b00      	cmp	r3, #0
100060e2:	d100      	bne.n	100060e6 <tud_task_ext+0x60a>
100060e4:	e510      	b.n	10005b08 <tud_task_ext+0x2c>
100060e6:	6958      	ldr	r0, [r3, #20]
100060e8:	f000 fa10 	bl	1000650c <usbd_control_set_complete_callback>
100060ec:	464b      	mov	r3, r9
100060ee:	2101      	movs	r1, #1
100060f0:	695b      	ldr	r3, [r3, #20]
100060f2:	aa0e      	add	r2, sp, #56	@ 0x38
100060f4:	4658      	mov	r0, fp
100060f6:	4798      	blx	r3
100060f8:	2000      	movs	r0, #0
100060fa:	f000 fa07 	bl	1000650c <usbd_control_set_complete_callback>
100060fe:	2335      	movs	r3, #53	@ 0x35
10006100:	5ceb      	ldrb	r3, [r5, r3]
10006102:	07db      	lsls	r3, r3, #31
10006104:	d500      	bpl.n	10006108 <tud_task_ext+0x62c>
10006106:	e4ff      	b.n	10005b08 <tud_task_ext+0x2c>
10006108:	e6be      	b.n	10005e88 <tud_task_ext+0x3ac>
1000610a:	f7ff fbf5 	bl	100058f8 <dcd_edpt_clear_stall>
1000610e:	4643      	mov	r3, r8
10006110:	2102      	movs	r1, #2
10006112:	18eb      	adds	r3, r5, r3
10006114:	4453      	add	r3, sl
10006116:	3330      	adds	r3, #48	@ 0x30
10006118:	791a      	ldrb	r2, [r3, #4]
1000611a:	438a      	bics	r2, r1
1000611c:	711a      	strb	r2, [r3, #4]
1000611e:	791a      	ldrb	r2, [r3, #4]
10006120:	9904      	ldr	r1, [sp, #16]
10006122:	438a      	bics	r2, r1
10006124:	711a      	strb	r2, [r3, #4]
10006126:	e7da      	b.n	100060de <tud_task_ext+0x602>
10006128:	f7ff fc48 	bl	100059bc <tud_umount_cb>
1000612c:	e6ac      	b.n	10005e88 <tud_task_ext+0x3ac>
1000612e:	2100      	movs	r1, #0
10006130:	4658      	mov	r0, fp
10006132:	f7ff fb19 	bl	10005768 <dcd_sof_enable>
10006136:	4658      	mov	r0, fp
10006138:	f7ff fbae 	bl	10005898 <dcd_edpt_close_all>
1000613c:	2200      	movs	r2, #0
1000613e:	4692      	mov	sl, r2
10006140:	4a17      	ldr	r2, [pc, #92]	@ (100061a0 <tud_task_ext+0x6c4>)
10006142:	78ab      	ldrb	r3, [r5, #2]
10006144:	9205      	str	r2, [sp, #20]
10006146:	4a17      	ldr	r2, [pc, #92]	@ (100061a4 <tud_task_ext+0x6c8>)
10006148:	9304      	str	r3, [sp, #16]
1000614a:	9206      	str	r2, [sp, #24]
1000614c:	002a      	movs	r2, r5
1000614e:	4b13      	ldr	r3, [pc, #76]	@ (1000619c <tud_task_ext+0x6c0>)
10006150:	4655      	mov	r5, sl
10006152:	4698      	mov	r8, r3
10006154:	4692      	mov	sl, r2
10006156:	781b      	ldrb	r3, [r3, #0]
10006158:	e00e      	b.n	10006178 <tud_task_ext+0x69c>
1000615a:	9b06      	ldr	r3, [sp, #24]
1000615c:	016a      	lsls	r2, r5, #5
1000615e:	681b      	ldr	r3, [r3, #0]
10006160:	189b      	adds	r3, r3, r2
10006162:	2b00      	cmp	r3, #0
10006164:	d056      	beq.n	10006214 <tud_task_ext+0x738>
10006166:	68db      	ldr	r3, [r3, #12]
10006168:	4658      	mov	r0, fp
1000616a:	4798      	blx	r3
1000616c:	4643      	mov	r3, r8
1000616e:	3501      	adds	r5, #1
10006170:	781b      	ldrb	r3, [r3, #0]
10006172:	b2ed      	uxtb	r5, r5
10006174:	42ab      	cmp	r3, r5
10006176:	d339      	bcc.n	100061ec <tud_task_ext+0x710>
10006178:	42ab      	cmp	r3, r5
1000617a:	d8ee      	bhi.n	1000615a <tud_task_ext+0x67e>
1000617c:	9a05      	ldr	r2, [sp, #20]
1000617e:	1aeb      	subs	r3, r5, r3
10006180:	4694      	mov	ip, r2
10006182:	015b      	lsls	r3, r3, #5
10006184:	4463      	add	r3, ip
10006186:	e7ee      	b.n	10006166 <tud_task_ext+0x68a>
10006188:	ab0c      	add	r3, sp, #48	@ 0x30
1000618a:	1c9a      	adds	r2, r3, #2
1000618c:	4658      	mov	r0, fp
1000618e:	2301      	movs	r3, #1
10006190:	a90e      	add	r1, sp, #56	@ 0x38
10006192:	7015      	strb	r5, [r2, #0]
10006194:	f000 f95a 	bl	1000644c <tud_control_xfer>
10006198:	e4b6      	b.n	10005b08 <tud_task_ext+0x2c>
1000619a:	46c0      	nop			@ (mov r8, r8)
1000619c:	20022078 	.word	0x20022078
100061a0:	1000afbc 	.word	0x1000afbc
100061a4:	20001430 	.word	0x20001430
100061a8:	200015f4 	.word	0x200015f4
100061ac:	1000af60 	.word	0x1000af60
100061b0:	9a0b      	ldr	r2, [sp, #44]	@ 0x2c
100061b2:	2a01      	cmp	r2, #1
100061b4:	d04d      	beq.n	10006252 <tud_task_ext+0x776>
100061b6:	2a00      	cmp	r2, #0
100061b8:	d03c      	beq.n	10006234 <tud_task_ext+0x758>
100061ba:	2300      	movs	r3, #0
100061bc:	78b0      	ldrb	r0, [r6, #2]
100061be:	e004      	b.n	100061ca <tud_task_ext+0x6ee>
100061c0:	3301      	adds	r3, #1
100061c2:	b2db      	uxtb	r3, r3
100061c4:	710f      	strb	r7, [r1, #4]
100061c6:	4293      	cmp	r3, r2
100061c8:	d234      	bcs.n	10006234 <tud_task_ext+0x758>
100061ca:	18c1      	adds	r1, r0, r3
100061cc:	b2c9      	uxtb	r1, r1
100061ce:	4441      	add	r1, r8
100061d0:	790d      	ldrb	r5, [r1, #4]
100061d2:	2dff      	cmp	r5, #255	@ 0xff
100061d4:	d0f4      	beq.n	100061c0 <tud_task_ext+0x6e4>
100061d6:	464e      	mov	r6, r9
100061d8:	4645      	mov	r5, r8
100061da:	4657      	mov	r7, sl
100061dc:	2300      	movs	r3, #0
100061de:	706b      	strb	r3, [r5, #1]
100061e0:	e601      	b.n	10005de6 <tud_task_ext+0x30a>
100061e2:	464e      	mov	r6, r9
100061e4:	4657      	mov	r7, sl
100061e6:	f7ff fbe7 	bl	100059b8 <tud_mount_cb>
100061ea:	e64d      	b.n	10005e88 <tud_task_ext+0x3ac>
100061ec:	4655      	mov	r5, sl
100061ee:	2254      	movs	r2, #84	@ 0x54
100061f0:	2100      	movs	r1, #0
100061f2:	0028      	movs	r0, r5
100061f4:	f7fd f89e 	bl	10003334 <__wrap_memset>
100061f8:	2210      	movs	r2, #16
100061fa:	21ff      	movs	r1, #255	@ 0xff
100061fc:	1d28      	adds	r0, r5, #4
100061fe:	f7fd f899 	bl	10003334 <__wrap_memset>
10006202:	0028      	movs	r0, r5
10006204:	2220      	movs	r2, #32
10006206:	21ff      	movs	r1, #255	@ 0xff
10006208:	3014      	adds	r0, #20
1000620a:	f7fd f893 	bl	10003334 <__wrap_memset>
1000620e:	9b04      	ldr	r3, [sp, #16]
10006210:	70ab      	strb	r3, [r5, #2]
10006212:	e661      	b.n	10005ed8 <tud_task_ext+0x3fc>
10006214:	4655      	mov	r5, sl
10006216:	e7fa      	b.n	1000620e <tud_task_ext+0x732>
10006218:	f7ff fa14 	bl	10005644 <tud_descriptor_bos_cb>
1000621c:	1e02      	subs	r2, r0, #0
1000621e:	d100      	bne.n	10006222 <tud_task_ext+0x746>
10006220:	e5e1      	b.n	10005de6 <tud_task_ext+0x30a>
10006222:	78d3      	ldrb	r3, [r2, #3]
10006224:	7891      	ldrb	r1, [r2, #2]
10006226:	021b      	lsls	r3, r3, #8
10006228:	430b      	orrs	r3, r1
1000622a:	4658      	mov	r0, fp
1000622c:	a90e      	add	r1, sp, #56	@ 0x38
1000622e:	f000 f90d 	bl	1000644c <tud_control_xfer>
10006232:	e5e9      	b.n	10005e08 <tud_task_ext+0x32c>
10006234:	4665      	mov	r5, ip
10006236:	003b      	movs	r3, r7
10006238:	0031      	movs	r1, r6
1000623a:	002a      	movs	r2, r5
1000623c:	980a      	ldr	r0, [sp, #40]	@ 0x28
1000623e:	f000 fd59 	bl	10006cf4 <tu_edpt_bind_driver>
10006242:	46ac      	mov	ip, r5
10006244:	9b04      	ldr	r3, [sp, #16]
10006246:	4466      	add	r6, ip
10006248:	781b      	ldrb	r3, [r3, #0]
1000624a:	42bb      	cmp	r3, r7
1000624c:	d300      	bcc.n	10006250 <tud_task_ext+0x774>
1000624e:	e678      	b.n	10005f42 <tud_task_ext+0x466>
10006250:	e7c1      	b.n	100061d6 <tud_task_ext+0x6fa>
10006252:	4b17      	ldr	r3, [pc, #92]	@ (100062b0 <tud_task_ext+0x7d4>)
10006254:	6929      	ldr	r1, [r5, #16]
10006256:	4299      	cmp	r1, r3
10006258:	d1af      	bne.n	100061ba <tud_task_ext+0x6de>
1000625a:	9a07      	ldr	r2, [sp, #28]
1000625c:	e7ad      	b.n	100061ba <tud_task_ext+0x6de>
1000625e:	f7ff fba7 	bl	100059b0 <tud_descriptor_device_qualifier_cb>
10006262:	1e02      	subs	r2, r0, #0
10006264:	d100      	bne.n	10006268 <tud_task_ext+0x78c>
10006266:	e5be      	b.n	10005de6 <tud_task_ext+0x30a>
10006268:	4658      	mov	r0, fp
1000626a:	7813      	ldrb	r3, [r2, #0]
1000626c:	a90e      	add	r1, sp, #56	@ 0x38
1000626e:	f000 f8ed 	bl	1000644c <tud_control_xfer>
10006272:	e5c9      	b.n	10005e08 <tud_task_ext+0x32c>
10006274:	8921      	ldrh	r1, [r4, #8]
10006276:	f7ff f861 	bl	1000533c <tud_descriptor_string_cb>
1000627a:	1e02      	subs	r2, r0, #0
1000627c:	d1f4      	bne.n	10006268 <tud_task_ext+0x78c>
1000627e:	e5b2      	b.n	10005de6 <tud_task_ext+0x30a>
10006280:	2a02      	cmp	r2, #2
10006282:	d00f      	beq.n	100062a4 <tud_task_ext+0x7c8>
10006284:	f7ff fb96 	bl	100059b4 <tud_descriptor_other_speed_configuration_cb>
10006288:	1e02      	subs	r2, r0, #0
1000628a:	d1ca      	bne.n	10006222 <tud_task_ext+0x746>
1000628c:	e5ab      	b.n	10005de6 <tud_task_ext+0x30a>
1000628e:	f7ff f84d 	bl	1000532c <tud_descriptor_device_cb>
10006292:	1e02      	subs	r2, r0, #0
10006294:	d100      	bne.n	10006298 <tud_task_ext+0x7bc>
10006296:	e5a6      	b.n	10005de6 <tud_task_ext+0x30a>
10006298:	2312      	movs	r3, #18
1000629a:	4658      	mov	r0, fp
1000629c:	a90e      	add	r1, sp, #56	@ 0x38
1000629e:	f000 f8d5 	bl	1000644c <tud_control_xfer>
100062a2:	e5b1      	b.n	10005e08 <tud_task_ext+0x32c>
100062a4:	f7ff f846 	bl	10005334 <tud_descriptor_configuration_cb>
100062a8:	1e02      	subs	r2, r0, #0
100062aa:	d1ba      	bne.n	10006222 <tud_task_ext+0x746>
100062ac:	e59b      	b.n	10005de6 <tud_task_ext+0x30a>
100062ae:	46c0      	nop			@ (mov r8, r8)
100062b0:	10006919 	.word	0x10006919

100062b4 <usbd_open_edpt_pair>:
100062b4:	b5f8      	push	{r3, r4, r5, r6, r7, lr}
100062b6:	4657      	mov	r7, sl
100062b8:	464e      	mov	r6, r9
100062ba:	46de      	mov	lr, fp
100062bc:	4645      	mov	r5, r8
100062be:	000c      	movs	r4, r1
100062c0:	b5e0      	push	{r5, r6, r7, lr}
100062c2:	0016      	movs	r6, r2
100062c4:	001f      	movs	r7, r3
100062c6:	2a00      	cmp	r2, #0
100062c8:	d03c      	beq.n	10006344 <usbd_open_edpt_pair+0x90>
100062ca:	4b1f      	ldr	r3, [pc, #124]	@ (10006348 <usbd_open_edpt_pair+0x94>)
100062cc:	2500      	movs	r5, #0
100062ce:	469a      	mov	sl, r3
100062d0:	2370      	movs	r3, #112	@ 0x70
100062d2:	4699      	mov	r9, r3
100062d4:	4b1d      	ldr	r3, [pc, #116]	@ (1000634c <usbd_open_edpt_pair+0x98>)
100062d6:	469b      	mov	fp, r3
100062d8:	e017      	b.n	1000630a <usbd_open_edpt_pair+0x56>
100062da:	465b      	mov	r3, fp
100062dc:	0020      	movs	r0, r4
100062de:	7899      	ldrb	r1, [r3, #2]
100062e0:	f000 fcca 	bl	10006c78 <tu_edpt_validate>
100062e4:	2800      	cmp	r0, #0
100062e6:	d01f      	beq.n	10006328 <usbd_open_edpt_pair+0x74>
100062e8:	0021      	movs	r1, r4
100062ea:	4640      	mov	r0, r8
100062ec:	f7ff fa58 	bl	100057a0 <dcd_edpt_open>
100062f0:	2800      	cmp	r0, #0
100062f2:	d019      	beq.n	10006328 <usbd_open_edpt_pair+0x74>
100062f4:	78a3      	ldrb	r3, [r4, #2]
100062f6:	09da      	lsrs	r2, r3, #7
100062f8:	2a01      	cmp	r2, #1
100062fa:	d01c      	beq.n	10006336 <usbd_open_edpt_pair+0x82>
100062fc:	9a0a      	ldr	r2, [sp, #40]	@ 0x28
100062fe:	3501      	adds	r5, #1
10006300:	7013      	strb	r3, [r2, #0]
10006302:	7823      	ldrb	r3, [r4, #0]
10006304:	18e4      	adds	r4, r4, r3
10006306:	42b5      	cmp	r5, r6
10006308:	da1c      	bge.n	10006344 <usbd_open_edpt_pair+0x90>
1000630a:	7863      	ldrb	r3, [r4, #1]
1000630c:	2b05      	cmp	r3, #5
1000630e:	d10b      	bne.n	10006328 <usbd_open_edpt_pair+0x74>
10006310:	78e3      	ldrb	r3, [r4, #3]
10006312:	079b      	lsls	r3, r3, #30
10006314:	0f9b      	lsrs	r3, r3, #30
10006316:	42bb      	cmp	r3, r7
10006318:	d106      	bne.n	10006328 <usbd_open_edpt_pair+0x74>
1000631a:	4653      	mov	r3, sl
1000631c:	464a      	mov	r2, r9
1000631e:	781b      	ldrb	r3, [r3, #0]
10006320:	4698      	mov	r8, r3
10006322:	78a3      	ldrb	r3, [r4, #2]
10006324:	421a      	tst	r2, r3
10006326:	d0d8      	beq.n	100062da <usbd_open_edpt_pair+0x26>
10006328:	2000      	movs	r0, #0
1000632a:	bcf0      	pop	{r4, r5, r6, r7}
1000632c:	46bb      	mov	fp, r7
1000632e:	46b2      	mov	sl, r6
10006330:	46a9      	mov	r9, r5
10006332:	46a0      	mov	r8, r4
10006334:	bdf8      	pop	{r3, r4, r5, r6, r7, pc}
10006336:	9a0b      	ldr	r2, [sp, #44]	@ 0x2c
10006338:	3501      	adds	r5, #1
1000633a:	7013      	strb	r3, [r2, #0]
1000633c:	7823      	ldrb	r3, [r4, #0]
1000633e:	18e4      	adds	r4, r4, r3
10006340:	42b5      	cmp	r5, r6
10006342:	dbe2      	blt.n	1000630a <usbd_open_edpt_pair+0x56>
10006344:	2001      	movs	r0, #1
10006346:	e7f0      	b.n	1000632a <usbd_open_edpt_pair+0x76>
10006348:	20001034 	.word	0x20001034
1000634c:	200015e0 	.word	0x200015e0

10006350 <usbd_edpt_open>:
10006350:	2270      	movs	r2, #112	@ 0x70
10006352:	b570      	push	{r4, r5, r6, lr}
10006354:	4b09      	ldr	r3, [pc, #36]	@ (1000637c <usbd_edpt_open+0x2c>)
10006356:	000c      	movs	r4, r1
10006358:	781d      	ldrb	r5, [r3, #0]
1000635a:	788b      	ldrb	r3, [r1, #2]
1000635c:	421a      	tst	r2, r3
1000635e:	d001      	beq.n	10006364 <usbd_edpt_open+0x14>
10006360:	2000      	movs	r0, #0
10006362:	bd70      	pop	{r4, r5, r6, pc}
10006364:	4b06      	ldr	r3, [pc, #24]	@ (10006380 <usbd_edpt_open+0x30>)
10006366:	0020      	movs	r0, r4
10006368:	7899      	ldrb	r1, [r3, #2]
1000636a:	f000 fc85 	bl	10006c78 <tu_edpt_validate>
1000636e:	2800      	cmp	r0, #0
10006370:	d0f6      	beq.n	10006360 <usbd_edpt_open+0x10>
10006372:	0021      	movs	r1, r4
10006374:	0028      	movs	r0, r5
10006376:	f7ff fa13 	bl	100057a0 <dcd_edpt_open>
1000637a:	e7f2      	b.n	10006362 <usbd_edpt_open+0x12>
1000637c:	20001034 	.word	0x20001034
10006380:	200015e0 	.word	0x200015e0

10006384 <usbd_edpt_claim>:
10006384:	000b      	movs	r3, r1
10006386:	207f      	movs	r0, #127	@ 0x7f
10006388:	b510      	push	{r4, lr}
1000638a:	4018      	ands	r0, r3
1000638c:	09db      	lsrs	r3, r3, #7
1000638e:	3334      	adds	r3, #52	@ 0x34
10006390:	0040      	lsls	r0, r0, #1
10006392:	4a04      	ldr	r2, [pc, #16]	@ (100063a4 <usbd_edpt_claim+0x20>)
10006394:	18c0      	adds	r0, r0, r3
10006396:	4b04      	ldr	r3, [pc, #16]	@ (100063a8 <usbd_edpt_claim+0x24>)
10006398:	6811      	ldr	r1, [r2, #0]
1000639a:	18c0      	adds	r0, r0, r3
1000639c:	f000 fc28 	bl	10006bf0 <tu_edpt_claim>
100063a0:	bd10      	pop	{r4, pc}
100063a2:	46c0      	nop			@ (mov r8, r8)
100063a4:	20001634 	.word	0x20001634
100063a8:	200015e0 	.word	0x200015e0

100063ac <usbd_edpt_release>:
100063ac:	000b      	movs	r3, r1
100063ae:	207f      	movs	r0, #127	@ 0x7f
100063b0:	b510      	push	{r4, lr}
100063b2:	4018      	ands	r0, r3
100063b4:	09db      	lsrs	r3, r3, #7
100063b6:	3334      	adds	r3, #52	@ 0x34
100063b8:	0040      	lsls	r0, r0, #1
100063ba:	4a04      	ldr	r2, [pc, #16]	@ (100063cc <usbd_edpt_release+0x20>)
100063bc:	18c0      	adds	r0, r0, r3
100063be:	4b04      	ldr	r3, [pc, #16]	@ (100063d0 <usbd_edpt_release+0x24>)
100063c0:	6811      	ldr	r1, [r2, #0]
100063c2:	18c0      	adds	r0, r0, r3
100063c4:	f000 fc3c 	bl	10006c40 <tu_edpt_release>
100063c8:	bd10      	pop	{r4, pc}
100063ca:	46c0      	nop			@ (mov r8, r8)
100063cc:	20001634 	.word	0x20001634
100063d0:	200015e0 	.word	0x200015e0

100063d4 <usbd_edpt_xfer>:
100063d4:	b570      	push	{r4, r5, r6, lr}
100063d6:	247f      	movs	r4, #127	@ 0x7f
100063d8:	480f      	ldr	r0, [pc, #60]	@ (10006418 <usbd_edpt_xfer+0x44>)
100063da:	400c      	ands	r4, r1
100063dc:	0064      	lsls	r4, r4, #1
100063de:	1904      	adds	r4, r0, r4
100063e0:	09cd      	lsrs	r5, r1, #7
100063e2:	1964      	adds	r4, r4, r5
100063e4:	3430      	adds	r4, #48	@ 0x30
100063e6:	7920      	ldrb	r0, [r4, #4]
100063e8:	07c0      	lsls	r0, r0, #31
100063ea:	d501      	bpl.n	100063f0 <usbd_edpt_xfer+0x1c>
100063ec:	2000      	movs	r0, #0
100063ee:	bd70      	pop	{r4, r5, r6, pc}
100063f0:	2601      	movs	r6, #1
100063f2:	7925      	ldrb	r5, [r4, #4]
100063f4:	4809      	ldr	r0, [pc, #36]	@ (1000641c <usbd_edpt_xfer+0x48>)
100063f6:	4335      	orrs	r5, r6
100063f8:	7800      	ldrb	r0, [r0, #0]
100063fa:	7125      	strb	r5, [r4, #4]
100063fc:	f7ff fa50 	bl	100058a0 <dcd_edpt_xfer>
10006400:	2800      	cmp	r0, #0
10006402:	d1f4      	bne.n	100063ee <usbd_edpt_xfer+0x1a>
10006404:	2201      	movs	r2, #1
10006406:	7923      	ldrb	r3, [r4, #4]
10006408:	4393      	bics	r3, r2
1000640a:	7123      	strb	r3, [r4, #4]
1000640c:	7923      	ldrb	r3, [r4, #4]
1000640e:	3203      	adds	r2, #3
10006410:	4393      	bics	r3, r2
10006412:	7123      	strb	r3, [r4, #4]
10006414:	e7ea      	b.n	100063ec <usbd_edpt_xfer+0x18>
10006416:	46c0      	nop			@ (mov r8, r8)
10006418:	200015e0 	.word	0x200015e0
1000641c:	20001034 	.word	0x20001034

10006420 <tud_control_status>:
10006420:	b570      	push	{r4, r5, r6, lr}
10006422:	4c09      	ldr	r4, [pc, #36]	@ (10006448 <tud_control_status+0x28>)
10006424:	0006      	movs	r6, r0
10006426:	2208      	movs	r2, #8
10006428:	0020      	movs	r0, r4
1000642a:	000d      	movs	r5, r1
1000642c:	f7fc ff88 	bl	10003340 <__wrap___aeabi_memcpy>
10006430:	2300      	movs	r3, #0
10006432:	2180      	movs	r1, #128	@ 0x80
10006434:	60e3      	str	r3, [r4, #12]
10006436:	60a3      	str	r3, [r4, #8]
10006438:	782b      	ldrb	r3, [r5, #0]
1000643a:	0030      	movs	r0, r6
1000643c:	4399      	bics	r1, r3
1000643e:	2200      	movs	r2, #0
10006440:	2300      	movs	r3, #0
10006442:	f7ff ffc7 	bl	100063d4 <usbd_edpt_xfer>
10006446:	bd70      	pop	{r4, r5, r6, pc}
10006448:	200015c0 	.word	0x200015c0

1000644c <tud_control_xfer>:
1000644c:	b5f8      	push	{r3, r4, r5, r6, r7, lr}
1000644e:	46ce      	mov	lr, r9
10006450:	4647      	mov	r7, r8
10006452:	4690      	mov	r8, r2
10006454:	4e26      	ldr	r6, [pc, #152]	@ (100064f0 <tud_control_xfer+0xa4>)
10006456:	b580      	push	{r7, lr}
10006458:	4681      	mov	r9, r0
1000645a:	2208      	movs	r2, #8
1000645c:	0030      	movs	r0, r6
1000645e:	000d      	movs	r5, r1
10006460:	001f      	movs	r7, r3
10006462:	f7fc ff6d 	bl	10003340 <__wrap___aeabi_memcpy>
10006466:	4643      	mov	r3, r8
10006468:	60b3      	str	r3, [r6, #8]
1000646a:	2300      	movs	r3, #0
1000646c:	81f3      	strh	r3, [r6, #14]
1000646e:	79ec      	ldrb	r4, [r5, #7]
10006470:	79ab      	ldrb	r3, [r5, #6]
10006472:	0224      	lsls	r4, r4, #8
10006474:	431c      	orrs	r4, r3
10006476:	1c23      	adds	r3, r4, #0
10006478:	42bc      	cmp	r4, r7
1000647a:	d900      	bls.n	1000647e <tud_control_xfer+0x32>
1000647c:	1c3b      	adds	r3, r7, #0
1000647e:	b29f      	uxth	r7, r3
10006480:	81b3      	strh	r3, [r6, #12]
10006482:	2c00      	cmp	r4, #0
10006484:	d00e      	beq.n	100064a4 <tud_control_xfer+0x58>
10006486:	2f00      	cmp	r7, #0
10006488:	d018      	beq.n	100064bc <tud_control_xfer+0x70>
1000648a:	4643      	mov	r3, r8
1000648c:	2b00      	cmp	r3, #0
1000648e:	d02c      	beq.n	100064ea <tud_control_xfer+0x9e>
10006490:	1c3b      	adds	r3, r7, #0
10006492:	2f40      	cmp	r7, #64	@ 0x40
10006494:	d81b      	bhi.n	100064ce <tud_control_xfer+0x82>
10006496:	b29f      	uxth	r7, r3
10006498:	7833      	ldrb	r3, [r6, #0]
1000649a:	2b7f      	cmp	r3, #127	@ 0x7f
1000649c:	d81c      	bhi.n	100064d8 <tud_control_xfer+0x8c>
1000649e:	2100      	movs	r1, #0
100064a0:	4a14      	ldr	r2, [pc, #80]	@ (100064f4 <tud_control_xfer+0xa8>)
100064a2:	e00f      	b.n	100064c4 <tud_control_xfer+0x78>
100064a4:	2180      	movs	r1, #128	@ 0x80
100064a6:	782b      	ldrb	r3, [r5, #0]
100064a8:	2200      	movs	r2, #0
100064aa:	4399      	bics	r1, r3
100064ac:	4648      	mov	r0, r9
100064ae:	2300      	movs	r3, #0
100064b0:	f7ff ff90 	bl	100063d4 <usbd_edpt_xfer>
100064b4:	bcc0      	pop	{r6, r7}
100064b6:	46b9      	mov	r9, r7
100064b8:	46b0      	mov	r8, r6
100064ba:	bdf8      	pop	{r3, r4, r5, r6, r7, pc}
100064bc:	237f      	movs	r3, #127	@ 0x7f
100064be:	2200      	movs	r2, #0
100064c0:	7831      	ldrb	r1, [r6, #0]
100064c2:	4399      	bics	r1, r3
100064c4:	003b      	movs	r3, r7
100064c6:	4648      	mov	r0, r9
100064c8:	f7ff ff84 	bl	100063d4 <usbd_edpt_xfer>
100064cc:	e7f2      	b.n	100064b4 <tud_control_xfer+0x68>
100064ce:	2340      	movs	r3, #64	@ 0x40
100064d0:	b29f      	uxth	r7, r3
100064d2:	7833      	ldrb	r3, [r6, #0]
100064d4:	2b7f      	cmp	r3, #127	@ 0x7f
100064d6:	d9e2      	bls.n	1000649e <tud_control_xfer+0x52>
100064d8:	4c06      	ldr	r4, [pc, #24]	@ (100064f4 <tud_control_xfer+0xa8>)
100064da:	003a      	movs	r2, r7
100064dc:	4641      	mov	r1, r8
100064de:	0020      	movs	r0, r4
100064e0:	f7fc ff2e 	bl	10003340 <__wrap___aeabi_memcpy>
100064e4:	2180      	movs	r1, #128	@ 0x80
100064e6:	0022      	movs	r2, r4
100064e8:	e7ec      	b.n	100064c4 <tud_control_xfer+0x78>
100064ea:	2000      	movs	r0, #0
100064ec:	e7e2      	b.n	100064b4 <tud_control_xfer+0x68>
100064ee:	46c0      	nop			@ (mov r8, r8)
100064f0:	200015c0 	.word	0x200015c0
100064f4:	20001580 	.word	0x20001580

100064f8 <usbd_control_reset>:
100064f8:	b510      	push	{r4, lr}
100064fa:	2214      	movs	r2, #20
100064fc:	2100      	movs	r1, #0
100064fe:	4802      	ldr	r0, [pc, #8]	@ (10006508 <usbd_control_reset+0x10>)
10006500:	f7fc ff18 	bl	10003334 <__wrap_memset>
10006504:	bd10      	pop	{r4, pc}
10006506:	46c0      	nop			@ (mov r8, r8)
10006508:	200015c0 	.word	0x200015c0

1000650c <usbd_control_set_complete_callback>:
1000650c:	4b01      	ldr	r3, [pc, #4]	@ (10006514 <usbd_control_set_complete_callback+0x8>)
1000650e:	6118      	str	r0, [r3, #16]
10006510:	4770      	bx	lr
10006512:	46c0      	nop			@ (mov r8, r8)
10006514:	200015c0 	.word	0x200015c0

10006518 <usbd_control_set_request>:
10006518:	b510      	push	{r4, lr}
1000651a:	4c05      	ldr	r4, [pc, #20]	@ (10006530 <usbd_control_set_request+0x18>)
1000651c:	0001      	movs	r1, r0
1000651e:	2208      	movs	r2, #8
10006520:	0020      	movs	r0, r4
10006522:	f7fc ff0d 	bl	10003340 <__wrap___aeabi_memcpy>
10006526:	2300      	movs	r3, #0
10006528:	60a3      	str	r3, [r4, #8]
1000652a:	60e3      	str	r3, [r4, #12]
1000652c:	bd10      	pop	{r4, pc}
1000652e:	46c0      	nop			@ (mov r8, r8)
10006530:	200015c0 	.word	0x200015c0

10006534 <usbd_control_xfer_cb>:
10006534:	b570      	push	{r4, r5, r6, lr}
10006536:	4c38      	ldr	r4, [pc, #224]	@ (10006618 <usbd_control_xfer_cb+0xe4>)
10006538:	001d      	movs	r5, r3
1000653a:	7823      	ldrb	r3, [r4, #0]
1000653c:	0006      	movs	r6, r0
1000653e:	09da      	lsrs	r2, r3, #7
10006540:	09c9      	lsrs	r1, r1, #7
10006542:	428a      	cmp	r2, r1
10006544:	d010      	beq.n	10006568 <usbd_control_xfer_cb+0x34>
10006546:	2000      	movs	r0, #0
10006548:	2d00      	cmp	r5, #0
1000654a:	d000      	beq.n	1000654e <usbd_control_xfer_cb+0x1a>
1000654c:	bd70      	pop	{r4, r5, r6, pc}
1000654e:	0021      	movs	r1, r4
10006550:	0030      	movs	r0, r6
10006552:	f7ff f917 	bl	10005784 <dcd_edpt0_status_complete>
10006556:	6923      	ldr	r3, [r4, #16]
10006558:	2b00      	cmp	r3, #0
1000655a:	d003      	beq.n	10006564 <usbd_control_xfer_cb+0x30>
1000655c:	0022      	movs	r2, r4
1000655e:	2103      	movs	r1, #3
10006560:	0030      	movs	r0, r6
10006562:	4798      	blx	r3
10006564:	2001      	movs	r0, #1
10006566:	e7f1      	b.n	1000654c <usbd_control_xfer_cb+0x18>
10006568:	68a0      	ldr	r0, [r4, #8]
1000656a:	2b7f      	cmp	r3, #127	@ 0x7f
1000656c:	d805      	bhi.n	1000657a <usbd_control_xfer_cb+0x46>
1000656e:	2800      	cmp	r0, #0
10006570:	d034      	beq.n	100065dc <usbd_control_xfer_cb+0xa8>
10006572:	002a      	movs	r2, r5
10006574:	4929      	ldr	r1, [pc, #164]	@ (1000661c <usbd_control_xfer_cb+0xe8>)
10006576:	f7fc fee3 	bl	10003340 <__wrap___aeabi_memcpy>
1000657a:	89e2      	ldrh	r2, [r4, #14]
1000657c:	68a1      	ldr	r1, [r4, #8]
1000657e:	1952      	adds	r2, r2, r5
10006580:	88e3      	ldrh	r3, [r4, #6]
10006582:	b292      	uxth	r2, r2
10006584:	1949      	adds	r1, r1, r5
10006586:	81e2      	strh	r2, [r4, #14]
10006588:	60a1      	str	r1, [r4, #8]
1000658a:	4293      	cmp	r3, r2
1000658c:	d014      	beq.n	100065b8 <usbd_control_xfer_cb+0x84>
1000658e:	2d3f      	cmp	r5, #63	@ 0x3f
10006590:	d912      	bls.n	100065b8 <usbd_control_xfer_cb+0x84>
10006592:	89a3      	ldrh	r3, [r4, #12]
10006594:	1a98      	subs	r0, r3, r2
10006596:	1c05      	adds	r5, r0, #0
10006598:	b280      	uxth	r0, r0
1000659a:	2840      	cmp	r0, #64	@ 0x40
1000659c:	d82a      	bhi.n	100065f4 <usbd_control_xfer_cb+0xc0>
1000659e:	7820      	ldrb	r0, [r4, #0]
100065a0:	b2ad      	uxth	r5, r5
100065a2:	287f      	cmp	r0, #127	@ 0x7f
100065a4:	d828      	bhi.n	100065f8 <usbd_control_xfer_cb+0xc4>
100065a6:	2100      	movs	r1, #0
100065a8:	429a      	cmp	r2, r3
100065aa:	d032      	beq.n	10006612 <usbd_control_xfer_cb+0xde>
100065ac:	4a1b      	ldr	r2, [pc, #108]	@ (1000661c <usbd_control_xfer_cb+0xe8>)
100065ae:	002b      	movs	r3, r5
100065b0:	0030      	movs	r0, r6
100065b2:	f7ff ff0f 	bl	100063d4 <usbd_edpt_xfer>
100065b6:	e7c9      	b.n	1000654c <usbd_control_xfer_cb+0x18>
100065b8:	6923      	ldr	r3, [r4, #16]
100065ba:	2b00      	cmp	r3, #0
100065bc:	d005      	beq.n	100065ca <usbd_control_xfer_cb+0x96>
100065be:	0022      	movs	r2, r4
100065c0:	2102      	movs	r1, #2
100065c2:	0030      	movs	r0, r6
100065c4:	4798      	blx	r3
100065c6:	2800      	cmp	r0, #0
100065c8:	d00a      	beq.n	100065e0 <usbd_control_xfer_cb+0xac>
100065ca:	2180      	movs	r1, #128	@ 0x80
100065cc:	7823      	ldrb	r3, [r4, #0]
100065ce:	2200      	movs	r2, #0
100065d0:	4399      	bics	r1, r3
100065d2:	0030      	movs	r0, r6
100065d4:	2300      	movs	r3, #0
100065d6:	f7ff fefd 	bl	100063d4 <usbd_edpt_xfer>
100065da:	e7b7      	b.n	1000654c <usbd_control_xfer_cb+0x18>
100065dc:	2000      	movs	r0, #0
100065de:	e7b5      	b.n	1000654c <usbd_control_xfer_cb+0x18>
100065e0:	2100      	movs	r1, #0
100065e2:	0030      	movs	r0, r6
100065e4:	f7ff f96e 	bl	100058c4 <dcd_edpt_stall>
100065e8:	0030      	movs	r0, r6
100065ea:	2180      	movs	r1, #128	@ 0x80
100065ec:	f7ff f96a 	bl	100058c4 <dcd_edpt_stall>
100065f0:	2001      	movs	r0, #1
100065f2:	e7ab      	b.n	1000654c <usbd_control_xfer_cb+0x18>
100065f4:	2540      	movs	r5, #64	@ 0x40
100065f6:	e7d2      	b.n	1000659e <usbd_control_xfer_cb+0x6a>
100065f8:	429a      	cmp	r2, r3
100065fa:	d007      	beq.n	1000660c <usbd_control_xfer_cb+0xd8>
100065fc:	4c07      	ldr	r4, [pc, #28]	@ (1000661c <usbd_control_xfer_cb+0xe8>)
100065fe:	002a      	movs	r2, r5
10006600:	0020      	movs	r0, r4
10006602:	f7fc fe9d 	bl	10003340 <__wrap___aeabi_memcpy>
10006606:	2180      	movs	r1, #128	@ 0x80
10006608:	0022      	movs	r2, r4
1000660a:	e7d0      	b.n	100065ae <usbd_control_xfer_cb+0x7a>
1000660c:	2180      	movs	r1, #128	@ 0x80
1000660e:	2200      	movs	r2, #0
10006610:	e7cd      	b.n	100065ae <usbd_control_xfer_cb+0x7a>
10006612:	2200      	movs	r2, #0
10006614:	e7cb      	b.n	100065ae <usbd_control_xfer_cb+0x7a>
10006616:	46c0      	nop			@ (mov r8, r8)
10006618:	200015c0 	.word	0x200015c0
1000661c:	20001580 	.word	0x20001580

10006620 <_prep_out_transaction.isra.0>:
10006620:	b570      	push	{r4, r5, r6, lr}
10006622:	0005      	movs	r5, r0
10006624:	f7ff f9d0 	bl	100059c8 <tud_mounted>
10006628:	2800      	cmp	r0, #0
1000662a:	d100      	bne.n	1000662e <_prep_out_transaction.isra.0+0xe>
1000662c:	bd70      	pop	{r4, r5, r6, pc}
1000662e:	f7ff f9d3 	bl	100059d8 <tud_suspended>
10006632:	2800      	cmp	r0, #0
10006634:	d1fa      	bne.n	1000662c <_prep_out_transaction.isra.0+0xc>
10006636:	23c8      	movs	r3, #200	@ 0xc8
10006638:	436b      	muls	r3, r5
1000663a:	4c12      	ldr	r4, [pc, #72]	@ (10006684 <_prep_out_transaction.isra.0+0x64>)
1000663c:	18e6      	adds	r6, r4, r3
1000663e:	78f1      	ldrb	r1, [r6, #3]
10006640:	2900      	cmp	r1, #0
10006642:	d0f3      	beq.n	1000662c <_prep_out_transaction.isra.0+0xc>
10006644:	3310      	adds	r3, #16
10006646:	191c      	adds	r4, r3, r4
10006648:	0020      	movs	r0, r4
1000664a:	f000 fbc1 	bl	10006dd0 <tu_fifo_remaining>
1000664e:	283f      	cmp	r0, #63	@ 0x3f
10006650:	d9ec      	bls.n	1000662c <_prep_out_transaction.isra.0+0xc>
10006652:	2000      	movs	r0, #0
10006654:	78f1      	ldrb	r1, [r6, #3]
10006656:	f7ff fe95 	bl	10006384 <usbd_edpt_claim>
1000665a:	2800      	cmp	r0, #0
1000665c:	d0e6      	beq.n	1000662c <_prep_out_transaction.isra.0+0xc>
1000665e:	0020      	movs	r0, r4
10006660:	f000 fbb6 	bl	10006dd0 <tu_fifo_remaining>
10006664:	283f      	cmp	r0, #63	@ 0x3f
10006666:	d908      	bls.n	1000667a <_prep_out_transaction.isra.0+0x5a>
10006668:	4b07      	ldr	r3, [pc, #28]	@ (10006688 <_prep_out_transaction.isra.0+0x68>)
1000666a:	01ea      	lsls	r2, r5, #7
1000666c:	18d2      	adds	r2, r2, r3
1000666e:	78f1      	ldrb	r1, [r6, #3]
10006670:	2340      	movs	r3, #64	@ 0x40
10006672:	2000      	movs	r0, #0
10006674:	f7ff feae 	bl	100063d4 <usbd_edpt_xfer>
10006678:	e7d8      	b.n	1000662c <_prep_out_transaction.isra.0+0xc>
1000667a:	78f1      	ldrb	r1, [r6, #3]
1000667c:	2000      	movs	r0, #0
1000667e:	f7ff fe95 	bl	100063ac <usbd_edpt_release>
10006682:	e7d3      	b.n	1000662c <_prep_out_transaction.isra.0+0xc>
10006684:	200014b8 	.word	0x200014b8
10006688:	20001434 	.word	0x20001434

1000668c <tud_cdc_n_connected>:
1000668c:	b510      	push	{r4, lr}
1000668e:	0004      	movs	r4, r0
10006690:	f7ff f99a 	bl	100059c8 <tud_mounted>
10006694:	2800      	cmp	r0, #0
10006696:	d101      	bne.n	1000669c <tud_cdc_n_connected+0x10>
10006698:	2000      	movs	r0, #0
1000669a:	bd10      	pop	{r4, pc}
1000669c:	f7ff f99c 	bl	100059d8 <tud_suspended>
100066a0:	2800      	cmp	r0, #0
100066a2:	d1f9      	bne.n	10006698 <tud_cdc_n_connected+0xc>
100066a4:	22c8      	movs	r2, #200	@ 0xc8
100066a6:	4362      	muls	r2, r4
100066a8:	4b02      	ldr	r3, [pc, #8]	@ (100066b4 <tud_cdc_n_connected+0x28>)
100066aa:	3001      	adds	r0, #1
100066ac:	189b      	adds	r3, r3, r2
100066ae:	791b      	ldrb	r3, [r3, #4]
100066b0:	4018      	ands	r0, r3
100066b2:	e7f2      	b.n	1000669a <tud_cdc_n_connected+0xe>
100066b4:	200014b8 	.word	0x200014b8

100066b8 <tud_cdc_n_available>:
100066b8:	23c8      	movs	r3, #200	@ 0xc8
100066ba:	b510      	push	{r4, lr}
100066bc:	4343      	muls	r3, r0
100066be:	4802      	ldr	r0, [pc, #8]	@ (100066c8 <tud_cdc_n_available+0x10>)
100066c0:	1818      	adds	r0, r3, r0
100066c2:	f000 fb67 	bl	10006d94 <tu_fifo_count>
100066c6:	bd10      	pop	{r4, pc}
100066c8:	200014c8 	.word	0x200014c8

100066cc <tud_cdc_n_read>:
100066cc:	b5f0      	push	{r4, r5, r6, r7, lr}
100066ce:	24c8      	movs	r4, #200	@ 0xc8
100066d0:	46c6      	mov	lr, r8
100066d2:	2380      	movs	r3, #128	@ 0x80
100066d4:	4344      	muls	r4, r0
100066d6:	4f1f      	ldr	r7, [pc, #124]	@ (10006754 <tud_cdc_n_read+0x88>)
100066d8:	3410      	adds	r4, #16
100066da:	0005      	movs	r5, r0
100066dc:	b500      	push	{lr}
100066de:	193c      	adds	r4, r7, r4
100066e0:	025b      	lsls	r3, r3, #9
100066e2:	429a      	cmp	r2, r3
100066e4:	d300      	bcc.n	100066e8 <tud_cdc_n_read+0x1c>
100066e6:	4a1c      	ldr	r2, [pc, #112]	@ (10006758 <tud_cdc_n_read+0x8c>)
100066e8:	0020      	movs	r0, r4
100066ea:	b292      	uxth	r2, r2
100066ec:	f000 fbd4 	bl	10006e98 <tu_fifo_read_n>
100066f0:	4680      	mov	r8, r0
100066f2:	f7ff f969 	bl	100059c8 <tud_mounted>
100066f6:	2800      	cmp	r0, #0
100066f8:	d103      	bne.n	10006702 <tud_cdc_n_read+0x36>
100066fa:	4640      	mov	r0, r8
100066fc:	bc80      	pop	{r7}
100066fe:	46b8      	mov	r8, r7
10006700:	bdf0      	pop	{r4, r5, r6, r7, pc}
10006702:	f7ff f969 	bl	100059d8 <tud_suspended>
10006706:	2800      	cmp	r0, #0
10006708:	d1f7      	bne.n	100066fa <tud_cdc_n_read+0x2e>
1000670a:	26c8      	movs	r6, #200	@ 0xc8
1000670c:	436e      	muls	r6, r5
1000670e:	19be      	adds	r6, r7, r6
10006710:	78f3      	ldrb	r3, [r6, #3]
10006712:	2b00      	cmp	r3, #0
10006714:	d0f1      	beq.n	100066fa <tud_cdc_n_read+0x2e>
10006716:	0020      	movs	r0, r4
10006718:	f000 fb5a 	bl	10006dd0 <tu_fifo_remaining>
1000671c:	283f      	cmp	r0, #63	@ 0x3f
1000671e:	d9ec      	bls.n	100066fa <tud_cdc_n_read+0x2e>
10006720:	2000      	movs	r0, #0
10006722:	78f1      	ldrb	r1, [r6, #3]
10006724:	f7ff fe2e 	bl	10006384 <usbd_edpt_claim>
10006728:	2800      	cmp	r0, #0
1000672a:	d0e6      	beq.n	100066fa <tud_cdc_n_read+0x2e>
1000672c:	0020      	movs	r0, r4
1000672e:	f000 fb4f 	bl	10006dd0 <tu_fifo_remaining>
10006732:	283f      	cmp	r0, #63	@ 0x3f
10006734:	d908      	bls.n	10006748 <tud_cdc_n_read+0x7c>
10006736:	4b09      	ldr	r3, [pc, #36]	@ (1000675c <tud_cdc_n_read+0x90>)
10006738:	01ea      	lsls	r2, r5, #7
1000673a:	18d2      	adds	r2, r2, r3
1000673c:	78f1      	ldrb	r1, [r6, #3]
1000673e:	2340      	movs	r3, #64	@ 0x40
10006740:	2000      	movs	r0, #0
10006742:	f7ff fe47 	bl	100063d4 <usbd_edpt_xfer>
10006746:	e7d8      	b.n	100066fa <tud_cdc_n_read+0x2e>
10006748:	78f1      	ldrb	r1, [r6, #3]
1000674a:	2000      	movs	r0, #0
1000674c:	f7ff fe2e 	bl	100063ac <usbd_edpt_release>
10006750:	e7d3      	b.n	100066fa <tud_cdc_n_read+0x2e>
10006752:	46c0      	nop			@ (mov r8, r8)
10006754:	200014b8 	.word	0x200014b8
10006758:	0000ffff 	.word	0x0000ffff
1000675c:	20001434 	.word	0x20001434

10006760 <tud_cdc_n_write_flush>:
10006760:	b5f8      	push	{r3, r4, r5, r6, r7, lr}
10006762:	0006      	movs	r6, r0
10006764:	f7ff f930 	bl	100059c8 <tud_mounted>
10006768:	2800      	cmp	r0, #0
1000676a:	d101      	bne.n	10006770 <tud_cdc_n_write_flush+0x10>
1000676c:	2000      	movs	r0, #0
1000676e:	bdf8      	pop	{r3, r4, r5, r6, r7, pc}
10006770:	f7ff f932 	bl	100059d8 <tud_suspended>
10006774:	2800      	cmp	r0, #0
10006776:	d1f9      	bne.n	1000676c <tud_cdc_n_write_flush+0xc>
10006778:	24c8      	movs	r4, #200	@ 0xc8
1000677a:	4374      	muls	r4, r6
1000677c:	0025      	movs	r5, r4
1000677e:	4f13      	ldr	r7, [pc, #76]	@ (100067cc <tud_cdc_n_write_flush+0x6c>)
10006780:	3524      	adds	r5, #36	@ 0x24
10006782:	19ed      	adds	r5, r5, r7
10006784:	0028      	movs	r0, r5
10006786:	f000 fb05 	bl	10006d94 <tu_fifo_count>
1000678a:	2800      	cmp	r0, #0
1000678c:	d0ee      	beq.n	1000676c <tud_cdc_n_write_flush+0xc>
1000678e:	193f      	adds	r7, r7, r4
10006790:	2000      	movs	r0, #0
10006792:	78b9      	ldrb	r1, [r7, #2]
10006794:	f7ff fdf6 	bl	10006384 <usbd_edpt_claim>
10006798:	2800      	cmp	r0, #0
1000679a:	d0e7      	beq.n	1000676c <tud_cdc_n_write_flush+0xc>
1000679c:	4b0c      	ldr	r3, [pc, #48]	@ (100067d0 <tud_cdc_n_write_flush+0x70>)
1000679e:	01f4      	lsls	r4, r6, #7
100067a0:	18e4      	adds	r4, r4, r3
100067a2:	0021      	movs	r1, r4
100067a4:	0028      	movs	r0, r5
100067a6:	2240      	movs	r2, #64	@ 0x40
100067a8:	f000 fb76 	bl	10006e98 <tu_fifo_read_n>
100067ac:	78b9      	ldrb	r1, [r7, #2]
100067ae:	1e05      	subs	r5, r0, #0
100067b0:	d008      	beq.n	100067c4 <tud_cdc_n_write_flush+0x64>
100067b2:	0003      	movs	r3, r0
100067b4:	0022      	movs	r2, r4
100067b6:	2000      	movs	r0, #0
100067b8:	f7ff fe0c 	bl	100063d4 <usbd_edpt_xfer>
100067bc:	2800      	cmp	r0, #0
100067be:	d0d5      	beq.n	1000676c <tud_cdc_n_write_flush+0xc>
100067c0:	0028      	movs	r0, r5
100067c2:	e7d4      	b.n	1000676e <tud_cdc_n_write_flush+0xe>
100067c4:	2000      	movs	r0, #0
100067c6:	f7ff fdf1 	bl	100063ac <usbd_edpt_release>
100067ca:	e7cf      	b.n	1000676c <tud_cdc_n_write_flush+0xc>
100067cc:	200014b8 	.word	0x200014b8
100067d0:	20001474 	.word	0x20001474

100067d4 <tud_cdc_n_write>:
100067d4:	b570      	push	{r4, r5, r6, lr}
100067d6:	24c8      	movs	r4, #200	@ 0xc8
100067d8:	4344      	muls	r4, r0
100067da:	4b0c      	ldr	r3, [pc, #48]	@ (1000680c <tud_cdc_n_write+0x38>)
100067dc:	0005      	movs	r5, r0
100067de:	18e4      	adds	r4, r4, r3
100067e0:	2380      	movs	r3, #128	@ 0x80
100067e2:	025b      	lsls	r3, r3, #9
100067e4:	429a      	cmp	r2, r3
100067e6:	d300      	bcc.n	100067ea <tud_cdc_n_write+0x16>
100067e8:	4a09      	ldr	r2, [pc, #36]	@ (10006810 <tud_cdc_n_write+0x3c>)
100067ea:	0020      	movs	r0, r4
100067ec:	b292      	uxth	r2, r2
100067ee:	f000 fc1b 	bl	10007028 <tu_fifo_write_n>
100067f2:	0006      	movs	r6, r0
100067f4:	0020      	movs	r0, r4
100067f6:	f000 facd 	bl	10006d94 <tu_fifo_count>
100067fa:	283f      	cmp	r0, #63	@ 0x3f
100067fc:	d801      	bhi.n	10006802 <tud_cdc_n_write+0x2e>
100067fe:	0030      	movs	r0, r6
10006800:	bd70      	pop	{r4, r5, r6, pc}
10006802:	0028      	movs	r0, r5
10006804:	f7ff ffac 	bl	10006760 <tud_cdc_n_write_flush>
10006808:	e7f9      	b.n	100067fe <tud_cdc_n_write+0x2a>
1000680a:	46c0      	nop			@ (mov r8, r8)
1000680c:	200014dc 	.word	0x200014dc
10006810:	0000ffff 	.word	0x0000ffff

10006814 <tud_cdc_n_write_available>:
10006814:	23c8      	movs	r3, #200	@ 0xc8
10006816:	b510      	push	{r4, lr}
10006818:	4343      	muls	r3, r0
1000681a:	4802      	ldr	r0, [pc, #8]	@ (10006824 <tud_cdc_n_write_available+0x10>)
1000681c:	1818      	adds	r0, r3, r0
1000681e:	f000 fad7 	bl	10006dd0 <tu_fifo_remaining>
10006822:	bd10      	pop	{r4, pc}
10006824:	200014dc 	.word	0x200014dc

10006828 <cdcd_init>:
10006828:	b5f0      	push	{r4, r5, r6, r7, lr}
1000682a:	2500      	movs	r5, #0
1000682c:	4c18      	ldr	r4, [pc, #96]	@ (10006890 <cdcd_init+0x68>)
1000682e:	b083      	sub	sp, #12
10006830:	22c8      	movs	r2, #200	@ 0xc8
10006832:	2100      	movs	r1, #0
10006834:	0020      	movs	r0, r4
10006836:	f7fc fd7d 	bl	10003334 <__wrap_memset>
1000683a:	4b16      	ldr	r3, [pc, #88]	@ (10006894 <cdcd_init+0x6c>)
1000683c:	0021      	movs	r1, r4
1000683e:	701d      	strb	r5, [r3, #0]
10006840:	23ff      	movs	r3, #255	@ 0xff
10006842:	7163      	strb	r3, [r4, #5]
10006844:	23e1      	movs	r3, #225	@ 0xe1
10006846:	025b      	lsls	r3, r3, #9
10006848:	60a3      	str	r3, [r4, #8]
1000684a:	0020      	movs	r0, r4
1000684c:	2308      	movs	r3, #8
1000684e:	2240      	movs	r2, #64	@ 0x40
10006850:	73a3      	strb	r3, [r4, #14]
10006852:	3138      	adds	r1, #56	@ 0x38
10006854:	9500      	str	r5, [sp, #0]
10006856:	3b07      	subs	r3, #7
10006858:	3010      	adds	r0, #16
1000685a:	f000 fa65 	bl	10006d28 <tu_fifo_config>
1000685e:	0027      	movs	r7, r4
10006860:	2301      	movs	r3, #1
10006862:	0021      	movs	r1, r4
10006864:	0020      	movs	r0, r4
10006866:	0026      	movs	r6, r4
10006868:	2240      	movs	r2, #64	@ 0x40
1000686a:	3178      	adds	r1, #120	@ 0x78
1000686c:	9300      	str	r3, [sp, #0]
1000686e:	37b8      	adds	r7, #184	@ 0xb8
10006870:	3024      	adds	r0, #36	@ 0x24
10006872:	f000 fa59 	bl	10006d28 <tu_fifo_config>
10006876:	36c0      	adds	r6, #192	@ 0xc0
10006878:	0038      	movs	r0, r7
1000687a:	f7fa fe89 	bl	10001590 <mutex_init>
1000687e:	0030      	movs	r0, r6
10006880:	f7fa fe86 	bl	10001590 <mutex_init>
10006884:	61e5      	str	r5, [r4, #28]
10006886:	6227      	str	r7, [r4, #32]
10006888:	6326      	str	r6, [r4, #48]	@ 0x30
1000688a:	6365      	str	r5, [r4, #52]	@ 0x34
1000688c:	b003      	add	sp, #12
1000688e:	bdf0      	pop	{r4, r5, r6, r7, pc}
10006890:	200014b8 	.word	0x200014b8
10006894:	200014b4 	.word	0x200014b4

10006898 <cdcd_deinit>:
10006898:	4b0b      	ldr	r3, [pc, #44]	@ (100068c8 <cdcd_deinit+0x30>)
1000689a:	6b19      	ldr	r1, [r3, #48]	@ 0x30
1000689c:	2900      	cmp	r1, #0
1000689e:	d00a      	beq.n	100068b6 <cdcd_deinit+0x1e>
100068a0:	6a1a      	ldr	r2, [r3, #32]
100068a2:	2a00      	cmp	r2, #0
100068a4:	d00d      	beq.n	100068c2 <cdcd_deinit+0x2a>
100068a6:	2200      	movs	r2, #0
100068a8:	621a      	str	r2, [r3, #32]
100068aa:	631a      	str	r2, [r3, #48]	@ 0x30
100068ac:	61da      	str	r2, [r3, #28]
100068ae:	2200      	movs	r2, #0
100068b0:	635a      	str	r2, [r3, #52]	@ 0x34
100068b2:	2001      	movs	r0, #1
100068b4:	4770      	bx	lr
100068b6:	6a1a      	ldr	r2, [r3, #32]
100068b8:	2a00      	cmp	r2, #0
100068ba:	d0fa      	beq.n	100068b2 <cdcd_deinit+0x1a>
100068bc:	61d9      	str	r1, [r3, #28]
100068be:	6219      	str	r1, [r3, #32]
100068c0:	e7f7      	b.n	100068b2 <cdcd_deinit+0x1a>
100068c2:	631a      	str	r2, [r3, #48]	@ 0x30
100068c4:	e7f3      	b.n	100068ae <cdcd_deinit+0x16>
100068c6:	46c0      	nop			@ (mov r8, r8)
100068c8:	200014b8 	.word	0x200014b8

100068cc <cdcd_reset>:
100068cc:	b570      	push	{r4, r5, r6, lr}
100068ce:	4c0f      	ldr	r4, [pc, #60]	@ (1000690c <cdcd_reset+0x40>)
100068d0:	2205      	movs	r2, #5
100068d2:	2100      	movs	r1, #0
100068d4:	0020      	movs	r0, r4
100068d6:	f7fc fd2d 	bl	10003334 <__wrap_memset>
100068da:	4d0d      	ldr	r5, [pc, #52]	@ (10006910 <cdcd_reset+0x44>)
100068dc:	782b      	ldrb	r3, [r5, #0]
100068de:	07da      	lsls	r2, r3, #31
100068e0:	d507      	bpl.n	100068f2 <cdcd_reset+0x26>
100068e2:	4c0c      	ldr	r4, [pc, #48]	@ (10006914 <cdcd_reset+0x48>)
100068e4:	079b      	lsls	r3, r3, #30
100068e6:	d50c      	bpl.n	10006902 <cdcd_reset+0x36>
100068e8:	2101      	movs	r1, #1
100068ea:	0020      	movs	r0, r4
100068ec:	f000 fc78 	bl	100071e0 <tu_fifo_set_overwritable>
100068f0:	bd70      	pop	{r4, r5, r6, pc}
100068f2:	0020      	movs	r0, r4
100068f4:	3010      	adds	r0, #16
100068f6:	f000 fc53 	bl	100071a0 <tu_fifo_clear>
100068fa:	782b      	ldrb	r3, [r5, #0]
100068fc:	4c05      	ldr	r4, [pc, #20]	@ (10006914 <cdcd_reset+0x48>)
100068fe:	079b      	lsls	r3, r3, #30
10006900:	d4f2      	bmi.n	100068e8 <cdcd_reset+0x1c>
10006902:	0020      	movs	r0, r4
10006904:	f000 fc4c 	bl	100071a0 <tu_fifo_clear>
10006908:	e7ee      	b.n	100068e8 <cdcd_reset+0x1c>
1000690a:	46c0      	nop			@ (mov r8, r8)
1000690c:	200014b8 	.word	0x200014b8
10006910:	200014b4 	.word	0x200014b4
10006914:	200014dc 	.word	0x200014dc

10006918 <cdcd_open>:
10006918:	b5f0      	push	{r4, r5, r6, r7, lr}
1000691a:	794b      	ldrb	r3, [r1, #5]
1000691c:	0006      	movs	r6, r0
1000691e:	b083      	sub	sp, #12
10006920:	2b02      	cmp	r3, #2
10006922:	d102      	bne.n	1000692a <cdcd_open+0x12>
10006924:	798b      	ldrb	r3, [r1, #6]
10006926:	2b02      	cmp	r3, #2
10006928:	d003      	beq.n	10006932 <cdcd_open+0x1a>
1000692a:	2500      	movs	r5, #0
1000692c:	0028      	movs	r0, r5
1000692e:	b003      	add	sp, #12
10006930:	bdf0      	pop	{r4, r5, r6, r7, pc}
10006932:	4f21      	ldr	r7, [pc, #132]	@ (100069b8 <cdcd_open+0xa0>)
10006934:	78bb      	ldrb	r3, [r7, #2]
10006936:	2b00      	cmp	r3, #0
10006938:	d1f7      	bne.n	1000692a <cdcd_open+0x12>
1000693a:	788b      	ldrb	r3, [r1, #2]
1000693c:	2509      	movs	r5, #9
1000693e:	703b      	strb	r3, [r7, #0]
10006940:	780c      	ldrb	r4, [r1, #0]
10006942:	190c      	adds	r4, r1, r4
10006944:	7863      	ldrb	r3, [r4, #1]
10006946:	2b24      	cmp	r3, #36	@ 0x24
10006948:	d10b      	bne.n	10006962 <cdcd_open+0x4a>
1000694a:	2a08      	cmp	r2, #8
1000694c:	d802      	bhi.n	10006954 <cdcd_open+0x3c>
1000694e:	e00f      	b.n	10006970 <cdcd_open+0x58>
10006950:	42aa      	cmp	r2, r5
10006952:	d30d      	bcc.n	10006970 <cdcd_open+0x58>
10006954:	7823      	ldrb	r3, [r4, #0]
10006956:	18e4      	adds	r4, r4, r3
10006958:	195d      	adds	r5, r3, r5
1000695a:	7863      	ldrb	r3, [r4, #1]
1000695c:	b2ad      	uxth	r5, r5
1000695e:	2b24      	cmp	r3, #36	@ 0x24
10006960:	d0f6      	beq.n	10006950 <cdcd_open+0x38>
10006962:	2b05      	cmp	r3, #5
10006964:	d008      	beq.n	10006978 <cdcd_open+0x60>
10006966:	2b04      	cmp	r3, #4
10006968:	d102      	bne.n	10006970 <cdcd_open+0x58>
1000696a:	7963      	ldrb	r3, [r4, #5]
1000696c:	2b0a      	cmp	r3, #10
1000696e:	d011      	beq.n	10006994 <cdcd_open+0x7c>
10006970:	2000      	movs	r0, #0
10006972:	f7ff fe55 	bl	10006620 <_prep_out_transaction.isra.0>
10006976:	e7d9      	b.n	1000692c <cdcd_open+0x14>
10006978:	0021      	movs	r1, r4
1000697a:	0030      	movs	r0, r6
1000697c:	f7ff fce8 	bl	10006350 <usbd_edpt_open>
10006980:	2800      	cmp	r0, #0
10006982:	d0d2      	beq.n	1000692a <cdcd_open+0x12>
10006984:	78a3      	ldrb	r3, [r4, #2]
10006986:	707b      	strb	r3, [r7, #1]
10006988:	7823      	ldrb	r3, [r4, #0]
1000698a:	195d      	adds	r5, r3, r5
1000698c:	18e4      	adds	r4, r4, r3
1000698e:	7863      	ldrb	r3, [r4, #1]
10006990:	b2ad      	uxth	r5, r5
10006992:	e7e8      	b.n	10006966 <cdcd_open+0x4e>
10006994:	4b09      	ldr	r3, [pc, #36]	@ (100069bc <cdcd_open+0xa4>)
10006996:	7827      	ldrb	r7, [r4, #0]
10006998:	9301      	str	r3, [sp, #4]
1000699a:	3301      	adds	r3, #1
1000699c:	9300      	str	r3, [sp, #0]
1000699e:	2202      	movs	r2, #2
100069a0:	2302      	movs	r3, #2
100069a2:	0030      	movs	r0, r6
100069a4:	19e1      	adds	r1, r4, r7
100069a6:	f7ff fc85 	bl	100062b4 <usbd_open_edpt_pair>
100069aa:	2800      	cmp	r0, #0
100069ac:	d0bd      	beq.n	1000692a <cdcd_open+0x12>
100069ae:	350e      	adds	r5, #14
100069b0:	19ed      	adds	r5, r5, r7
100069b2:	b2ad      	uxth	r5, r5
100069b4:	e7dc      	b.n	10006970 <cdcd_open+0x58>
100069b6:	46c0      	nop			@ (mov r8, r8)
100069b8:	200014b8 	.word	0x200014b8
100069bc:	200014ba 	.word	0x200014ba

100069c0 <cdcd_control_xfer_cb>:
100069c0:	b5f8      	push	{r3, r4, r5, r6, r7, lr}
100069c2:	2360      	movs	r3, #96	@ 0x60
100069c4:	0014      	movs	r4, r2
100069c6:	7812      	ldrb	r2, [r2, #0]
100069c8:	0005      	movs	r5, r0
100069ca:	4013      	ands	r3, r2
100069cc:	2000      	movs	r0, #0
100069ce:	2b20      	cmp	r3, #32
100069d0:	d107      	bne.n	100069e2 <cdcd_control_xfer_cb+0x22>
100069d2:	4a30      	ldr	r2, [pc, #192]	@ (10006a94 <cdcd_control_xfer_cb+0xd4>)
100069d4:	7963      	ldrb	r3, [r4, #5]
100069d6:	7927      	ldrb	r7, [r4, #4]
100069d8:	7816      	ldrb	r6, [r2, #0]
100069da:	021b      	lsls	r3, r3, #8
100069dc:	433b      	orrs	r3, r7
100069de:	429e      	cmp	r6, r3
100069e0:	d000      	beq.n	100069e4 <cdcd_control_xfer_cb+0x24>
100069e2:	bdf8      	pop	{r3, r4, r5, r6, r7, pc}
100069e4:	7863      	ldrb	r3, [r4, #1]
100069e6:	2b22      	cmp	r3, #34	@ 0x22
100069e8:	d01a      	beq.n	10006a20 <cdcd_control_xfer_cb+0x60>
100069ea:	d807      	bhi.n	100069fc <cdcd_control_xfer_cb+0x3c>
100069ec:	2b20      	cmp	r3, #32
100069ee:	d034      	beq.n	10006a5a <cdcd_control_xfer_cb+0x9a>
100069f0:	2b21      	cmp	r3, #33	@ 0x21
100069f2:	d1f6      	bne.n	100069e2 <cdcd_control_xfer_cb+0x22>
100069f4:	2901      	cmp	r1, #1
100069f6:	d03e      	beq.n	10006a76 <cdcd_control_xfer_cb+0xb6>
100069f8:	2001      	movs	r0, #1
100069fa:	e7f2      	b.n	100069e2 <cdcd_control_xfer_cb+0x22>
100069fc:	2b23      	cmp	r3, #35	@ 0x23
100069fe:	d1f0      	bne.n	100069e2 <cdcd_control_xfer_cb+0x22>
10006a00:	2901      	cmp	r1, #1
10006a02:	d040      	beq.n	10006a86 <cdcd_control_xfer_cb+0xc6>
10006a04:	2903      	cmp	r1, #3
10006a06:	d1f7      	bne.n	100069f8 <cdcd_control_xfer_cb+0x38>
10006a08:	4b23      	ldr	r3, [pc, #140]	@ (10006a98 <cdcd_control_xfer_cb+0xd8>)
10006a0a:	2b00      	cmp	r3, #0
10006a0c:	d0f4      	beq.n	100069f8 <cdcd_control_xfer_cb+0x38>
10006a0e:	78e1      	ldrb	r1, [r4, #3]
10006a10:	78a3      	ldrb	r3, [r4, #2]
10006a12:	0209      	lsls	r1, r1, #8
10006a14:	2000      	movs	r0, #0
10006a16:	4319      	orrs	r1, r3
10006a18:	e000      	b.n	10006a1c <cdcd_control_xfer_cb+0x5c>
10006a1a:	bf00      	nop
10006a1c:	2001      	movs	r0, #1
10006a1e:	e7e0      	b.n	100069e2 <cdcd_control_xfer_cb+0x22>
10006a20:	2901      	cmp	r1, #1
10006a22:	d030      	beq.n	10006a86 <cdcd_control_xfer_cb+0xc6>
10006a24:	2903      	cmp	r1, #3
10006a26:	d1e7      	bne.n	100069f8 <cdcd_control_xfer_cb+0x38>
10006a28:	2501      	movs	r5, #1
10006a2a:	002e      	movs	r6, r5
10006a2c:	78a3      	ldrb	r3, [r4, #2]
10006a2e:	78e4      	ldrb	r4, [r4, #3]
10006a30:	3902      	subs	r1, #2
10006a32:	0224      	lsls	r4, r4, #8
10006a34:	431c      	orrs	r4, r3
10006a36:	7114      	strb	r4, [r2, #4]
10006a38:	4026      	ands	r6, r4
10006a3a:	3224      	adds	r2, #36	@ 0x24
10006a3c:	0010      	movs	r0, r2
10006a3e:	4071      	eors	r1, r6
10006a40:	f000 fbce 	bl	100071e0 <tu_fifo_set_overwritable>
10006a44:	4b15      	ldr	r3, [pc, #84]	@ (10006a9c <cdcd_control_xfer_cb+0xdc>)
10006a46:	2b00      	cmp	r3, #0
10006a48:	d0d6      	beq.n	100069f8 <cdcd_control_xfer_cb+0x38>
10006a4a:	0862      	lsrs	r2, r4, #1
10006a4c:	2000      	movs	r0, #0
10006a4e:	0031      	movs	r1, r6
10006a50:	402a      	ands	r2, r5
10006a52:	e000      	b.n	10006a56 <cdcd_control_xfer_cb+0x96>
10006a54:	bf00      	nop
10006a56:	2001      	movs	r0, #1
10006a58:	e7c3      	b.n	100069e2 <cdcd_control_xfer_cb+0x22>
10006a5a:	2901      	cmp	r1, #1
10006a5c:	d00b      	beq.n	10006a76 <cdcd_control_xfer_cb+0xb6>
10006a5e:	2903      	cmp	r1, #3
10006a60:	d1ca      	bne.n	100069f8 <cdcd_control_xfer_cb+0x38>
10006a62:	4b0f      	ldr	r3, [pc, #60]	@ (10006aa0 <cdcd_control_xfer_cb+0xe0>)
10006a64:	2b00      	cmp	r3, #0
10006a66:	d0c7      	beq.n	100069f8 <cdcd_control_xfer_cb+0x38>
10006a68:	3208      	adds	r2, #8
10006a6a:	2000      	movs	r0, #0
10006a6c:	0011      	movs	r1, r2
10006a6e:	f7fe fe0d 	bl	1000568c <tud_cdc_line_coding_cb>
10006a72:	2001      	movs	r0, #1
10006a74:	e7b5      	b.n	100069e2 <cdcd_control_xfer_cb+0x22>
10006a76:	2307      	movs	r3, #7
10006a78:	0021      	movs	r1, r4
10006a7a:	0028      	movs	r0, r5
10006a7c:	4a09      	ldr	r2, [pc, #36]	@ (10006aa4 <cdcd_control_xfer_cb+0xe4>)
10006a7e:	f7ff fce5 	bl	1000644c <tud_control_xfer>
10006a82:	2001      	movs	r0, #1
10006a84:	e7ad      	b.n	100069e2 <cdcd_control_xfer_cb+0x22>
10006a86:	0021      	movs	r1, r4
10006a88:	0028      	movs	r0, r5
10006a8a:	f7ff fcc9 	bl	10006420 <tud_control_status>
10006a8e:	2001      	movs	r0, #1
10006a90:	e7a7      	b.n	100069e2 <cdcd_control_xfer_cb+0x22>
10006a92:	46c0      	nop			@ (mov r8, r8)
10006a94:	200014b8 	.word	0x200014b8
	...
10006aa0:	1000568d 	.word	0x1000568d
10006aa4:	200014c0 	.word	0x200014c0

10006aa8 <cdcd_xfer_cb>:
10006aa8:	b5f0      	push	{r4, r5, r6, r7, lr}
10006aaa:	464f      	mov	r7, r9
10006aac:	4646      	mov	r6, r8
10006aae:	46d6      	mov	lr, sl
10006ab0:	4d36      	ldr	r5, [pc, #216]	@ (10006b8c <cdcd_xfer_cb+0xe4>)
10006ab2:	b5c0      	push	{r6, r7, lr}
10006ab4:	78ea      	ldrb	r2, [r5, #3]
10006ab6:	001f      	movs	r7, r3
10006ab8:	4680      	mov	r8, r0
10006aba:	000c      	movs	r4, r1
10006abc:	78ab      	ldrb	r3, [r5, #2]
10006abe:	428a      	cmp	r2, r1
10006ac0:	d03b      	beq.n	10006b3a <cdcd_xfer_cb+0x92>
10006ac2:	428b      	cmp	r3, r1
10006ac4:	d010      	beq.n	10006ae8 <cdcd_xfer_cb+0x40>
10006ac6:	2000      	movs	r0, #0
10006ac8:	bce0      	pop	{r5, r6, r7}
10006aca:	46ba      	mov	sl, r7
10006acc:	46b1      	mov	r9, r6
10006ace:	46a8      	mov	r8, r5
10006ad0:	bdf0      	pop	{r4, r5, r6, r7, pc}
10006ad2:	4b2f      	ldr	r3, [pc, #188]	@ (10006b90 <cdcd_xfer_cb+0xe8>)
10006ad4:	2b00      	cmp	r3, #0
10006ad6:	d004      	beq.n	10006ae2 <cdcd_xfer_cb+0x3a>
10006ad8:	482e      	ldr	r0, [pc, #184]	@ (10006b94 <cdcd_xfer_cb+0xec>)
10006ada:	f000 f971 	bl	10006dc0 <tu_fifo_empty>
10006ade:	2800      	cmp	r0, #0
10006ae0:	d051      	beq.n	10006b86 <cdcd_xfer_cb+0xde>
10006ae2:	2000      	movs	r0, #0
10006ae4:	f7ff fd9c 	bl	10006620 <_prep_out_transaction.isra.0>
10006ae8:	78ab      	ldrb	r3, [r5, #2]
10006aea:	42a3      	cmp	r3, r4
10006aec:	d001      	beq.n	10006af2 <cdcd_xfer_cb+0x4a>
10006aee:	2001      	movs	r0, #1
10006af0:	e7ea      	b.n	10006ac8 <cdcd_xfer_cb+0x20>
10006af2:	4b29      	ldr	r3, [pc, #164]	@ (10006b98 <cdcd_xfer_cb+0xf0>)
10006af4:	2b00      	cmp	r3, #0
10006af6:	d002      	beq.n	10006afe <cdcd_xfer_cb+0x56>
10006af8:	2000      	movs	r0, #0
10006afa:	e000      	b.n	10006afe <cdcd_xfer_cb+0x56>
10006afc:	bf00      	nop
10006afe:	2000      	movs	r0, #0
10006b00:	f7ff fe2e 	bl	10006760 <tud_cdc_n_write_flush>
10006b04:	2800      	cmp	r0, #0
10006b06:	d1f2      	bne.n	10006aee <cdcd_xfer_cb+0x46>
10006b08:	4c24      	ldr	r4, [pc, #144]	@ (10006b9c <cdcd_xfer_cb+0xf4>)
10006b0a:	0020      	movs	r0, r4
10006b0c:	f000 f942 	bl	10006d94 <tu_fifo_count>
10006b10:	2800      	cmp	r0, #0
10006b12:	d1ec      	bne.n	10006aee <cdcd_xfer_cb+0x46>
10006b14:	2f00      	cmp	r7, #0
10006b16:	d0ea      	beq.n	10006aee <cdcd_xfer_cb+0x46>
10006b18:	06bf      	lsls	r7, r7, #26
10006b1a:	d1e8      	bne.n	10006aee <cdcd_xfer_cb+0x46>
10006b1c:	3c24      	subs	r4, #36	@ 0x24
10006b1e:	4640      	mov	r0, r8
10006b20:	78a1      	ldrb	r1, [r4, #2]
10006b22:	f7ff fc2f 	bl	10006384 <usbd_edpt_claim>
10006b26:	2800      	cmp	r0, #0
10006b28:	d0e1      	beq.n	10006aee <cdcd_xfer_cb+0x46>
10006b2a:	2300      	movs	r3, #0
10006b2c:	2200      	movs	r2, #0
10006b2e:	4640      	mov	r0, r8
10006b30:	78a1      	ldrb	r1, [r4, #2]
10006b32:	f7ff fc4f 	bl	100063d4 <usbd_edpt_xfer>
10006b36:	2001      	movs	r0, #1
10006b38:	e7c6      	b.n	10006ac8 <cdcd_xfer_cb+0x20>
10006b3a:	2310      	movs	r3, #16
10006b3c:	469a      	mov	sl, r3
10006b3e:	4e18      	ldr	r6, [pc, #96]	@ (10006ba0 <cdcd_xfer_cb+0xf8>)
10006b40:	44aa      	add	sl, r5
10006b42:	0031      	movs	r1, r6
10006b44:	4650      	mov	r0, sl
10006b46:	b2ba      	uxth	r2, r7
10006b48:	f000 fa6e 	bl	10007028 <tu_fifo_write_n>
10006b4c:	4b15      	ldr	r3, [pc, #84]	@ (10006ba4 <cdcd_xfer_cb+0xfc>)
10006b4e:	2b00      	cmp	r3, #0
10006b50:	d0bf      	beq.n	10006ad2 <cdcd_xfer_cb+0x2a>
10006b52:	796b      	ldrb	r3, [r5, #5]
10006b54:	2bff      	cmp	r3, #255	@ 0xff
10006b56:	d0bc      	beq.n	10006ad2 <cdcd_xfer_cb+0x2a>
10006b58:	2f00      	cmp	r7, #0
10006b5a:	d0ba      	beq.n	10006ad2 <cdcd_xfer_cb+0x2a>
10006b5c:	19f2      	adds	r2, r6, r7
10006b5e:	4691      	mov	r9, r2
10006b60:	e003      	b.n	10006b6a <cdcd_xfer_cb+0xc2>
10006b62:	3601      	adds	r6, #1
10006b64:	45b1      	cmp	r9, r6
10006b66:	d0b4      	beq.n	10006ad2 <cdcd_xfer_cb+0x2a>
10006b68:	796b      	ldrb	r3, [r5, #5]
10006b6a:	7832      	ldrb	r2, [r6, #0]
10006b6c:	429a      	cmp	r2, r3
10006b6e:	d1f8      	bne.n	10006b62 <cdcd_xfer_cb+0xba>
10006b70:	4650      	mov	r0, sl
10006b72:	f000 f925 	bl	10006dc0 <tu_fifo_empty>
10006b76:	2800      	cmp	r0, #0
10006b78:	d1f3      	bne.n	10006b62 <cdcd_xfer_cb+0xba>
10006b7a:	4653      	mov	r3, sl
10006b7c:	3b10      	subs	r3, #16
10006b7e:	7959      	ldrb	r1, [r3, #5]
10006b80:	e000      	b.n	10006b84 <cdcd_xfer_cb+0xdc>
10006b82:	bf00      	nop
10006b84:	e7ed      	b.n	10006b62 <cdcd_xfer_cb+0xba>
10006b86:	e000      	b.n	10006b8a <cdcd_xfer_cb+0xe2>
10006b88:	bf00      	nop
10006b8a:	e7aa      	b.n	10006ae2 <cdcd_xfer_cb+0x3a>
10006b8c:	200014b8 	.word	0x200014b8
10006b90:	00000000 	.word	0x00000000
10006b94:	200014c8 	.word	0x200014c8
10006b98:	00000000 	.word	0x00000000
10006b9c:	200014dc 	.word	0x200014dc
10006ba0:	20001434 	.word	0x20001434
10006ba4:	00000000 	.word	0x00000000

10006ba8 <tusb_rhport_init>:
10006ba8:	b500      	push	{lr}
10006baa:	0003      	movs	r3, r0
10006bac:	b083      	sub	sp, #12
10006bae:	2900      	cmp	r1, #0
10006bb0:	d010      	beq.n	10006bd4 <tusb_rhport_init+0x2c>
10006bb2:	2000      	movs	r0, #0
10006bb4:	2b01      	cmp	r3, #1
10006bb6:	d807      	bhi.n	10006bc8 <tusb_rhport_init+0x20>
10006bb8:	780a      	ldrb	r2, [r1, #0]
10006bba:	2a00      	cmp	r2, #0
10006bbc:	d004      	beq.n	10006bc8 <tusb_rhport_init+0x20>
10006bbe:	480b      	ldr	r0, [pc, #44]	@ (10006bec <tusb_rhport_init+0x44>)
10006bc0:	54c2      	strb	r2, [r0, r3]
10006bc2:	2001      	movs	r0, #1
10006bc4:	2a01      	cmp	r2, #1
10006bc6:	d001      	beq.n	10006bcc <tusb_rhport_init+0x24>
10006bc8:	b003      	add	sp, #12
10006bca:	bd00      	pop	{pc}
10006bcc:	0018      	movs	r0, r3
10006bce:	f7fe ff0b 	bl	100059e8 <tud_rhport_init>
10006bd2:	e7f9      	b.n	10006bc8 <tusb_rhport_init+0x20>
10006bd4:	2301      	movs	r3, #1
10006bd6:	a901      	add	r1, sp, #4
10006bd8:	2000      	movs	r0, #0
10006bda:	800b      	strh	r3, [r1, #0]
10006bdc:	f7fe ff04 	bl	100059e8 <tud_rhport_init>
10006be0:	2800      	cmp	r0, #0
10006be2:	d0f1      	beq.n	10006bc8 <tusb_rhport_init+0x20>
10006be4:	2201      	movs	r2, #1
10006be6:	4b01      	ldr	r3, [pc, #4]	@ (10006bec <tusb_rhport_init+0x44>)
10006be8:	701a      	strb	r2, [r3, #0]
10006bea:	e7ed      	b.n	10006bc8 <tusb_rhport_init+0x20>
10006bec:	200015d4 	.word	0x200015d4

10006bf0 <tu_edpt_claim>:
10006bf0:	7803      	ldrb	r3, [r0, #0]
10006bf2:	b570      	push	{r4, r5, r6, lr}
10006bf4:	07db      	lsls	r3, r3, #31
10006bf6:	0004      	movs	r4, r0
10006bf8:	000e      	movs	r6, r1
10006bfa:	0fdd      	lsrs	r5, r3, #31
10006bfc:	2b00      	cmp	r3, #0
10006bfe:	d117      	bne.n	10006c30 <tu_edpt_claim+0x40>
10006c00:	7803      	ldrb	r3, [r0, #0]
10006c02:	075b      	lsls	r3, r3, #29
10006c04:	d501      	bpl.n	10006c0a <tu_edpt_claim+0x1a>
10006c06:	0028      	movs	r0, r5
10006c08:	bd70      	pop	{r4, r5, r6, pc}
10006c0a:	2101      	movs	r1, #1
10006c0c:	0030      	movs	r0, r6
10006c0e:	4249      	negs	r1, r1
10006c10:	f003 fd42 	bl	1000a698 <__mutex_enter_timeout_ms_veneer>
10006c14:	7823      	ldrb	r3, [r4, #0]
10006c16:	07db      	lsls	r3, r3, #31
10006c18:	0fdd      	lsrs	r5, r3, #31
10006c1a:	2b00      	cmp	r3, #0
10006c1c:	d10a      	bne.n	10006c34 <tu_edpt_claim+0x44>
10006c1e:	7823      	ldrb	r3, [r4, #0]
10006c20:	075b      	lsls	r3, r3, #29
10006c22:	d408      	bmi.n	10006c36 <tu_edpt_claim+0x46>
10006c24:	2204      	movs	r2, #4
10006c26:	7823      	ldrb	r3, [r4, #0]
10006c28:	2501      	movs	r5, #1
10006c2a:	4313      	orrs	r3, r2
10006c2c:	7023      	strb	r3, [r4, #0]
10006c2e:	e002      	b.n	10006c36 <tu_edpt_claim+0x46>
10006c30:	2500      	movs	r5, #0
10006c32:	e7e8      	b.n	10006c06 <tu_edpt_claim+0x16>
10006c34:	2500      	movs	r5, #0
10006c36:	0030      	movs	r0, r6
10006c38:	f003 fd06 	bl	1000a648 <__mutex_exit_veneer>
10006c3c:	e7e3      	b.n	10006c06 <tu_edpt_claim+0x16>
10006c3e:	46c0      	nop			@ (mov r8, r8)

10006c40 <tu_edpt_release>:
10006c40:	b570      	push	{r4, r5, r6, lr}
10006c42:	000c      	movs	r4, r1
10006c44:	2101      	movs	r1, #1
10006c46:	0006      	movs	r6, r0
10006c48:	4249      	negs	r1, r1
10006c4a:	0020      	movs	r0, r4
10006c4c:	f003 fd24 	bl	1000a698 <__mutex_enter_timeout_ms_veneer>
10006c50:	7833      	ldrb	r3, [r6, #0]
10006c52:	075b      	lsls	r3, r3, #29
10006c54:	0fdd      	lsrs	r5, r3, #31
10006c56:	2b00      	cmp	r3, #0
10006c58:	db04      	blt.n	10006c64 <tu_edpt_release+0x24>
10006c5a:	0020      	movs	r0, r4
10006c5c:	f003 fcf4 	bl	1000a648 <__mutex_exit_veneer>
10006c60:	0028      	movs	r0, r5
10006c62:	bd70      	pop	{r4, r5, r6, pc}
10006c64:	7833      	ldrb	r3, [r6, #0]
10006c66:	07db      	lsls	r3, r3, #31
10006c68:	d404      	bmi.n	10006c74 <tu_edpt_release+0x34>
10006c6a:	2204      	movs	r2, #4
10006c6c:	7833      	ldrb	r3, [r6, #0]
10006c6e:	4393      	bics	r3, r2
10006c70:	7033      	strb	r3, [r6, #0]
10006c72:	e7f2      	b.n	10006c5a <tu_edpt_release+0x1a>
10006c74:	2500      	movs	r5, #0
10006c76:	e7f0      	b.n	10006c5a <tu_edpt_release+0x1a>

10006c78 <tu_edpt_validate>:
10006c78:	7943      	ldrb	r3, [r0, #5]
10006c7a:	7902      	ldrb	r2, [r0, #4]
10006c7c:	021b      	lsls	r3, r3, #8
10006c7e:	4313      	orrs	r3, r2
10006c80:	78c2      	ldrb	r2, [r0, #3]
10006c82:	055b      	lsls	r3, r3, #21
10006c84:	0792      	lsls	r2, r2, #30
10006c86:	0d5b      	lsrs	r3, r3, #21
10006c88:	0f92      	lsrs	r2, r2, #30
10006c8a:	2a02      	cmp	r2, #2
10006c8c:	d01d      	beq.n	10006cca <tu_edpt_validate+0x52>
10006c8e:	2a03      	cmp	r2, #3
10006c90:	d00c      	beq.n	10006cac <tu_edpt_validate+0x34>
10006c92:	2000      	movs	r0, #0
10006c94:	2a01      	cmp	r2, #1
10006c96:	d108      	bne.n	10006caa <tu_edpt_validate+0x32>
10006c98:	3902      	subs	r1, #2
10006c9a:	424a      	negs	r2, r1
10006c9c:	4151      	adcs	r1, r2
10006c9e:	4a12      	ldr	r2, [pc, #72]	@ (10006ce8 <tu_edpt_validate+0x70>)
10006ca0:	4694      	mov	ip, r2
10006ca2:	4461      	add	r1, ip
10006ca4:	4299      	cmp	r1, r3
10006ca6:	4140      	adcs	r0, r0
10006ca8:	b2c0      	uxtb	r0, r0
10006caa:	4770      	bx	lr
10006cac:	3902      	subs	r1, #2
10006cae:	1e4a      	subs	r2, r1, #1
10006cb0:	4191      	sbcs	r1, r2
10006cb2:	4a0e      	ldr	r2, [pc, #56]	@ (10006cec <tu_edpt_validate+0x74>)
10006cb4:	4249      	negs	r1, r1
10006cb6:	4011      	ands	r1, r2
10006cb8:	2280      	movs	r2, #128	@ 0x80
10006cba:	00d2      	lsls	r2, r2, #3
10006cbc:	4694      	mov	ip, r2
10006cbe:	2000      	movs	r0, #0
10006cc0:	4461      	add	r1, ip
10006cc2:	4299      	cmp	r1, r3
10006cc4:	4140      	adcs	r0, r0
10006cc6:	b2c0      	uxtb	r0, r0
10006cc8:	e7ef      	b.n	10006caa <tu_edpt_validate+0x32>
10006cca:	2902      	cmp	r1, #2
10006ccc:	d005      	beq.n	10006cda <tu_edpt_validate+0x62>
10006cce:	2000      	movs	r0, #0
10006cd0:	2240      	movs	r2, #64	@ 0x40
10006cd2:	429a      	cmp	r2, r3
10006cd4:	4140      	adcs	r0, r0
10006cd6:	b2c0      	uxtb	r0, r0
10006cd8:	e7e7      	b.n	10006caa <tu_edpt_validate+0x32>
10006cda:	4a05      	ldr	r2, [pc, #20]	@ (10006cf0 <tu_edpt_validate+0x78>)
10006cdc:	1898      	adds	r0, r3, r2
10006cde:	4243      	negs	r3, r0
10006ce0:	4158      	adcs	r0, r3
10006ce2:	b2c0      	uxtb	r0, r0
10006ce4:	e7e1      	b.n	10006caa <tu_edpt_validate+0x32>
10006ce6:	46c0      	nop			@ (mov r8, r8)
10006ce8:	000003ff 	.word	0x000003ff
10006cec:	fffffc40 	.word	0xfffffc40
10006cf0:	fffffe00 	.word	0xfffffe00

10006cf4 <tu_edpt_bind_driver>:
10006cf4:	188a      	adds	r2, r1, r2
10006cf6:	b570      	push	{r4, r5, r6, lr}
10006cf8:	4291      	cmp	r1, r2
10006cfa:	d207      	bcs.n	10006d0c <tu_edpt_bind_driver+0x18>
10006cfc:	267f      	movs	r6, #127	@ 0x7f
10006cfe:	784c      	ldrb	r4, [r1, #1]
10006d00:	2c05      	cmp	r4, #5
10006d02:	d004      	beq.n	10006d0e <tu_edpt_bind_driver+0x1a>
10006d04:	780c      	ldrb	r4, [r1, #0]
10006d06:	1909      	adds	r1, r1, r4
10006d08:	428a      	cmp	r2, r1
10006d0a:	d8f8      	bhi.n	10006cfe <tu_edpt_bind_driver+0xa>
10006d0c:	bd70      	pop	{r4, r5, r6, pc}
10006d0e:	0034      	movs	r4, r6
10006d10:	788d      	ldrb	r5, [r1, #2]
10006d12:	402c      	ands	r4, r5
10006d14:	0064      	lsls	r4, r4, #1
10006d16:	1904      	adds	r4, r0, r4
10006d18:	09ed      	lsrs	r5, r5, #7
10006d1a:	5563      	strb	r3, [r4, r5]
10006d1c:	780c      	ldrb	r4, [r1, #0]
10006d1e:	1909      	adds	r1, r1, r4
10006d20:	428a      	cmp	r2, r1
10006d22:	d8ec      	bhi.n	10006cfe <tu_edpt_bind_driver+0xa>
10006d24:	e7f2      	b.n	10006d0c <tu_edpt_bind_driver+0x18>
10006d26:	46c0      	nop			@ (mov r8, r8)

10006d28 <tu_fifo_config>:
10006d28:	b5f0      	push	{r4, r5, r6, r7, lr}
10006d2a:	46c6      	mov	lr, r8
10006d2c:	b500      	push	{lr}
10006d2e:	0004      	movs	r4, r0
10006d30:	a806      	add	r0, sp, #24
10006d32:	7805      	ldrb	r5, [r0, #0]
10006d34:	2080      	movs	r0, #128	@ 0x80
10006d36:	4688      	mov	r8, r1
10006d38:	0017      	movs	r7, r2
10006d3a:	001e      	movs	r6, r3
10006d3c:	0200      	lsls	r0, r0, #8
10006d3e:	4282      	cmp	r2, r0
10006d40:	d826      	bhi.n	10006d90 <tu_fifo_config+0x68>
10006d42:	68e0      	ldr	r0, [r4, #12]
10006d44:	2800      	cmp	r0, #0
10006d46:	d003      	beq.n	10006d50 <tu_fifo_config+0x28>
10006d48:	2101      	movs	r1, #1
10006d4a:	4249      	negs	r1, r1
10006d4c:	f003 fca4 	bl	1000a698 <__mutex_enter_timeout_ms_veneer>
10006d50:	6920      	ldr	r0, [r4, #16]
10006d52:	2800      	cmp	r0, #0
10006d54:	d003      	beq.n	10006d5e <tu_fifo_config+0x36>
10006d56:	2101      	movs	r1, #1
10006d58:	4249      	negs	r1, r1
10006d5a:	f003 fc9d 	bl	1000a698 <__mutex_enter_timeout_ms_veneer>
10006d5e:	4643      	mov	r3, r8
10006d60:	6023      	str	r3, [r4, #0]
10006d62:	0473      	lsls	r3, r6, #17
10006d64:	0c5b      	lsrs	r3, r3, #17
10006d66:	03ed      	lsls	r5, r5, #15
10006d68:	431d      	orrs	r5, r3
10006d6a:	2300      	movs	r3, #0
10006d6c:	68e0      	ldr	r0, [r4, #12]
10006d6e:	8163      	strh	r3, [r4, #10]
10006d70:	80a7      	strh	r7, [r4, #4]
10006d72:	80e5      	strh	r5, [r4, #6]
10006d74:	8123      	strh	r3, [r4, #8]
10006d76:	2800      	cmp	r0, #0
10006d78:	d001      	beq.n	10006d7e <tu_fifo_config+0x56>
10006d7a:	f003 fc65 	bl	1000a648 <__mutex_exit_veneer>
10006d7e:	6920      	ldr	r0, [r4, #16]
10006d80:	2800      	cmp	r0, #0
10006d82:	d001      	beq.n	10006d88 <tu_fifo_config+0x60>
10006d84:	f003 fc60 	bl	1000a648 <__mutex_exit_veneer>
10006d88:	2001      	movs	r0, #1
10006d8a:	bc80      	pop	{r7}
10006d8c:	46b8      	mov	r8, r7
10006d8e:	bdf0      	pop	{r4, r5, r6, r7, pc}
10006d90:	2000      	movs	r0, #0
10006d92:	e7fa      	b.n	10006d8a <tu_fifo_config+0x62>

10006d94 <tu_fifo_count>:
10006d94:	b510      	push	{r4, lr}
10006d96:	8904      	ldrh	r4, [r0, #8]
10006d98:	8941      	ldrh	r1, [r0, #10]
10006d9a:	8882      	ldrh	r2, [r0, #4]
10006d9c:	b2a3      	uxth	r3, r4
10006d9e:	b288      	uxth	r0, r1
10006da0:	428c      	cmp	r4, r1
10006da2:	d307      	bcc.n	10006db4 <tu_fifo_count+0x20>
10006da4:	1a1b      	subs	r3, r3, r0
10006da6:	b29b      	uxth	r3, r3
10006da8:	1c10      	adds	r0, r2, #0
10006daa:	429a      	cmp	r2, r3
10006dac:	d900      	bls.n	10006db0 <tu_fifo_count+0x1c>
10006dae:	1c18      	adds	r0, r3, #0
10006db0:	b280      	uxth	r0, r0
10006db2:	bd10      	pop	{r4, pc}
10006db4:	0051      	lsls	r1, r2, #1
10006db6:	1a09      	subs	r1, r1, r0
10006db8:	185b      	adds	r3, r3, r1
10006dba:	b29b      	uxth	r3, r3
10006dbc:	e7f4      	b.n	10006da8 <tu_fifo_count+0x14>
10006dbe:	46c0      	nop			@ (mov r8, r8)

10006dc0 <tu_fifo_empty>:
10006dc0:	8903      	ldrh	r3, [r0, #8]
10006dc2:	8940      	ldrh	r0, [r0, #10]
10006dc4:	1a18      	subs	r0, r3, r0
10006dc6:	4243      	negs	r3, r0
10006dc8:	4158      	adcs	r0, r3
10006dca:	b2c0      	uxtb	r0, r0
10006dcc:	4770      	bx	lr
10006dce:	46c0      	nop			@ (mov r8, r8)

10006dd0 <tu_fifo_remaining>:
10006dd0:	b510      	push	{r4, lr}
10006dd2:	8904      	ldrh	r4, [r0, #8]
10006dd4:	8941      	ldrh	r1, [r0, #10]
10006dd6:	8882      	ldrh	r2, [r0, #4]
10006dd8:	b2a3      	uxth	r3, r4
10006dda:	b288      	uxth	r0, r1
10006ddc:	428c      	cmp	r4, r1
10006dde:	d307      	bcc.n	10006df0 <tu_fifo_remaining+0x20>
10006de0:	1a1b      	subs	r3, r3, r0
10006de2:	b29b      	uxth	r3, r3
10006de4:	2000      	movs	r0, #0
10006de6:	429a      	cmp	r2, r3
10006de8:	d901      	bls.n	10006dee <tu_fifo_remaining+0x1e>
10006dea:	1ad2      	subs	r2, r2, r3
10006dec:	b290      	uxth	r0, r2
10006dee:	bd10      	pop	{r4, pc}
10006df0:	0051      	lsls	r1, r2, #1
10006df2:	1a09      	subs	r1, r1, r0
10006df4:	185b      	adds	r3, r3, r1
10006df6:	b29b      	uxth	r3, r3
10006df8:	e7f4      	b.n	10006de4 <tu_fifo_remaining+0x14>
10006dfa:	46c0      	nop			@ (mov r8, r8)

10006dfc <tu_fifo_read>:
10006dfc:	b570      	push	{r4, r5, r6, lr}
10006dfe:	0004      	movs	r4, r0
10006e00:	6900      	ldr	r0, [r0, #16]
10006e02:	000e      	movs	r6, r1
10006e04:	2800      	cmp	r0, #0
10006e06:	d003      	beq.n	10006e10 <tu_fifo_read+0x14>
10006e08:	2101      	movs	r1, #1
10006e0a:	4249      	negs	r1, r1
10006e0c:	f003 fc44 	bl	1000a698 <__mutex_enter_timeout_ms_veneer>
10006e10:	8925      	ldrh	r5, [r4, #8]
10006e12:	8960      	ldrh	r0, [r4, #10]
10006e14:	88a2      	ldrh	r2, [r4, #4]
10006e16:	b2a9      	uxth	r1, r5
10006e18:	b283      	uxth	r3, r0
10006e1a:	4285      	cmp	r5, r0
10006e1c:	d32c      	bcc.n	10006e78 <tu_fifo_read+0x7c>
10006e1e:	1acd      	subs	r5, r1, r3
10006e20:	b2ad      	uxth	r5, r5
10006e22:	2d00      	cmp	r5, #0
10006e24:	d02e      	beq.n	10006e84 <tu_fifo_read+0x88>
10006e26:	42aa      	cmp	r2, r5
10006e28:	d208      	bcs.n	10006e3c <tu_fifo_read+0x40>
10006e2a:	4291      	cmp	r1, r2
10006e2c:	d330      	bcc.n	10006e90 <tu_fifo_read+0x94>
10006e2e:	1a89      	subs	r1, r1, r2
10006e30:	b28b      	uxth	r3, r1
10006e32:	8163      	strh	r3, [r4, #10]
10006e34:	429a      	cmp	r2, r3
10006e36:	d803      	bhi.n	10006e40 <tu_fifo_read+0x44>
10006e38:	1a9b      	subs	r3, r3, r2
10006e3a:	b29b      	uxth	r3, r3
10006e3c:	429a      	cmp	r2, r3
10006e3e:	d9fb      	bls.n	10006e38 <tu_fifo_read+0x3c>
10006e40:	88e2      	ldrh	r2, [r4, #6]
10006e42:	6821      	ldr	r1, [r4, #0]
10006e44:	0452      	lsls	r2, r2, #17
10006e46:	0c52      	lsrs	r2, r2, #17
10006e48:	4353      	muls	r3, r2
10006e4a:	0030      	movs	r0, r6
10006e4c:	18c9      	adds	r1, r1, r3
10006e4e:	f7fc fa77 	bl	10003340 <__wrap___aeabi_memcpy>
10006e52:	8963      	ldrh	r3, [r4, #10]
10006e54:	2501      	movs	r5, #1
10006e56:	1c59      	adds	r1, r3, #1
10006e58:	b289      	uxth	r1, r1
10006e5a:	88a2      	ldrh	r2, [r4, #4]
10006e5c:	428b      	cmp	r3, r1
10006e5e:	d913      	bls.n	10006e88 <tu_fifo_read+0x8c>
10006e60:	2100      	movs	r1, #0
10006e62:	0052      	lsls	r2, r2, #1
10006e64:	1a89      	subs	r1, r1, r2
10006e66:	b289      	uxth	r1, r1
10006e68:	6920      	ldr	r0, [r4, #16]
10006e6a:	8161      	strh	r1, [r4, #10]
10006e6c:	2800      	cmp	r0, #0
10006e6e:	d001      	beq.n	10006e74 <tu_fifo_read+0x78>
10006e70:	f003 fbea 	bl	1000a648 <__mutex_exit_veneer>
10006e74:	0028      	movs	r0, r5
10006e76:	bd70      	pop	{r4, r5, r6, pc}
10006e78:	0055      	lsls	r5, r2, #1
10006e7a:	1aed      	subs	r5, r5, r3
10006e7c:	194d      	adds	r5, r1, r5
10006e7e:	b2ad      	uxth	r5, r5
10006e80:	2d00      	cmp	r5, #0
10006e82:	d1d0      	bne.n	10006e26 <tu_fifo_read+0x2a>
10006e84:	8961      	ldrh	r1, [r4, #10]
10006e86:	b289      	uxth	r1, r1
10006e88:	0052      	lsls	r2, r2, #1
10006e8a:	4291      	cmp	r1, r2
10006e8c:	dbec      	blt.n	10006e68 <tu_fifo_read+0x6c>
10006e8e:	e7e9      	b.n	10006e64 <tu_fifo_read+0x68>
10006e90:	1889      	adds	r1, r1, r2
10006e92:	b28b      	uxth	r3, r1
10006e94:	8163      	strh	r3, [r4, #10]
10006e96:	e7cd      	b.n	10006e34 <tu_fifo_read+0x38>

10006e98 <tu_fifo_read_n>:
10006e98:	b5f0      	push	{r4, r5, r6, r7, lr}
10006e9a:	4646      	mov	r6, r8
10006e9c:	464f      	mov	r7, r9
10006e9e:	46d6      	mov	lr, sl
10006ea0:	b5c0      	push	{r6, r7, lr}
10006ea2:	0006      	movs	r6, r0
10006ea4:	6900      	ldr	r0, [r0, #16]
10006ea6:	4689      	mov	r9, r1
10006ea8:	4690      	mov	r8, r2
10006eaa:	2800      	cmp	r0, #0
10006eac:	d003      	beq.n	10006eb6 <tu_fifo_read_n+0x1e>
10006eae:	2101      	movs	r1, #1
10006eb0:	4249      	negs	r1, r1
10006eb2:	f003 fbf1 	bl	1000a698 <__mutex_enter_timeout_ms_veneer>
10006eb6:	8931      	ldrh	r1, [r6, #8]
10006eb8:	8972      	ldrh	r2, [r6, #10]
10006eba:	88b5      	ldrh	r5, [r6, #4]
10006ebc:	b28b      	uxth	r3, r1
10006ebe:	b294      	uxth	r4, r2
10006ec0:	4291      	cmp	r1, r2
10006ec2:	d354      	bcc.n	10006f6e <tu_fifo_read_n+0xd6>
10006ec4:	1b1f      	subs	r7, r3, r4
10006ec6:	b2bf      	uxth	r7, r7
10006ec8:	2f00      	cmp	r7, #0
10006eca:	d04a      	beq.n	10006f62 <tu_fifo_read_n+0xca>
10006ecc:	42bd      	cmp	r5, r7
10006ece:	d205      	bcs.n	10006edc <tu_fifo_read_n+0x44>
10006ed0:	42ab      	cmp	r3, r5
10006ed2:	d251      	bcs.n	10006f78 <tu_fifo_read_n+0xe0>
10006ed4:	195b      	adds	r3, r3, r5
10006ed6:	b29c      	uxth	r4, r3
10006ed8:	002f      	movs	r7, r5
10006eda:	8174      	strh	r4, [r6, #10]
10006edc:	4643      	mov	r3, r8
10006ede:	45b8      	cmp	r8, r7
10006ee0:	d83d      	bhi.n	10006f5e <tu_fifo_read_n+0xc6>
10006ee2:	b29f      	uxth	r7, r3
10006ee4:	42a5      	cmp	r5, r4
10006ee6:	d803      	bhi.n	10006ef0 <tu_fifo_read_n+0x58>
10006ee8:	1b64      	subs	r4, r4, r5
10006eea:	b2a4      	uxth	r4, r4
10006eec:	42a5      	cmp	r5, r4
10006eee:	d9fb      	bls.n	10006ee8 <tu_fifo_read_n+0x50>
10006ef0:	88f2      	ldrh	r2, [r6, #6]
10006ef2:	6831      	ldr	r1, [r6, #0]
10006ef4:	0452      	lsls	r2, r2, #17
10006ef6:	0c52      	lsrs	r2, r2, #17
10006ef8:	4690      	mov	r8, r2
10006efa:	4362      	muls	r2, r4
10006efc:	1b2b      	subs	r3, r5, r4
10006efe:	b29b      	uxth	r3, r3
10006f00:	1889      	adds	r1, r1, r2
10006f02:	4642      	mov	r2, r8
10006f04:	429f      	cmp	r7, r3
10006f06:	d925      	bls.n	10006f54 <tu_fifo_read_n+0xbc>
10006f08:	4353      	muls	r3, r2
10006f0a:	b29b      	uxth	r3, r3
10006f0c:	001a      	movs	r2, r3
10006f0e:	4648      	mov	r0, r9
10006f10:	469a      	mov	sl, r3
10006f12:	f7fc fa15 	bl	10003340 <__wrap___aeabi_memcpy>
10006f16:	4643      	mov	r3, r8
10006f18:	4648      	mov	r0, r9
10006f1a:	1b7d      	subs	r5, r7, r5
10006f1c:	1964      	adds	r4, r4, r5
10006f1e:	435c      	muls	r4, r3
10006f20:	6831      	ldr	r1, [r6, #0]
10006f22:	4450      	add	r0, sl
10006f24:	b2a2      	uxth	r2, r4
10006f26:	f7fc fa0b 	bl	10003340 <__wrap___aeabi_memcpy>
10006f2a:	8971      	ldrh	r1, [r6, #10]
10006f2c:	88b5      	ldrh	r5, [r6, #4]
10006f2e:	19cb      	adds	r3, r1, r7
10006f30:	b29b      	uxth	r3, r3
10006f32:	006a      	lsls	r2, r5, #1
10006f34:	4299      	cmp	r1, r3
10006f36:	d916      	bls.n	10006f66 <tu_fifo_read_n+0xce>
10006f38:	1a9b      	subs	r3, r3, r2
10006f3a:	b29b      	uxth	r3, r3
10006f3c:	6930      	ldr	r0, [r6, #16]
10006f3e:	8173      	strh	r3, [r6, #10]
10006f40:	2800      	cmp	r0, #0
10006f42:	d001      	beq.n	10006f48 <tu_fifo_read_n+0xb0>
10006f44:	f003 fb80 	bl	1000a648 <__mutex_exit_veneer>
10006f48:	0038      	movs	r0, r7
10006f4a:	bce0      	pop	{r5, r6, r7}
10006f4c:	46ba      	mov	sl, r7
10006f4e:	46b1      	mov	r9, r6
10006f50:	46a8      	mov	r8, r5
10006f52:	bdf0      	pop	{r4, r5, r6, r7, pc}
10006f54:	4648      	mov	r0, r9
10006f56:	437a      	muls	r2, r7
10006f58:	f7fc f9f2 	bl	10003340 <__wrap___aeabi_memcpy>
10006f5c:	e7e5      	b.n	10006f2a <tu_fifo_read_n+0x92>
10006f5e:	1c3b      	adds	r3, r7, #0
10006f60:	e7bf      	b.n	10006ee2 <tu_fifo_read_n+0x4a>
10006f62:	8973      	ldrh	r3, [r6, #10]
10006f64:	b29b      	uxth	r3, r3
10006f66:	006a      	lsls	r2, r5, #1
10006f68:	4293      	cmp	r3, r2
10006f6a:	dbe7      	blt.n	10006f3c <tu_fifo_read_n+0xa4>
10006f6c:	e7e4      	b.n	10006f38 <tu_fifo_read_n+0xa0>
10006f6e:	006f      	lsls	r7, r5, #1
10006f70:	1b3f      	subs	r7, r7, r4
10006f72:	19df      	adds	r7, r3, r7
10006f74:	b2bf      	uxth	r7, r7
10006f76:	e7a7      	b.n	10006ec8 <tu_fifo_read_n+0x30>
10006f78:	1b5b      	subs	r3, r3, r5
10006f7a:	b29c      	uxth	r4, r3
10006f7c:	e7ac      	b.n	10006ed8 <tu_fifo_read_n+0x40>
10006f7e:	46c0      	nop			@ (mov r8, r8)

10006f80 <tu_fifo_write>:
10006f80:	b5f8      	push	{r3, r4, r5, r6, r7, lr}
10006f82:	0004      	movs	r4, r0
10006f84:	68c0      	ldr	r0, [r0, #12]
10006f86:	000e      	movs	r6, r1
10006f88:	2800      	cmp	r0, #0
10006f8a:	d003      	beq.n	10006f94 <tu_fifo_write+0x14>
10006f8c:	2101      	movs	r1, #1
10006f8e:	4249      	negs	r1, r1
10006f90:	f003 fb82 	bl	1000a698 <__mutex_enter_timeout_ms_veneer>
10006f94:	8925      	ldrh	r5, [r4, #8]
10006f96:	8920      	ldrh	r0, [r4, #8]
10006f98:	8961      	ldrh	r1, [r4, #10]
10006f9a:	88a2      	ldrh	r2, [r4, #4]
10006f9c:	b2ad      	uxth	r5, r5
10006f9e:	b283      	uxth	r3, r0
10006fa0:	b28f      	uxth	r7, r1
10006fa2:	4288      	cmp	r0, r1
10006fa4:	d329      	bcc.n	10006ffa <tu_fifo_write+0x7a>
10006fa6:	1bdb      	subs	r3, r3, r7
10006fa8:	b29b      	uxth	r3, r3
10006faa:	429a      	cmp	r2, r3
10006fac:	d809      	bhi.n	10006fc2 <tu_fifo_write+0x42>
10006fae:	79e7      	ldrb	r7, [r4, #7]
10006fb0:	09ff      	lsrs	r7, r7, #7
10006fb2:	d106      	bne.n	10006fc2 <tu_fifo_write+0x42>
10006fb4:	68e0      	ldr	r0, [r4, #12]
10006fb6:	2800      	cmp	r0, #0
10006fb8:	d001      	beq.n	10006fbe <tu_fifo_write+0x3e>
10006fba:	f003 fb45 	bl	1000a648 <__mutex_exit_veneer>
10006fbe:	0038      	movs	r0, r7
10006fc0:	bdf8      	pop	{r3, r4, r5, r6, r7, pc}
10006fc2:	4295      	cmp	r5, r2
10006fc4:	d31e      	bcc.n	10007004 <tu_fifo_write+0x84>
10006fc6:	002b      	movs	r3, r5
10006fc8:	1a9b      	subs	r3, r3, r2
10006fca:	b29b      	uxth	r3, r3
10006fcc:	4293      	cmp	r3, r2
10006fce:	d2fb      	bcs.n	10006fc8 <tu_fifo_write+0x48>
10006fd0:	88e2      	ldrh	r2, [r4, #6]
10006fd2:	6820      	ldr	r0, [r4, #0]
10006fd4:	0452      	lsls	r2, r2, #17
10006fd6:	0c52      	lsrs	r2, r2, #17
10006fd8:	4353      	muls	r3, r2
10006fda:	0031      	movs	r1, r6
10006fdc:	18c0      	adds	r0, r0, r3
10006fde:	f7fc f9af 	bl	10003340 <__wrap___aeabi_memcpy>
10006fe2:	1c6b      	adds	r3, r5, #1
10006fe4:	b29b      	uxth	r3, r3
10006fe6:	88a2      	ldrh	r2, [r4, #4]
10006fe8:	429d      	cmp	r5, r3
10006fea:	d918      	bls.n	1000701e <tu_fifo_write+0x9e>
10006fec:	2300      	movs	r3, #0
10006fee:	0052      	lsls	r2, r2, #1
10006ff0:	1a9b      	subs	r3, r3, r2
10006ff2:	b29b      	uxth	r3, r3
10006ff4:	2701      	movs	r7, #1
10006ff6:	8123      	strh	r3, [r4, #8]
10006ff8:	e7dc      	b.n	10006fb4 <tu_fifo_write+0x34>
10006ffa:	0051      	lsls	r1, r2, #1
10006ffc:	1bc9      	subs	r1, r1, r7
10006ffe:	185b      	adds	r3, r3, r1
10007000:	b29b      	uxth	r3, r3
10007002:	e7d2      	b.n	10006faa <tu_fifo_write+0x2a>
10007004:	002b      	movs	r3, r5
10007006:	88e2      	ldrh	r2, [r4, #6]
10007008:	6820      	ldr	r0, [r4, #0]
1000700a:	0452      	lsls	r2, r2, #17
1000700c:	0c52      	lsrs	r2, r2, #17
1000700e:	4353      	muls	r3, r2
10007010:	0031      	movs	r1, r6
10007012:	18c0      	adds	r0, r0, r3
10007014:	f7fc f994 	bl	10003340 <__wrap___aeabi_memcpy>
10007018:	3501      	adds	r5, #1
1000701a:	88a2      	ldrh	r2, [r4, #4]
1000701c:	b2ab      	uxth	r3, r5
1000701e:	0052      	lsls	r2, r2, #1
10007020:	4293      	cmp	r3, r2
10007022:	dbe7      	blt.n	10006ff4 <tu_fifo_write+0x74>
10007024:	e7e4      	b.n	10006ff0 <tu_fifo_write+0x70>
10007026:	46c0      	nop			@ (mov r8, r8)

10007028 <tu_fifo_write_n>:
10007028:	b5f0      	push	{r4, r5, r6, r7, lr}
1000702a:	4657      	mov	r7, sl
1000702c:	4645      	mov	r5, r8
1000702e:	46de      	mov	lr, fp
10007030:	464e      	mov	r6, r9
10007032:	b5e0      	push	{r5, r6, r7, lr}
10007034:	0014      	movs	r4, r2
10007036:	0005      	movs	r5, r0
10007038:	000f      	movs	r7, r1
1000703a:	b083      	sub	sp, #12
1000703c:	2a00      	cmp	r2, #0
1000703e:	d075      	beq.n	1000712c <tu_fifo_write_n+0x104>
10007040:	68c0      	ldr	r0, [r0, #12]
10007042:	2800      	cmp	r0, #0
10007044:	d003      	beq.n	1000704e <tu_fifo_write_n+0x26>
10007046:	2101      	movs	r1, #1
10007048:	4249      	negs	r1, r1
1000704a:	f003 fb25 	bl	1000a698 <__mutex_enter_timeout_ms_veneer>
1000704e:	892e      	ldrh	r6, [r5, #8]
10007050:	79e9      	ldrb	r1, [r5, #7]
10007052:	896a      	ldrh	r2, [r5, #10]
10007054:	88ab      	ldrh	r3, [r5, #4]
10007056:	b2b6      	uxth	r6, r6
10007058:	b292      	uxth	r2, r2
1000705a:	09c9      	lsrs	r1, r1, #7
1000705c:	d145      	bne.n	100070ea <tu_fifo_write_n+0xc2>
1000705e:	4296      	cmp	r6, r2
10007060:	d300      	bcc.n	10007064 <tu_fifo_write_n+0x3c>
10007062:	e06d      	b.n	10007140 <tu_fifo_write_n+0x118>
10007064:	0059      	lsls	r1, r3, #1
10007066:	1a8a      	subs	r2, r1, r2
10007068:	18b2      	adds	r2, r6, r2
1000706a:	b292      	uxth	r2, r2
1000706c:	2100      	movs	r1, #0
1000706e:	4689      	mov	r9, r1
10007070:	429a      	cmp	r2, r3
10007072:	d234      	bcs.n	100070de <tu_fifo_write_n+0xb6>
10007074:	1a9a      	subs	r2, r3, r2
10007076:	1c11      	adds	r1, r2, #0
10007078:	b292      	uxth	r2, r2
1000707a:	42a2      	cmp	r2, r4
1000707c:	d900      	bls.n	10007080 <tu_fifo_write_n+0x58>
1000707e:	1c21      	adds	r1, r4, #0
10007080:	b28a      	uxth	r2, r1
10007082:	4691      	mov	r9, r2
10007084:	88ea      	ldrh	r2, [r5, #6]
10007086:	0452      	lsls	r2, r2, #17
10007088:	0c52      	lsrs	r2, r2, #17
1000708a:	4690      	mov	r8, r2
1000708c:	464a      	mov	r2, r9
1000708e:	18b2      	adds	r2, r6, r2
10007090:	b292      	uxth	r2, r2
10007092:	4692      	mov	sl, r2
10007094:	464a      	mov	r2, r9
10007096:	1ad2      	subs	r2, r2, r3
10007098:	b292      	uxth	r2, r2
1000709a:	4693      	mov	fp, r2
1000709c:	0034      	movs	r4, r6
1000709e:	429e      	cmp	r6, r3
100070a0:	d303      	bcc.n	100070aa <tu_fifo_write_n+0x82>
100070a2:	1ae4      	subs	r4, r4, r3
100070a4:	b2a4      	uxth	r4, r4
100070a6:	429c      	cmp	r4, r3
100070a8:	d2fb      	bcs.n	100070a2 <tu_fifo_write_n+0x7a>
100070aa:	4642      	mov	r2, r8
100070ac:	4362      	muls	r2, r4
100070ae:	6828      	ldr	r0, [r5, #0]
100070b0:	1b1b      	subs	r3, r3, r4
100070b2:	b29b      	uxth	r3, r3
100070b4:	1880      	adds	r0, r0, r2
100070b6:	4642      	mov	r2, r8
100070b8:	454b      	cmp	r3, r9
100070ba:	d354      	bcc.n	10007166 <tu_fifo_write_n+0x13e>
100070bc:	464b      	mov	r3, r9
100070be:	0039      	movs	r1, r7
100070c0:	435a      	muls	r2, r3
100070c2:	f7fc f93d 	bl	10003340 <__wrap___aeabi_memcpy>
100070c6:	88ab      	ldrh	r3, [r5, #4]
100070c8:	005b      	lsls	r3, r3, #1
100070ca:	4556      	cmp	r6, sl
100070cc:	d801      	bhi.n	100070d2 <tu_fifo_write_n+0xaa>
100070ce:	459a      	cmp	sl, r3
100070d0:	db03      	blt.n	100070da <tu_fifo_write_n+0xb2>
100070d2:	4652      	mov	r2, sl
100070d4:	1ad3      	subs	r3, r2, r3
100070d6:	b29b      	uxth	r3, r3
100070d8:	469a      	mov	sl, r3
100070da:	4653      	mov	r3, sl
100070dc:	812b      	strh	r3, [r5, #8]
100070de:	68e8      	ldr	r0, [r5, #12]
100070e0:	2800      	cmp	r0, #0
100070e2:	d025      	beq.n	10007130 <tu_fifo_write_n+0x108>
100070e4:	f003 fab0 	bl	1000a648 <__mutex_exit_veneer>
100070e8:	e022      	b.n	10007130 <tu_fifo_write_n+0x108>
100070ea:	88e9      	ldrh	r1, [r5, #6]
100070ec:	0449      	lsls	r1, r1, #17
100070ee:	0c49      	lsrs	r1, r1, #17
100070f0:	4688      	mov	r8, r1
100070f2:	429c      	cmp	r4, r3
100070f4:	d227      	bcs.n	10007146 <tu_fifo_write_n+0x11e>
100070f6:	4296      	cmp	r6, r2
100070f8:	d347      	bcc.n	1000718a <tu_fifo_write_n+0x162>
100070fa:	1ab1      	subs	r1, r6, r2
100070fc:	b289      	uxth	r1, r1
100070fe:	468c      	mov	ip, r1
10007100:	0058      	lsls	r0, r3, #1
10007102:	1ae1      	subs	r1, r4, r3
10007104:	b289      	uxth	r1, r1
10007106:	468b      	mov	fp, r1
10007108:	4661      	mov	r1, ip
1000710a:	1909      	adds	r1, r1, r4
1000710c:	4281      	cmp	r1, r0
1000710e:	db08      	blt.n	10007122 <tu_fifo_write_n+0xfa>
10007110:	18d1      	adds	r1, r2, r3
10007112:	b289      	uxth	r1, r1
10007114:	1b0e      	subs	r6, r1, r4
10007116:	b2b6      	uxth	r6, r6
10007118:	468a      	mov	sl, r1
1000711a:	42b2      	cmp	r2, r6
1000711c:	d93b      	bls.n	10007196 <tu_fifo_write_n+0x16e>
1000711e:	1a36      	subs	r6, r6, r0
10007120:	b2b6      	uxth	r6, r6
10007122:	19a2      	adds	r2, r4, r6
10007124:	b292      	uxth	r2, r2
10007126:	4692      	mov	sl, r2
10007128:	46a1      	mov	r9, r4
1000712a:	e7b7      	b.n	1000709c <tu_fifo_write_n+0x74>
1000712c:	2300      	movs	r3, #0
1000712e:	4699      	mov	r9, r3
10007130:	4648      	mov	r0, r9
10007132:	b003      	add	sp, #12
10007134:	bcf0      	pop	{r4, r5, r6, r7}
10007136:	46bb      	mov	fp, r7
10007138:	46b2      	mov	sl, r6
1000713a:	46a9      	mov	r9, r5
1000713c:	46a0      	mov	r8, r4
1000713e:	bdf0      	pop	{r4, r5, r6, r7, pc}
10007140:	1ab2      	subs	r2, r6, r2
10007142:	b292      	uxth	r2, r2
10007144:	e792      	b.n	1000706c <tu_fifo_write_n+0x44>
10007146:	2100      	movs	r1, #0
10007148:	4689      	mov	r9, r1
1000714a:	2b00      	cmp	r3, #0
1000714c:	d0c7      	beq.n	100070de <tu_fifo_write_n+0xb6>
1000714e:	4641      	mov	r1, r8
10007150:	1ae4      	subs	r4, r4, r3
10007152:	434c      	muls	r4, r1
10007154:	0016      	movs	r6, r2
10007156:	18d1      	adds	r1, r2, r3
10007158:	2200      	movs	r2, #0
1000715a:	b289      	uxth	r1, r1
1000715c:	468a      	mov	sl, r1
1000715e:	4699      	mov	r9, r3
10007160:	4693      	mov	fp, r2
10007162:	193f      	adds	r7, r7, r4
10007164:	e79a      	b.n	1000709c <tu_fifo_write_n+0x74>
10007166:	4353      	muls	r3, r2
10007168:	b29b      	uxth	r3, r3
1000716a:	001a      	movs	r2, r3
1000716c:	0039      	movs	r1, r7
1000716e:	445c      	add	r4, fp
10007170:	9301      	str	r3, [sp, #4]
10007172:	f7fc f8e5 	bl	10003340 <__wrap___aeabi_memcpy>
10007176:	4641      	mov	r1, r8
10007178:	0022      	movs	r2, r4
1000717a:	434a      	muls	r2, r1
1000717c:	9b01      	ldr	r3, [sp, #4]
1000717e:	6828      	ldr	r0, [r5, #0]
10007180:	b292      	uxth	r2, r2
10007182:	18f9      	adds	r1, r7, r3
10007184:	f7fc f8dc 	bl	10003340 <__wrap___aeabi_memcpy>
10007188:	e79d      	b.n	100070c6 <tu_fifo_write_n+0x9e>
1000718a:	0058      	lsls	r0, r3, #1
1000718c:	1a81      	subs	r1, r0, r2
1000718e:	1871      	adds	r1, r6, r1
10007190:	b289      	uxth	r1, r1
10007192:	468c      	mov	ip, r1
10007194:	e7b5      	b.n	10007102 <tu_fifo_write_n+0xda>
10007196:	46a1      	mov	r9, r4
10007198:	42b0      	cmp	r0, r6
1000719a:	dd00      	ble.n	1000719e <tu_fifo_write_n+0x176>
1000719c:	e77e      	b.n	1000709c <tu_fifo_write_n+0x74>
1000719e:	e7be      	b.n	1000711e <tu_fifo_write_n+0xf6>

100071a0 <tu_fifo_clear>:
100071a0:	b510      	push	{r4, lr}
100071a2:	0004      	movs	r4, r0
100071a4:	68c0      	ldr	r0, [r0, #12]
100071a6:	2800      	cmp	r0, #0
100071a8:	d003      	beq.n	100071b2 <tu_fifo_clear+0x12>
100071aa:	2101      	movs	r1, #1
100071ac:	4249      	negs	r1, r1
100071ae:	f003 fa73 	bl	1000a698 <__mutex_enter_timeout_ms_veneer>
100071b2:	6920      	ldr	r0, [r4, #16]
100071b4:	2800      	cmp	r0, #0
100071b6:	d003      	beq.n	100071c0 <tu_fifo_clear+0x20>
100071b8:	2101      	movs	r1, #1
100071ba:	4249      	negs	r1, r1
100071bc:	f003 fa6c 	bl	1000a698 <__mutex_enter_timeout_ms_veneer>
100071c0:	2300      	movs	r3, #0
100071c2:	68e0      	ldr	r0, [r4, #12]
100071c4:	8163      	strh	r3, [r4, #10]
100071c6:	8123      	strh	r3, [r4, #8]
100071c8:	2800      	cmp	r0, #0
100071ca:	d001      	beq.n	100071d0 <tu_fifo_clear+0x30>
100071cc:	f003 fa3c 	bl	1000a648 <__mutex_exit_veneer>
100071d0:	6920      	ldr	r0, [r4, #16]
100071d2:	2800      	cmp	r0, #0
100071d4:	d001      	beq.n	100071da <tu_fifo_clear+0x3a>
100071d6:	f003 fa37 	bl	1000a648 <__mutex_exit_veneer>
100071da:	2001      	movs	r0, #1
100071dc:	bd10      	pop	{r4, pc}
100071de:	46c0      	nop			@ (mov r8, r8)

100071e0 <tu_fifo_set_overwritable>:
100071e0:	b570      	push	{r4, r5, r6, lr}
100071e2:	0004      	movs	r4, r0
100071e4:	68c0      	ldr	r0, [r0, #12]
100071e6:	000d      	movs	r5, r1
100071e8:	2800      	cmp	r0, #0
100071ea:	d003      	beq.n	100071f4 <tu_fifo_set_overwritable+0x14>
100071ec:	2101      	movs	r1, #1
100071ee:	4249      	negs	r1, r1
100071f0:	f003 fa52 	bl	1000a698 <__mutex_enter_timeout_ms_veneer>
100071f4:	6920      	ldr	r0, [r4, #16]
100071f6:	2800      	cmp	r0, #0
100071f8:	d003      	beq.n	10007202 <tu_fifo_set_overwritable+0x22>
100071fa:	2101      	movs	r1, #1
100071fc:	4249      	negs	r1, r1
100071fe:	f003 fa4b 	bl	1000a698 <__mutex_enter_timeout_ms_veneer>
10007202:	217f      	movs	r1, #127	@ 0x7f
10007204:	79e3      	ldrb	r3, [r4, #7]
10007206:	01ed      	lsls	r5, r5, #7
10007208:	4019      	ands	r1, r3
1000720a:	68e0      	ldr	r0, [r4, #12]
1000720c:	4329      	orrs	r1, r5
1000720e:	71e1      	strb	r1, [r4, #7]
10007210:	2800      	cmp	r0, #0
10007212:	d001      	beq.n	10007218 <tu_fifo_set_overwritable+0x38>
10007214:	f003 fa18 	bl	1000a648 <__mutex_exit_veneer>
10007218:	6920      	ldr	r0, [r4, #16]
1000721a:	2800      	cmp	r0, #0
1000721c:	d001      	beq.n	10007222 <tu_fifo_set_overwritable+0x42>
1000721e:	f003 fa13 	bl	1000a648 <__mutex_exit_veneer>
10007222:	2001      	movs	r0, #1
10007224:	bd70      	pop	{r4, r5, r6, pc}
10007226:	46c0      	nop			@ (mov r8, r8)

10007228 <runtime_init_per_core_tls_setup>:
10007228:	2200      	movs	r2, #0
1000722a:	4b01      	ldr	r3, [pc, #4]	@ (10007230 <runtime_init_per_core_tls_setup+0x8>)
1000722c:	605a      	str	r2, [r3, #4]
1000722e:	4770      	bx	lr
10007230:	20001428 	.word	0x20001428

10007234 <i2c_read_blocking_internal.constprop.0>:
10007234:	b5f0      	push	{r4, r5, r6, r7, lr}
10007236:	46de      	mov	lr, fp
10007238:	4657      	mov	r7, sl
1000723a:	464e      	mov	r6, r9
1000723c:	4645      	mov	r5, r8
1000723e:	b5e0      	push	{r5, r6, r7, lr}
10007240:	0007      	movs	r7, r0
10007242:	b083      	sub	sp, #12
10007244:	a80c      	add	r0, sp, #48	@ 0x30
10007246:	9201      	str	r2, [sp, #4]
10007248:	7802      	ldrb	r2, [r0, #0]
1000724a:	2000      	movs	r0, #0
1000724c:	683c      	ldr	r4, [r7, #0]
1000724e:	469b      	mov	fp, r3
10007250:	66e0      	str	r0, [r4, #108]	@ 0x6c
10007252:	6061      	str	r1, [r4, #4]
10007254:	2101      	movs	r1, #1
10007256:	4691      	mov	r9, r2
10007258:	66e1      	str	r1, [r4, #108]	@ 0x6c
1000725a:	2b00      	cmp	r3, #0
1000725c:	dd34      	ble.n	100072c8 <i2c_read_blocking_internal.constprop.0+0x94>
1000725e:	1e5a      	subs	r2, r3, #1
10007260:	4690      	mov	r8, r2
10007262:	2280      	movs	r2, #128	@ 0x80
10007264:	0052      	lsls	r2, r2, #1
10007266:	4694      	mov	ip, r2
10007268:	2680      	movs	r6, #128	@ 0x80
1000726a:	2540      	movs	r5, #64	@ 0x40
1000726c:	6f61      	ldr	r1, [r4, #116]	@ 0x74
1000726e:	2910      	cmp	r1, #16
10007270:	d0fc      	beq.n	1000726c <i2c_read_blocking_internal.constprop.0+0x38>
10007272:	2100      	movs	r1, #0
10007274:	2800      	cmp	r0, #0
10007276:	d101      	bne.n	1000727c <i2c_read_blocking_internal.constprop.0+0x48>
10007278:	7939      	ldrb	r1, [r7, #4]
1000727a:	0289      	lsls	r1, r1, #10
1000727c:	4540      	cmp	r0, r8
1000727e:	d01d      	beq.n	100072bc <i2c_read_blocking_internal.constprop.0+0x88>
10007280:	4662      	mov	r2, ip
10007282:	4311      	orrs	r1, r2
10007284:	6121      	str	r1, [r4, #16]
10007286:	59a1      	ldr	r1, [r4, r6]
10007288:	6b61      	ldr	r1, [r4, #52]	@ 0x34
1000728a:	420d      	tst	r5, r1
1000728c:	d00b      	beq.n	100072a6 <i2c_read_blocking_internal.constprop.0+0x72>
1000728e:	2001      	movs	r0, #1
10007290:	6d63      	ldr	r3, [r4, #84]	@ 0x54
10007292:	4240      	negs	r0, r0
10007294:	464b      	mov	r3, r9
10007296:	713b      	strb	r3, [r7, #4]
10007298:	b003      	add	sp, #12
1000729a:	bcf0      	pop	{r4, r5, r6, r7}
1000729c:	46bb      	mov	fp, r7
1000729e:	46b2      	mov	sl, r6
100072a0:	46a9      	mov	r9, r5
100072a2:	46a0      	mov	r8, r4
100072a4:	bdf0      	pop	{r4, r5, r6, r7, pc}
100072a6:	6fa1      	ldr	r1, [r4, #120]	@ 0x78
100072a8:	2900      	cmp	r1, #0
100072aa:	d0ec      	beq.n	10007286 <i2c_read_blocking_internal.constprop.0+0x52>
100072ac:	6921      	ldr	r1, [r4, #16]
100072ae:	9b01      	ldr	r3, [sp, #4]
100072b0:	5419      	strb	r1, [r3, r0]
100072b2:	3001      	adds	r0, #1
100072b4:	4583      	cmp	fp, r0
100072b6:	d0ed      	beq.n	10007294 <i2c_read_blocking_internal.constprop.0+0x60>
100072b8:	683c      	ldr	r4, [r7, #0]
100072ba:	e7d7      	b.n	1000726c <i2c_read_blocking_internal.constprop.0+0x38>
100072bc:	464b      	mov	r3, r9
100072be:	2201      	movs	r2, #1
100072c0:	405a      	eors	r2, r3
100072c2:	0253      	lsls	r3, r2, #9
100072c4:	4319      	orrs	r1, r3
100072c6:	e7db      	b.n	10007280 <i2c_read_blocking_internal.constprop.0+0x4c>
100072c8:	2000      	movs	r0, #0
100072ca:	e7e3      	b.n	10007294 <i2c_read_blocking_internal.constprop.0+0x60>

100072cc <i2c_write_blocking_internal.constprop.0>:
100072cc:	b5f0      	push	{r4, r5, r6, r7, lr}
100072ce:	4657      	mov	r7, sl
100072d0:	464e      	mov	r6, r9
100072d2:	46de      	mov	lr, fp
100072d4:	4645      	mov	r5, r8
100072d6:	4684      	mov	ip, r0
100072d8:	b5e0      	push	{r5, r6, r7, lr}
100072da:	b083      	sub	sp, #12
100072dc:	001f      	movs	r7, r3
100072de:	ab0c      	add	r3, sp, #48	@ 0x30
100072e0:	7818      	ldrb	r0, [r3, #0]
100072e2:	4663      	mov	r3, ip
100072e4:	4691      	mov	r9, r2
100072e6:	2200      	movs	r2, #0
100072e8:	681b      	ldr	r3, [r3, #0]
100072ea:	9001      	str	r0, [sp, #4]
100072ec:	66da      	str	r2, [r3, #108]	@ 0x6c
100072ee:	3201      	adds	r2, #1
100072f0:	6059      	str	r1, [r3, #4]
100072f2:	66da      	str	r2, [r3, #108]	@ 0x6c
100072f4:	2f00      	cmp	r7, #0
100072f6:	dd4f      	ble.n	10007398 <i2c_write_blocking_internal.constprop.0+0xcc>
100072f8:	1e7a      	subs	r2, r7, #1
100072fa:	4690      	mov	r8, r2
100072fc:	4662      	mov	r2, ip
100072fe:	7912      	ldrb	r2, [r2, #4]
10007300:	2601      	movs	r6, #1
10007302:	0292      	lsls	r2, r2, #10
10007304:	2480      	movs	r4, #128	@ 0x80
10007306:	4693      	mov	fp, r2
10007308:	003a      	movs	r2, r7
1000730a:	4046      	eors	r6, r0
1000730c:	0276      	lsls	r6, r6, #9
1000730e:	2580      	movs	r5, #128	@ 0x80
10007310:	0037      	movs	r7, r6
10007312:	2000      	movs	r0, #0
10007314:	4646      	mov	r6, r8
10007316:	2110      	movs	r1, #16
10007318:	46a2      	mov	sl, r4
1000731a:	4690      	mov	r8, r2
1000731c:	00ad      	lsls	r5, r5, #2
1000731e:	1b84      	subs	r4, r0, r6
10007320:	4262      	negs	r2, r4
10007322:	4154      	adcs	r4, r2
10007324:	464a      	mov	r2, r9
10007326:	4264      	negs	r4, r4
10007328:	403c      	ands	r4, r7
1000732a:	9400      	str	r4, [sp, #0]
1000732c:	465c      	mov	r4, fp
1000732e:	5c12      	ldrb	r2, [r2, r0]
10007330:	4322      	orrs	r2, r4
10007332:	9c00      	ldr	r4, [sp, #0]
10007334:	4322      	orrs	r2, r4
10007336:	611a      	str	r2, [r3, #16]
10007338:	6b5a      	ldr	r2, [r3, #52]	@ 0x34
1000733a:	4211      	tst	r1, r2
1000733c:	d0fc      	beq.n	10007338 <i2c_write_blocking_internal.constprop.0+0x6c>
1000733e:	4652      	mov	r2, sl
10007340:	589c      	ldr	r4, [r3, r2]
10007342:	2c00      	cmp	r4, #0
10007344:	d110      	bne.n	10007368 <i2c_write_blocking_internal.constprop.0+0x9c>
10007346:	42b0      	cmp	r0, r6
10007348:	d021      	beq.n	1000738e <i2c_write_blocking_internal.constprop.0+0xc2>
1000734a:	2200      	movs	r2, #0
1000734c:	3001      	adds	r0, #1
1000734e:	4693      	mov	fp, r2
10007350:	4580      	cmp	r8, r0
10007352:	d1e4      	bne.n	1000731e <i2c_write_blocking_internal.constprop.0+0x52>
10007354:	4663      	mov	r3, ip
10007356:	9a01      	ldr	r2, [sp, #4]
10007358:	711a      	strb	r2, [r3, #4]
1000735a:	b003      	add	sp, #12
1000735c:	bcf0      	pop	{r4, r5, r6, r7}
1000735e:	46bb      	mov	fp, r7
10007360:	46b2      	mov	sl, r6
10007362:	46a9      	mov	r9, r5
10007364:	46a0      	mov	r8, r4
10007366:	bdf0      	pop	{r4, r5, r6, r7, pc}
10007368:	6d5a      	ldr	r2, [r3, #84]	@ 0x54
1000736a:	2201      	movs	r2, #1
1000736c:	4693      	mov	fp, r2
1000736e:	6b5a      	ldr	r2, [r3, #52]	@ 0x34
10007370:	422a      	tst	r2, r5
10007372:	d0fc      	beq.n	1000736e <i2c_write_blocking_internal.constprop.0+0xa2>
10007374:	6e1a      	ldr	r2, [r3, #96]	@ 0x60
10007376:	465a      	mov	r2, fp
10007378:	2a00      	cmp	r2, #0
1000737a:	d0e6      	beq.n	1000734a <i2c_write_blocking_internal.constprop.0+0x7e>
1000737c:	2c00      	cmp	r4, #0
1000737e:	d003      	beq.n	10007388 <i2c_write_blocking_internal.constprop.0+0xbc>
10007380:	07e3      	lsls	r3, r4, #31
10007382:	d401      	bmi.n	10007388 <i2c_write_blocking_internal.constprop.0+0xbc>
10007384:	0724      	lsls	r4, r4, #28
10007386:	d4e5      	bmi.n	10007354 <i2c_write_blocking_internal.constprop.0+0x88>
10007388:	2001      	movs	r0, #1
1000738a:	4240      	negs	r0, r0
1000738c:	e7e2      	b.n	10007354 <i2c_write_blocking_internal.constprop.0+0x88>
1000738e:	9a01      	ldr	r2, [sp, #4]
10007390:	2a00      	cmp	r2, #0
10007392:	d1da      	bne.n	1000734a <i2c_write_blocking_internal.constprop.0+0x7e>
10007394:	4693      	mov	fp, r2
10007396:	e7ea      	b.n	1000736e <i2c_write_blocking_internal.constprop.0+0xa2>
10007398:	2000      	movs	r0, #0
1000739a:	e7db      	b.n	10007354 <i2c_write_blocking_internal.constprop.0+0x88>

1000739c <i2c_set_baudrate>:
1000739c:	b5f8      	push	{r3, r4, r5, r6, r7, lr}
1000739e:	46de      	mov	lr, fp
100073a0:	4657      	mov	r7, sl
100073a2:	464e      	mov	r6, r9
100073a4:	4645      	mov	r5, r8
100073a6:	4683      	mov	fp, r0
100073a8:	b5e0      	push	{r5, r6, r7, lr}
100073aa:	2005      	movs	r0, #5
100073ac:	000c      	movs	r4, r1
100073ae:	f7fa fe5d 	bl	1000206c <clock_get_hz>
100073b2:	0006      	movs	r6, r0
100073b4:	0860      	lsrs	r0, r4, #1
100073b6:	0021      	movs	r1, r4
100073b8:	1980      	adds	r0, r0, r6
100073ba:	f7fb f8c7 	bl	1000254c <__wrap___aeabi_uidiv>
100073be:	0043      	lsls	r3, r0, #1
100073c0:	4698      	mov	r8, r3
100073c2:	4480      	add	r8, r0
100073c4:	0007      	movs	r7, r0
100073c6:	2105      	movs	r1, #5
100073c8:	4640      	mov	r0, r8
100073ca:	f7fb f8bf 	bl	1000254c <__wrap___aeabi_uidiv>
100073ce:	1a3b      	subs	r3, r7, r0
100073d0:	469a      	mov	sl, r3
100073d2:	4b1e      	ldr	r3, [pc, #120]	@ (1000744c <i2c_set_baudrate+0xb0>)
100073d4:	4681      	mov	r9, r0
100073d6:	0070      	lsls	r0, r6, #1
100073d8:	1980      	adds	r0, r0, r6
100073da:	429c      	cmp	r4, r3
100073dc:	d831      	bhi.n	10007442 <i2c_set_baudrate+0xa6>
100073de:	491c      	ldr	r1, [pc, #112]	@ (10007450 <i2c_set_baudrate+0xb4>)
100073e0:	f7fb f8b4 	bl	1000254c <__wrap___aeabi_uidiv>
100073e4:	1c45      	adds	r5, r0, #1
100073e6:	465b      	mov	r3, fp
100073e8:	681c      	ldr	r4, [r3, #0]
100073ea:	2300      	movs	r3, #0
100073ec:	66e3      	str	r3, [r4, #108]	@ 0x6c
100073ee:	6822      	ldr	r2, [r4, #0]
100073f0:	3304      	adds	r3, #4
100073f2:	405a      	eors	r2, r3
100073f4:	3302      	adds	r3, #2
100073f6:	4013      	ands	r3, r2
100073f8:	2280      	movs	r2, #128	@ 0x80
100073fa:	0152      	lsls	r2, r2, #5
100073fc:	18a2      	adds	r2, r4, r2
100073fe:	6013      	str	r3, [r2, #0]
10007400:	4653      	mov	r3, sl
10007402:	61e3      	str	r3, [r4, #28]
10007404:	464b      	mov	r3, r9
10007406:	6223      	str	r3, [r4, #32]
10007408:	4643      	mov	r3, r8
1000740a:	2001      	movs	r0, #1
1000740c:	2b4f      	cmp	r3, #79	@ 0x4f
1000740e:	d903      	bls.n	10007418 <i2c_set_baudrate+0x7c>
10007410:	2150      	movs	r1, #80	@ 0x50
10007412:	4640      	mov	r0, r8
10007414:	f7fb f89a 	bl	1000254c <__wrap___aeabi_uidiv>
10007418:	23a0      	movs	r3, #160	@ 0xa0
1000741a:	50e0      	str	r0, [r4, r3]
1000741c:	6fe3      	ldr	r3, [r4, #124]	@ 0x7c
1000741e:	0039      	movs	r1, r7
10007420:	405d      	eors	r5, r3
10007422:	4b0c      	ldr	r3, [pc, #48]	@ (10007454 <i2c_set_baudrate+0xb8>)
10007424:	042d      	lsls	r5, r5, #16
10007426:	0c2d      	lsrs	r5, r5, #16
10007428:	18e3      	adds	r3, r4, r3
1000742a:	601d      	str	r5, [r3, #0]
1000742c:	2301      	movs	r3, #1
1000742e:	0030      	movs	r0, r6
10007430:	66e3      	str	r3, [r4, #108]	@ 0x6c
10007432:	f7fb f88b 	bl	1000254c <__wrap___aeabi_uidiv>
10007436:	bcf0      	pop	{r4, r5, r6, r7}
10007438:	46bb      	mov	fp, r7
1000743a:	46b2      	mov	sl, r6
1000743c:	46a9      	mov	r9, r5
1000743e:	46a0      	mov	r8, r4
10007440:	bdf8      	pop	{r3, r4, r5, r6, r7, pc}
10007442:	4905      	ldr	r1, [pc, #20]	@ (10007458 <i2c_set_baudrate+0xbc>)
10007444:	f7fb f882 	bl	1000254c <__wrap___aeabi_uidiv>
10007448:	1c45      	adds	r5, r0, #1
1000744a:	e7cc      	b.n	100073e6 <i2c_set_baudrate+0x4a>
1000744c:	000f423f 	.word	0x000f423f
10007450:	00989680 	.word	0x00989680
10007454:	0000107c 	.word	0x0000107c
10007458:	017d7840 	.word	0x017d7840

1000745c <i2c_init>:
1000745c:	4a10      	ldr	r2, [pc, #64]	@ (100074a0 <i2c_init+0x44>)
1000745e:	b570      	push	{r4, r5, r6, lr}
10007460:	1a82      	subs	r2, r0, r2
10007462:	1e53      	subs	r3, r2, #1
10007464:	419a      	sbcs	r2, r3
10007466:	2307      	movs	r3, #7
10007468:	4252      	negs	r2, r2
1000746a:	439a      	bics	r2, r3
1000746c:	4b0d      	ldr	r3, [pc, #52]	@ (100074a4 <i2c_init+0x48>)
1000746e:	3210      	adds	r2, #16
10007470:	601a      	str	r2, [r3, #0]
10007472:	4b0d      	ldr	r3, [pc, #52]	@ (100074a8 <i2c_init+0x4c>)
10007474:	4c0d      	ldr	r4, [pc, #52]	@ (100074ac <i2c_init+0x50>)
10007476:	601a      	str	r2, [r3, #0]
10007478:	0015      	movs	r5, r2
1000747a:	6823      	ldr	r3, [r4, #0]
1000747c:	439d      	bics	r5, r3
1000747e:	1e2b      	subs	r3, r5, #0
10007480:	d1fa      	bne.n	10007478 <i2c_init+0x1c>
10007482:	2466      	movs	r4, #102	@ 0x66
10007484:	6802      	ldr	r2, [r0, #0]
10007486:	34ff      	adds	r4, #255	@ 0xff
10007488:	7105      	strb	r5, [r0, #4]
1000748a:	66d5      	str	r5, [r2, #108]	@ 0x6c
1000748c:	6014      	str	r4, [r2, #0]
1000748e:	3c63      	subs	r4, #99	@ 0x63
10007490:	3388      	adds	r3, #136	@ 0x88
10007492:	3cff      	subs	r4, #255	@ 0xff
10007494:	63d5      	str	r5, [r2, #60]	@ 0x3c
10007496:	6395      	str	r5, [r2, #56]	@ 0x38
10007498:	50d4      	str	r4, [r2, r3]
1000749a:	f7ff ff7f 	bl	1000739c <i2c_set_baudrate>
1000749e:	bd70      	pop	{r4, r5, r6, pc}
100074a0:	20001038 	.word	0x20001038
100074a4:	4000e000 	.word	0x4000e000
100074a8:	4000f000 	.word	0x4000f000
100074ac:	4000c008 	.word	0x4000c008

100074b0 <i2c_write_blocking>:
100074b0:	b510      	push	{r4, lr}
100074b2:	b082      	sub	sp, #8
100074b4:	ac04      	add	r4, sp, #16
100074b6:	7824      	ldrb	r4, [r4, #0]
100074b8:	9400      	str	r4, [sp, #0]
100074ba:	f7ff ff07 	bl	100072cc <i2c_write_blocking_internal.constprop.0>
100074be:	b002      	add	sp, #8
100074c0:	bd10      	pop	{r4, pc}
100074c2:	46c0      	nop			@ (mov r8, r8)

100074c4 <i2c_read_blocking>:
100074c4:	b510      	push	{r4, lr}
100074c6:	b082      	sub	sp, #8
100074c8:	ac04      	add	r4, sp, #16
100074ca:	7824      	ldrb	r4, [r4, #0]
100074cc:	9400      	str	r4, [sp, #0]
100074ce:	f7ff feb1 	bl	10007234 <i2c_read_blocking_internal.constprop.0>
100074d2:	b002      	add	sp, #8
100074d4:	bd10      	pop	{r4, pc}
100074d6:	46c0      	nop			@ (mov r8, r8)

100074d8 <core1_trampoline>:
100074d8:	bd03      	pop	{r0, r1, pc}
100074da:	46c0      	nop			@ (mov r8, r8)

100074dc <core1_wrapper>:
100074dc:	b510      	push	{r4, lr}
100074de:	0004      	movs	r4, r0
100074e0:	f7fa fee8 	bl	100022b4 <runtime_run_per_core_initializers>
100074e4:	47a0      	blx	r4
100074e6:	bd10      	pop	{r4, pc}

100074e8 <multicore_launch_core1_raw>:
100074e8:	b5f0      	push	{r4, r5, r6, r7, lr}
100074ea:	0004      	movs	r4, r0
100074ec:	b087      	sub	sp, #28
100074ee:	200f      	movs	r0, #15
100074f0:	000e      	movs	r6, r1
100074f2:	0017      	movs	r7, r2
100074f4:	f7f9 fe50 	bl	10001198 <irq_is_enabled>
100074f8:	2100      	movs	r1, #0
100074fa:	0005      	movs	r5, r0
100074fc:	200f      	movs	r0, #15
100074fe:	f7f9 fe39 	bl	10001174 <irq_set_enabled>
10007502:	2200      	movs	r2, #0
10007504:	2300      	movs	r3, #0
10007506:	9200      	str	r2, [sp, #0]
10007508:	9301      	str	r3, [sp, #4]
1000750a:	2301      	movs	r3, #1
1000750c:	4a18      	ldr	r2, [pc, #96]	@ (10007570 <multicore_launch_core1_raw+0x88>)
1000750e:	9302      	str	r3, [sp, #8]
10007510:	7053      	strb	r3, [r2, #1]
10007512:	23d0      	movs	r3, #208	@ 0xd0
10007514:	9604      	str	r6, [sp, #16]
10007516:	9405      	str	r4, [sp, #20]
10007518:	2600      	movs	r6, #0
1000751a:	2400      	movs	r4, #0
1000751c:	2101      	movs	r1, #1
1000751e:	2002      	movs	r0, #2
10007520:	9703      	str	r7, [sp, #12]
10007522:	061b      	lsls	r3, r3, #24
10007524:	2c00      	cmp	r4, #0
10007526:	d014      	beq.n	10007552 <multicore_launch_core1_raw+0x6a>
10007528:	6d1a      	ldr	r2, [r3, #80]	@ 0x50
1000752a:	4210      	tst	r0, r2
1000752c:	d0fc      	beq.n	10007528 <multicore_launch_core1_raw+0x40>
1000752e:	655c      	str	r4, [r3, #84]	@ 0x54
10007530:	bf40      	sev
10007532:	6d1a      	ldr	r2, [r3, #80]	@ 0x50
10007534:	4211      	tst	r1, r2
10007536:	d103      	bne.n	10007540 <multicore_launch_core1_raw+0x58>
10007538:	bf20      	wfe
1000753a:	6d1a      	ldr	r2, [r3, #80]	@ 0x50
1000753c:	4211      	tst	r1, r2
1000753e:	d0fb      	beq.n	10007538 <multicore_launch_core1_raw+0x50>
10007540:	6d9a      	ldr	r2, [r3, #88]	@ 0x58
10007542:	42a2      	cmp	r2, r4
10007544:	d00a      	beq.n	1000755c <multicore_launch_core1_raw+0x74>
10007546:	2600      	movs	r6, #0
10007548:	466c      	mov	r4, sp
1000754a:	00b2      	lsls	r2, r6, #2
1000754c:	58a4      	ldr	r4, [r4, r2]
1000754e:	e7e9      	b.n	10007524 <multicore_launch_core1_raw+0x3c>
10007550:	6d9a      	ldr	r2, [r3, #88]	@ 0x58
10007552:	6d1a      	ldr	r2, [r3, #80]	@ 0x50
10007554:	4211      	tst	r1, r2
10007556:	d1fb      	bne.n	10007550 <multicore_launch_core1_raw+0x68>
10007558:	bf40      	sev
1000755a:	e7e5      	b.n	10007528 <multicore_launch_core1_raw+0x40>
1000755c:	3601      	adds	r6, #1
1000755e:	2e06      	cmp	r6, #6
10007560:	d1f2      	bne.n	10007548 <multicore_launch_core1_raw+0x60>
10007562:	0029      	movs	r1, r5
10007564:	200f      	movs	r0, #15
10007566:	f7f9 fe05 	bl	10001174 <irq_set_enabled>
1000756a:	b007      	add	sp, #28
1000756c:	bdf0      	pop	{r4, r5, r6, r7, pc}
1000756e:	46c0      	nop			@ (mov r8, r8)
10007570:	20001834 	.word	0x20001834

10007574 <multicore_launch_core1>:
10007574:	4b0d      	ldr	r3, [pc, #52]	@ (100075ac <multicore_launch_core1+0x38>)
10007576:	4a0e      	ldr	r2, [pc, #56]	@ (100075b0 <multicore_launch_core1+0x3c>)
10007578:	b570      	push	{r4, r5, r6, lr}
1000757a:	4293      	cmp	r3, r2
1000757c:	d310      	bcc.n	100075a0 <multicore_launch_core1+0x2c>
1000757e:	001c      	movs	r4, r3
10007580:	4a0c      	ldr	r2, [pc, #48]	@ (100075b4 <multicore_launch_core1+0x40>)
10007582:	1899      	adds	r1, r3, r2
10007584:	4d0b      	ldr	r5, [pc, #44]	@ (100075b4 <multicore_launch_core1+0x40>)
10007586:	4a0c      	ldr	r2, [pc, #48]	@ (100075b8 <multicore_launch_core1+0x44>)
10007588:	6892      	ldr	r2, [r2, #8]
1000758a:	5160      	str	r0, [r4, r5]
1000758c:	20ff      	movs	r0, #255	@ 0xff
1000758e:	00c0      	lsls	r0, r0, #3
10007590:	5023      	str	r3, [r4, r0]
10007592:	4b0a      	ldr	r3, [pc, #40]	@ (100075bc <multicore_launch_core1+0x48>)
10007594:	480a      	ldr	r0, [pc, #40]	@ (100075c0 <multicore_launch_core1+0x4c>)
10007596:	5023      	str	r3, [r4, r0]
10007598:	480a      	ldr	r0, [pc, #40]	@ (100075c4 <multicore_launch_core1+0x50>)
1000759a:	f7ff ffa5 	bl	100074e8 <multicore_launch_core1_raw>
1000759e:	bd70      	pop	{r4, r5, r6, pc}
100075a0:	2301      	movs	r3, #1
100075a2:	425b      	negs	r3, r3
100075a4:	001c      	movs	r4, r3
100075a6:	4908      	ldr	r1, [pc, #32]	@ (100075c8 <multicore_launch_core1+0x54>)
100075a8:	e7ec      	b.n	10007584 <multicore_launch_core1+0x10>
100075aa:	46c0      	nop			@ (mov r8, r8)
100075ac:	20040800 	.word	0x20040800
100075b0:	20040000 	.word	0x20040000
100075b4:	000007f4 	.word	0x000007f4
100075b8:	e000ed00 	.word	0xe000ed00
100075bc:	100074dd 	.word	0x100074dd
100075c0:	000007fc 	.word	0x000007fc
100075c4:	100074d9 	.word	0x100074d9
100075c8:	000007f3 	.word	0x000007f3

100075cc <exception_set_exclusive_handler>:
100075cc:	b510      	push	{r4, lr}
100075ce:	f3ef 8c10 	mrs	ip, PRIMASK
100075d2:	b672      	cpsid	i
100075d4:	4b0a      	ldr	r3, [pc, #40]	@ (10007600 <exception_set_exclusive_handler+0x34>)
100075d6:	689a      	ldr	r2, [r3, #8]
100075d8:	0083      	lsls	r3, r0, #2
100075da:	58d0      	ldr	r0, [r2, r3]
100075dc:	4281      	cmp	r1, r0
100075de:	d005      	beq.n	100075ec <exception_set_exclusive_handler+0x20>
100075e0:	4a08      	ldr	r2, [pc, #32]	@ (10007604 <exception_set_exclusive_handler+0x38>)
100075e2:	4290      	cmp	r0, r2
100075e4:	d30a      	bcc.n	100075fc <exception_set_exclusive_handler+0x30>
100075e6:	4a08      	ldr	r2, [pc, #32]	@ (10007608 <exception_set_exclusive_handler+0x3c>)
100075e8:	4290      	cmp	r0, r2
100075ea:	d207      	bcs.n	100075fc <exception_set_exclusive_handler+0x30>
100075ec:	4a04      	ldr	r2, [pc, #16]	@ (10007600 <exception_set_exclusive_handler+0x34>)
100075ee:	6892      	ldr	r2, [r2, #8]
100075f0:	50d1      	str	r1, [r2, r3]
100075f2:	f3bf 8f5f 	dmb	sy
100075f6:	f38c 8810 	msr	PRIMASK, ip
100075fa:	bd10      	pop	{r4, pc}
100075fc:	f7fa fe40 	bl	10002280 <hard_assertion_failure>
10007600:	e000ed00 	.word	0xe000ed00
10007604:	100001c0 	.word	0x100001c0
10007608:	100001d4 	.word	0x100001d4

1000760c <pvPortMalloc>:
1000760c:	b5f8      	push	{r3, r4, r5, r6, r7, lr}
1000760e:	46ce      	mov	lr, r9
10007610:	4647      	mov	r7, r8
10007612:	1e43      	subs	r3, r0, #1
10007614:	b580      	push	{r7, lr}
10007616:	330a      	adds	r3, #10
10007618:	d814      	bhi.n	10007644 <pvPortMalloc+0x38>
1000761a:	2307      	movs	r3, #7
1000761c:	0004      	movs	r4, r0
1000761e:	001a      	movs	r2, r3
10007620:	3408      	adds	r4, #8
10007622:	4022      	ands	r2, r4
10007624:	4223      	tst	r3, r4
10007626:	d059      	beq.n	100076dc <pvPortMalloc+0xd0>
10007628:	0013      	movs	r3, r2
1000762a:	3b09      	subs	r3, #9
1000762c:	42a3      	cmp	r3, r4
1000762e:	d309      	bcc.n	10007644 <pvPortMalloc+0x38>
10007630:	3010      	adds	r0, #16
10007632:	1a84      	subs	r4, r0, r2
10007634:	f000 fccc 	bl	10007fd0 <vTaskSuspendAll>
10007638:	494d      	ldr	r1, [pc, #308]	@ (10007770 <pvPortMalloc+0x164>)
1000763a:	0027      	movs	r7, r4
1000763c:	680b      	ldr	r3, [r1, #0]
1000763e:	2b00      	cmp	r3, #0
10007640:	d129      	bne.n	10007696 <pvPortMalloc+0x8a>
10007642:	e00f      	b.n	10007664 <pvPortMalloc+0x58>
10007644:	f000 fcc4 	bl	10007fd0 <vTaskSuspendAll>
10007648:	4949      	ldr	r1, [pc, #292]	@ (10007770 <pvPortMalloc+0x164>)
1000764a:	680b      	ldr	r3, [r1, #0]
1000764c:	2b00      	cmp	r3, #0
1000764e:	d007      	beq.n	10007660 <pvPortMalloc+0x54>
10007650:	f000 ffe0 	bl	10008614 <xTaskResumeAll>
10007654:	2700      	movs	r7, #0
10007656:	0038      	movs	r0, r7
10007658:	bcc0      	pop	{r6, r7}
1000765a:	46b9      	mov	r9, r7
1000765c:	46b0      	mov	r8, r6
1000765e:	bdf8      	pop	{r3, r4, r5, r6, r7, pc}
10007660:	2700      	movs	r7, #0
10007662:	2400      	movs	r4, #0
10007664:	2507      	movs	r5, #7
10007666:	4b43      	ldr	r3, [pc, #268]	@ (10007774 <pvPortMalloc+0x168>)
10007668:	001a      	movs	r2, r3
1000766a:	0018      	movs	r0, r3
1000766c:	421d      	tst	r5, r3
1000766e:	d131      	bne.n	100076d4 <pvPortMalloc+0xc8>
10007670:	2500      	movs	r5, #0
10007672:	4e41      	ldr	r6, [pc, #260]	@ (10007778 <pvPortMalloc+0x16c>)
10007674:	6075      	str	r5, [r6, #4]
10007676:	6030      	str	r0, [r6, #0]
10007678:	4e40      	ldr	r6, [pc, #256]	@ (1000777c <pvPortMalloc+0x170>)
1000767a:	46b4      	mov	ip, r6
1000767c:	2607      	movs	r6, #7
1000767e:	4463      	add	r3, ip
10007680:	43b3      	bics	r3, r6
10007682:	600b      	str	r3, [r1, #0]
10007684:	493e      	ldr	r1, [pc, #248]	@ (10007780 <pvPortMalloc+0x174>)
10007686:	1a9a      	subs	r2, r3, r2
10007688:	600a      	str	r2, [r1, #0]
1000768a:	493e      	ldr	r1, [pc, #248]	@ (10007784 <pvPortMalloc+0x178>)
1000768c:	605d      	str	r5, [r3, #4]
1000768e:	601d      	str	r5, [r3, #0]
10007690:	600a      	str	r2, [r1, #0]
10007692:	6042      	str	r2, [r0, #4]
10007694:	6003      	str	r3, [r0, #0]
10007696:	2f00      	cmp	r7, #0
10007698:	dbda      	blt.n	10007650 <pvPortMalloc+0x44>
1000769a:	2c00      	cmp	r4, #0
1000769c:	d0d8      	beq.n	10007650 <pvPortMalloc+0x44>
1000769e:	4a39      	ldr	r2, [pc, #228]	@ (10007784 <pvPortMalloc+0x178>)
100076a0:	6816      	ldr	r6, [r2, #0]
100076a2:	4694      	mov	ip, r2
100076a4:	42a6      	cmp	r6, r4
100076a6:	d3d3      	bcc.n	10007650 <pvPortMalloc+0x44>
100076a8:	4933      	ldr	r1, [pc, #204]	@ (10007778 <pvPortMalloc+0x16c>)
100076aa:	4d32      	ldr	r5, [pc, #200]	@ (10007774 <pvPortMalloc+0x168>)
100076ac:	680a      	ldr	r2, [r1, #0]
100076ae:	42aa      	cmp	r2, r5
100076b0:	d30e      	bcc.n	100076d0 <pvPortMalloc+0xc4>
100076b2:	4835      	ldr	r0, [pc, #212]	@ (10007788 <pvPortMalloc+0x17c>)
100076b4:	182f      	adds	r7, r5, r0
100076b6:	42ba      	cmp	r2, r7
100076b8:	d80a      	bhi.n	100076d0 <pvPortMalloc+0xc4>
100076ba:	4688      	mov	r8, r1
100076bc:	6850      	ldr	r0, [r2, #4]
100076be:	42a0      	cmp	r0, r4
100076c0:	d21b      	bcs.n	100076fa <pvPortMalloc+0xee>
100076c2:	6811      	ldr	r1, [r2, #0]
100076c4:	2900      	cmp	r1, #0
100076c6:	d018      	beq.n	100076fa <pvPortMalloc+0xee>
100076c8:	42a9      	cmp	r1, r5
100076ca:	d211      	bcs.n	100076f0 <pvPortMalloc+0xe4>
100076cc:	b672      	cpsid	i
100076ce:	e7fe      	b.n	100076ce <pvPortMalloc+0xc2>
100076d0:	b672      	cpsid	i
100076d2:	e7fe      	b.n	100076d2 <pvPortMalloc+0xc6>
100076d4:	1dda      	adds	r2, r3, #7
100076d6:	43aa      	bics	r2, r5
100076d8:	0010      	movs	r0, r2
100076da:	e7c9      	b.n	10007670 <pvPortMalloc+0x64>
100076dc:	f000 fc78 	bl	10007fd0 <vTaskSuspendAll>
100076e0:	4923      	ldr	r1, [pc, #140]	@ (10007770 <pvPortMalloc+0x164>)
100076e2:	0027      	movs	r7, r4
100076e4:	680b      	ldr	r3, [r1, #0]
100076e6:	2b00      	cmp	r3, #0
100076e8:	d0bc      	beq.n	10007664 <pvPortMalloc+0x58>
100076ea:	2c00      	cmp	r4, #0
100076ec:	dad7      	bge.n	1000769e <pvPortMalloc+0x92>
100076ee:	e7af      	b.n	10007650 <pvPortMalloc+0x44>
100076f0:	42b9      	cmp	r1, r7
100076f2:	d8eb      	bhi.n	100076cc <pvPortMalloc+0xc0>
100076f4:	4690      	mov	r8, r2
100076f6:	000a      	movs	r2, r1
100076f8:	e7e0      	b.n	100076bc <pvPortMalloc+0xb0>
100076fa:	429a      	cmp	r2, r3
100076fc:	d0a8      	beq.n	10007650 <pvPortMalloc+0x44>
100076fe:	0017      	movs	r7, r2
10007700:	3708      	adds	r7, #8
10007702:	42af      	cmp	r7, r5
10007704:	d30b      	bcc.n	1000771e <pvPortMalloc+0x112>
10007706:	4b20      	ldr	r3, [pc, #128]	@ (10007788 <pvPortMalloc+0x17c>)
10007708:	4699      	mov	r9, r3
1000770a:	444d      	add	r5, r9
1000770c:	42af      	cmp	r7, r5
1000770e:	d806      	bhi.n	1000771e <pvPortMalloc+0x112>
10007710:	4643      	mov	r3, r8
10007712:	6811      	ldr	r1, [r2, #0]
10007714:	6019      	str	r1, [r3, #0]
10007716:	42a0      	cmp	r0, r4
10007718:	d203      	bcs.n	10007722 <pvPortMalloc+0x116>
1000771a:	b672      	cpsid	i
1000771c:	e7fe      	b.n	1000771c <pvPortMalloc+0x110>
1000771e:	b672      	cpsid	i
10007720:	e7fe      	b.n	10007720 <pvPortMalloc+0x114>
10007722:	1b05      	subs	r5, r0, r4
10007724:	2d10      	cmp	r5, #16
10007726:	d909      	bls.n	1000773c <pvPortMalloc+0x130>
10007728:	1913      	adds	r3, r2, r4
1000772a:	0758      	lsls	r0, r3, #29
1000772c:	d001      	beq.n	10007732 <pvPortMalloc+0x126>
1000772e:	b672      	cpsid	i
10007730:	e7fe      	b.n	10007730 <pvPortMalloc+0x124>
10007732:	6019      	str	r1, [r3, #0]
10007734:	4641      	mov	r1, r8
10007736:	0020      	movs	r0, r4
10007738:	605d      	str	r5, [r3, #4]
1000773a:	600b      	str	r3, [r1, #0]
1000773c:	4663      	mov	r3, ip
1000773e:	1a36      	subs	r6, r6, r0
10007740:	601e      	str	r6, [r3, #0]
10007742:	4b0f      	ldr	r3, [pc, #60]	@ (10007780 <pvPortMalloc+0x174>)
10007744:	6819      	ldr	r1, [r3, #0]
10007746:	428e      	cmp	r6, r1
10007748:	d200      	bcs.n	1000774c <pvPortMalloc+0x140>
1000774a:	601e      	str	r6, [r3, #0]
1000774c:	2380      	movs	r3, #128	@ 0x80
1000774e:	061b      	lsls	r3, r3, #24
10007750:	4303      	orrs	r3, r0
10007752:	6053      	str	r3, [r2, #4]
10007754:	2300      	movs	r3, #0
10007756:	6013      	str	r3, [r2, #0]
10007758:	4a0c      	ldr	r2, [pc, #48]	@ (1000778c <pvPortMalloc+0x180>)
1000775a:	6813      	ldr	r3, [r2, #0]
1000775c:	3301      	adds	r3, #1
1000775e:	6013      	str	r3, [r2, #0]
10007760:	f000 ff58 	bl	10008614 <xTaskResumeAll>
10007764:	077b      	lsls	r3, r7, #29
10007766:	d100      	bne.n	1000776a <pvPortMalloc+0x15e>
10007768:	e775      	b.n	10007656 <pvPortMalloc+0x4a>
1000776a:	b672      	cpsid	i
1000776c:	e7fe      	b.n	1000776c <pvPortMalloc+0x160>
1000776e:	46c0      	nop			@ (mov r8, r8)
10007770:	20001cb4 	.word	0x20001cb4
10007774:	20001f60 	.word	0x20001f60
10007778:	20022034 	.word	0x20022034
1000777c:	0001fff8 	.word	0x0001fff8
10007780:	20022004 	.word	0x20022004
10007784:	20021ff4 	.word	0x20021ff4
10007788:	0001ffff 	.word	0x0001ffff
1000778c:	20022010 	.word	0x20022010

10007790 <vPortFree>:
10007790:	b570      	push	{r4, r5, r6, lr}
10007792:	2800      	cmp	r0, #0
10007794:	d03a      	beq.n	1000780c <vPortFree+0x7c>
10007796:	4d2c      	ldr	r5, [pc, #176]	@ (10007848 <vPortFree+0xb8>)
10007798:	3808      	subs	r0, #8
1000779a:	0004      	movs	r4, r0
1000779c:	0006      	movs	r6, r0
1000779e:	42a8      	cmp	r0, r5
100077a0:	d308      	bcc.n	100077b4 <vPortFree+0x24>
100077a2:	4b2a      	ldr	r3, [pc, #168]	@ (1000784c <vPortFree+0xbc>)
100077a4:	18eb      	adds	r3, r5, r3
100077a6:	4298      	cmp	r0, r3
100077a8:	d804      	bhi.n	100077b4 <vPortFree+0x24>
100077aa:	6843      	ldr	r3, [r0, #4]
100077ac:	2b00      	cmp	r3, #0
100077ae:	db2e      	blt.n	1000780e <vPortFree+0x7e>
100077b0:	b672      	cpsid	i
100077b2:	e7fe      	b.n	100077b2 <vPortFree+0x22>
100077b4:	b672      	cpsid	i
100077b6:	e7fe      	b.n	100077b6 <vPortFree+0x26>
100077b8:	005b      	lsls	r3, r3, #1
100077ba:	085b      	lsrs	r3, r3, #1
100077bc:	6043      	str	r3, [r0, #4]
100077be:	f000 fc07 	bl	10007fd0 <vTaskSuspendAll>
100077c2:	4a23      	ldr	r2, [pc, #140]	@ (10007850 <vPortFree+0xc0>)
100077c4:	6861      	ldr	r1, [r4, #4]
100077c6:	6813      	ldr	r3, [r2, #0]
100077c8:	4822      	ldr	r0, [pc, #136]	@ (10007854 <vPortFree+0xc4>)
100077ca:	185b      	adds	r3, r3, r1
100077cc:	6013      	str	r3, [r2, #0]
100077ce:	0003      	movs	r3, r0
100077d0:	001a      	movs	r2, r3
100077d2:	681b      	ldr	r3, [r3, #0]
100077d4:	429c      	cmp	r4, r3
100077d6:	d8fb      	bhi.n	100077d0 <vPortFree+0x40>
100077d8:	4282      	cmp	r2, r0
100077da:	d006      	beq.n	100077ea <vPortFree+0x5a>
100077dc:	42aa      	cmp	r2, r5
100077de:	d31b      	bcc.n	10007818 <vPortFree+0x88>
100077e0:	481a      	ldr	r0, [pc, #104]	@ (1000784c <vPortFree+0xbc>)
100077e2:	4684      	mov	ip, r0
100077e4:	4465      	add	r5, ip
100077e6:	42aa      	cmp	r2, r5
100077e8:	d816      	bhi.n	10007818 <vPortFree+0x88>
100077ea:	6850      	ldr	r0, [r2, #4]
100077ec:	1815      	adds	r5, r2, r0
100077ee:	42ac      	cmp	r4, r5
100077f0:	d01e      	beq.n	10007830 <vPortFree+0xa0>
100077f2:	1860      	adds	r0, r4, r1
100077f4:	4283      	cmp	r3, r0
100077f6:	d011      	beq.n	1000781c <vPortFree+0x8c>
100077f8:	6023      	str	r3, [r4, #0]
100077fa:	42b2      	cmp	r2, r6
100077fc:	d000      	beq.n	10007800 <vPortFree+0x70>
100077fe:	6016      	str	r6, [r2, #0]
10007800:	4a15      	ldr	r2, [pc, #84]	@ (10007858 <vPortFree+0xc8>)
10007802:	6813      	ldr	r3, [r2, #0]
10007804:	3301      	adds	r3, #1
10007806:	6013      	str	r3, [r2, #0]
10007808:	f000 ff04 	bl	10008614 <xTaskResumeAll>
1000780c:	bd70      	pop	{r4, r5, r6, pc}
1000780e:	6802      	ldr	r2, [r0, #0]
10007810:	2a00      	cmp	r2, #0
10007812:	d0d1      	beq.n	100077b8 <vPortFree+0x28>
10007814:	b672      	cpsid	i
10007816:	e7fe      	b.n	10007816 <vPortFree+0x86>
10007818:	b672      	cpsid	i
1000781a:	e7fe      	b.n	1000781a <vPortFree+0x8a>
1000781c:	480f      	ldr	r0, [pc, #60]	@ (1000785c <vPortFree+0xcc>)
1000781e:	6800      	ldr	r0, [r0, #0]
10007820:	4283      	cmp	r3, r0
10007822:	d0e9      	beq.n	100077f8 <vPortFree+0x68>
10007824:	6858      	ldr	r0, [r3, #4]
10007826:	681b      	ldr	r3, [r3, #0]
10007828:	1841      	adds	r1, r0, r1
1000782a:	6071      	str	r1, [r6, #4]
1000782c:	6033      	str	r3, [r6, #0]
1000782e:	e7e4      	b.n	100077fa <vPortFree+0x6a>
10007830:	1809      	adds	r1, r1, r0
10007832:	1850      	adds	r0, r2, r1
10007834:	6051      	str	r1, [r2, #4]
10007836:	4283      	cmp	r3, r0
10007838:	d1e2      	bne.n	10007800 <vPortFree+0x70>
1000783a:	4808      	ldr	r0, [pc, #32]	@ (1000785c <vPortFree+0xcc>)
1000783c:	0016      	movs	r6, r2
1000783e:	6800      	ldr	r0, [r0, #0]
10007840:	4283      	cmp	r3, r0
10007842:	d1ef      	bne.n	10007824 <vPortFree+0x94>
10007844:	6013      	str	r3, [r2, #0]
10007846:	e7db      	b.n	10007800 <vPortFree+0x70>
10007848:	20001f60 	.word	0x20001f60
1000784c:	0001ffff 	.word	0x0001ffff
10007850:	20021ff4 	.word	0x20021ff4
10007854:	20022034 	.word	0x20022034
10007858:	20022014 	.word	0x20022014
1000785c:	20001cb4 	.word	0x20001cb4

10007860 <prvPassiveIdleTask>:
10007860:	b510      	push	{r4, lr}
10007862:	f002 fb6f 	bl	10009f44 <vPortYield>
10007866:	4c05      	ldr	r4, [pc, #20]	@ (1000787c <prvPassiveIdleTask+0x1c>)
10007868:	6823      	ldr	r3, [r4, #0]
1000786a:	2b02      	cmp	r3, #2
1000786c:	d800      	bhi.n	10007870 <prvPassiveIdleTask+0x10>
1000786e:	e7fe      	b.n	1000786e <prvPassiveIdleTask+0xe>
10007870:	f002 fb68 	bl	10009f44 <vPortYield>
10007874:	6823      	ldr	r3, [r4, #0]
10007876:	2b02      	cmp	r3, #2
10007878:	d8fa      	bhi.n	10007870 <prvPassiveIdleTask+0x10>
1000787a:	e7f8      	b.n	1000786e <prvPassiveIdleTask+0xe>
1000787c:	20001cc0 	.word	0x20001cc0

10007880 <prvYieldForTask>:
10007880:	b5f8      	push	{r3, r4, r5, r6, r7, lr}
10007882:	23d0      	movs	r3, #208	@ 0xd0
10007884:	061b      	lsls	r3, r3, #24
10007886:	681a      	ldr	r2, [r3, #0]
10007888:	4b2e      	ldr	r3, [pc, #184]	@ (10007944 <prvYieldForTask+0xc4>)
1000788a:	0091      	lsls	r1, r2, #2
1000788c:	58cb      	ldr	r3, [r1, r3]
1000788e:	2b00      	cmp	r3, #0
10007890:	d101      	bne.n	10007896 <prvYieldForTask+0x16>
10007892:	b672      	cpsid	i
10007894:	e7fe      	b.n	10007894 <prvYieldForTask+0x14>
10007896:	6b83      	ldr	r3, [r0, #56]	@ 0x38
10007898:	2b00      	cmp	r3, #0
1000789a:	db02      	blt.n	100078a2 <prvYieldForTask+0x22>
1000789c:	6b83      	ldr	r3, [r0, #56]	@ 0x38
1000789e:	2b01      	cmp	r3, #1
100078a0:	dd32      	ble.n	10007908 <prvYieldForTask+0x88>
100078a2:	2601      	movs	r6, #1
100078a4:	4c28      	ldr	r4, [pc, #160]	@ (10007948 <prvYieldForTask+0xc8>)
100078a6:	6b05      	ldr	r5, [r0, #48]	@ 0x30
100078a8:	6823      	ldr	r3, [r4, #0]
100078aa:	3d01      	subs	r5, #1
100078ac:	6b19      	ldr	r1, [r3, #48]	@ 0x30
100078ae:	6823      	ldr	r3, [r4, #0]
100078b0:	6bdb      	ldr	r3, [r3, #60]	@ 0x3c
100078b2:	4033      	ands	r3, r6
100078b4:	1ac9      	subs	r1, r1, r3
100078b6:	6823      	ldr	r3, [r4, #0]
100078b8:	6b9b      	ldr	r3, [r3, #56]	@ 0x38
100078ba:	2b00      	cmp	r3, #0
100078bc:	db03      	blt.n	100078c6 <prvYieldForTask+0x46>
100078be:	6823      	ldr	r3, [r4, #0]
100078c0:	6b9b      	ldr	r3, [r3, #56]	@ 0x38
100078c2:	2b01      	cmp	r3, #1
100078c4:	dd2c      	ble.n	10007920 <prvYieldForTask+0xa0>
100078c6:	2301      	movs	r3, #1
100078c8:	425b      	negs	r3, r3
100078ca:	2701      	movs	r7, #1
100078cc:	6861      	ldr	r1, [r4, #4]
100078ce:	6b0e      	ldr	r6, [r1, #48]	@ 0x30
100078d0:	6861      	ldr	r1, [r4, #4]
100078d2:	6bc9      	ldr	r1, [r1, #60]	@ 0x3c
100078d4:	4039      	ands	r1, r7
100078d6:	1a76      	subs	r6, r6, r1
100078d8:	6861      	ldr	r1, [r4, #4]
100078da:	6b89      	ldr	r1, [r1, #56]	@ 0x38
100078dc:	2900      	cmp	r1, #0
100078de:	db03      	blt.n	100078e8 <prvYieldForTask+0x68>
100078e0:	6861      	ldr	r1, [r4, #4]
100078e2:	6b89      	ldr	r1, [r1, #56]	@ 0x38
100078e4:	2901      	cmp	r1, #1
100078e6:	dd10      	ble.n	1000790a <prvYieldForTask+0x8a>
100078e8:	2b00      	cmp	r3, #0
100078ea:	d10d      	bne.n	10007908 <prvYieldForTask+0x88>
100078ec:	4293      	cmp	r3, r2
100078ee:	d022      	beq.n	10007936 <prvYieldForTask+0xb6>
100078f0:	009d      	lsls	r5, r3, #2
100078f2:	5962      	ldr	r2, [r4, r5]
100078f4:	6b92      	ldr	r2, [r2, #56]	@ 0x38
100078f6:	3202      	adds	r2, #2
100078f8:	d006      	beq.n	10007908 <prvYieldForTask+0x88>
100078fa:	0018      	movs	r0, r3
100078fc:	f002 fb5a 	bl	10009fb4 <vYieldCore>
10007900:	2202      	movs	r2, #2
10007902:	5963      	ldr	r3, [r4, r5]
10007904:	4252      	negs	r2, r2
10007906:	639a      	str	r2, [r3, #56]	@ 0x38
10007908:	bdf8      	pop	{r3, r4, r5, r6, r7, pc}
1000790a:	4910      	ldr	r1, [pc, #64]	@ (1000794c <prvYieldForTask+0xcc>)
1000790c:	6849      	ldr	r1, [r1, #4]
1000790e:	2900      	cmp	r1, #0
10007910:	d1ea      	bne.n	100078e8 <prvYieldForTask+0x68>
10007912:	42ae      	cmp	r6, r5
10007914:	dce8      	bgt.n	100078e8 <prvYieldForTask+0x68>
10007916:	6841      	ldr	r1, [r0, #4]
10007918:	0789      	lsls	r1, r1, #30
1000791a:	d5e5      	bpl.n	100078e8 <prvYieldForTask+0x68>
1000791c:	2301      	movs	r3, #1
1000791e:	e7e5      	b.n	100078ec <prvYieldForTask+0x6c>
10007920:	4b0a      	ldr	r3, [pc, #40]	@ (1000794c <prvYieldForTask+0xcc>)
10007922:	681b      	ldr	r3, [r3, #0]
10007924:	2b00      	cmp	r3, #0
10007926:	d1ce      	bne.n	100078c6 <prvYieldForTask+0x46>
10007928:	428d      	cmp	r5, r1
1000792a:	dbcc      	blt.n	100078c6 <prvYieldForTask+0x46>
1000792c:	6847      	ldr	r7, [r0, #4]
1000792e:	4237      	tst	r7, r6
10007930:	d106      	bne.n	10007940 <prvYieldForTask+0xc0>
10007932:	3b01      	subs	r3, #1
10007934:	e7c9      	b.n	100078ca <prvYieldForTask+0x4a>
10007936:	2101      	movs	r1, #1
10007938:	4a04      	ldr	r2, [pc, #16]	@ (1000794c <prvYieldForTask+0xcc>)
1000793a:	009b      	lsls	r3, r3, #2
1000793c:	5099      	str	r1, [r3, r2]
1000793e:	e7e3      	b.n	10007908 <prvYieldForTask+0x88>
10007940:	000d      	movs	r5, r1
10007942:	e7c2      	b.n	100078ca <prvYieldForTask+0x4a>
10007944:	20021f84 	.word	0x20021f84
10007948:	20001ca4 	.word	0x20001ca4
1000794c:	20022070 	.word	0x20022070

10007950 <prvAddCurrentTaskToDelayedList>:
10007950:	b5f0      	push	{r4, r5, r6, r7, lr}
10007952:	46d6      	mov	lr, sl
10007954:	464f      	mov	r7, r9
10007956:	4646      	mov	r6, r8
10007958:	4b48      	ldr	r3, [pc, #288]	@ (10007a7c <prvAddCurrentTaskToDelayedList+0x12c>)
1000795a:	b5c0      	push	{r6, r7, lr}
1000795c:	681b      	ldr	r3, [r3, #0]
1000795e:	0004      	movs	r4, r0
10007960:	4698      	mov	r8, r3
10007962:	4b47      	ldr	r3, [pc, #284]	@ (10007a80 <prvAddCurrentTaskToDelayedList+0x130>)
10007964:	000f      	movs	r7, r1
10007966:	681b      	ldr	r3, [r3, #0]
10007968:	4699      	mov	r9, r3
1000796a:	4b46      	ldr	r3, [pc, #280]	@ (10007a84 <prvAddCurrentTaskToDelayedList+0x134>)
1000796c:	681b      	ldr	r3, [r3, #0]
1000796e:	469a      	mov	sl, r3
10007970:	f3ef 8110 	mrs	r1, PRIMASK
10007974:	b672      	cpsid	i
10007976:	26d0      	movs	r6, #208	@ 0xd0
10007978:	0636      	lsls	r6, r6, #24
1000797a:	6833      	ldr	r3, [r6, #0]
1000797c:	4d42      	ldr	r5, [pc, #264]	@ (10007a88 <prvAddCurrentTaskToDelayedList+0x138>)
1000797e:	009b      	lsls	r3, r3, #2
10007980:	58ea      	ldr	r2, [r5, r3]
10007982:	f381 8810 	msr	PRIMASK, r1
10007986:	2379      	movs	r3, #121	@ 0x79
10007988:	2100      	movs	r1, #0
1000798a:	54d1      	strb	r1, [r2, r3]
1000798c:	f3ef 8210 	mrs	r2, PRIMASK
10007990:	b672      	cpsid	i
10007992:	6833      	ldr	r3, [r6, #0]
10007994:	009b      	lsls	r3, r3, #2
10007996:	58e8      	ldr	r0, [r5, r3]
10007998:	f382 8810 	msr	PRIMASK, r2
1000799c:	3008      	adds	r0, #8
1000799e:	f001 ffff 	bl	100099a0 <uxListRemove>
100079a2:	1c63      	adds	r3, r4, #1
100079a4:	d030      	beq.n	10007a08 <prvAddCurrentTaskToDelayedList+0xb8>
100079a6:	4444      	add	r4, r8
100079a8:	f3ef 8110 	mrs	r1, PRIMASK
100079ac:	b672      	cpsid	i
100079ae:	22d0      	movs	r2, #208	@ 0xd0
100079b0:	0612      	lsls	r2, r2, #24
100079b2:	6813      	ldr	r3, [r2, #0]
100079b4:	009b      	lsls	r3, r3, #2
100079b6:	58eb      	ldr	r3, [r5, r3]
100079b8:	f381 8810 	msr	PRIMASK, r1
100079bc:	609c      	str	r4, [r3, #8]
100079be:	45a0      	cmp	r8, r4
100079c0:	d815      	bhi.n	100079ee <prvAddCurrentTaskToDelayedList+0x9e>
100079c2:	f3ef 8010 	mrs	r0, PRIMASK
100079c6:	b672      	cpsid	i
100079c8:	6813      	ldr	r3, [r2, #0]
100079ca:	009b      	lsls	r3, r3, #2
100079cc:	58e9      	ldr	r1, [r5, r3]
100079ce:	f380 8810 	msr	PRIMASK, r0
100079d2:	4648      	mov	r0, r9
100079d4:	3108      	adds	r1, #8
100079d6:	f001 ffcb 	bl	10009970 <vListInsert>
100079da:	4b2c      	ldr	r3, [pc, #176]	@ (10007a8c <prvAddCurrentTaskToDelayedList+0x13c>)
100079dc:	681a      	ldr	r2, [r3, #0]
100079de:	42a2      	cmp	r2, r4
100079e0:	d900      	bls.n	100079e4 <prvAddCurrentTaskToDelayedList+0x94>
100079e2:	601c      	str	r4, [r3, #0]
100079e4:	bce0      	pop	{r5, r6, r7}
100079e6:	46ba      	mov	sl, r7
100079e8:	46b1      	mov	r9, r6
100079ea:	46a8      	mov	r8, r5
100079ec:	bdf0      	pop	{r4, r5, r6, r7, pc}
100079ee:	f3ef 8010 	mrs	r0, PRIMASK
100079f2:	b672      	cpsid	i
100079f4:	6813      	ldr	r3, [r2, #0]
100079f6:	009b      	lsls	r3, r3, #2
100079f8:	58e9      	ldr	r1, [r5, r3]
100079fa:	f380 8810 	msr	PRIMASK, r0
100079fe:	4650      	mov	r0, sl
10007a00:	3108      	adds	r1, #8
10007a02:	f001 ffb5 	bl	10009970 <vListInsert>
10007a06:	e7ed      	b.n	100079e4 <prvAddCurrentTaskToDelayedList+0x94>
10007a08:	2f00      	cmp	r7, #0
10007a0a:	d0cc      	beq.n	100079a6 <prvAddCurrentTaskToDelayedList+0x56>
10007a0c:	4b20      	ldr	r3, [pc, #128]	@ (10007a90 <prvAddCurrentTaskToDelayedList+0x140>)
10007a0e:	685a      	ldr	r2, [r3, #4]
10007a10:	f3ef 8010 	mrs	r0, PRIMASK
10007a14:	b672      	cpsid	i
10007a16:	6831      	ldr	r1, [r6, #0]
10007a18:	0089      	lsls	r1, r1, #2
10007a1a:	5869      	ldr	r1, [r5, r1]
10007a1c:	f380 8810 	msr	PRIMASK, r0
10007a20:	60ca      	str	r2, [r1, #12]
10007a22:	f3ef 8010 	mrs	r0, PRIMASK
10007a26:	b672      	cpsid	i
10007a28:	6831      	ldr	r1, [r6, #0]
10007a2a:	0089      	lsls	r1, r1, #2
10007a2c:	5869      	ldr	r1, [r5, r1]
10007a2e:	f380 8810 	msr	PRIMASK, r0
10007a32:	6890      	ldr	r0, [r2, #8]
10007a34:	6108      	str	r0, [r1, #16]
10007a36:	f3ef 8010 	mrs	r0, PRIMASK
10007a3a:	b672      	cpsid	i
10007a3c:	6831      	ldr	r1, [r6, #0]
10007a3e:	0089      	lsls	r1, r1, #2
10007a40:	5869      	ldr	r1, [r5, r1]
10007a42:	f380 8810 	msr	PRIMASK, r0
10007a46:	6890      	ldr	r0, [r2, #8]
10007a48:	3108      	adds	r1, #8
10007a4a:	6041      	str	r1, [r0, #4]
10007a4c:	f3ef 8010 	mrs	r0, PRIMASK
10007a50:	b672      	cpsid	i
10007a52:	6831      	ldr	r1, [r6, #0]
10007a54:	0089      	lsls	r1, r1, #2
10007a56:	5869      	ldr	r1, [r5, r1]
10007a58:	f380 8810 	msr	PRIMASK, r0
10007a5c:	3108      	adds	r1, #8
10007a5e:	6091      	str	r1, [r2, #8]
10007a60:	f3ef 8110 	mrs	r1, PRIMASK
10007a64:	b672      	cpsid	i
10007a66:	6832      	ldr	r2, [r6, #0]
10007a68:	0092      	lsls	r2, r2, #2
10007a6a:	58aa      	ldr	r2, [r5, r2]
10007a6c:	f381 8810 	msr	PRIMASK, r1
10007a70:	6193      	str	r3, [r2, #24]
10007a72:	681a      	ldr	r2, [r3, #0]
10007a74:	3201      	adds	r2, #1
10007a76:	601a      	str	r2, [r3, #0]
10007a78:	e7b4      	b.n	100079e4 <prvAddCurrentTaskToDelayedList+0x94>
10007a7a:	46c0      	nop			@ (mov r8, r8)
10007a7c:	20022064 	.word	0x20022064
10007a80:	20001cb0 	.word	0x20001cb0
10007a84:	20001cb8 	.word	0x20001cb8
10007a88:	20001ca4 	.word	0x20001ca4
10007a8c:	20022008 	.word	0x20022008
10007a90:	2002203c 	.word	0x2002203c

10007a94 <vTaskExitCritical.part.0>:
10007a94:	20d0      	movs	r0, #208	@ 0xd0
10007a96:	0600      	lsls	r0, r0, #24
10007a98:	6803      	ldr	r3, [r0, #0]
10007a9a:	4925      	ldr	r1, [pc, #148]	@ (10007b30 <vTaskExitCritical.part.0+0x9c>)
10007a9c:	009b      	lsls	r3, r3, #2
10007a9e:	585a      	ldr	r2, [r3, r1]
10007aa0:	b570      	push	{r4, r5, r6, lr}
10007aa2:	2a00      	cmp	r2, #0
10007aa4:	d101      	bne.n	10007aaa <vTaskExitCritical.part.0+0x16>
10007aa6:	b672      	cpsid	i
10007aa8:	e7fe      	b.n	10007aa8 <vTaskExitCritical.part.0+0x14>
10007aaa:	3a01      	subs	r2, #1
10007aac:	505a      	str	r2, [r3, r1]
10007aae:	6803      	ldr	r3, [r0, #0]
10007ab0:	009a      	lsls	r2, r3, #2
10007ab2:	5851      	ldr	r1, [r2, r1]
10007ab4:	2900      	cmp	r1, #0
10007ab6:	d000      	beq.n	10007aba <vTaskExitCritical.part.0+0x26>
10007ab8:	bd70      	pop	{r4, r5, r6, pc}
10007aba:	2001      	movs	r0, #1
10007abc:	491d      	ldr	r1, [pc, #116]	@ (10007b34 <vTaskExitCritical.part.0+0xa0>)
10007abe:	5854      	ldr	r4, [r2, r1]
10007ac0:	4a1d      	ldr	r2, [pc, #116]	@ (10007b38 <vTaskExitCritical.part.0+0xa4>)
10007ac2:	5cd1      	ldrb	r1, [r2, r3]
10007ac4:	4208      	tst	r0, r1
10007ac6:	d101      	bne.n	10007acc <vTaskExitCritical.part.0+0x38>
10007ac8:	b672      	cpsid	i
10007aca:	e7fe      	b.n	10007aca <vTaskExitCritical.part.0+0x36>
10007acc:	4d1b      	ldr	r5, [pc, #108]	@ (10007b3c <vTaskExitCritical.part.0+0xa8>)
10007ace:	782e      	ldrb	r6, [r5, #0]
10007ad0:	2e00      	cmp	r6, #0
10007ad2:	d013      	beq.n	10007afc <vTaskExitCritical.part.0+0x68>
10007ad4:	3e01      	subs	r6, #1
10007ad6:	b2f6      	uxtb	r6, r6
10007ad8:	702e      	strb	r6, [r5, #0]
10007ada:	2e00      	cmp	r6, #0
10007adc:	d105      	bne.n	10007aea <vTaskExitCritical.part.0+0x56>
10007ade:	4381      	bics	r1, r0
10007ae0:	54d1      	strb	r1, [r2, r3]
10007ae2:	f3bf 8f5f 	dmb	sy
10007ae6:	4b16      	ldr	r3, [pc, #88]	@ (10007b40 <vTaskExitCritical.part.0+0xac>)
10007ae8:	6018      	str	r0, [r3, #0]
10007aea:	23d0      	movs	r3, #208	@ 0xd0
10007aec:	2602      	movs	r6, #2
10007aee:	061b      	lsls	r3, r3, #24
10007af0:	6818      	ldr	r0, [r3, #0]
10007af2:	5c11      	ldrb	r1, [r2, r0]
10007af4:	420e      	tst	r6, r1
10007af6:	d103      	bne.n	10007b00 <vTaskExitCritical.part.0+0x6c>
10007af8:	b672      	cpsid	i
10007afa:	e7fe      	b.n	10007afa <vTaskExitCritical.part.0+0x66>
10007afc:	b672      	cpsid	i
10007afe:	e7fe      	b.n	10007afe <vTaskExitCritical.part.0+0x6a>
10007b00:	786b      	ldrb	r3, [r5, #1]
10007b02:	2b00      	cmp	r3, #0
10007b04:	d101      	bne.n	10007b0a <vTaskExitCritical.part.0+0x76>
10007b06:	b672      	cpsid	i
10007b08:	e7fe      	b.n	10007b08 <vTaskExitCritical.part.0+0x74>
10007b0a:	3b01      	subs	r3, #1
10007b0c:	b2db      	uxtb	r3, r3
10007b0e:	706b      	strb	r3, [r5, #1]
10007b10:	2b00      	cmp	r3, #0
10007b12:	d106      	bne.n	10007b22 <vTaskExitCritical.part.0+0x8e>
10007b14:	43b1      	bics	r1, r6
10007b16:	5411      	strb	r1, [r2, r0]
10007b18:	f3bf 8f5f 	dmb	sy
10007b1c:	2201      	movs	r2, #1
10007b1e:	4b09      	ldr	r3, [pc, #36]	@ (10007b44 <vTaskExitCritical.part.0+0xb0>)
10007b20:	601a      	str	r2, [r3, #0]
10007b22:	f002 fa27 	bl	10009f74 <vPortEnableInterrupts>
10007b26:	2c00      	cmp	r4, #0
10007b28:	d0c6      	beq.n	10007ab8 <vTaskExitCritical.part.0+0x24>
10007b2a:	f002 fa0b 	bl	10009f44 <vPortYield>
10007b2e:	e7c3      	b.n	10007ab8 <vTaskExitCritical.part.0+0x24>
10007b30:	20021f84 	.word	0x20021f84
10007b34:	20022070 	.word	0x20022070
10007b38:	20021f60 	.word	0x20021f60
10007b3c:	20021f64 	.word	0x20021f64
10007b40:	d0000130 	.word	0xd0000130
10007b44:	d0000134 	.word	0xd0000134

10007b48 <prvCheckForRunStateChange>:
10007b48:	b5f8      	push	{r3, r4, r5, r6, r7, lr}
10007b4a:	24d0      	movs	r4, #208	@ 0xd0
10007b4c:	4647      	mov	r7, r8
10007b4e:	46ce      	mov	lr, r9
10007b50:	0624      	lsls	r4, r4, #24
10007b52:	6822      	ldr	r2, [r4, #0]
10007b54:	4b67      	ldr	r3, [pc, #412]	@ (10007cf4 <prvCheckForRunStateChange+0x1ac>)
10007b56:	0092      	lsls	r2, r2, #2
10007b58:	b580      	push	{r7, lr}
10007b5a:	58d6      	ldr	r6, [r2, r3]
10007b5c:	4f66      	ldr	r7, [pc, #408]	@ (10007cf8 <prvCheckForRunStateChange+0x1b0>)
10007b5e:	6bb3      	ldr	r3, [r6, #56]	@ 0x38
10007b60:	3302      	adds	r3, #2
10007b62:	d000      	beq.n	10007b66 <prvCheckForRunStateChange+0x1e>
10007b64:	e098      	b.n	10007c98 <prvCheckForRunStateChange+0x150>
10007b66:	6823      	ldr	r3, [r4, #0]
10007b68:	009a      	lsls	r2, r3, #2
10007b6a:	58b9      	ldr	r1, [r7, r2]
10007b6c:	4689      	mov	r9, r1
10007b6e:	2900      	cmp	r1, #0
10007b70:	d136      	bne.n	10007be0 <prvCheckForRunStateChange+0x98>
10007b72:	4a62      	ldr	r2, [pc, #392]	@ (10007cfc <prvCheckForRunStateChange+0x1b4>)
10007b74:	4d62      	ldr	r5, [pc, #392]	@ (10007d00 <prvCheckForRunStateChange+0x1b8>)
10007b76:	4690      	mov	r8, r2
10007b78:	2202      	movs	r2, #2
10007b7a:	5ce9      	ldrb	r1, [r5, r3]
10007b7c:	4694      	mov	ip, r2
10007b7e:	420a      	tst	r2, r1
10007b80:	d101      	bne.n	10007b86 <prvCheckForRunStateChange+0x3e>
10007b82:	b672      	cpsid	i
10007b84:	e7fe      	b.n	10007b84 <prvCheckForRunStateChange+0x3c>
10007b86:	4642      	mov	r2, r8
10007b88:	7852      	ldrb	r2, [r2, #1]
10007b8a:	2a00      	cmp	r2, #0
10007b8c:	d038      	beq.n	10007c00 <prvCheckForRunStateChange+0xb8>
10007b8e:	4640      	mov	r0, r8
10007b90:	3a01      	subs	r2, #1
10007b92:	b2d2      	uxtb	r2, r2
10007b94:	7042      	strb	r2, [r0, #1]
10007b96:	2a00      	cmp	r2, #0
10007b98:	d107      	bne.n	10007baa <prvCheckForRunStateChange+0x62>
10007b9a:	4662      	mov	r2, ip
10007b9c:	4391      	bics	r1, r2
10007b9e:	54e9      	strb	r1, [r5, r3]
10007ba0:	f3bf 8f5f 	dmb	sy
10007ba4:	2201      	movs	r2, #1
10007ba6:	4b57      	ldr	r3, [pc, #348]	@ (10007d04 <prvCheckForRunStateChange+0x1bc>)
10007ba8:	601a      	str	r2, [r3, #0]
10007baa:	6bb3      	ldr	r3, [r6, #56]	@ 0x38
10007bac:	3302      	adds	r3, #2
10007bae:	d000      	beq.n	10007bb2 <prvCheckForRunStateChange+0x6a>
10007bb0:	e099      	b.n	10007ce6 <prvCheckForRunStateChange+0x19e>
10007bb2:	f002 f9df 	bl	10009f74 <vPortEnableInterrupts>
10007bb6:	6bb3      	ldr	r3, [r6, #56]	@ 0x38
10007bb8:	3302      	adds	r3, #2
10007bba:	d100      	bne.n	10007bbe <prvCheckForRunStateChange+0x76>
10007bbc:	e095      	b.n	10007cea <prvCheckForRunStateChange+0x1a2>
10007bbe:	b672      	cpsid	i
10007bc0:	23d0      	movs	r3, #208	@ 0xd0
10007bc2:	4a50      	ldr	r2, [pc, #320]	@ (10007d04 <prvCheckForRunStateChange+0x1bc>)
10007bc4:	061b      	lsls	r3, r3, #24
10007bc6:	6811      	ldr	r1, [r2, #0]
10007bc8:	681b      	ldr	r3, [r3, #0]
10007bca:	2900      	cmp	r1, #0
10007bcc:	d100      	bne.n	10007bd0 <prvCheckForRunStateChange+0x88>
10007bce:	e067      	b.n	10007ca0 <prvCheckForRunStateChange+0x158>
10007bd0:	f3bf 8f5f 	dmb	sy
10007bd4:	4642      	mov	r2, r8
10007bd6:	7852      	ldrb	r2, [r2, #1]
10007bd8:	2a00      	cmp	r2, #0
10007bda:	d024      	beq.n	10007c26 <prvCheckForRunStateChange+0xde>
10007bdc:	b672      	cpsid	i
10007bde:	e7fe      	b.n	10007bde <prvCheckForRunStateChange+0x96>
10007be0:	2300      	movs	r3, #0
10007be2:	50bb      	str	r3, [r7, r2]
10007be4:	2201      	movs	r2, #1
10007be6:	6823      	ldr	r3, [r4, #0]
10007be8:	4d45      	ldr	r5, [pc, #276]	@ (10007d00 <prvCheckForRunStateChange+0x1b8>)
10007bea:	4694      	mov	ip, r2
10007bec:	5ce9      	ldrb	r1, [r5, r3]
10007bee:	420a      	tst	r2, r1
10007bf0:	d008      	beq.n	10007c04 <prvCheckForRunStateChange+0xbc>
10007bf2:	4a42      	ldr	r2, [pc, #264]	@ (10007cfc <prvCheckForRunStateChange+0x1b4>)
10007bf4:	4690      	mov	r8, r2
10007bf6:	7812      	ldrb	r2, [r2, #0]
10007bf8:	2a00      	cmp	r2, #0
10007bfa:	d105      	bne.n	10007c08 <prvCheckForRunStateChange+0xc0>
10007bfc:	b672      	cpsid	i
10007bfe:	e7fe      	b.n	10007bfe <prvCheckForRunStateChange+0xb6>
10007c00:	b672      	cpsid	i
10007c02:	e7fe      	b.n	10007c02 <prvCheckForRunStateChange+0xba>
10007c04:	b672      	cpsid	i
10007c06:	e7fe      	b.n	10007c06 <prvCheckForRunStateChange+0xbe>
10007c08:	4640      	mov	r0, r8
10007c0a:	3a01      	subs	r2, #1
10007c0c:	b2d2      	uxtb	r2, r2
10007c0e:	7002      	strb	r2, [r0, #0]
10007c10:	2a00      	cmp	r2, #0
10007c12:	d1b1      	bne.n	10007b78 <prvCheckForRunStateChange+0x30>
10007c14:	4662      	mov	r2, ip
10007c16:	4391      	bics	r1, r2
10007c18:	54e9      	strb	r1, [r5, r3]
10007c1a:	f3bf 8f5f 	dmb	sy
10007c1e:	4b3a      	ldr	r3, [pc, #232]	@ (10007d08 <prvCheckForRunStateChange+0x1c0>)
10007c20:	601a      	str	r2, [r3, #0]
10007c22:	6823      	ldr	r3, [r4, #0]
10007c24:	e7a8      	b.n	10007b78 <prvCheckForRunStateChange+0x30>
10007c26:	2201      	movs	r2, #1
10007c28:	4641      	mov	r1, r8
10007c2a:	704a      	strb	r2, [r1, #1]
10007c2c:	2102      	movs	r1, #2
10007c2e:	5cea      	ldrb	r2, [r5, r3]
10007c30:	430a      	orrs	r2, r1
10007c32:	54ea      	strb	r2, [r5, r3]
10007c34:	23d0      	movs	r3, #208	@ 0xd0
10007c36:	061b      	lsls	r3, r3, #24
10007c38:	681a      	ldr	r2, [r3, #0]
10007c3a:	4b33      	ldr	r3, [pc, #204]	@ (10007d08 <prvCheckForRunStateChange+0x1c0>)
10007c3c:	6819      	ldr	r1, [r3, #0]
10007c3e:	2900      	cmp	r1, #0
10007c40:	d03c      	beq.n	10007cbc <prvCheckForRunStateChange+0x174>
10007c42:	f3bf 8f5f 	dmb	sy
10007c46:	4643      	mov	r3, r8
10007c48:	781b      	ldrb	r3, [r3, #0]
10007c4a:	2b00      	cmp	r3, #0
10007c4c:	d122      	bne.n	10007c94 <prvCheckForRunStateChange+0x14c>
10007c4e:	2101      	movs	r1, #1
10007c50:	4640      	mov	r0, r8
10007c52:	7001      	strb	r1, [r0, #0]
10007c54:	2001      	movs	r0, #1
10007c56:	5ca9      	ldrb	r1, [r5, r2]
10007c58:	4301      	orrs	r1, r0
10007c5a:	54a9      	strb	r1, [r5, r2]
10007c5c:	21d0      	movs	r1, #208	@ 0xd0
10007c5e:	4648      	mov	r0, r9
10007c60:	0609      	lsls	r1, r1, #24
10007c62:	680a      	ldr	r2, [r1, #0]
10007c64:	0092      	lsls	r2, r2, #2
10007c66:	50b8      	str	r0, [r7, r2]
10007c68:	2800      	cmp	r0, #0
10007c6a:	d000      	beq.n	10007c6e <prvCheckForRunStateChange+0x126>
10007c6c:	e777      	b.n	10007b5e <prvCheckForRunStateChange+0x16>
10007c6e:	6808      	ldr	r0, [r1, #0]
10007c70:	2101      	movs	r1, #1
10007c72:	5c2a      	ldrb	r2, [r5, r0]
10007c74:	4694      	mov	ip, r2
10007c76:	4211      	tst	r1, r2
10007c78:	d039      	beq.n	10007cee <prvCheckForRunStateChange+0x1a6>
10007c7a:	4642      	mov	r2, r8
10007c7c:	7013      	strb	r3, [r2, #0]
10007c7e:	2b00      	cmp	r3, #0
10007c80:	d000      	beq.n	10007c84 <prvCheckForRunStateChange+0x13c>
10007c82:	e76c      	b.n	10007b5e <prvCheckForRunStateChange+0x16>
10007c84:	4662      	mov	r2, ip
10007c86:	438a      	bics	r2, r1
10007c88:	542a      	strb	r2, [r5, r0]
10007c8a:	f3bf 8f5f 	dmb	sy
10007c8e:	4b1e      	ldr	r3, [pc, #120]	@ (10007d08 <prvCheckForRunStateChange+0x1c0>)
10007c90:	6019      	str	r1, [r3, #0]
10007c92:	e764      	b.n	10007b5e <prvCheckForRunStateChange+0x16>
10007c94:	b672      	cpsid	i
10007c96:	e7fe      	b.n	10007c96 <prvCheckForRunStateChange+0x14e>
10007c98:	bcc0      	pop	{r6, r7}
10007c9a:	46b9      	mov	r9, r7
10007c9c:	46b0      	mov	r8, r6
10007c9e:	bdf8      	pop	{r3, r4, r5, r6, r7, pc}
10007ca0:	5ce9      	ldrb	r1, [r5, r3]
10007ca2:	0789      	lsls	r1, r1, #30
10007ca4:	d505      	bpl.n	10007cb2 <prvCheckForRunStateChange+0x16a>
10007ca6:	4643      	mov	r3, r8
10007ca8:	785b      	ldrb	r3, [r3, #1]
10007caa:	2bff      	cmp	r3, #255	@ 0xff
10007cac:	d117      	bne.n	10007cde <prvCheckForRunStateChange+0x196>
10007cae:	b672      	cpsid	i
10007cb0:	e7fe      	b.n	10007cb0 <prvCheckForRunStateChange+0x168>
10007cb2:	6811      	ldr	r1, [r2, #0]
10007cb4:	2900      	cmp	r1, #0
10007cb6:	d000      	beq.n	10007cba <prvCheckForRunStateChange+0x172>
10007cb8:	e78a      	b.n	10007bd0 <prvCheckForRunStateChange+0x88>
10007cba:	e7fa      	b.n	10007cb2 <prvCheckForRunStateChange+0x16a>
10007cbc:	5ca9      	ldrb	r1, [r5, r2]
10007cbe:	07c9      	lsls	r1, r1, #31
10007cc0:	d509      	bpl.n	10007cd6 <prvCheckForRunStateChange+0x18e>
10007cc2:	4643      	mov	r3, r8
10007cc4:	781b      	ldrb	r3, [r3, #0]
10007cc6:	2bff      	cmp	r3, #255	@ 0xff
10007cc8:	d101      	bne.n	10007cce <prvCheckForRunStateChange+0x186>
10007cca:	b672      	cpsid	i
10007ccc:	e7fe      	b.n	10007ccc <prvCheckForRunStateChange+0x184>
10007cce:	4641      	mov	r1, r8
10007cd0:	1c5a      	adds	r2, r3, #1
10007cd2:	700a      	strb	r2, [r1, #0]
10007cd4:	e7c2      	b.n	10007c5c <prvCheckForRunStateChange+0x114>
10007cd6:	6819      	ldr	r1, [r3, #0]
10007cd8:	2900      	cmp	r1, #0
10007cda:	d1b2      	bne.n	10007c42 <prvCheckForRunStateChange+0xfa>
10007cdc:	e7fb      	b.n	10007cd6 <prvCheckForRunStateChange+0x18e>
10007cde:	4642      	mov	r2, r8
10007ce0:	3301      	adds	r3, #1
10007ce2:	7053      	strb	r3, [r2, #1]
10007ce4:	e7a6      	b.n	10007c34 <prvCheckForRunStateChange+0xec>
10007ce6:	b672      	cpsid	i
10007ce8:	e7fe      	b.n	10007ce8 <prvCheckForRunStateChange+0x1a0>
10007cea:	b672      	cpsid	i
10007cec:	e7fe      	b.n	10007cec <prvCheckForRunStateChange+0x1a4>
10007cee:	b672      	cpsid	i
10007cf0:	e7fe      	b.n	10007cf0 <prvCheckForRunStateChange+0x1a8>
10007cf2:	46c0      	nop			@ (mov r8, r8)
10007cf4:	20001ca4 	.word	0x20001ca4
10007cf8:	20021f84 	.word	0x20021f84
10007cfc:	20021f64 	.word	0x20021f64
10007d00:	20021f60 	.word	0x20021f60
10007d04:	d0000134 	.word	0xd0000134
10007d08:	d0000130 	.word	0xd0000130

10007d0c <vTaskSuspendAll.part.0>:
10007d0c:	b5f0      	push	{r4, r5, r6, r7, lr}
10007d0e:	46c6      	mov	lr, r8
10007d10:	b500      	push	{lr}
10007d12:	f3ef 8510 	mrs	r5, PRIMASK
10007d16:	b672      	cpsid	i
10007d18:	23d0      	movs	r3, #208	@ 0xd0
10007d1a:	061b      	lsls	r3, r3, #24
10007d1c:	681a      	ldr	r2, [r3, #0]
10007d1e:	4b3f      	ldr	r3, [pc, #252]	@ (10007e1c <vTaskSuspendAll.part.0+0x110>)
10007d20:	0091      	lsls	r1, r2, #2
10007d22:	58cb      	ldr	r3, [r1, r3]
10007d24:	2b00      	cmp	r3, #0
10007d26:	d001      	beq.n	10007d2c <vTaskSuspendAll.part.0+0x20>
10007d28:	b672      	cpsid	i
10007d2a:	e7fe      	b.n	10007d2a <vTaskSuspendAll.part.0+0x1e>
10007d2c:	4b3c      	ldr	r3, [pc, #240]	@ (10007e20 <vTaskSuspendAll.part.0+0x114>)
10007d2e:	4e3d      	ldr	r6, [pc, #244]	@ (10007e24 <vTaskSuspendAll.part.0+0x118>)
10007d30:	6819      	ldr	r1, [r3, #0]
10007d32:	2900      	cmp	r1, #0
10007d34:	d038      	beq.n	10007da8 <vTaskSuspendAll.part.0+0x9c>
10007d36:	f3bf 8f5f 	dmb	sy
10007d3a:	4c3b      	ldr	r4, [pc, #236]	@ (10007e28 <vTaskSuspendAll.part.0+0x11c>)
10007d3c:	7863      	ldrb	r3, [r4, #1]
10007d3e:	2b00      	cmp	r3, #0
10007d40:	d118      	bne.n	10007d74 <vTaskSuspendAll.part.0+0x68>
10007d42:	2301      	movs	r3, #1
10007d44:	2102      	movs	r1, #2
10007d46:	7063      	strb	r3, [r4, #1]
10007d48:	5cb3      	ldrb	r3, [r6, r2]
10007d4a:	430b      	orrs	r3, r1
10007d4c:	54b3      	strb	r3, [r6, r2]
10007d4e:	4f37      	ldr	r7, [pc, #220]	@ (10007e2c <vTaskSuspendAll.part.0+0x120>)
10007d50:	683b      	ldr	r3, [r7, #0]
10007d52:	2b00      	cmp	r3, #0
10007d54:	d025      	beq.n	10007da2 <vTaskSuspendAll.part.0+0x96>
10007d56:	21d0      	movs	r1, #208	@ 0xd0
10007d58:	4a35      	ldr	r2, [pc, #212]	@ (10007e30 <vTaskSuspendAll.part.0+0x124>)
10007d5a:	0609      	lsls	r1, r1, #24
10007d5c:	680b      	ldr	r3, [r1, #0]
10007d5e:	6810      	ldr	r0, [r2, #0]
10007d60:	4698      	mov	r8, r3
10007d62:	2800      	cmp	r0, #0
10007d64:	d03a      	beq.n	10007ddc <vTaskSuspendAll.part.0+0xd0>
10007d66:	f3bf 8f5f 	dmb	sy
10007d6a:	7822      	ldrb	r2, [r4, #0]
10007d6c:	2a00      	cmp	r2, #0
10007d6e:	d003      	beq.n	10007d78 <vTaskSuspendAll.part.0+0x6c>
10007d70:	b672      	cpsid	i
10007d72:	e7fe      	b.n	10007d72 <vTaskSuspendAll.part.0+0x66>
10007d74:	b672      	cpsid	i
10007d76:	e7fe      	b.n	10007d76 <vTaskSuspendAll.part.0+0x6a>
10007d78:	4643      	mov	r3, r8
10007d7a:	5cf1      	ldrb	r1, [r6, r3]
10007d7c:	2301      	movs	r3, #1
10007d7e:	469c      	mov	ip, r3
10007d80:	4663      	mov	r3, ip
10007d82:	4319      	orrs	r1, r3
10007d84:	4643      	mov	r3, r8
10007d86:	54f1      	strb	r1, [r6, r3]
10007d88:	683b      	ldr	r3, [r7, #0]
10007d8a:	2001      	movs	r0, #1
10007d8c:	3301      	adds	r3, #1
10007d8e:	603b      	str	r3, [r7, #0]
10007d90:	23d0      	movs	r3, #208	@ 0xd0
10007d92:	7020      	strb	r0, [r4, #0]
10007d94:	061b      	lsls	r3, r3, #24
10007d96:	6819      	ldr	r1, [r3, #0]
10007d98:	5c73      	ldrb	r3, [r6, r1]
10007d9a:	4218      	tst	r0, r3
10007d9c:	d111      	bne.n	10007dc2 <vTaskSuspendAll.part.0+0xb6>
10007d9e:	b672      	cpsid	i
10007da0:	e7fe      	b.n	10007da0 <vTaskSuspendAll.part.0+0x94>
10007da2:	f7ff fed1 	bl	10007b48 <prvCheckForRunStateChange>
10007da6:	e7d6      	b.n	10007d56 <vTaskSuspendAll.part.0+0x4a>
10007da8:	5cb1      	ldrb	r1, [r6, r2]
10007daa:	0789      	lsls	r1, r1, #30
10007dac:	d505      	bpl.n	10007dba <vTaskSuspendAll.part.0+0xae>
10007dae:	4c1e      	ldr	r4, [pc, #120]	@ (10007e28 <vTaskSuspendAll.part.0+0x11c>)
10007db0:	7863      	ldrb	r3, [r4, #1]
10007db2:	2bff      	cmp	r3, #255	@ 0xff
10007db4:	d12e      	bne.n	10007e14 <vTaskSuspendAll.part.0+0x108>
10007db6:	b672      	cpsid	i
10007db8:	e7fe      	b.n	10007db8 <vTaskSuspendAll.part.0+0xac>
10007dba:	6819      	ldr	r1, [r3, #0]
10007dbc:	2900      	cmp	r1, #0
10007dbe:	d1ba      	bne.n	10007d36 <vTaskSuspendAll.part.0+0x2a>
10007dc0:	e7fb      	b.n	10007dba <vTaskSuspendAll.part.0+0xae>
10007dc2:	7022      	strb	r2, [r4, #0]
10007dc4:	2201      	movs	r2, #1
10007dc6:	4393      	bics	r3, r2
10007dc8:	5473      	strb	r3, [r6, r1]
10007dca:	f3bf 8f5f 	dmb	sy
10007dce:	4b18      	ldr	r3, [pc, #96]	@ (10007e30 <vTaskSuspendAll.part.0+0x124>)
10007dd0:	601a      	str	r2, [r3, #0]
10007dd2:	f385 8810 	msr	PRIMASK, r5
10007dd6:	bc80      	pop	{r7}
10007dd8:	46b8      	mov	r8, r7
10007dda:	bdf0      	pop	{r4, r5, r6, r7, pc}
10007ddc:	5cf0      	ldrb	r0, [r6, r3]
10007dde:	4684      	mov	ip, r0
10007de0:	2001      	movs	r0, #1
10007de2:	4663      	mov	r3, ip
10007de4:	4218      	tst	r0, r3
10007de6:	d011      	beq.n	10007e0c <vTaskSuspendAll.part.0+0x100>
10007de8:	7822      	ldrb	r2, [r4, #0]
10007dea:	2aff      	cmp	r2, #255	@ 0xff
10007dec:	d101      	bne.n	10007df2 <vTaskSuspendAll.part.0+0xe6>
10007dee:	b672      	cpsid	i
10007df0:	e7fe      	b.n	10007df0 <vTaskSuspendAll.part.0+0xe4>
10007df2:	1c53      	adds	r3, r2, #1
10007df4:	7023      	strb	r3, [r4, #0]
10007df6:	683b      	ldr	r3, [r7, #0]
10007df8:	3301      	adds	r3, #1
10007dfa:	603b      	str	r3, [r7, #0]
10007dfc:	6809      	ldr	r1, [r1, #0]
10007dfe:	5c73      	ldrb	r3, [r6, r1]
10007e00:	4218      	tst	r0, r3
10007e02:	d0cc      	beq.n	10007d9e <vTaskSuspendAll.part.0+0x92>
10007e04:	7022      	strb	r2, [r4, #0]
10007e06:	2a00      	cmp	r2, #0
10007e08:	d1e3      	bne.n	10007dd2 <vTaskSuspendAll.part.0+0xc6>
10007e0a:	e7db      	b.n	10007dc4 <vTaskSuspendAll.part.0+0xb8>
10007e0c:	6811      	ldr	r1, [r2, #0]
10007e0e:	2900      	cmp	r1, #0
10007e10:	d1a9      	bne.n	10007d66 <vTaskSuspendAll.part.0+0x5a>
10007e12:	e7fb      	b.n	10007e0c <vTaskSuspendAll.part.0+0x100>
10007e14:	3301      	adds	r3, #1
10007e16:	7063      	strb	r3, [r4, #1]
10007e18:	e799      	b.n	10007d4e <vTaskSuspendAll.part.0+0x42>
10007e1a:	46c0      	nop			@ (mov r8, r8)
10007e1c:	20021f84 	.word	0x20021f84
10007e20:	d0000134 	.word	0xd0000134
10007e24:	20021f60 	.word	0x20021f60
10007e28:	20021f64 	.word	0x20021f64
10007e2c:	20021f94 	.word	0x20021f94
10007e30:	d0000130 	.word	0xd0000130

10007e34 <prvCheckTasksWaitingTermination>:
10007e34:	b5f0      	push	{r4, r5, r6, r7, lr}
10007e36:	46c6      	mov	lr, r8
10007e38:	4c54      	ldr	r4, [pc, #336]	@ (10007f8c <prvCheckTasksWaitingTermination+0x158>)
10007e3a:	b500      	push	{lr}
10007e3c:	4e54      	ldr	r6, [pc, #336]	@ (10007f90 <prvCheckTasksWaitingTermination+0x15c>)
10007e3e:	4f55      	ldr	r7, [pc, #340]	@ (10007f94 <prvCheckTasksWaitingTermination+0x160>)
10007e40:	e01c      	b.n	10007e7c <prvCheckTasksWaitingTermination+0x48>
10007e42:	4b55      	ldr	r3, [pc, #340]	@ (10007f98 <prvCheckTasksWaitingTermination+0x164>)
10007e44:	68db      	ldr	r3, [r3, #12]
10007e46:	68dd      	ldr	r5, [r3, #12]
10007e48:	6bab      	ldr	r3, [r5, #56]	@ 0x38
10007e4a:	3301      	adds	r3, #1
10007e4c:	d000      	beq.n	10007e50 <prvCheckTasksWaitingTermination+0x1c>
10007e4e:	e081      	b.n	10007f54 <prvCheckTasksWaitingTermination+0x120>
10007e50:	0028      	movs	r0, r5
10007e52:	3008      	adds	r0, #8
10007e54:	f001 fda4 	bl	100099a0 <uxListRemove>
10007e58:	4a50      	ldr	r2, [pc, #320]	@ (10007f9c <prvCheckTasksWaitingTermination+0x168>)
10007e5a:	6813      	ldr	r3, [r2, #0]
10007e5c:	3b01      	subs	r3, #1
10007e5e:	6013      	str	r3, [r2, #0]
10007e60:	6823      	ldr	r3, [r4, #0]
10007e62:	3b01      	subs	r3, #1
10007e64:	6023      	str	r3, [r4, #0]
10007e66:	6833      	ldr	r3, [r6, #0]
10007e68:	2b00      	cmp	r3, #0
10007e6a:	d001      	beq.n	10007e70 <prvCheckTasksWaitingTermination+0x3c>
10007e6c:	f7ff fe12 	bl	10007a94 <vTaskExitCritical.part.0>
10007e70:	6b68      	ldr	r0, [r5, #52]	@ 0x34
10007e72:	f7ff fc8d 	bl	10007790 <vPortFree>
10007e76:	0028      	movs	r0, r5
10007e78:	f7ff fc8a 	bl	10007790 <vPortFree>
10007e7c:	25d0      	movs	r5, #208	@ 0xd0
10007e7e:	062d      	lsls	r5, r5, #24
10007e80:	6823      	ldr	r3, [r4, #0]
10007e82:	2b00      	cmp	r3, #0
10007e84:	d01a      	beq.n	10007ebc <prvCheckTasksWaitingTermination+0x88>
10007e86:	b672      	cpsid	i
10007e88:	6833      	ldr	r3, [r6, #0]
10007e8a:	2b00      	cmp	r3, #0
10007e8c:	d00b      	beq.n	10007ea6 <prvCheckTasksWaitingTermination+0x72>
10007e8e:	6829      	ldr	r1, [r5, #0]
10007e90:	008a      	lsls	r2, r1, #2
10007e92:	58bb      	ldr	r3, [r7, r2]
10007e94:	2b00      	cmp	r3, #0
10007e96:	d014      	beq.n	10007ec2 <prvCheckTasksWaitingTermination+0x8e>
10007e98:	3301      	adds	r3, #1
10007e9a:	50bb      	str	r3, [r7, r2]
10007e9c:	682b      	ldr	r3, [r5, #0]
10007e9e:	009b      	lsls	r3, r3, #2
10007ea0:	58fb      	ldr	r3, [r7, r3]
10007ea2:	2b01      	cmp	r3, #1
10007ea4:	d031      	beq.n	10007f0a <prvCheckTasksWaitingTermination+0xd6>
10007ea6:	6823      	ldr	r3, [r4, #0]
10007ea8:	2b00      	cmp	r3, #0
10007eaa:	d1ca      	bne.n	10007e42 <prvCheckTasksWaitingTermination+0xe>
10007eac:	6833      	ldr	r3, [r6, #0]
10007eae:	2b00      	cmp	r3, #0
10007eb0:	d0e6      	beq.n	10007e80 <prvCheckTasksWaitingTermination+0x4c>
10007eb2:	f7ff fdef 	bl	10007a94 <vTaskExitCritical.part.0>
10007eb6:	6823      	ldr	r3, [r4, #0]
10007eb8:	2b00      	cmp	r3, #0
10007eba:	d1e4      	bne.n	10007e86 <prvCheckTasksWaitingTermination+0x52>
10007ebc:	bc80      	pop	{r7}
10007ebe:	46b8      	mov	r8, r7
10007ec0:	bdf0      	pop	{r4, r5, r6, r7, pc}
10007ec2:	4b37      	ldr	r3, [pc, #220]	@ (10007fa0 <prvCheckTasksWaitingTermination+0x16c>)
10007ec4:	681a      	ldr	r2, [r3, #0]
10007ec6:	2a00      	cmp	r2, #0
10007ec8:	d035      	beq.n	10007f36 <prvCheckTasksWaitingTermination+0x102>
10007eca:	4b36      	ldr	r3, [pc, #216]	@ (10007fa4 <prvCheckTasksWaitingTermination+0x170>)
10007ecc:	4698      	mov	r8, r3
10007ece:	f3bf 8f5f 	dmb	sy
10007ed2:	4b35      	ldr	r3, [pc, #212]	@ (10007fa8 <prvCheckTasksWaitingTermination+0x174>)
10007ed4:	7858      	ldrb	r0, [r3, #1]
10007ed6:	2800      	cmp	r0, #0
10007ed8:	d11e      	bne.n	10007f18 <prvCheckTasksWaitingTermination+0xe4>
10007eda:	2001      	movs	r0, #1
10007edc:	4642      	mov	r2, r8
10007ede:	7058      	strb	r0, [r3, #1]
10007ee0:	5c50      	ldrb	r0, [r2, r1]
10007ee2:	2202      	movs	r2, #2
10007ee4:	4694      	mov	ip, r2
10007ee6:	4662      	mov	r2, ip
10007ee8:	4310      	orrs	r0, r2
10007eea:	4642      	mov	r2, r8
10007eec:	5450      	strb	r0, [r2, r1]
10007eee:	21d0      	movs	r1, #208	@ 0xd0
10007ef0:	482e      	ldr	r0, [pc, #184]	@ (10007fac <prvCheckTasksWaitingTermination+0x178>)
10007ef2:	0609      	lsls	r1, r1, #24
10007ef4:	6802      	ldr	r2, [r0, #0]
10007ef6:	6809      	ldr	r1, [r1, #0]
10007ef8:	2a00      	cmp	r2, #0
10007efa:	d031      	beq.n	10007f60 <prvCheckTasksWaitingTermination+0x12c>
10007efc:	f3bf 8f5f 	dmb	sy
10007f00:	7818      	ldrb	r0, [r3, #0]
10007f02:	2800      	cmp	r0, #0
10007f04:	d00a      	beq.n	10007f1c <prvCheckTasksWaitingTermination+0xe8>
10007f06:	b672      	cpsid	i
10007f08:	e7fe      	b.n	10007f08 <prvCheckTasksWaitingTermination+0xd4>
10007f0a:	4b29      	ldr	r3, [pc, #164]	@ (10007fb0 <prvCheckTasksWaitingTermination+0x17c>)
10007f0c:	681b      	ldr	r3, [r3, #0]
10007f0e:	2b00      	cmp	r3, #0
10007f10:	d1c9      	bne.n	10007ea6 <prvCheckTasksWaitingTermination+0x72>
10007f12:	f7ff fe19 	bl	10007b48 <prvCheckForRunStateChange>
10007f16:	e7c6      	b.n	10007ea6 <prvCheckTasksWaitingTermination+0x72>
10007f18:	b672      	cpsid	i
10007f1a:	e7fe      	b.n	10007f1a <prvCheckTasksWaitingTermination+0xe6>
10007f1c:	2001      	movs	r0, #1
10007f1e:	7018      	strb	r0, [r3, #0]
10007f20:	4643      	mov	r3, r8
10007f22:	4642      	mov	r2, r8
10007f24:	5c5b      	ldrb	r3, [r3, r1]
10007f26:	4303      	orrs	r3, r0
10007f28:	5453      	strb	r3, [r2, r1]
10007f2a:	23d0      	movs	r3, #208	@ 0xd0
10007f2c:	061b      	lsls	r3, r3, #24
10007f2e:	6819      	ldr	r1, [r3, #0]
10007f30:	008a      	lsls	r2, r1, #2
10007f32:	58bb      	ldr	r3, [r7, r2]
10007f34:	e7b0      	b.n	10007e98 <prvCheckTasksWaitingTermination+0x64>
10007f36:	4a1b      	ldr	r2, [pc, #108]	@ (10007fa4 <prvCheckTasksWaitingTermination+0x170>)
10007f38:	5c50      	ldrb	r0, [r2, r1]
10007f3a:	4690      	mov	r8, r2
10007f3c:	0780      	lsls	r0, r0, #30
10007f3e:	d505      	bpl.n	10007f4c <prvCheckTasksWaitingTermination+0x118>
10007f40:	4b19      	ldr	r3, [pc, #100]	@ (10007fa8 <prvCheckTasksWaitingTermination+0x174>)
10007f42:	7859      	ldrb	r1, [r3, #1]
10007f44:	29ff      	cmp	r1, #255	@ 0xff
10007f46:	d118      	bne.n	10007f7a <prvCheckTasksWaitingTermination+0x146>
10007f48:	b672      	cpsid	i
10007f4a:	e7fe      	b.n	10007f4a <prvCheckTasksWaitingTermination+0x116>
10007f4c:	6818      	ldr	r0, [r3, #0]
10007f4e:	2800      	cmp	r0, #0
10007f50:	d1bd      	bne.n	10007ece <prvCheckTasksWaitingTermination+0x9a>
10007f52:	e7fb      	b.n	10007f4c <prvCheckTasksWaitingTermination+0x118>
10007f54:	6833      	ldr	r3, [r6, #0]
10007f56:	2b00      	cmp	r3, #0
10007f58:	d0b0      	beq.n	10007ebc <prvCheckTasksWaitingTermination+0x88>
10007f5a:	f7ff fd9b 	bl	10007a94 <vTaskExitCritical.part.0>
10007f5e:	e7ad      	b.n	10007ebc <prvCheckTasksWaitingTermination+0x88>
10007f60:	4642      	mov	r2, r8
10007f62:	5c52      	ldrb	r2, [r2, r1]
10007f64:	07d2      	lsls	r2, r2, #31
10007f66:	d504      	bpl.n	10007f72 <prvCheckTasksWaitingTermination+0x13e>
10007f68:	781a      	ldrb	r2, [r3, #0]
10007f6a:	2aff      	cmp	r2, #255	@ 0xff
10007f6c:	d108      	bne.n	10007f80 <prvCheckTasksWaitingTermination+0x14c>
10007f6e:	b672      	cpsid	i
10007f70:	e7fe      	b.n	10007f70 <prvCheckTasksWaitingTermination+0x13c>
10007f72:	6802      	ldr	r2, [r0, #0]
10007f74:	2a00      	cmp	r2, #0
10007f76:	d1c1      	bne.n	10007efc <prvCheckTasksWaitingTermination+0xc8>
10007f78:	e7fb      	b.n	10007f72 <prvCheckTasksWaitingTermination+0x13e>
10007f7a:	3101      	adds	r1, #1
10007f7c:	7059      	strb	r1, [r3, #1]
10007f7e:	e7b6      	b.n	10007eee <prvCheckTasksWaitingTermination+0xba>
10007f80:	3201      	adds	r2, #1
10007f82:	701a      	strb	r2, [r3, #0]
10007f84:	008a      	lsls	r2, r1, #2
10007f86:	58bb      	ldr	r3, [r7, r2]
10007f88:	e786      	b.n	10007e98 <prvCheckTasksWaitingTermination+0x64>
10007f8a:	46c0      	nop			@ (mov r8, r8)
10007f8c:	20021f90 	.word	0x20021f90
10007f90:	20022030 	.word	0x20022030
10007f94:	20021f84 	.word	0x20021f84
10007f98:	20022050 	.word	0x20022050
10007f9c:	20021f8c 	.word	0x20021f8c
10007fa0:	d0000134 	.word	0xd0000134
10007fa4:	20021f60 	.word	0x20021f60
10007fa8:	20021f64 	.word	0x20021f64
10007fac:	d0000130 	.word	0xd0000130
10007fb0:	20021f94 	.word	0x20021f94

10007fb4 <prvIdleTask>:
10007fb4:	b510      	push	{r4, lr}
10007fb6:	f001 ffc5 	bl	10009f44 <vPortYield>
10007fba:	4c04      	ldr	r4, [pc, #16]	@ (10007fcc <prvIdleTask+0x18>)
10007fbc:	f7ff ff3a 	bl	10007e34 <prvCheckTasksWaitingTermination>
10007fc0:	6823      	ldr	r3, [r4, #0]
10007fc2:	2b02      	cmp	r3, #2
10007fc4:	d9fa      	bls.n	10007fbc <prvIdleTask+0x8>
10007fc6:	f001 ffbd 	bl	10009f44 <vPortYield>
10007fca:	e7f7      	b.n	10007fbc <prvIdleTask+0x8>
10007fcc:	20001cc0 	.word	0x20001cc0

10007fd0 <vTaskSuspendAll>:
10007fd0:	b5f0      	push	{r4, r5, r6, r7, lr}
10007fd2:	46c6      	mov	lr, r8
10007fd4:	4b44      	ldr	r3, [pc, #272]	@ (100080e8 <vTaskSuspendAll+0x118>)
10007fd6:	b500      	push	{lr}
10007fd8:	681b      	ldr	r3, [r3, #0]
10007fda:	2b00      	cmp	r3, #0
10007fdc:	d016      	beq.n	1000800c <vTaskSuspendAll+0x3c>
10007fde:	f3ef 8510 	mrs	r5, PRIMASK
10007fe2:	b672      	cpsid	i
10007fe4:	23d0      	movs	r3, #208	@ 0xd0
10007fe6:	061b      	lsls	r3, r3, #24
10007fe8:	681a      	ldr	r2, [r3, #0]
10007fea:	4b40      	ldr	r3, [pc, #256]	@ (100080ec <vTaskSuspendAll+0x11c>)
10007fec:	0091      	lsls	r1, r2, #2
10007fee:	58cb      	ldr	r3, [r1, r3]
10007ff0:	2b00      	cmp	r3, #0
10007ff2:	d00e      	beq.n	10008012 <vTaskSuspendAll+0x42>
10007ff4:	b672      	cpsid	i
10007ff6:	e7fe      	b.n	10007ff6 <vTaskSuspendAll+0x26>
10007ff8:	7022      	strb	r2, [r4, #0]
10007ffa:	2201      	movs	r2, #1
10007ffc:	4393      	bics	r3, r2
10007ffe:	5473      	strb	r3, [r6, r1]
10008000:	f3bf 8f5f 	dmb	sy
10008004:	4b3a      	ldr	r3, [pc, #232]	@ (100080f0 <vTaskSuspendAll+0x120>)
10008006:	601a      	str	r2, [r3, #0]
10008008:	f385 8810 	msr	PRIMASK, r5
1000800c:	bc80      	pop	{r7}
1000800e:	46b8      	mov	r8, r7
10008010:	bdf0      	pop	{r4, r5, r6, r7, pc}
10008012:	4b38      	ldr	r3, [pc, #224]	@ (100080f4 <vTaskSuspendAll+0x124>)
10008014:	4e38      	ldr	r6, [pc, #224]	@ (100080f8 <vTaskSuspendAll+0x128>)
10008016:	6819      	ldr	r1, [r3, #0]
10008018:	2900      	cmp	r1, #0
1000801a:	d038      	beq.n	1000808e <vTaskSuspendAll+0xbe>
1000801c:	f3bf 8f5f 	dmb	sy
10008020:	4c36      	ldr	r4, [pc, #216]	@ (100080fc <vTaskSuspendAll+0x12c>)
10008022:	7863      	ldrb	r3, [r4, #1]
10008024:	2b00      	cmp	r3, #0
10008026:	d001      	beq.n	1000802c <vTaskSuspendAll+0x5c>
10008028:	b672      	cpsid	i
1000802a:	e7fe      	b.n	1000802a <vTaskSuspendAll+0x5a>
1000802c:	2301      	movs	r3, #1
1000802e:	2102      	movs	r1, #2
10008030:	7063      	strb	r3, [r4, #1]
10008032:	5cb3      	ldrb	r3, [r6, r2]
10008034:	430b      	orrs	r3, r1
10008036:	54b3      	strb	r3, [r6, r2]
10008038:	4f31      	ldr	r7, [pc, #196]	@ (10008100 <vTaskSuspendAll+0x130>)
1000803a:	683b      	ldr	r3, [r7, #0]
1000803c:	2b00      	cmp	r3, #0
1000803e:	d023      	beq.n	10008088 <vTaskSuspendAll+0xb8>
10008040:	21d0      	movs	r1, #208	@ 0xd0
10008042:	4a2b      	ldr	r2, [pc, #172]	@ (100080f0 <vTaskSuspendAll+0x120>)
10008044:	0609      	lsls	r1, r1, #24
10008046:	680b      	ldr	r3, [r1, #0]
10008048:	6810      	ldr	r0, [r2, #0]
1000804a:	4698      	mov	r8, r3
1000804c:	2800      	cmp	r0, #0
1000804e:	d02b      	beq.n	100080a8 <vTaskSuspendAll+0xd8>
10008050:	f3bf 8f5f 	dmb	sy
10008054:	7822      	ldrb	r2, [r4, #0]
10008056:	2a00      	cmp	r2, #0
10008058:	d114      	bne.n	10008084 <vTaskSuspendAll+0xb4>
1000805a:	4643      	mov	r3, r8
1000805c:	5cf1      	ldrb	r1, [r6, r3]
1000805e:	2301      	movs	r3, #1
10008060:	469c      	mov	ip, r3
10008062:	4663      	mov	r3, ip
10008064:	4319      	orrs	r1, r3
10008066:	4643      	mov	r3, r8
10008068:	54f1      	strb	r1, [r6, r3]
1000806a:	683b      	ldr	r3, [r7, #0]
1000806c:	2001      	movs	r0, #1
1000806e:	3301      	adds	r3, #1
10008070:	603b      	str	r3, [r7, #0]
10008072:	23d0      	movs	r3, #208	@ 0xd0
10008074:	7020      	strb	r0, [r4, #0]
10008076:	061b      	lsls	r3, r3, #24
10008078:	6819      	ldr	r1, [r3, #0]
1000807a:	5c73      	ldrb	r3, [r6, r1]
1000807c:	4218      	tst	r0, r3
1000807e:	d1bb      	bne.n	10007ff8 <vTaskSuspendAll+0x28>
10008080:	b672      	cpsid	i
10008082:	e7fe      	b.n	10008082 <vTaskSuspendAll+0xb2>
10008084:	b672      	cpsid	i
10008086:	e7fe      	b.n	10008086 <vTaskSuspendAll+0xb6>
10008088:	f7ff fd5e 	bl	10007b48 <prvCheckForRunStateChange>
1000808c:	e7d8      	b.n	10008040 <vTaskSuspendAll+0x70>
1000808e:	5cb1      	ldrb	r1, [r6, r2]
10008090:	0789      	lsls	r1, r1, #30
10008092:	d505      	bpl.n	100080a0 <vTaskSuspendAll+0xd0>
10008094:	4c19      	ldr	r4, [pc, #100]	@ (100080fc <vTaskSuspendAll+0x12c>)
10008096:	7863      	ldrb	r3, [r4, #1]
10008098:	2bff      	cmp	r3, #255	@ 0xff
1000809a:	d122      	bne.n	100080e2 <vTaskSuspendAll+0x112>
1000809c:	b672      	cpsid	i
1000809e:	e7fe      	b.n	1000809e <vTaskSuspendAll+0xce>
100080a0:	6819      	ldr	r1, [r3, #0]
100080a2:	2900      	cmp	r1, #0
100080a4:	d1ba      	bne.n	1000801c <vTaskSuspendAll+0x4c>
100080a6:	e7fb      	b.n	100080a0 <vTaskSuspendAll+0xd0>
100080a8:	5cf0      	ldrb	r0, [r6, r3]
100080aa:	4684      	mov	ip, r0
100080ac:	2001      	movs	r0, #1
100080ae:	4663      	mov	r3, ip
100080b0:	4218      	tst	r0, r3
100080b2:	d012      	beq.n	100080da <vTaskSuspendAll+0x10a>
100080b4:	7822      	ldrb	r2, [r4, #0]
100080b6:	2aff      	cmp	r2, #255	@ 0xff
100080b8:	d101      	bne.n	100080be <vTaskSuspendAll+0xee>
100080ba:	b672      	cpsid	i
100080bc:	e7fe      	b.n	100080bc <vTaskSuspendAll+0xec>
100080be:	1c53      	adds	r3, r2, #1
100080c0:	7023      	strb	r3, [r4, #0]
100080c2:	683b      	ldr	r3, [r7, #0]
100080c4:	3301      	adds	r3, #1
100080c6:	603b      	str	r3, [r7, #0]
100080c8:	6809      	ldr	r1, [r1, #0]
100080ca:	5c73      	ldrb	r3, [r6, r1]
100080cc:	4218      	tst	r0, r3
100080ce:	d0d7      	beq.n	10008080 <vTaskSuspendAll+0xb0>
100080d0:	7022      	strb	r2, [r4, #0]
100080d2:	2a00      	cmp	r2, #0
100080d4:	d000      	beq.n	100080d8 <vTaskSuspendAll+0x108>
100080d6:	e797      	b.n	10008008 <vTaskSuspendAll+0x38>
100080d8:	e78f      	b.n	10007ffa <vTaskSuspendAll+0x2a>
100080da:	6811      	ldr	r1, [r2, #0]
100080dc:	2900      	cmp	r1, #0
100080de:	d1b7      	bne.n	10008050 <vTaskSuspendAll+0x80>
100080e0:	e7fb      	b.n	100080da <vTaskSuspendAll+0x10a>
100080e2:	3301      	adds	r3, #1
100080e4:	7063      	strb	r3, [r4, #1]
100080e6:	e7a7      	b.n	10008038 <vTaskSuspendAll+0x68>
100080e8:	20022030 	.word	0x20022030
100080ec:	20021f84 	.word	0x20021f84
100080f0:	d0000130 	.word	0xd0000130
100080f4:	d0000134 	.word	0xd0000134
100080f8:	20021f60 	.word	0x20021f60
100080fc:	20021f64 	.word	0x20021f64
10008100:	20021f94 	.word	0x20021f94

10008104 <xTaskGetTickCount>:
10008104:	4b01      	ldr	r3, [pc, #4]	@ (1000810c <xTaskGetTickCount+0x8>)
10008106:	6818      	ldr	r0, [r3, #0]
10008108:	4770      	bx	lr
1000810a:	46c0      	nop			@ (mov r8, r8)
1000810c:	20022064 	.word	0x20022064

10008110 <uxTaskGetNumberOfTasks>:
10008110:	4b01      	ldr	r3, [pc, #4]	@ (10008118 <uxTaskGetNumberOfTasks+0x8>)
10008112:	6818      	ldr	r0, [r3, #0]
10008114:	4770      	bx	lr
10008116:	46c0      	nop			@ (mov r8, r8)
10008118:	20021f8c 	.word	0x20021f8c

1000811c <xTaskIncrementTick>:
1000811c:	b5f8      	push	{r3, r4, r5, r6, r7, lr}
1000811e:	46de      	mov	lr, fp
10008120:	4657      	mov	r7, sl
10008122:	464e      	mov	r6, r9
10008124:	4645      	mov	r5, r8
10008126:	4b88      	ldr	r3, [pc, #544]	@ (10008348 <xTaskIncrementTick+0x22c>)
10008128:	b5e0      	push	{r5, r6, r7, lr}
1000812a:	681b      	ldr	r3, [r3, #0]
1000812c:	2b00      	cmp	r3, #0
1000812e:	d149      	bne.n	100081c4 <xTaskIncrementTick+0xa8>
10008130:	4b86      	ldr	r3, [pc, #536]	@ (1000834c <xTaskIncrementTick+0x230>)
10008132:	681d      	ldr	r5, [r3, #0]
10008134:	3501      	adds	r5, #1
10008136:	601d      	str	r5, [r3, #0]
10008138:	2d00      	cmp	r5, #0
1000813a:	d04f      	beq.n	100081dc <xTaskIncrementTick+0xc0>
1000813c:	4b84      	ldr	r3, [pc, #528]	@ (10008350 <xTaskIncrementTick+0x234>)
1000813e:	4699      	mov	r9, r3
10008140:	464b      	mov	r3, r9
10008142:	681b      	ldr	r3, [r3, #0]
10008144:	42ab      	cmp	r3, r5
10008146:	d963      	bls.n	10008210 <xTaskIncrementTick+0xf4>
10008148:	4c82      	ldr	r4, [pc, #520]	@ (10008354 <xTaskIncrementTick+0x238>)
1000814a:	4d83      	ldr	r5, [pc, #524]	@ (10008358 <xTaskIncrementTick+0x23c>)
1000814c:	682b      	ldr	r3, [r5, #0]
1000814e:	6b1a      	ldr	r2, [r3, #48]	@ 0x30
10008150:	0093      	lsls	r3, r2, #2
10008152:	189b      	adds	r3, r3, r2
10008154:	009b      	lsls	r3, r3, #2
10008156:	58e3      	ldr	r3, [r4, r3]
10008158:	2b01      	cmp	r3, #1
1000815a:	d800      	bhi.n	1000815e <xTaskIncrementTick+0x42>
1000815c:	e0ad      	b.n	100082ba <xTaskIncrementTick+0x19e>
1000815e:	686b      	ldr	r3, [r5, #4]
10008160:	6b1a      	ldr	r2, [r3, #48]	@ 0x30
10008162:	0093      	lsls	r3, r2, #2
10008164:	189b      	adds	r3, r3, r2
10008166:	009b      	lsls	r3, r3, #2
10008168:	58e3      	ldr	r3, [r4, r3]
1000816a:	2b01      	cmp	r3, #1
1000816c:	d800      	bhi.n	10008170 <xTaskIncrementTick+0x54>
1000816e:	e0cc      	b.n	1000830a <xTaskIncrementTick+0x1ee>
10008170:	23d0      	movs	r3, #208	@ 0xd0
10008172:	061b      	lsls	r3, r3, #24
10008174:	681c      	ldr	r4, [r3, #0]
10008176:	2c00      	cmp	r4, #0
10008178:	d100      	bne.n	1000817c <xTaskIncrementTick+0x60>
1000817a:	e0e1      	b.n	10008340 <xTaskIncrementTick+0x224>
1000817c:	2601      	movs	r6, #1
1000817e:	682b      	ldr	r3, [r5, #0]
10008180:	6b9b      	ldr	r3, [r3, #56]	@ 0x38
10008182:	3302      	adds	r3, #2
10008184:	d006      	beq.n	10008194 <xTaskIncrementTick+0x78>
10008186:	2000      	movs	r0, #0
10008188:	f001 ff14 	bl	10009fb4 <vYieldCore>
1000818c:	2202      	movs	r2, #2
1000818e:	682b      	ldr	r3, [r5, #0]
10008190:	4252      	negs	r2, r2
10008192:	639a      	str	r2, [r3, #56]	@ 0x38
10008194:	2e00      	cmp	r6, #0
10008196:	d100      	bne.n	1000819a <xTaskIncrementTick+0x7e>
10008198:	e0ac      	b.n	100082f4 <xTaskIncrementTick+0x1d8>
1000819a:	2c01      	cmp	r4, #1
1000819c:	d017      	beq.n	100081ce <xTaskIncrementTick+0xb2>
1000819e:	23d0      	movs	r3, #208	@ 0xd0
100081a0:	061b      	lsls	r3, r3, #24
100081a2:	681b      	ldr	r3, [r3, #0]
100081a4:	2400      	movs	r4, #0
100081a6:	2b01      	cmp	r3, #1
100081a8:	d100      	bne.n	100081ac <xTaskIncrementTick+0x90>
100081aa:	e0b6      	b.n	1000831a <xTaskIncrementTick+0x1fe>
100081ac:	686b      	ldr	r3, [r5, #4]
100081ae:	6b9b      	ldr	r3, [r3, #56]	@ 0x38
100081b0:	3302      	adds	r3, #2
100081b2:	d00c      	beq.n	100081ce <xTaskIncrementTick+0xb2>
100081b4:	2001      	movs	r0, #1
100081b6:	f001 fefd 	bl	10009fb4 <vYieldCore>
100081ba:	2202      	movs	r2, #2
100081bc:	686b      	ldr	r3, [r5, #4]
100081be:	4252      	negs	r2, r2
100081c0:	639a      	str	r2, [r3, #56]	@ 0x38
100081c2:	e004      	b.n	100081ce <xTaskIncrementTick+0xb2>
100081c4:	4a65      	ldr	r2, [pc, #404]	@ (1000835c <xTaskIncrementTick+0x240>)
100081c6:	6813      	ldr	r3, [r2, #0]
100081c8:	3301      	adds	r3, #1
100081ca:	6013      	str	r3, [r2, #0]
100081cc:	2400      	movs	r4, #0
100081ce:	0020      	movs	r0, r4
100081d0:	bcf0      	pop	{r4, r5, r6, r7}
100081d2:	46bb      	mov	fp, r7
100081d4:	46b2      	mov	sl, r6
100081d6:	46a9      	mov	r9, r5
100081d8:	46a0      	mov	r8, r4
100081da:	bdf8      	pop	{r3, r4, r5, r6, r7, pc}
100081dc:	4b60      	ldr	r3, [pc, #384]	@ (10008360 <xTaskIncrementTick+0x244>)
100081de:	681a      	ldr	r2, [r3, #0]
100081e0:	6812      	ldr	r2, [r2, #0]
100081e2:	2a00      	cmp	r2, #0
100081e4:	d165      	bne.n	100082b2 <xTaskIncrementTick+0x196>
100081e6:	4a5f      	ldr	r2, [pc, #380]	@ (10008364 <xTaskIncrementTick+0x248>)
100081e8:	6819      	ldr	r1, [r3, #0]
100081ea:	6810      	ldr	r0, [r2, #0]
100081ec:	6018      	str	r0, [r3, #0]
100081ee:	6011      	str	r1, [r2, #0]
100081f0:	495d      	ldr	r1, [pc, #372]	@ (10008368 <xTaskIncrementTick+0x24c>)
100081f2:	680a      	ldr	r2, [r1, #0]
100081f4:	3201      	adds	r2, #1
100081f6:	600a      	str	r2, [r1, #0]
100081f8:	681a      	ldr	r2, [r3, #0]
100081fa:	6812      	ldr	r2, [r2, #0]
100081fc:	2a00      	cmp	r2, #0
100081fe:	d000      	beq.n	10008202 <xTaskIncrementTick+0xe6>
10008200:	e08e      	b.n	10008320 <xTaskIncrementTick+0x204>
10008202:	4b53      	ldr	r3, [pc, #332]	@ (10008350 <xTaskIncrementTick+0x234>)
10008204:	4699      	mov	r9, r3
10008206:	2301      	movs	r3, #1
10008208:	464a      	mov	r2, r9
1000820a:	425b      	negs	r3, r3
1000820c:	6013      	str	r3, [r2, #0]
1000820e:	e797      	b.n	10008140 <xTaskIncrementTick+0x24>
10008210:	4e53      	ldr	r6, [pc, #332]	@ (10008360 <xTaskIncrementTick+0x244>)
10008212:	4c50      	ldr	r4, [pc, #320]	@ (10008354 <xTaskIncrementTick+0x238>)
10008214:	6833      	ldr	r3, [r6, #0]
10008216:	681b      	ldr	r3, [r3, #0]
10008218:	2b00      	cmp	r3, #0
1000821a:	d071      	beq.n	10008300 <xTaskIncrementTick+0x1e4>
1000821c:	2300      	movs	r3, #0
1000821e:	469b      	mov	fp, r3
10008220:	4b52      	ldr	r3, [pc, #328]	@ (1000836c <xTaskIncrementTick+0x250>)
10008222:	4698      	mov	r8, r3
10008224:	e033      	b.n	1000828e <xTaskIncrementTick+0x172>
10008226:	465a      	mov	r2, fp
10008228:	6182      	str	r2, [r0, #24]
1000822a:	681a      	ldr	r2, [r3, #0]
1000822c:	3a01      	subs	r2, #1
1000822e:	601a      	str	r2, [r3, #0]
10008230:	6ac3      	ldr	r3, [r0, #44]	@ 0x2c
10008232:	2b00      	cmp	r3, #0
10008234:	d00e      	beq.n	10008254 <xTaskIncrementTick+0x138>
10008236:	6a02      	ldr	r2, [r0, #32]
10008238:	6a47      	ldr	r7, [r0, #36]	@ 0x24
1000823a:	6097      	str	r7, [r2, #8]
1000823c:	607a      	str	r2, [r7, #4]
1000823e:	685a      	ldr	r2, [r3, #4]
10008240:	4692      	mov	sl, r2
10008242:	0002      	movs	r2, r0
10008244:	321c      	adds	r2, #28
10008246:	4592      	cmp	sl, r2
10008248:	d035      	beq.n	100082b6 <xTaskIncrementTick+0x19a>
1000824a:	465a      	mov	r2, fp
1000824c:	62c2      	str	r2, [r0, #44]	@ 0x2c
1000824e:	681a      	ldr	r2, [r3, #0]
10008250:	3a01      	subs	r2, #1
10008252:	601a      	str	r2, [r3, #0]
10008254:	4643      	mov	r3, r8
10008256:	6b02      	ldr	r2, [r0, #48]	@ 0x30
10008258:	681b      	ldr	r3, [r3, #0]
1000825a:	429a      	cmp	r2, r3
1000825c:	d901      	bls.n	10008262 <xTaskIncrementTick+0x146>
1000825e:	4643      	mov	r3, r8
10008260:	601a      	str	r2, [r3, #0]
10008262:	0093      	lsls	r3, r2, #2
10008264:	189b      	adds	r3, r3, r2
10008266:	009b      	lsls	r3, r3, #2
10008268:	18e2      	adds	r2, r4, r3
1000826a:	4694      	mov	ip, r2
1000826c:	6852      	ldr	r2, [r2, #4]
1000826e:	6897      	ldr	r7, [r2, #8]
10008270:	60c2      	str	r2, [r0, #12]
10008272:	6107      	str	r7, [r0, #16]
10008274:	6079      	str	r1, [r7, #4]
10008276:	6091      	str	r1, [r2, #8]
10008278:	4662      	mov	r2, ip
1000827a:	6182      	str	r2, [r0, #24]
1000827c:	58e2      	ldr	r2, [r4, r3]
1000827e:	3201      	adds	r2, #1
10008280:	50e2      	str	r2, [r4, r3]
10008282:	f7ff fafd 	bl	10007880 <prvYieldForTask>
10008286:	6833      	ldr	r3, [r6, #0]
10008288:	681b      	ldr	r3, [r3, #0]
1000828a:	2b00      	cmp	r3, #0
1000828c:	d038      	beq.n	10008300 <xTaskIncrementTick+0x1e4>
1000828e:	6833      	ldr	r3, [r6, #0]
10008290:	68db      	ldr	r3, [r3, #12]
10008292:	68d8      	ldr	r0, [r3, #12]
10008294:	6883      	ldr	r3, [r0, #8]
10008296:	429d      	cmp	r5, r3
10008298:	d33c      	bcc.n	10008314 <xTaskIncrementTick+0x1f8>
1000829a:	68c1      	ldr	r1, [r0, #12]
1000829c:	6902      	ldr	r2, [r0, #16]
1000829e:	6983      	ldr	r3, [r0, #24]
100082a0:	608a      	str	r2, [r1, #8]
100082a2:	6051      	str	r1, [r2, #4]
100082a4:	0001      	movs	r1, r0
100082a6:	685f      	ldr	r7, [r3, #4]
100082a8:	3108      	adds	r1, #8
100082aa:	428f      	cmp	r7, r1
100082ac:	d1bb      	bne.n	10008226 <xTaskIncrementTick+0x10a>
100082ae:	605a      	str	r2, [r3, #4]
100082b0:	e7b9      	b.n	10008226 <xTaskIncrementTick+0x10a>
100082b2:	b672      	cpsid	i
100082b4:	e7fe      	b.n	100082b4 <xTaskIncrementTick+0x198>
100082b6:	605f      	str	r7, [r3, #4]
100082b8:	e7c7      	b.n	1000824a <xTaskIncrementTick+0x12e>
100082ba:	686b      	ldr	r3, [r5, #4]
100082bc:	6b1a      	ldr	r2, [r3, #48]	@ 0x30
100082be:	0093      	lsls	r3, r2, #2
100082c0:	189b      	adds	r3, r3, r2
100082c2:	009b      	lsls	r3, r3, #2
100082c4:	58e3      	ldr	r3, [r4, r3]
100082c6:	2b01      	cmp	r3, #1
100082c8:	d931      	bls.n	1000832e <xTaskIncrementTick+0x212>
100082ca:	23d0      	movs	r3, #208	@ 0xd0
100082cc:	061b      	lsls	r3, r3, #24
100082ce:	681c      	ldr	r4, [r3, #0]
100082d0:	4b27      	ldr	r3, [pc, #156]	@ (10008370 <xTaskIncrementTick+0x254>)
100082d2:	681b      	ldr	r3, [r3, #0]
100082d4:	2b00      	cmp	r3, #0
100082d6:	d100      	bne.n	100082da <xTaskIncrementTick+0x1be>
100082d8:	e75f      	b.n	1000819a <xTaskIncrementTick+0x7e>
100082da:	2601      	movs	r6, #1
100082dc:	2c00      	cmp	r4, #0
100082de:	d000      	beq.n	100082e2 <xTaskIncrementTick+0x1c6>
100082e0:	e74d      	b.n	1000817e <xTaskIncrementTick+0x62>
100082e2:	2e00      	cmp	r6, #0
100082e4:	d12e      	bne.n	10008344 <xTaskIncrementTick+0x228>
100082e6:	4b22      	ldr	r3, [pc, #136]	@ (10008370 <xTaskIncrementTick+0x254>)
100082e8:	2401      	movs	r4, #1
100082ea:	685b      	ldr	r3, [r3, #4]
100082ec:	2b00      	cmp	r3, #0
100082ee:	d000      	beq.n	100082f2 <xTaskIncrementTick+0x1d6>
100082f0:	e75c      	b.n	100081ac <xTaskIncrementTick+0x90>
100082f2:	e76c      	b.n	100081ce <xTaskIncrementTick+0xb2>
100082f4:	4b1e      	ldr	r3, [pc, #120]	@ (10008370 <xTaskIncrementTick+0x254>)
100082f6:	685b      	ldr	r3, [r3, #4]
100082f8:	2b00      	cmp	r3, #0
100082fa:	d100      	bne.n	100082fe <xTaskIncrementTick+0x1e2>
100082fc:	e766      	b.n	100081cc <xTaskIncrementTick+0xb0>
100082fe:	e74c      	b.n	1000819a <xTaskIncrementTick+0x7e>
10008300:	2301      	movs	r3, #1
10008302:	464a      	mov	r2, r9
10008304:	425b      	negs	r3, r3
10008306:	6013      	str	r3, [r2, #0]
10008308:	e71f      	b.n	1000814a <xTaskIncrementTick+0x2e>
1000830a:	23d0      	movs	r3, #208	@ 0xd0
1000830c:	061b      	lsls	r3, r3, #24
1000830e:	2600      	movs	r6, #0
10008310:	681c      	ldr	r4, [r3, #0]
10008312:	e7e3      	b.n	100082dc <xTaskIncrementTick+0x1c0>
10008314:	464a      	mov	r2, r9
10008316:	6013      	str	r3, [r2, #0]
10008318:	e717      	b.n	1000814a <xTaskIncrementTick+0x2e>
1000831a:	4a15      	ldr	r2, [pc, #84]	@ (10008370 <xTaskIncrementTick+0x254>)
1000831c:	6053      	str	r3, [r2, #4]
1000831e:	e755      	b.n	100081cc <xTaskIncrementTick+0xb0>
10008320:	681b      	ldr	r3, [r3, #0]
10008322:	4a0b      	ldr	r2, [pc, #44]	@ (10008350 <xTaskIncrementTick+0x234>)
10008324:	68db      	ldr	r3, [r3, #12]
10008326:	4691      	mov	r9, r2
10008328:	681b      	ldr	r3, [r3, #0]
1000832a:	6013      	str	r3, [r2, #0]
1000832c:	e708      	b.n	10008140 <xTaskIncrementTick+0x24>
1000832e:	23d0      	movs	r3, #208	@ 0xd0
10008330:	061b      	lsls	r3, r3, #24
10008332:	681c      	ldr	r4, [r3, #0]
10008334:	4b0e      	ldr	r3, [pc, #56]	@ (10008370 <xTaskIncrementTick+0x254>)
10008336:	681a      	ldr	r2, [r3, #0]
10008338:	2a00      	cmp	r2, #0
1000833a:	d0dc      	beq.n	100082f6 <xTaskIncrementTick+0x1da>
1000833c:	2600      	movs	r6, #0
1000833e:	e7cd      	b.n	100082dc <xTaskIncrementTick+0x1c0>
10008340:	2401      	movs	r4, #1
10008342:	e733      	b.n	100081ac <xTaskIncrementTick+0x90>
10008344:	0034      	movs	r4, r6
10008346:	e731      	b.n	100081ac <xTaskIncrementTick+0x90>
10008348:	20021f94 	.word	0x20021f94
1000834c:	20022064 	.word	0x20022064
10008350:	20022008 	.word	0x20022008
10008354:	20001cc0 	.word	0x20001cc0
10008358:	20001ca4 	.word	0x20001ca4
1000835c:	20022018 	.word	0x20022018
10008360:	20001cb0 	.word	0x20001cb0
10008364:	20001cb8 	.word	0x20001cb8
10008368:	2002200c 	.word	0x2002200c
1000836c:	20021f9c 	.word	0x20021f9c
10008370:	20022070 	.word	0x20022070

10008374 <xTaskResumeAll.part.0>:
10008374:	b5f8      	push	{r3, r4, r5, r6, r7, lr}
10008376:	46de      	mov	lr, fp
10008378:	4657      	mov	r7, sl
1000837a:	464e      	mov	r6, r9
1000837c:	4645      	mov	r5, r8
1000837e:	b5e0      	push	{r5, r6, r7, lr}
10008380:	b672      	cpsid	i
10008382:	4d95      	ldr	r5, [pc, #596]	@ (100085d8 <xTaskResumeAll.part.0+0x264>)
10008384:	682b      	ldr	r3, [r5, #0]
10008386:	2b00      	cmp	r3, #0
10008388:	d10a      	bne.n	100083a0 <xTaskResumeAll.part.0+0x2c>
1000838a:	23d0      	movs	r3, #208	@ 0xd0
1000838c:	061b      	lsls	r3, r3, #24
1000838e:	6819      	ldr	r1, [r3, #0]
10008390:	4f92      	ldr	r7, [pc, #584]	@ (100085dc <xTaskResumeAll.part.0+0x268>)
10008392:	4e93      	ldr	r6, [pc, #588]	@ (100085e0 <xTaskResumeAll.part.0+0x26c>)
10008394:	4c93      	ldr	r4, [pc, #588]	@ (100085e4 <xTaskResumeAll.part.0+0x270>)
10008396:	6823      	ldr	r3, [r4, #0]
10008398:	2b00      	cmp	r3, #0
1000839a:	d11e      	bne.n	100083da <xTaskResumeAll.part.0+0x66>
1000839c:	b672      	cpsid	i
1000839e:	e7fe      	b.n	1000839e <xTaskResumeAll.part.0+0x2a>
100083a0:	23d0      	movs	r3, #208	@ 0xd0
100083a2:	061b      	lsls	r3, r3, #24
100083a4:	6818      	ldr	r0, [r3, #0]
100083a6:	4a90      	ldr	r2, [pc, #576]	@ (100085e8 <xTaskResumeAll.part.0+0x274>)
100083a8:	0081      	lsls	r1, r0, #2
100083aa:	5853      	ldr	r3, [r2, r1]
100083ac:	2b00      	cmp	r3, #0
100083ae:	d024      	beq.n	100083fa <xTaskResumeAll.part.0+0x86>
100083b0:	4f8a      	ldr	r7, [pc, #552]	@ (100085dc <xTaskResumeAll.part.0+0x268>)
100083b2:	4e8b      	ldr	r6, [pc, #556]	@ (100085e0 <xTaskResumeAll.part.0+0x26c>)
100083b4:	3301      	adds	r3, #1
100083b6:	5053      	str	r3, [r2, r1]
100083b8:	23d0      	movs	r3, #208	@ 0xd0
100083ba:	061b      	lsls	r3, r3, #24
100083bc:	6819      	ldr	r1, [r3, #0]
100083be:	4698      	mov	r8, r3
100083c0:	008c      	lsls	r4, r1, #2
100083c2:	5913      	ldr	r3, [r2, r4]
100083c4:	4c87      	ldr	r4, [pc, #540]	@ (100085e4 <xTaskResumeAll.part.0+0x270>)
100083c6:	2b01      	cmp	r3, #1
100083c8:	d1e5      	bne.n	10008396 <xTaskResumeAll.part.0+0x22>
100083ca:	6823      	ldr	r3, [r4, #0]
100083cc:	2b00      	cmp	r3, #0
100083ce:	d1e2      	bne.n	10008396 <xTaskResumeAll.part.0+0x22>
100083d0:	f7ff fbba 	bl	10007b48 <prvCheckForRunStateChange>
100083d4:	4643      	mov	r3, r8
100083d6:	6819      	ldr	r1, [r3, #0]
100083d8:	e7dd      	b.n	10008396 <xTaskResumeAll.part.0+0x22>
100083da:	6823      	ldr	r3, [r4, #0]
100083dc:	2202      	movs	r2, #2
100083de:	3b01      	subs	r3, #1
100083e0:	6023      	str	r3, [r4, #0]
100083e2:	23d0      	movs	r3, #208	@ 0xd0
100083e4:	061b      	lsls	r3, r3, #24
100083e6:	6818      	ldr	r0, [r3, #0]
100083e8:	4694      	mov	ip, r2
100083ea:	5c3b      	ldrb	r3, [r7, r0]
100083ec:	421a      	tst	r2, r3
100083ee:	d012      	beq.n	10008416 <xTaskResumeAll.part.0+0xa2>
100083f0:	7872      	ldrb	r2, [r6, #1]
100083f2:	2a00      	cmp	r2, #0
100083f4:	d127      	bne.n	10008446 <xTaskResumeAll.part.0+0xd2>
100083f6:	b672      	cpsid	i
100083f8:	e7fe      	b.n	100083f8 <xTaskResumeAll.part.0+0x84>
100083fa:	4b7c      	ldr	r3, [pc, #496]	@ (100085ec <xTaskResumeAll.part.0+0x278>)
100083fc:	4f77      	ldr	r7, [pc, #476]	@ (100085dc <xTaskResumeAll.part.0+0x268>)
100083fe:	6819      	ldr	r1, [r3, #0]
10008400:	2900      	cmp	r1, #0
10008402:	d100      	bne.n	10008406 <xTaskResumeAll.part.0+0x92>
10008404:	e0be      	b.n	10008584 <xTaskResumeAll.part.0+0x210>
10008406:	f3bf 8f5f 	dmb	sy
1000840a:	4e75      	ldr	r6, [pc, #468]	@ (100085e0 <xTaskResumeAll.part.0+0x26c>)
1000840c:	7873      	ldrb	r3, [r6, #1]
1000840e:	2b00      	cmp	r3, #0
10008410:	d003      	beq.n	1000841a <xTaskResumeAll.part.0+0xa6>
10008412:	b672      	cpsid	i
10008414:	e7fe      	b.n	10008414 <xTaskResumeAll.part.0+0xa0>
10008416:	b672      	cpsid	i
10008418:	e7fe      	b.n	10008418 <xTaskResumeAll.part.0+0xa4>
1000841a:	2301      	movs	r3, #1
1000841c:	2102      	movs	r1, #2
1000841e:	7073      	strb	r3, [r6, #1]
10008420:	5c3b      	ldrb	r3, [r7, r0]
10008422:	430b      	orrs	r3, r1
10008424:	543b      	strb	r3, [r7, r0]
10008426:	23d0      	movs	r3, #208	@ 0xd0
10008428:	061b      	lsls	r3, r3, #24
1000842a:	6818      	ldr	r0, [r3, #0]
1000842c:	4b70      	ldr	r3, [pc, #448]	@ (100085f0 <xTaskResumeAll.part.0+0x27c>)
1000842e:	6819      	ldr	r1, [r3, #0]
10008430:	2900      	cmp	r1, #0
10008432:	d100      	bne.n	10008436 <xTaskResumeAll.part.0+0xc2>
10008434:	e0b7      	b.n	100085a6 <xTaskResumeAll.part.0+0x232>
10008436:	f3bf 8f5f 	dmb	sy
1000843a:	7833      	ldrb	r3, [r6, #0]
1000843c:	2b00      	cmp	r3, #0
1000843e:	d100      	bne.n	10008442 <xTaskResumeAll.part.0+0xce>
10008440:	e091      	b.n	10008566 <xTaskResumeAll.part.0+0x1f2>
10008442:	b672      	cpsid	i
10008444:	e7fe      	b.n	10008444 <xTaskResumeAll.part.0+0xd0>
10008446:	3a01      	subs	r2, #1
10008448:	b2d2      	uxtb	r2, r2
1000844a:	7072      	strb	r2, [r6, #1]
1000844c:	2a00      	cmp	r2, #0
1000844e:	d107      	bne.n	10008460 <xTaskResumeAll.part.0+0xec>
10008450:	4662      	mov	r2, ip
10008452:	4393      	bics	r3, r2
10008454:	543b      	strb	r3, [r7, r0]
10008456:	f3bf 8f5f 	dmb	sy
1000845a:	2201      	movs	r2, #1
1000845c:	4b63      	ldr	r3, [pc, #396]	@ (100085ec <xTaskResumeAll.part.0+0x278>)
1000845e:	601a      	str	r2, [r3, #0]
10008460:	6823      	ldr	r3, [r4, #0]
10008462:	2400      	movs	r4, #0
10008464:	2b00      	cmp	r3, #0
10008466:	d172      	bne.n	1000854e <xTaskResumeAll.part.0+0x1da>
10008468:	4b62      	ldr	r3, [pc, #392]	@ (100085f4 <xTaskResumeAll.part.0+0x280>)
1000846a:	681b      	ldr	r3, [r3, #0]
1000846c:	2b00      	cmp	r3, #0
1000846e:	d06e      	beq.n	1000854e <xTaskResumeAll.part.0+0x1da>
10008470:	4e61      	ldr	r6, [pc, #388]	@ (100085f8 <xTaskResumeAll.part.0+0x284>)
10008472:	6833      	ldr	r3, [r6, #0]
10008474:	2b00      	cmp	r3, #0
10008476:	d053      	beq.n	10008520 <xTaskResumeAll.part.0+0x1ac>
10008478:	4b60      	ldr	r3, [pc, #384]	@ (100085fc <xTaskResumeAll.part.0+0x288>)
1000847a:	4c61      	ldr	r4, [pc, #388]	@ (10008600 <xTaskResumeAll.part.0+0x28c>)
1000847c:	469b      	mov	fp, r3
1000847e:	2300      	movs	r3, #0
10008480:	469c      	mov	ip, r3
10008482:	e034      	b.n	100084ee <xTaskResumeAll.part.0+0x17a>
10008484:	4660      	mov	r0, ip
10008486:	62d8      	str	r0, [r3, #44]	@ 0x2c
10008488:	6810      	ldr	r0, [r2, #0]
1000848a:	3801      	subs	r0, #1
1000848c:	6010      	str	r0, [r2, #0]
1000848e:	691f      	ldr	r7, [r3, #16]
10008490:	68d8      	ldr	r0, [r3, #12]
10008492:	699a      	ldr	r2, [r3, #24]
10008494:	6087      	str	r7, [r0, #8]
10008496:	6078      	str	r0, [r7, #4]
10008498:	0018      	movs	r0, r3
1000849a:	46b8      	mov	r8, r7
1000849c:	6857      	ldr	r7, [r2, #4]
1000849e:	3008      	adds	r0, #8
100084a0:	4287      	cmp	r7, r0
100084a2:	d06c      	beq.n	1000857e <xTaskResumeAll.part.0+0x20a>
100084a4:	6817      	ldr	r7, [r2, #0]
100084a6:	46b8      	mov	r8, r7
100084a8:	2701      	movs	r7, #1
100084aa:	427f      	negs	r7, r7
100084ac:	46b9      	mov	r9, r7
100084ae:	44c8      	add	r8, r9
100084b0:	4647      	mov	r7, r8
100084b2:	6017      	str	r7, [r2, #0]
100084b4:	465f      	mov	r7, fp
100084b6:	6b1a      	ldr	r2, [r3, #48]	@ 0x30
100084b8:	683f      	ldr	r7, [r7, #0]
100084ba:	42ba      	cmp	r2, r7
100084bc:	d901      	bls.n	100084c2 <xTaskResumeAll.part.0+0x14e>
100084be:	465f      	mov	r7, fp
100084c0:	603a      	str	r2, [r7, #0]
100084c2:	0097      	lsls	r7, r2, #2
100084c4:	46b8      	mov	r8, r7
100084c6:	4442      	add	r2, r8
100084c8:	0092      	lsls	r2, r2, #2
100084ca:	18a7      	adds	r7, r4, r2
100084cc:	46b9      	mov	r9, r7
100084ce:	687f      	ldr	r7, [r7, #4]
100084d0:	46b8      	mov	r8, r7
100084d2:	60df      	str	r7, [r3, #12]
100084d4:	68bf      	ldr	r7, [r7, #8]
100084d6:	611f      	str	r7, [r3, #16]
100084d8:	6078      	str	r0, [r7, #4]
100084da:	4647      	mov	r7, r8
100084dc:	60b8      	str	r0, [r7, #8]
100084de:	4648      	mov	r0, r9
100084e0:	6198      	str	r0, [r3, #24]
100084e2:	58a3      	ldr	r3, [r4, r2]
100084e4:	3301      	adds	r3, #1
100084e6:	50a3      	str	r3, [r4, r2]
100084e8:	6833      	ldr	r3, [r6, #0]
100084ea:	2b00      	cmp	r3, #0
100084ec:	d010      	beq.n	10008510 <xTaskResumeAll.part.0+0x19c>
100084ee:	68f3      	ldr	r3, [r6, #12]
100084f0:	68db      	ldr	r3, [r3, #12]
100084f2:	6a18      	ldr	r0, [r3, #32]
100084f4:	6ada      	ldr	r2, [r3, #44]	@ 0x2c
100084f6:	4680      	mov	r8, r0
100084f8:	4647      	mov	r7, r8
100084fa:	6a58      	ldr	r0, [r3, #36]	@ 0x24
100084fc:	60b8      	str	r0, [r7, #8]
100084fe:	6047      	str	r7, [r0, #4]
10008500:	271c      	movs	r7, #28
10008502:	46b8      	mov	r8, r7
10008504:	6857      	ldr	r7, [r2, #4]
10008506:	4498      	add	r8, r3
10008508:	4547      	cmp	r7, r8
1000850a:	d1bb      	bne.n	10008484 <xTaskResumeAll.part.0+0x110>
1000850c:	6050      	str	r0, [r2, #4]
1000850e:	e7b9      	b.n	10008484 <xTaskResumeAll.part.0+0x110>
10008510:	4b3c      	ldr	r3, [pc, #240]	@ (10008604 <xTaskResumeAll.part.0+0x290>)
10008512:	681a      	ldr	r2, [r3, #0]
10008514:	6812      	ldr	r2, [r2, #0]
10008516:	2a00      	cmp	r2, #0
10008518:	d152      	bne.n	100085c0 <xTaskResumeAll.part.0+0x24c>
1000851a:	4b3b      	ldr	r3, [pc, #236]	@ (10008608 <xTaskResumeAll.part.0+0x294>)
1000851c:	3a01      	subs	r2, #1
1000851e:	601a      	str	r2, [r3, #0]
10008520:	4b3a      	ldr	r3, [pc, #232]	@ (1000860c <xTaskResumeAll.part.0+0x298>)
10008522:	4f3b      	ldr	r7, [pc, #236]	@ (10008610 <xTaskResumeAll.part.0+0x29c>)
10008524:	681e      	ldr	r6, [r3, #0]
10008526:	4698      	mov	r8, r3
10008528:	008c      	lsls	r4, r1, #2
1000852a:	2e00      	cmp	r6, #0
1000852c:	d00c      	beq.n	10008548 <xTaskResumeAll.part.0+0x1d4>
1000852e:	2301      	movs	r3, #1
10008530:	4699      	mov	r9, r3
10008532:	f7ff fdf3 	bl	1000811c <xTaskIncrementTick>
10008536:	2800      	cmp	r0, #0
10008538:	d001      	beq.n	1000853e <xTaskResumeAll.part.0+0x1ca>
1000853a:	464b      	mov	r3, r9
1000853c:	513b      	str	r3, [r7, r4]
1000853e:	3e01      	subs	r6, #1
10008540:	2e00      	cmp	r6, #0
10008542:	d1f6      	bne.n	10008532 <xTaskResumeAll.part.0+0x1be>
10008544:	4643      	mov	r3, r8
10008546:	601e      	str	r6, [r3, #0]
10008548:	593c      	ldr	r4, [r7, r4]
1000854a:	1e63      	subs	r3, r4, #1
1000854c:	419c      	sbcs	r4, r3
1000854e:	682b      	ldr	r3, [r5, #0]
10008550:	2b00      	cmp	r3, #0
10008552:	d001      	beq.n	10008558 <xTaskResumeAll.part.0+0x1e4>
10008554:	f7ff fa9e 	bl	10007a94 <vTaskExitCritical.part.0>
10008558:	0020      	movs	r0, r4
1000855a:	bcf0      	pop	{r4, r5, r6, r7}
1000855c:	46bb      	mov	fp, r7
1000855e:	46b2      	mov	sl, r6
10008560:	46a9      	mov	r9, r5
10008562:	46a0      	mov	r8, r4
10008564:	bdf8      	pop	{r3, r4, r5, r6, r7, pc}
10008566:	2301      	movs	r3, #1
10008568:	2101      	movs	r1, #1
1000856a:	7033      	strb	r3, [r6, #0]
1000856c:	5c3b      	ldrb	r3, [r7, r0]
1000856e:	430b      	orrs	r3, r1
10008570:	543b      	strb	r3, [r7, r0]
10008572:	23d0      	movs	r3, #208	@ 0xd0
10008574:	061b      	lsls	r3, r3, #24
10008576:	6818      	ldr	r0, [r3, #0]
10008578:	0081      	lsls	r1, r0, #2
1000857a:	5853      	ldr	r3, [r2, r1]
1000857c:	e71a      	b.n	100083b4 <xTaskResumeAll.part.0+0x40>
1000857e:	4647      	mov	r7, r8
10008580:	6057      	str	r7, [r2, #4]
10008582:	e78f      	b.n	100084a4 <xTaskResumeAll.part.0+0x130>
10008584:	5c39      	ldrb	r1, [r7, r0]
10008586:	0789      	lsls	r1, r1, #30
10008588:	d505      	bpl.n	10008596 <xTaskResumeAll.part.0+0x222>
1000858a:	4e15      	ldr	r6, [pc, #84]	@ (100085e0 <xTaskResumeAll.part.0+0x26c>)
1000858c:	7873      	ldrb	r3, [r6, #1]
1000858e:	2bff      	cmp	r3, #255	@ 0xff
10008590:	d106      	bne.n	100085a0 <xTaskResumeAll.part.0+0x22c>
10008592:	b672      	cpsid	i
10008594:	e7fe      	b.n	10008594 <xTaskResumeAll.part.0+0x220>
10008596:	6819      	ldr	r1, [r3, #0]
10008598:	2900      	cmp	r1, #0
1000859a:	d000      	beq.n	1000859e <xTaskResumeAll.part.0+0x22a>
1000859c:	e733      	b.n	10008406 <xTaskResumeAll.part.0+0x92>
1000859e:	e7fa      	b.n	10008596 <xTaskResumeAll.part.0+0x222>
100085a0:	3301      	adds	r3, #1
100085a2:	7073      	strb	r3, [r6, #1]
100085a4:	e73f      	b.n	10008426 <xTaskResumeAll.part.0+0xb2>
100085a6:	5c39      	ldrb	r1, [r7, r0]
100085a8:	07c9      	lsls	r1, r1, #31
100085aa:	d504      	bpl.n	100085b6 <xTaskResumeAll.part.0+0x242>
100085ac:	7833      	ldrb	r3, [r6, #0]
100085ae:	2bff      	cmp	r3, #255	@ 0xff
100085b0:	d10c      	bne.n	100085cc <xTaskResumeAll.part.0+0x258>
100085b2:	b672      	cpsid	i
100085b4:	e7fe      	b.n	100085b4 <xTaskResumeAll.part.0+0x240>
100085b6:	6819      	ldr	r1, [r3, #0]
100085b8:	2900      	cmp	r1, #0
100085ba:	d000      	beq.n	100085be <xTaskResumeAll.part.0+0x24a>
100085bc:	e73b      	b.n	10008436 <xTaskResumeAll.part.0+0xc2>
100085be:	e7fa      	b.n	100085b6 <xTaskResumeAll.part.0+0x242>
100085c0:	681b      	ldr	r3, [r3, #0]
100085c2:	68db      	ldr	r3, [r3, #12]
100085c4:	681a      	ldr	r2, [r3, #0]
100085c6:	4b10      	ldr	r3, [pc, #64]	@ (10008608 <xTaskResumeAll.part.0+0x294>)
100085c8:	601a      	str	r2, [r3, #0]
100085ca:	e7a9      	b.n	10008520 <xTaskResumeAll.part.0+0x1ac>
100085cc:	3301      	adds	r3, #1
100085ce:	7033      	strb	r3, [r6, #0]
100085d0:	0081      	lsls	r1, r0, #2
100085d2:	5853      	ldr	r3, [r2, r1]
100085d4:	e6ee      	b.n	100083b4 <xTaskResumeAll.part.0+0x40>
100085d6:	46c0      	nop			@ (mov r8, r8)
100085d8:	20022030 	.word	0x20022030
100085dc:	20021f60 	.word	0x20021f60
100085e0:	20021f64 	.word	0x20021f64
100085e4:	20021f94 	.word	0x20021f94
100085e8:	20021f84 	.word	0x20021f84
100085ec:	d0000134 	.word	0xd0000134
100085f0:	d0000130 	.word	0xd0000130
100085f4:	20021f8c 	.word	0x20021f8c
100085f8:	2002201c 	.word	0x2002201c
100085fc:	20021f9c 	.word	0x20021f9c
10008600:	20001cc0 	.word	0x20001cc0
10008604:	20001cb0 	.word	0x20001cb0
10008608:	20022008 	.word	0x20022008
1000860c:	20022018 	.word	0x20022018
10008610:	20022070 	.word	0x20022070

10008614 <xTaskResumeAll>:
10008614:	4b04      	ldr	r3, [pc, #16]	@ (10008628 <xTaskResumeAll+0x14>)
10008616:	b510      	push	{r4, lr}
10008618:	6818      	ldr	r0, [r3, #0]
1000861a:	2800      	cmp	r0, #0
1000861c:	d100      	bne.n	10008620 <xTaskResumeAll+0xc>
1000861e:	bd10      	pop	{r4, pc}
10008620:	f7ff fea8 	bl	10008374 <xTaskResumeAll.part.0>
10008624:	e7fb      	b.n	1000861e <xTaskResumeAll+0xa>
10008626:	46c0      	nop			@ (mov r8, r8)
10008628:	20022030 	.word	0x20022030

1000862c <xTaskDelayUntil>:
1000862c:	b570      	push	{r4, r5, r6, lr}
1000862e:	0005      	movs	r5, r0
10008630:	000c      	movs	r4, r1
10008632:	2800      	cmp	r0, #0
10008634:	d00f      	beq.n	10008656 <xTaskDelayUntil+0x2a>
10008636:	2900      	cmp	r1, #0
10008638:	d101      	bne.n	1000863e <xTaskDelayUntil+0x12>
1000863a:	b672      	cpsid	i
1000863c:	e7fe      	b.n	1000863c <xTaskDelayUntil+0x10>
1000863e:	4e21      	ldr	r6, [pc, #132]	@ (100086c4 <xTaskDelayUntil+0x98>)
10008640:	6833      	ldr	r3, [r6, #0]
10008642:	2b00      	cmp	r3, #0
10008644:	d109      	bne.n	1000865a <xTaskDelayUntil+0x2e>
10008646:	4b20      	ldr	r3, [pc, #128]	@ (100086c8 <xTaskDelayUntil+0x9c>)
10008648:	6818      	ldr	r0, [r3, #0]
1000864a:	4b20      	ldr	r3, [pc, #128]	@ (100086cc <xTaskDelayUntil+0xa0>)
1000864c:	681b      	ldr	r3, [r3, #0]
1000864e:	2b01      	cmp	r3, #1
10008650:	d00b      	beq.n	1000866a <xTaskDelayUntil+0x3e>
10008652:	b672      	cpsid	i
10008654:	e7fe      	b.n	10008654 <xTaskDelayUntil+0x28>
10008656:	b672      	cpsid	i
10008658:	e7fe      	b.n	10008658 <xTaskDelayUntil+0x2c>
1000865a:	f7ff fb57 	bl	10007d0c <vTaskSuspendAll.part.0>
1000865e:	4b1a      	ldr	r3, [pc, #104]	@ (100086c8 <xTaskDelayUntil+0x9c>)
10008660:	6818      	ldr	r0, [r3, #0]
10008662:	4b1a      	ldr	r3, [pc, #104]	@ (100086cc <xTaskDelayUntil+0xa0>)
10008664:	681b      	ldr	r3, [r3, #0]
10008666:	2b01      	cmp	r3, #1
10008668:	d1f3      	bne.n	10008652 <xTaskDelayUntil+0x26>
1000866a:	682b      	ldr	r3, [r5, #0]
1000866c:	191c      	adds	r4, r3, r4
1000866e:	4283      	cmp	r3, r0
10008670:	d919      	bls.n	100086a6 <xTaskDelayUntil+0x7a>
10008672:	42a3      	cmp	r3, r4
10008674:	d91a      	bls.n	100086ac <xTaskDelayUntil+0x80>
10008676:	42a0      	cmp	r0, r4
10008678:	d218      	bcs.n	100086ac <xTaskDelayUntil+0x80>
1000867a:	602c      	str	r4, [r5, #0]
1000867c:	1a20      	subs	r0, r4, r0
1000867e:	2100      	movs	r1, #0
10008680:	f7ff f966 	bl	10007950 <prvAddCurrentTaskToDelayedList>
10008684:	2401      	movs	r4, #1
10008686:	6833      	ldr	r3, [r6, #0]
10008688:	2b00      	cmp	r3, #0
1000868a:	d112      	bne.n	100086b2 <xTaskDelayUntil+0x86>
1000868c:	23d0      	movs	r3, #208	@ 0xd0
1000868e:	061b      	lsls	r3, r3, #24
10008690:	681b      	ldr	r3, [r3, #0]
10008692:	4a0f      	ldr	r2, [pc, #60]	@ (100086d0 <xTaskDelayUntil+0xa4>)
10008694:	009b      	lsls	r3, r3, #2
10008696:	589a      	ldr	r2, [r3, r2]
10008698:	2a00      	cmp	r2, #0
1000869a:	d00f      	beq.n	100086bc <xTaskDelayUntil+0x90>
1000869c:	2101      	movs	r1, #1
1000869e:	4a0d      	ldr	r2, [pc, #52]	@ (100086d4 <xTaskDelayUntil+0xa8>)
100086a0:	5099      	str	r1, [r3, r2]
100086a2:	0020      	movs	r0, r4
100086a4:	bd70      	pop	{r4, r5, r6, pc}
100086a6:	42a3      	cmp	r3, r4
100086a8:	d8e7      	bhi.n	1000867a <xTaskDelayUntil+0x4e>
100086aa:	e7e4      	b.n	10008676 <xTaskDelayUntil+0x4a>
100086ac:	602c      	str	r4, [r5, #0]
100086ae:	2400      	movs	r4, #0
100086b0:	e7e9      	b.n	10008686 <xTaskDelayUntil+0x5a>
100086b2:	f7ff fe5f 	bl	10008374 <xTaskResumeAll.part.0>
100086b6:	2800      	cmp	r0, #0
100086b8:	d0e8      	beq.n	1000868c <xTaskDelayUntil+0x60>
100086ba:	e7f2      	b.n	100086a2 <xTaskDelayUntil+0x76>
100086bc:	f001 fc42 	bl	10009f44 <vPortYield>
100086c0:	e7ef      	b.n	100086a2 <xTaskDelayUntil+0x76>
100086c2:	46c0      	nop			@ (mov r8, r8)
100086c4:	20022030 	.word	0x20022030
100086c8:	20022064 	.word	0x20022064
100086cc:	20021f94 	.word	0x20021f94
100086d0:	20021f84 	.word	0x20021f84
100086d4:	20022070 	.word	0x20022070

100086d8 <vTaskDelay>:
100086d8:	b570      	push	{r4, r5, r6, lr}
100086da:	1e04      	subs	r4, r0, #0
100086dc:	d012      	beq.n	10008704 <vTaskDelay+0x2c>
100086de:	4d13      	ldr	r5, [pc, #76]	@ (1000872c <vTaskDelay+0x54>)
100086e0:	682b      	ldr	r3, [r5, #0]
100086e2:	2b00      	cmp	r3, #0
100086e4:	d001      	beq.n	100086ea <vTaskDelay+0x12>
100086e6:	f7ff fb11 	bl	10007d0c <vTaskSuspendAll.part.0>
100086ea:	4b11      	ldr	r3, [pc, #68]	@ (10008730 <vTaskDelay+0x58>)
100086ec:	681b      	ldr	r3, [r3, #0]
100086ee:	2b01      	cmp	r3, #1
100086f0:	d001      	beq.n	100086f6 <vTaskDelay+0x1e>
100086f2:	b672      	cpsid	i
100086f4:	e7fe      	b.n	100086f4 <vTaskDelay+0x1c>
100086f6:	2100      	movs	r1, #0
100086f8:	0020      	movs	r0, r4
100086fa:	f7ff f929 	bl	10007950 <prvAddCurrentTaskToDelayedList>
100086fe:	682b      	ldr	r3, [r5, #0]
10008700:	2b00      	cmp	r3, #0
10008702:	d10e      	bne.n	10008722 <vTaskDelay+0x4a>
10008704:	23d0      	movs	r3, #208	@ 0xd0
10008706:	061b      	lsls	r3, r3, #24
10008708:	681b      	ldr	r3, [r3, #0]
1000870a:	4a0a      	ldr	r2, [pc, #40]	@ (10008734 <vTaskDelay+0x5c>)
1000870c:	009b      	lsls	r3, r3, #2
1000870e:	589a      	ldr	r2, [r3, r2]
10008710:	2a00      	cmp	r2, #0
10008712:	d003      	beq.n	1000871c <vTaskDelay+0x44>
10008714:	2101      	movs	r1, #1
10008716:	4a08      	ldr	r2, [pc, #32]	@ (10008738 <vTaskDelay+0x60>)
10008718:	5099      	str	r1, [r3, r2]
1000871a:	bd70      	pop	{r4, r5, r6, pc}
1000871c:	f001 fc12 	bl	10009f44 <vPortYield>
10008720:	e7fb      	b.n	1000871a <vTaskDelay+0x42>
10008722:	f7ff fe27 	bl	10008374 <xTaskResumeAll.part.0>
10008726:	2800      	cmp	r0, #0
10008728:	d0ec      	beq.n	10008704 <vTaskDelay+0x2c>
1000872a:	e7f6      	b.n	1000871a <vTaskDelay+0x42>
1000872c:	20022030 	.word	0x20022030
10008730:	20021f94 	.word	0x20021f94
10008734:	20021f84 	.word	0x20021f84
10008738:	20022070 	.word	0x20022070

1000873c <vTaskSwitchContext>:
1000873c:	b5f0      	push	{r4, r5, r6, r7, lr}
1000873e:	23d0      	movs	r3, #208	@ 0xd0
10008740:	464e      	mov	r6, r9
10008742:	46de      	mov	lr, fp
10008744:	4657      	mov	r7, sl
10008746:	4645      	mov	r5, r8
10008748:	061b      	lsls	r3, r3, #24
1000874a:	b5e0      	push	{r5, r6, r7, lr}
1000874c:	681a      	ldr	r2, [r3, #0]
1000874e:	4bb9      	ldr	r3, [pc, #740]	@ (10008a34 <vTaskSwitchContext+0x2f8>)
10008750:	0004      	movs	r4, r0
10008752:	6819      	ldr	r1, [r3, #0]
10008754:	4eb8      	ldr	r6, [pc, #736]	@ (10008a38 <vTaskSwitchContext+0x2fc>)
10008756:	b087      	sub	sp, #28
10008758:	2900      	cmp	r1, #0
1000875a:	d03e      	beq.n	100087da <vTaskSwitchContext+0x9e>
1000875c:	f3bf 8f5f 	dmb	sy
10008760:	4db6      	ldr	r5, [pc, #728]	@ (10008a3c <vTaskSwitchContext+0x300>)
10008762:	786b      	ldrb	r3, [r5, #1]
10008764:	2b00      	cmp	r3, #0
10008766:	d113      	bne.n	10008790 <vTaskSwitchContext+0x54>
10008768:	2301      	movs	r3, #1
1000876a:	2102      	movs	r1, #2
1000876c:	706b      	strb	r3, [r5, #1]
1000876e:	5cb3      	ldrb	r3, [r6, r2]
10008770:	430b      	orrs	r3, r1
10008772:	54b3      	strb	r3, [r6, r2]
10008774:	23d0      	movs	r3, #208	@ 0xd0
10008776:	4ab2      	ldr	r2, [pc, #712]	@ (10008a40 <vTaskSwitchContext+0x304>)
10008778:	061b      	lsls	r3, r3, #24
1000877a:	6811      	ldr	r1, [r2, #0]
1000877c:	681b      	ldr	r3, [r3, #0]
1000877e:	2900      	cmp	r1, #0
10008780:	d074      	beq.n	1000886c <vTaskSwitchContext+0x130>
10008782:	f3bf 8f5f 	dmb	sy
10008786:	782a      	ldrb	r2, [r5, #0]
10008788:	2a00      	cmp	r2, #0
1000878a:	d003      	beq.n	10008794 <vTaskSwitchContext+0x58>
1000878c:	b672      	cpsid	i
1000878e:	e7fe      	b.n	1000878e <vTaskSwitchContext+0x52>
10008790:	b672      	cpsid	i
10008792:	e7fe      	b.n	10008792 <vTaskSwitchContext+0x56>
10008794:	2201      	movs	r2, #1
10008796:	2101      	movs	r1, #1
10008798:	702a      	strb	r2, [r5, #0]
1000879a:	5cf2      	ldrb	r2, [r6, r3]
1000879c:	430a      	orrs	r2, r1
1000879e:	54f2      	strb	r2, [r6, r3]
100087a0:	21d0      	movs	r1, #208	@ 0xd0
100087a2:	0609      	lsls	r1, r1, #24
100087a4:	680a      	ldr	r2, [r1, #0]
100087a6:	4ba7      	ldr	r3, [pc, #668]	@ (10008a44 <vTaskSwitchContext+0x308>)
100087a8:	0092      	lsls	r2, r2, #2
100087aa:	58d3      	ldr	r3, [r2, r3]
100087ac:	2b00      	cmp	r3, #0
100087ae:	d112      	bne.n	100087d6 <vTaskSwitchContext+0x9a>
100087b0:	4ba5      	ldr	r3, [pc, #660]	@ (10008a48 <vTaskSwitchContext+0x30c>)
100087b2:	681b      	ldr	r3, [r3, #0]
100087b4:	2b00      	cmp	r3, #0
100087b6:	d01d      	beq.n	100087f4 <vTaskSwitchContext+0xb8>
100087b8:	2201      	movs	r2, #1
100087ba:	4ba4      	ldr	r3, [pc, #656]	@ (10008a4c <vTaskSwitchContext+0x310>)
100087bc:	00a4      	lsls	r4, r4, #2
100087be:	50e2      	str	r2, [r4, r3]
100087c0:	680a      	ldr	r2, [r1, #0]
100087c2:	2001      	movs	r0, #1
100087c4:	5cb1      	ldrb	r1, [r6, r2]
100087c6:	4208      	tst	r0, r1
100087c8:	d059      	beq.n	1000887e <vTaskSwitchContext+0x142>
100087ca:	782b      	ldrb	r3, [r5, #0]
100087cc:	2b00      	cmp	r3, #0
100087ce:	d000      	beq.n	100087d2 <vTaskSwitchContext+0x96>
100087d0:	e0e5      	b.n	1000899e <vTaskSwitchContext+0x262>
100087d2:	b672      	cpsid	i
100087d4:	e7fe      	b.n	100087d4 <vTaskSwitchContext+0x98>
100087d6:	b672      	cpsid	i
100087d8:	e7fe      	b.n	100087d8 <vTaskSwitchContext+0x9c>
100087da:	5cb1      	ldrb	r1, [r6, r2]
100087dc:	0789      	lsls	r1, r1, #30
100087de:	d505      	bpl.n	100087ec <vTaskSwitchContext+0xb0>
100087e0:	4d96      	ldr	r5, [pc, #600]	@ (10008a3c <vTaskSwitchContext+0x300>)
100087e2:	786b      	ldrb	r3, [r5, #1]
100087e4:	2bff      	cmp	r3, #255	@ 0xff
100087e6:	d151      	bne.n	1000888c <vTaskSwitchContext+0x150>
100087e8:	b672      	cpsid	i
100087ea:	e7fe      	b.n	100087ea <vTaskSwitchContext+0xae>
100087ec:	6819      	ldr	r1, [r3, #0]
100087ee:	2900      	cmp	r1, #0
100087f0:	d1b4      	bne.n	1000875c <vTaskSwitchContext+0x20>
100087f2:	e7fb      	b.n	100087ec <vTaskSwitchContext+0xb0>
100087f4:	4a95      	ldr	r2, [pc, #596]	@ (10008a4c <vTaskSwitchContext+0x310>)
100087f6:	00a0      	lsls	r0, r4, #2
100087f8:	4680      	mov	r8, r0
100087fa:	9203      	str	r2, [sp, #12]
100087fc:	5013      	str	r3, [r2, r0]
100087fe:	f3ef 8210 	mrs	r2, PRIMASK
10008802:	b672      	cpsid	i
10008804:	680b      	ldr	r3, [r1, #0]
10008806:	4f92      	ldr	r7, [pc, #584]	@ (10008a50 <vTaskSwitchContext+0x314>)
10008808:	009b      	lsls	r3, r3, #2
1000880a:	58fb      	ldr	r3, [r7, r3]
1000880c:	f382 8810 	msr	PRIMASK, r2
10008810:	6b5b      	ldr	r3, [r3, #52]	@ 0x34
10008812:	4990      	ldr	r1, [pc, #576]	@ (10008a54 <vTaskSwitchContext+0x318>)
10008814:	681a      	ldr	r2, [r3, #0]
10008816:	428a      	cmp	r2, r1
10008818:	d108      	bne.n	1000882c <vTaskSwitchContext+0xf0>
1000881a:	6859      	ldr	r1, [r3, #4]
1000881c:	4291      	cmp	r1, r2
1000881e:	d105      	bne.n	1000882c <vTaskSwitchContext+0xf0>
10008820:	689a      	ldr	r2, [r3, #8]
10008822:	428a      	cmp	r2, r1
10008824:	d102      	bne.n	1000882c <vTaskSwitchContext+0xf0>
10008826:	68db      	ldr	r3, [r3, #12]
10008828:	4293      	cmp	r3, r2
1000882a:	d014      	beq.n	10008856 <vTaskSwitchContext+0x11a>
1000882c:	f3ef 8010 	mrs	r0, PRIMASK
10008830:	b672      	cpsid	i
10008832:	22d0      	movs	r2, #208	@ 0xd0
10008834:	0612      	lsls	r2, r2, #24
10008836:	6813      	ldr	r3, [r2, #0]
10008838:	009b      	lsls	r3, r3, #2
1000883a:	58f9      	ldr	r1, [r7, r3]
1000883c:	f380 8810 	msr	PRIMASK, r0
10008840:	f3ef 8c10 	mrs	ip, PRIMASK
10008844:	b672      	cpsid	i
10008846:	6813      	ldr	r3, [r2, #0]
10008848:	009b      	lsls	r3, r3, #2
1000884a:	58f8      	ldr	r0, [r7, r3]
1000884c:	f38c 8810 	msr	PRIMASK, ip
10008850:	3140      	adds	r1, #64	@ 0x40
10008852:	f7f7 fe95 	bl	10000580 <vApplicationStackOverflowHook>
10008856:	4b80      	ldr	r3, [pc, #512]	@ (10008a58 <vTaskSwitchContext+0x31c>)
10008858:	469b      	mov	fp, r3
1000885a:	681b      	ldr	r3, [r3, #0]
1000885c:	4699      	mov	r9, r3
1000885e:	4b7f      	ldr	r3, [pc, #508]	@ (10008a5c <vTaskSwitchContext+0x320>)
10008860:	681b      	ldr	r3, [r3, #0]
10008862:	9301      	str	r3, [sp, #4]
10008864:	2b01      	cmp	r3, #1
10008866:	d014      	beq.n	10008892 <vTaskSwitchContext+0x156>
10008868:	b672      	cpsid	i
1000886a:	e7fe      	b.n	1000886a <vTaskSwitchContext+0x12e>
1000886c:	5cf1      	ldrb	r1, [r6, r3]
1000886e:	07c9      	lsls	r1, r1, #31
10008870:	d507      	bpl.n	10008882 <vTaskSwitchContext+0x146>
10008872:	782b      	ldrb	r3, [r5, #0]
10008874:	2bff      	cmp	r3, #255	@ 0xff
10008876:	d000      	beq.n	1000887a <vTaskSwitchContext+0x13e>
10008878:	e0a5      	b.n	100089c6 <vTaskSwitchContext+0x28a>
1000887a:	b672      	cpsid	i
1000887c:	e7fe      	b.n	1000887c <vTaskSwitchContext+0x140>
1000887e:	b672      	cpsid	i
10008880:	e7fe      	b.n	10008880 <vTaskSwitchContext+0x144>
10008882:	6811      	ldr	r1, [r2, #0]
10008884:	2900      	cmp	r1, #0
10008886:	d000      	beq.n	1000888a <vTaskSwitchContext+0x14e>
10008888:	e77b      	b.n	10008782 <vTaskSwitchContext+0x46>
1000888a:	e7fa      	b.n	10008882 <vTaskSwitchContext+0x146>
1000888c:	3301      	adds	r3, #1
1000888e:	706b      	strb	r3, [r5, #1]
10008890:	e770      	b.n	10008774 <vTaskSwitchContext+0x38>
10008892:	4643      	mov	r3, r8
10008894:	58fa      	ldr	r2, [r7, r3]
10008896:	58fb      	ldr	r3, [r7, r3]
10008898:	6992      	ldr	r2, [r2, #24]
1000889a:	6b19      	ldr	r1, [r3, #48]	@ 0x30
1000889c:	008b      	lsls	r3, r1, #2
1000889e:	185b      	adds	r3, r3, r1
100088a0:	496f      	ldr	r1, [pc, #444]	@ (10008a60 <vTaskSwitchContext+0x324>)
100088a2:	009b      	lsls	r3, r3, #2
100088a4:	468c      	mov	ip, r1
100088a6:	4463      	add	r3, ip
100088a8:	9102      	str	r1, [sp, #8]
100088aa:	429a      	cmp	r2, r3
100088ac:	d100      	bne.n	100088b0 <vTaskSwitchContext+0x174>
100088ae:	e095      	b.n	100089dc <vTaskSwitchContext+0x2a0>
100088b0:	2301      	movs	r3, #1
100088b2:	40a3      	lsls	r3, r4
100088b4:	469c      	mov	ip, r3
100088b6:	464b      	mov	r3, r9
100088b8:	0098      	lsls	r0, r3, #2
100088ba:	9b02      	ldr	r3, [sp, #8]
100088bc:	4448      	add	r0, r9
100088be:	469a      	mov	sl, r3
100088c0:	0080      	lsls	r0, r0, #2
100088c2:	4482      	add	sl, r0
100088c4:	4651      	mov	r1, sl
100088c6:	469a      	mov	sl, r3
100088c8:	3008      	adds	r0, #8
100088ca:	002b      	movs	r3, r5
100088cc:	4450      	add	r0, sl
100088ce:	468a      	mov	sl, r1
100088d0:	0031      	movs	r1, r6
100088d2:	9404      	str	r4, [sp, #16]
100088d4:	464e      	mov	r6, r9
100088d6:	4644      	mov	r4, r8
100088d8:	2201      	movs	r2, #1
100088da:	4665      	mov	r5, ip
100088dc:	4698      	mov	r8, r3
100088de:	4689      	mov	r9, r1
100088e0:	e00e      	b.n	10008900 <vTaskSwitchContext+0x1c4>
100088e2:	2a00      	cmp	r2, #0
100088e4:	d004      	beq.n	100088f0 <vTaskSwitchContext+0x1b4>
100088e6:	465b      	mov	r3, fp
100088e8:	4659      	mov	r1, fp
100088ea:	681b      	ldr	r3, [r3, #0]
100088ec:	3b01      	subs	r3, #1
100088ee:	600b      	str	r3, [r1, #0]
100088f0:	2314      	movs	r3, #20
100088f2:	425b      	negs	r3, r3
100088f4:	469c      	mov	ip, r3
100088f6:	18c0      	adds	r0, r0, r3
100088f8:	44e2      	add	sl, ip
100088fa:	2e00      	cmp	r6, #0
100088fc:	d06b      	beq.n	100089d6 <vTaskSwitchContext+0x29a>
100088fe:	3e01      	subs	r6, #1
10008900:	4653      	mov	r3, sl
10008902:	681b      	ldr	r3, [r3, #0]
10008904:	2b00      	cmp	r3, #0
10008906:	d0ec      	beq.n	100088e2 <vTaskSwitchContext+0x1a6>
10008908:	6843      	ldr	r3, [r0, #4]
1000890a:	4283      	cmp	r3, r0
1000890c:	d100      	bne.n	10008910 <vTaskSwitchContext+0x1d4>
1000890e:	e08e      	b.n	10008a2e <vTaskSwitchContext+0x2f2>
10008910:	9a04      	ldr	r2, [sp, #16]
10008912:	9605      	str	r6, [sp, #20]
10008914:	4694      	mov	ip, r2
10008916:	e005      	b.n	10008924 <vTaskSwitchContext+0x1e8>
10008918:	5939      	ldr	r1, [r7, r4]
1000891a:	428a      	cmp	r2, r1
1000891c:	d02c      	beq.n	10008978 <vTaskSwitchContext+0x23c>
1000891e:	685b      	ldr	r3, [r3, #4]
10008920:	4283      	cmp	r3, r0
10008922:	d037      	beq.n	10008994 <vTaskSwitchContext+0x258>
10008924:	68da      	ldr	r2, [r3, #12]
10008926:	6b91      	ldr	r1, [r2, #56]	@ 0x38
10008928:	1c4e      	adds	r6, r1, #1
1000892a:	d1f5      	bne.n	10008918 <vTaskSwitchContext+0x1dc>
1000892c:	6856      	ldr	r6, [r2, #4]
1000892e:	422e      	tst	r6, r5
10008930:	d0f5      	beq.n	1000891e <vTaskSwitchContext+0x1e2>
10008932:	4645      	mov	r5, r8
10008934:	46a0      	mov	r8, r4
10008936:	4643      	mov	r3, r8
10008938:	58fb      	ldr	r3, [r7, r3]
1000893a:	4664      	mov	r4, ip
1000893c:	6399      	str	r1, [r3, #56]	@ 0x38
1000893e:	4643      	mov	r3, r8
10008940:	58fb      	ldr	r3, [r7, r3]
10008942:	6394      	str	r4, [r2, #56]	@ 0x38
10008944:	469c      	mov	ip, r3
10008946:	4643      	mov	r3, r8
10008948:	50fa      	str	r2, [r7, r3]
1000894a:	4663      	mov	r3, ip
1000894c:	468a      	mov	sl, r1
1000894e:	464e      	mov	r6, r9
10008950:	2b00      	cmp	r3, #0
10008952:	d00b      	beq.n	1000896c <vTaskSwitchContext+0x230>
10008954:	9802      	ldr	r0, [sp, #8]
10008956:	6b1a      	ldr	r2, [r3, #48]	@ 0x30
10008958:	4681      	mov	r9, r0
1000895a:	4660      	mov	r0, ip
1000895c:	0093      	lsls	r3, r2, #2
1000895e:	189b      	adds	r3, r3, r2
10008960:	009b      	lsls	r3, r3, #2
10008962:	6980      	ldr	r0, [r0, #24]
10008964:	444b      	add	r3, r9
10008966:	4298      	cmp	r0, r3
10008968:	d100      	bne.n	1000896c <vTaskSwitchContext+0x230>
1000896a:	e07b      	b.n	10008a64 <vTaskSwitchContext+0x328>
1000896c:	23d0      	movs	r3, #208	@ 0xd0
1000896e:	061b      	lsls	r3, r3, #24
10008970:	681a      	ldr	r2, [r3, #0]
10008972:	0093      	lsls	r3, r2, #2
10008974:	58fb      	ldr	r3, [r7, r3]
10008976:	e724      	b.n	100087c2 <vTaskSwitchContext+0x86>
10008978:	6b91      	ldr	r1, [r2, #56]	@ 0x38
1000897a:	458c      	cmp	ip, r1
1000897c:	d002      	beq.n	10008984 <vTaskSwitchContext+0x248>
1000897e:	6b91      	ldr	r1, [r2, #56]	@ 0x38
10008980:	3102      	adds	r1, #2
10008982:	d152      	bne.n	10008a2a <vTaskSwitchContext+0x2ee>
10008984:	6851      	ldr	r1, [r2, #4]
10008986:	4229      	tst	r1, r5
10008988:	d0c9      	beq.n	1000891e <vTaskSwitchContext+0x1e2>
1000898a:	4664      	mov	r4, ip
1000898c:	464e      	mov	r6, r9
1000898e:	4645      	mov	r5, r8
10008990:	6394      	str	r4, [r2, #56]	@ 0x38
10008992:	e7eb      	b.n	1000896c <vTaskSwitchContext+0x230>
10008994:	4663      	mov	r3, ip
10008996:	2200      	movs	r2, #0
10008998:	9e05      	ldr	r6, [sp, #20]
1000899a:	9304      	str	r3, [sp, #16]
1000899c:	e7a8      	b.n	100088f0 <vTaskSwitchContext+0x1b4>
1000899e:	3b01      	subs	r3, #1
100089a0:	b2db      	uxtb	r3, r3
100089a2:	702b      	strb	r3, [r5, #0]
100089a4:	2b00      	cmp	r3, #0
100089a6:	d105      	bne.n	100089b4 <vTaskSwitchContext+0x278>
100089a8:	4381      	bics	r1, r0
100089aa:	54b1      	strb	r1, [r6, r2]
100089ac:	f3bf 8f5f 	dmb	sy
100089b0:	4b23      	ldr	r3, [pc, #140]	@ (10008a40 <vTaskSwitchContext+0x304>)
100089b2:	6018      	str	r0, [r3, #0]
100089b4:	23d0      	movs	r3, #208	@ 0xd0
100089b6:	2002      	movs	r0, #2
100089b8:	061b      	lsls	r3, r3, #24
100089ba:	6819      	ldr	r1, [r3, #0]
100089bc:	5c72      	ldrb	r2, [r6, r1]
100089be:	4210      	tst	r0, r2
100089c0:	d104      	bne.n	100089cc <vTaskSwitchContext+0x290>
100089c2:	b672      	cpsid	i
100089c4:	e7fe      	b.n	100089c4 <vTaskSwitchContext+0x288>
100089c6:	3301      	adds	r3, #1
100089c8:	702b      	strb	r3, [r5, #0]
100089ca:	e6e9      	b.n	100087a0 <vTaskSwitchContext+0x64>
100089cc:	786b      	ldrb	r3, [r5, #1]
100089ce:	2b00      	cmp	r3, #0
100089d0:	d118      	bne.n	10008a04 <vTaskSwitchContext+0x2c8>
100089d2:	b672      	cpsid	i
100089d4:	e7fe      	b.n	100089d4 <vTaskSwitchContext+0x298>
100089d6:	464e      	mov	r6, r9
100089d8:	4645      	mov	r5, r8
100089da:	e7c7      	b.n	1000896c <vTaskSwitchContext+0x230>
100089dc:	4643      	mov	r3, r8
100089de:	58f8      	ldr	r0, [r7, r3]
100089e0:	3008      	adds	r0, #8
100089e2:	f000 ffdd 	bl	100099a0 <uxListRemove>
100089e6:	4643      	mov	r3, r8
100089e8:	58fb      	ldr	r3, [r7, r3]
100089ea:	4642      	mov	r2, r8
100089ec:	6b1b      	ldr	r3, [r3, #48]	@ 0x30
100089ee:	58b9      	ldr	r1, [r7, r2]
100089f0:	0098      	lsls	r0, r3, #2
100089f2:	18c0      	adds	r0, r0, r3
100089f4:	9b02      	ldr	r3, [sp, #8]
100089f6:	0080      	lsls	r0, r0, #2
100089f8:	469c      	mov	ip, r3
100089fa:	3108      	adds	r1, #8
100089fc:	4460      	add	r0, ip
100089fe:	f000 ffab 	bl	10009958 <vListInsertEnd>
10008a02:	e755      	b.n	100088b0 <vTaskSwitchContext+0x174>
10008a04:	3b01      	subs	r3, #1
10008a06:	b2db      	uxtb	r3, r3
10008a08:	706b      	strb	r3, [r5, #1]
10008a0a:	2b00      	cmp	r3, #0
10008a0c:	d106      	bne.n	10008a1c <vTaskSwitchContext+0x2e0>
10008a0e:	4382      	bics	r2, r0
10008a10:	5472      	strb	r2, [r6, r1]
10008a12:	f3bf 8f5f 	dmb	sy
10008a16:	2201      	movs	r2, #1
10008a18:	4b06      	ldr	r3, [pc, #24]	@ (10008a34 <vTaskSwitchContext+0x2f8>)
10008a1a:	601a      	str	r2, [r3, #0]
10008a1c:	b007      	add	sp, #28
10008a1e:	bcf0      	pop	{r4, r5, r6, r7}
10008a20:	46bb      	mov	fp, r7
10008a22:	46b2      	mov	sl, r6
10008a24:	46a9      	mov	r9, r5
10008a26:	46a0      	mov	r8, r4
10008a28:	bdf0      	pop	{r4, r5, r6, r7, pc}
10008a2a:	b672      	cpsid	i
10008a2c:	e7fe      	b.n	10008a2c <vTaskSwitchContext+0x2f0>
10008a2e:	2200      	movs	r2, #0
10008a30:	e75e      	b.n	100088f0 <vTaskSwitchContext+0x1b4>
10008a32:	46c0      	nop			@ (mov r8, r8)
10008a34:	d0000134 	.word	0xd0000134
10008a38:	20021f60 	.word	0x20021f60
10008a3c:	20021f64 	.word	0x20021f64
10008a40:	d0000130 	.word	0xd0000130
10008a44:	20021f84 	.word	0x20021f84
10008a48:	20021f94 	.word	0x20021f94
10008a4c:	20022070 	.word	0x20022070
10008a50:	20001ca4 	.word	0x20001ca4
10008a54:	a5a5a5a5 	.word	0xa5a5a5a5
10008a58:	20021f9c 	.word	0x20021f9c
10008a5c:	20022030 	.word	0x20022030
10008a60:	20001cc0 	.word	0x20001cc0
10008a64:	4663      	mov	r3, ip
10008a66:	6858      	ldr	r0, [r3, #4]
10008a68:	2301      	movs	r3, #1
10008a6a:	4699      	mov	r9, r3
10008a6c:	4663      	mov	r3, ip
10008a6e:	4649      	mov	r1, r9
10008a70:	6bdb      	ldr	r3, [r3, #60]	@ 0x3c
10008a72:	400b      	ands	r3, r1
10008a74:	1ad3      	subs	r3, r2, r3
10008a76:	0002      	movs	r2, r0
10008a78:	40e2      	lsrs	r2, r4
10008a7a:	4211      	tst	r1, r2
10008a7c:	d003      	beq.n	10008a86 <vTaskSwitchContext+0x34a>
10008a7e:	4642      	mov	r2, r8
10008a80:	58ba      	ldr	r2, [r7, r2]
10008a82:	6852      	ldr	r2, [r2, #4]
10008a84:	4390      	bics	r0, r2
10008a86:	2203      	movs	r2, #3
10008a88:	4002      	ands	r2, r0
10008a8a:	0854      	lsrs	r4, r2, #1
10008a8c:	d014      	beq.n	10008ab8 <vTaskSwitchContext+0x37c>
10008a8e:	687a      	ldr	r2, [r7, #4]
10008a90:	6b12      	ldr	r2, [r2, #48]	@ 0x30
10008a92:	4694      	mov	ip, r2
10008a94:	687a      	ldr	r2, [r7, #4]
10008a96:	4661      	mov	r1, ip
10008a98:	6bd4      	ldr	r4, [r2, #60]	@ 0x3c
10008a9a:	2201      	movs	r2, #1
10008a9c:	4014      	ands	r4, r2
10008a9e:	1b09      	subs	r1, r1, r4
10008aa0:	468c      	mov	ip, r1
10008aa2:	4002      	ands	r2, r0
10008aa4:	428b      	cmp	r3, r1
10008aa6:	dd07      	ble.n	10008ab8 <vTaskSwitchContext+0x37c>
10008aa8:	6878      	ldr	r0, [r7, #4]
10008aaa:	6b80      	ldr	r0, [r0, #56]	@ 0x38
10008aac:	2800      	cmp	r0, #0
10008aae:	db03      	blt.n	10008ab8 <vTaskSwitchContext+0x37c>
10008ab0:	6878      	ldr	r0, [r7, #4]
10008ab2:	6b80      	ldr	r0, [r0, #56]	@ 0x38
10008ab4:	2801      	cmp	r0, #1
10008ab6:	dd2b      	ble.n	10008b10 <vTaskSwitchContext+0x3d4>
10008ab8:	2a00      	cmp	r2, #0
10008aba:	d100      	bne.n	10008abe <vTaskSwitchContext+0x382>
10008abc:	e756      	b.n	1000896c <vTaskSwitchContext+0x230>
10008abe:	2401      	movs	r4, #1
10008ac0:	683a      	ldr	r2, [r7, #0]
10008ac2:	6838      	ldr	r0, [r7, #0]
10008ac4:	6b12      	ldr	r2, [r2, #48]	@ 0x30
10008ac6:	6bc0      	ldr	r0, [r0, #60]	@ 0x3c
10008ac8:	4020      	ands	r0, r4
10008aca:	1a12      	subs	r2, r2, r0
10008acc:	4293      	cmp	r3, r2
10008ace:	dd07      	ble.n	10008ae0 <vTaskSwitchContext+0x3a4>
10008ad0:	683b      	ldr	r3, [r7, #0]
10008ad2:	6b9b      	ldr	r3, [r3, #56]	@ 0x38
10008ad4:	2b00      	cmp	r3, #0
10008ad6:	db03      	blt.n	10008ae0 <vTaskSwitchContext+0x3a4>
10008ad8:	683b      	ldr	r3, [r7, #0]
10008ada:	6b9b      	ldr	r3, [r3, #56]	@ 0x38
10008adc:	42a3      	cmp	r3, r4
10008ade:	dd21      	ble.n	10008b24 <vTaskSwitchContext+0x3e8>
10008ae0:	23d0      	movs	r3, #208	@ 0xd0
10008ae2:	4652      	mov	r2, sl
10008ae4:	061b      	lsls	r3, r3, #24
10008ae6:	681b      	ldr	r3, [r3, #0]
10008ae8:	1c51      	adds	r1, r2, #1
10008aea:	d100      	bne.n	10008aee <vTaskSwitchContext+0x3b2>
10008aec:	e73e      	b.n	1000896c <vTaskSwitchContext+0x230>
10008aee:	9a01      	ldr	r2, [sp, #4]
10008af0:	429a      	cmp	r2, r3
10008af2:	d020      	beq.n	10008b36 <vTaskSwitchContext+0x3fa>
10008af4:	9801      	ldr	r0, [sp, #4]
10008af6:	0084      	lsls	r4, r0, #2
10008af8:	593b      	ldr	r3, [r7, r4]
10008afa:	6b9b      	ldr	r3, [r3, #56]	@ 0x38
10008afc:	3302      	adds	r3, #2
10008afe:	d100      	bne.n	10008b02 <vTaskSwitchContext+0x3c6>
10008b00:	e734      	b.n	1000896c <vTaskSwitchContext+0x230>
10008b02:	f001 fa57 	bl	10009fb4 <vYieldCore>
10008b06:	2202      	movs	r2, #2
10008b08:	593b      	ldr	r3, [r7, r4]
10008b0a:	4252      	negs	r2, r2
10008b0c:	639a      	str	r2, [r3, #56]	@ 0x38
10008b0e:	e72d      	b.n	1000896c <vTaskSwitchContext+0x230>
10008b10:	9903      	ldr	r1, [sp, #12]
10008b12:	6848      	ldr	r0, [r1, #4]
10008b14:	2800      	cmp	r0, #0
10008b16:	d1cf      	bne.n	10008ab8 <vTaskSwitchContext+0x37c>
10008b18:	2a00      	cmp	r2, #0
10008b1a:	d111      	bne.n	10008b40 <vTaskSwitchContext+0x404>
10008b1c:	23d0      	movs	r3, #208	@ 0xd0
10008b1e:	061b      	lsls	r3, r3, #24
10008b20:	681b      	ldr	r3, [r3, #0]
10008b22:	e7e4      	b.n	10008aee <vTaskSwitchContext+0x3b2>
10008b24:	9b03      	ldr	r3, [sp, #12]
10008b26:	681a      	ldr	r2, [r3, #0]
10008b28:	2a00      	cmp	r2, #0
10008b2a:	d1d9      	bne.n	10008ae0 <vTaskSwitchContext+0x3a4>
10008b2c:	23d0      	movs	r3, #208	@ 0xd0
10008b2e:	061b      	lsls	r3, r3, #24
10008b30:	681b      	ldr	r3, [r3, #0]
10008b32:	9201      	str	r2, [sp, #4]
10008b34:	e7db      	b.n	10008aee <vTaskSwitchContext+0x3b2>
10008b36:	0093      	lsls	r3, r2, #2
10008b38:	2201      	movs	r2, #1
10008b3a:	9903      	ldr	r1, [sp, #12]
10008b3c:	50ca      	str	r2, [r1, r3]
10008b3e:	e715      	b.n	1000896c <vTaskSwitchContext+0x230>
10008b40:	9a01      	ldr	r2, [sp, #4]
10008b42:	4663      	mov	r3, ip
10008b44:	4692      	mov	sl, r2
10008b46:	e7ba      	b.n	10008abe <vTaskSwitchContext+0x382>

10008b48 <vTaskPlaceOnEventList>:
10008b48:	b510      	push	{r4, lr}
10008b4a:	000c      	movs	r4, r1
10008b4c:	2800      	cmp	r0, #0
10008b4e:	d012      	beq.n	10008b76 <vTaskPlaceOnEventList+0x2e>
10008b50:	f3ef 8c10 	mrs	ip, PRIMASK
10008b54:	b672      	cpsid	i
10008b56:	23d0      	movs	r3, #208	@ 0xd0
10008b58:	061b      	lsls	r3, r3, #24
10008b5a:	681a      	ldr	r2, [r3, #0]
10008b5c:	4b07      	ldr	r3, [pc, #28]	@ (10008b7c <vTaskPlaceOnEventList+0x34>)
10008b5e:	0092      	lsls	r2, r2, #2
10008b60:	58d1      	ldr	r1, [r2, r3]
10008b62:	f38c 8810 	msr	PRIMASK, ip
10008b66:	311c      	adds	r1, #28
10008b68:	f000 ff02 	bl	10009970 <vListInsert>
10008b6c:	2101      	movs	r1, #1
10008b6e:	0020      	movs	r0, r4
10008b70:	f7fe feee 	bl	10007950 <prvAddCurrentTaskToDelayedList>
10008b74:	bd10      	pop	{r4, pc}
10008b76:	b672      	cpsid	i
10008b78:	e7fe      	b.n	10008b78 <vTaskPlaceOnEventList+0x30>
10008b7a:	46c0      	nop			@ (mov r8, r8)
10008b7c:	20001ca4 	.word	0x20001ca4

10008b80 <vTaskPlaceOnEventListRestricted>:
10008b80:	b5f8      	push	{r3, r4, r5, r6, r7, lr}
10008b82:	0003      	movs	r3, r0
10008b84:	0008      	movs	r0, r1
10008b86:	0011      	movs	r1, r2
10008b88:	2b00      	cmp	r3, #0
10008b8a:	d03e      	beq.n	10008c0a <vTaskPlaceOnEventListRestricted+0x8a>
10008b8c:	685d      	ldr	r5, [r3, #4]
10008b8e:	f3ef 8710 	mrs	r7, PRIMASK
10008b92:	b672      	cpsid	i
10008b94:	22d0      	movs	r2, #208	@ 0xd0
10008b96:	0612      	lsls	r2, r2, #24
10008b98:	6816      	ldr	r6, [r2, #0]
10008b9a:	4c1d      	ldr	r4, [pc, #116]	@ (10008c10 <vTaskPlaceOnEventListRestricted+0x90>)
10008b9c:	00b6      	lsls	r6, r6, #2
10008b9e:	5936      	ldr	r6, [r6, r4]
10008ba0:	f387 8810 	msr	PRIMASK, r7
10008ba4:	6235      	str	r5, [r6, #32]
10008ba6:	f3ef 8710 	mrs	r7, PRIMASK
10008baa:	b672      	cpsid	i
10008bac:	6816      	ldr	r6, [r2, #0]
10008bae:	00b6      	lsls	r6, r6, #2
10008bb0:	5936      	ldr	r6, [r6, r4]
10008bb2:	f387 8810 	msr	PRIMASK, r7
10008bb6:	68af      	ldr	r7, [r5, #8]
10008bb8:	6277      	str	r7, [r6, #36]	@ 0x24
10008bba:	f3ef 8710 	mrs	r7, PRIMASK
10008bbe:	b672      	cpsid	i
10008bc0:	6816      	ldr	r6, [r2, #0]
10008bc2:	00b6      	lsls	r6, r6, #2
10008bc4:	5936      	ldr	r6, [r6, r4]
10008bc6:	f387 8810 	msr	PRIMASK, r7
10008bca:	68af      	ldr	r7, [r5, #8]
10008bcc:	361c      	adds	r6, #28
10008bce:	607e      	str	r6, [r7, #4]
10008bd0:	f3ef 8c10 	mrs	ip, PRIMASK
10008bd4:	b672      	cpsid	i
10008bd6:	6816      	ldr	r6, [r2, #0]
10008bd8:	00b6      	lsls	r6, r6, #2
10008bda:	5936      	ldr	r6, [r6, r4]
10008bdc:	f38c 8810 	msr	PRIMASK, ip
10008be0:	361c      	adds	r6, #28
10008be2:	60ae      	str	r6, [r5, #8]
10008be4:	f3ef 8510 	mrs	r5, PRIMASK
10008be8:	b672      	cpsid	i
10008bea:	6812      	ldr	r2, [r2, #0]
10008bec:	0092      	lsls	r2, r2, #2
10008bee:	5912      	ldr	r2, [r2, r4]
10008bf0:	f385 8810 	msr	PRIMASK, r5
10008bf4:	62d3      	str	r3, [r2, #44]	@ 0x2c
10008bf6:	681a      	ldr	r2, [r3, #0]
10008bf8:	3201      	adds	r2, #1
10008bfa:	601a      	str	r2, [r3, #0]
10008bfc:	2900      	cmp	r1, #0
10008bfe:	d001      	beq.n	10008c04 <vTaskPlaceOnEventListRestricted+0x84>
10008c00:	2001      	movs	r0, #1
10008c02:	4240      	negs	r0, r0
10008c04:	f7fe fea4 	bl	10007950 <prvAddCurrentTaskToDelayedList>
10008c08:	bdf8      	pop	{r3, r4, r5, r6, r7, pc}
10008c0a:	b672      	cpsid	i
10008c0c:	e7fe      	b.n	10008c0c <vTaskPlaceOnEventListRestricted+0x8c>
10008c0e:	46c0      	nop			@ (mov r8, r8)
10008c10:	20001ca4 	.word	0x20001ca4

10008c14 <xTaskRemoveFromEventList>:
10008c14:	68c3      	ldr	r3, [r0, #12]
10008c16:	b570      	push	{r4, r5, r6, lr}
10008c18:	68d8      	ldr	r0, [r3, #12]
10008c1a:	2800      	cmp	r0, #0
10008c1c:	d04d      	beq.n	10008cba <xTaskRemoveFromEventList+0xa6>
10008c1e:	6a01      	ldr	r1, [r0, #32]
10008c20:	6a42      	ldr	r2, [r0, #36]	@ 0x24
10008c22:	6ac3      	ldr	r3, [r0, #44]	@ 0x2c
10008c24:	608a      	str	r2, [r1, #8]
10008c26:	6051      	str	r1, [r2, #4]
10008c28:	0001      	movs	r1, r0
10008c2a:	685c      	ldr	r4, [r3, #4]
10008c2c:	311c      	adds	r1, #28
10008c2e:	428c      	cmp	r4, r1
10008c30:	d041      	beq.n	10008cb6 <xTaskRemoveFromEventList+0xa2>
10008c32:	2200      	movs	r2, #0
10008c34:	62c2      	str	r2, [r0, #44]	@ 0x2c
10008c36:	681a      	ldr	r2, [r3, #0]
10008c38:	3a01      	subs	r2, #1
10008c3a:	601a      	str	r2, [r3, #0]
10008c3c:	4b21      	ldr	r3, [pc, #132]	@ (10008cc4 <xTaskRemoveFromEventList+0xb0>)
10008c3e:	681b      	ldr	r3, [r3, #0]
10008c40:	2b00      	cmp	r3, #0
10008c42:	d122      	bne.n	10008c8a <xTaskRemoveFromEventList+0x76>
10008c44:	0004      	movs	r4, r0
10008c46:	6983      	ldr	r3, [r0, #24]
10008c48:	68c1      	ldr	r1, [r0, #12]
10008c4a:	6902      	ldr	r2, [r0, #16]
10008c4c:	3408      	adds	r4, #8
10008c4e:	608a      	str	r2, [r1, #8]
10008c50:	6051      	str	r1, [r2, #4]
10008c52:	6859      	ldr	r1, [r3, #4]
10008c54:	42a1      	cmp	r1, r4
10008c56:	d032      	beq.n	10008cbe <xTaskRemoveFromEventList+0xaa>
10008c58:	681a      	ldr	r2, [r3, #0]
10008c5a:	3a01      	subs	r2, #1
10008c5c:	601a      	str	r2, [r3, #0]
10008c5e:	4b1a      	ldr	r3, [pc, #104]	@ (10008cc8 <xTaskRemoveFromEventList+0xb4>)
10008c60:	6b02      	ldr	r2, [r0, #48]	@ 0x30
10008c62:	6819      	ldr	r1, [r3, #0]
10008c64:	428a      	cmp	r2, r1
10008c66:	d900      	bls.n	10008c6a <xTaskRemoveFromEventList+0x56>
10008c68:	601a      	str	r2, [r3, #0]
10008c6a:	0093      	lsls	r3, r2, #2
10008c6c:	4917      	ldr	r1, [pc, #92]	@ (10008ccc <xTaskRemoveFromEventList+0xb8>)
10008c6e:	189b      	adds	r3, r3, r2
10008c70:	009b      	lsls	r3, r3, #2
10008c72:	18cd      	adds	r5, r1, r3
10008c74:	686a      	ldr	r2, [r5, #4]
10008c76:	6896      	ldr	r6, [r2, #8]
10008c78:	60c2      	str	r2, [r0, #12]
10008c7a:	6106      	str	r6, [r0, #16]
10008c7c:	6074      	str	r4, [r6, #4]
10008c7e:	6094      	str	r4, [r2, #8]
10008c80:	58ca      	ldr	r2, [r1, r3]
10008c82:	6185      	str	r5, [r0, #24]
10008c84:	3201      	adds	r2, #1
10008c86:	50ca      	str	r2, [r1, r3]
10008c88:	e00a      	b.n	10008ca0 <xTaskRemoveFromEventList+0x8c>
10008c8a:	4b11      	ldr	r3, [pc, #68]	@ (10008cd0 <xTaskRemoveFromEventList+0xbc>)
10008c8c:	685a      	ldr	r2, [r3, #4]
10008c8e:	6894      	ldr	r4, [r2, #8]
10008c90:	6202      	str	r2, [r0, #32]
10008c92:	6244      	str	r4, [r0, #36]	@ 0x24
10008c94:	6061      	str	r1, [r4, #4]
10008c96:	6091      	str	r1, [r2, #8]
10008c98:	681a      	ldr	r2, [r3, #0]
10008c9a:	62c3      	str	r3, [r0, #44]	@ 0x2c
10008c9c:	3201      	adds	r2, #1
10008c9e:	601a      	str	r2, [r3, #0]
10008ca0:	f7fe fdee 	bl	10007880 <prvYieldForTask>
10008ca4:	23d0      	movs	r3, #208	@ 0xd0
10008ca6:	061b      	lsls	r3, r3, #24
10008ca8:	681a      	ldr	r2, [r3, #0]
10008caa:	4b0a      	ldr	r3, [pc, #40]	@ (10008cd4 <xTaskRemoveFromEventList+0xc0>)
10008cac:	0092      	lsls	r2, r2, #2
10008cae:	58d0      	ldr	r0, [r2, r3]
10008cb0:	1e43      	subs	r3, r0, #1
10008cb2:	4198      	sbcs	r0, r3
10008cb4:	bd70      	pop	{r4, r5, r6, pc}
10008cb6:	605a      	str	r2, [r3, #4]
10008cb8:	e7bb      	b.n	10008c32 <xTaskRemoveFromEventList+0x1e>
10008cba:	b672      	cpsid	i
10008cbc:	e7fe      	b.n	10008cbc <xTaskRemoveFromEventList+0xa8>
10008cbe:	605a      	str	r2, [r3, #4]
10008cc0:	e7ca      	b.n	10008c58 <xTaskRemoveFromEventList+0x44>
10008cc2:	46c0      	nop			@ (mov r8, r8)
10008cc4:	20021f94 	.word	0x20021f94
10008cc8:	20021f9c 	.word	0x20021f9c
10008ccc:	20001cc0 	.word	0x20001cc0
10008cd0:	2002201c 	.word	0x2002201c
10008cd4:	20022070 	.word	0x20022070

10008cd8 <vTaskInternalSetTimeOutState>:
10008cd8:	4b03      	ldr	r3, [pc, #12]	@ (10008ce8 <vTaskInternalSetTimeOutState+0x10>)
10008cda:	681b      	ldr	r3, [r3, #0]
10008cdc:	6003      	str	r3, [r0, #0]
10008cde:	4b03      	ldr	r3, [pc, #12]	@ (10008cec <vTaskInternalSetTimeOutState+0x14>)
10008ce0:	681b      	ldr	r3, [r3, #0]
10008ce2:	6043      	str	r3, [r0, #4]
10008ce4:	4770      	bx	lr
10008ce6:	46c0      	nop			@ (mov r8, r8)
10008ce8:	2002200c 	.word	0x2002200c
10008cec:	20022064 	.word	0x20022064

10008cf0 <xTaskCheckForTimeOut>:
10008cf0:	b5f8      	push	{r3, r4, r5, r6, r7, lr}
10008cf2:	46ce      	mov	lr, r9
10008cf4:	4647      	mov	r7, r8
10008cf6:	0004      	movs	r4, r0
10008cf8:	000d      	movs	r5, r1
10008cfa:	b580      	push	{r7, lr}
10008cfc:	2800      	cmp	r0, #0
10008cfe:	d046      	beq.n	10008d8e <xTaskCheckForTimeOut+0x9e>
10008d00:	2900      	cmp	r1, #0
10008d02:	d042      	beq.n	10008d8a <xTaskCheckForTimeOut+0x9a>
10008d04:	b672      	cpsid	i
10008d06:	4e5f      	ldr	r6, [pc, #380]	@ (10008e84 <xTaskCheckForTimeOut+0x194>)
10008d08:	6833      	ldr	r3, [r6, #0]
10008d0a:	2b00      	cmp	r3, #0
10008d0c:	d011      	beq.n	10008d32 <xTaskCheckForTimeOut+0x42>
10008d0e:	23d0      	movs	r3, #208	@ 0xd0
10008d10:	061b      	lsls	r3, r3, #24
10008d12:	6819      	ldr	r1, [r3, #0]
10008d14:	4a5c      	ldr	r2, [pc, #368]	@ (10008e88 <xTaskCheckForTimeOut+0x198>)
10008d16:	0088      	lsls	r0, r1, #2
10008d18:	5813      	ldr	r3, [r2, r0]
10008d1a:	2b00      	cmp	r3, #0
10008d1c:	d053      	beq.n	10008dc6 <xTaskCheckForTimeOut+0xd6>
10008d1e:	3301      	adds	r3, #1
10008d20:	5013      	str	r3, [r2, r0]
10008d22:	23d0      	movs	r3, #208	@ 0xd0
10008d24:	061b      	lsls	r3, r3, #24
10008d26:	681b      	ldr	r3, [r3, #0]
10008d28:	009b      	lsls	r3, r3, #2
10008d2a:	58d3      	ldr	r3, [r2, r3]
10008d2c:	2b01      	cmp	r3, #1
10008d2e:	d100      	bne.n	10008d32 <xTaskCheckForTimeOut+0x42>
10008d30:	e06d      	b.n	10008e0e <xTaskCheckForTimeOut+0x11e>
10008d32:	4856      	ldr	r0, [pc, #344]	@ (10008e8c <xTaskCheckForTimeOut+0x19c>)
10008d34:	6803      	ldr	r3, [r0, #0]
10008d36:	469c      	mov	ip, r3
10008d38:	6863      	ldr	r3, [r4, #4]
10008d3a:	4698      	mov	r8, r3
10008d3c:	f3ef 8910 	mrs	r9, PRIMASK
10008d40:	b672      	cpsid	i
10008d42:	21d0      	movs	r1, #208	@ 0xd0
10008d44:	0609      	lsls	r1, r1, #24
10008d46:	680b      	ldr	r3, [r1, #0]
10008d48:	4a51      	ldr	r2, [pc, #324]	@ (10008e90 <xTaskCheckForTimeOut+0x1a0>)
10008d4a:	009b      	lsls	r3, r3, #2
10008d4c:	589f      	ldr	r7, [r3, r2]
10008d4e:	f389 8810 	msr	PRIMASK, r9
10008d52:	2379      	movs	r3, #121	@ 0x79
10008d54:	5cff      	ldrb	r7, [r7, r3]
10008d56:	2f00      	cmp	r7, #0
10008d58:	d11b      	bne.n	10008d92 <xTaskCheckForTimeOut+0xa2>
10008d5a:	682b      	ldr	r3, [r5, #0]
10008d5c:	1c5a      	adds	r2, r3, #1
10008d5e:	d030      	beq.n	10008dc2 <xTaskCheckForTimeOut+0xd2>
10008d60:	4a4c      	ldr	r2, [pc, #304]	@ (10008e94 <xTaskCheckForTimeOut+0x1a4>)
10008d62:	6827      	ldr	r7, [r4, #0]
10008d64:	6811      	ldr	r1, [r2, #0]
10008d66:	428f      	cmp	r7, r1
10008d68:	d01e      	beq.n	10008da8 <xTaskCheckForTimeOut+0xb8>
10008d6a:	6861      	ldr	r1, [r4, #4]
10008d6c:	4561      	cmp	r1, ip
10008d6e:	d81b      	bhi.n	10008da8 <xTaskCheckForTimeOut+0xb8>
10008d70:	2300      	movs	r3, #0
10008d72:	602b      	str	r3, [r5, #0]
10008d74:	2401      	movs	r4, #1
10008d76:	6833      	ldr	r3, [r6, #0]
10008d78:	2b00      	cmp	r3, #0
10008d7a:	d001      	beq.n	10008d80 <xTaskCheckForTimeOut+0x90>
10008d7c:	f7fe fe8a 	bl	10007a94 <vTaskExitCritical.part.0>
10008d80:	0020      	movs	r0, r4
10008d82:	bcc0      	pop	{r6, r7}
10008d84:	46b9      	mov	r9, r7
10008d86:	46b0      	mov	r8, r6
10008d88:	bdf8      	pop	{r3, r4, r5, r6, r7, pc}
10008d8a:	b672      	cpsid	i
10008d8c:	e7fe      	b.n	10008d8c <xTaskCheckForTimeOut+0x9c>
10008d8e:	b672      	cpsid	i
10008d90:	e7fe      	b.n	10008d90 <xTaskCheckForTimeOut+0xa0>
10008d92:	f3ef 8010 	mrs	r0, PRIMASK
10008d96:	b672      	cpsid	i
10008d98:	6809      	ldr	r1, [r1, #0]
10008d9a:	0089      	lsls	r1, r1, #2
10008d9c:	588a      	ldr	r2, [r1, r2]
10008d9e:	f380 8810 	msr	PRIMASK, r0
10008da2:	2100      	movs	r1, #0
10008da4:	54d1      	strb	r1, [r2, r3]
10008da6:	e7e5      	b.n	10008d74 <xTaskCheckForTimeOut+0x84>
10008da8:	4661      	mov	r1, ip
10008daa:	4647      	mov	r7, r8
10008dac:	1bc9      	subs	r1, r1, r7
10008dae:	428b      	cmp	r3, r1
10008db0:	d9de      	bls.n	10008d70 <xTaskCheckForTimeOut+0x80>
10008db2:	4661      	mov	r1, ip
10008db4:	1a5b      	subs	r3, r3, r1
10008db6:	4443      	add	r3, r8
10008db8:	602b      	str	r3, [r5, #0]
10008dba:	6813      	ldr	r3, [r2, #0]
10008dbc:	6023      	str	r3, [r4, #0]
10008dbe:	6803      	ldr	r3, [r0, #0]
10008dc0:	6063      	str	r3, [r4, #4]
10008dc2:	2400      	movs	r4, #0
10008dc4:	e7d7      	b.n	10008d76 <xTaskCheckForTimeOut+0x86>
10008dc6:	4b34      	ldr	r3, [pc, #208]	@ (10008e98 <xTaskCheckForTimeOut+0x1a8>)
10008dc8:	6818      	ldr	r0, [r3, #0]
10008dca:	2800      	cmp	r0, #0
10008dcc:	d036      	beq.n	10008e3c <xTaskCheckForTimeOut+0x14c>
10008dce:	4b33      	ldr	r3, [pc, #204]	@ (10008e9c <xTaskCheckForTimeOut+0x1ac>)
10008dd0:	4698      	mov	r8, r3
10008dd2:	f3bf 8f5f 	dmb	sy
10008dd6:	4b32      	ldr	r3, [pc, #200]	@ (10008ea0 <xTaskCheckForTimeOut+0x1b0>)
10008dd8:	785f      	ldrb	r7, [r3, #1]
10008dda:	2f00      	cmp	r7, #0
10008ddc:	d11f      	bne.n	10008e1e <xTaskCheckForTimeOut+0x12e>
10008dde:	2701      	movs	r7, #1
10008de0:	4640      	mov	r0, r8
10008de2:	705f      	strb	r7, [r3, #1]
10008de4:	5c47      	ldrb	r7, [r0, r1]
10008de6:	2002      	movs	r0, #2
10008de8:	4684      	mov	ip, r0
10008dea:	4660      	mov	r0, ip
10008dec:	4307      	orrs	r7, r0
10008dee:	4640      	mov	r0, r8
10008df0:	5447      	strb	r7, [r0, r1]
10008df2:	21d0      	movs	r1, #208	@ 0xd0
10008df4:	4f2b      	ldr	r7, [pc, #172]	@ (10008ea4 <xTaskCheckForTimeOut+0x1b4>)
10008df6:	0609      	lsls	r1, r1, #24
10008df8:	6838      	ldr	r0, [r7, #0]
10008dfa:	6809      	ldr	r1, [r1, #0]
10008dfc:	2800      	cmp	r0, #0
10008dfe:	d02c      	beq.n	10008e5a <xTaskCheckForTimeOut+0x16a>
10008e00:	f3bf 8f5f 	dmb	sy
10008e04:	781f      	ldrb	r7, [r3, #0]
10008e06:	2f00      	cmp	r7, #0
10008e08:	d00b      	beq.n	10008e22 <xTaskCheckForTimeOut+0x132>
10008e0a:	b672      	cpsid	i
10008e0c:	e7fe      	b.n	10008e0c <xTaskCheckForTimeOut+0x11c>
10008e0e:	4b26      	ldr	r3, [pc, #152]	@ (10008ea8 <xTaskCheckForTimeOut+0x1b8>)
10008e10:	681b      	ldr	r3, [r3, #0]
10008e12:	2b00      	cmp	r3, #0
10008e14:	d000      	beq.n	10008e18 <xTaskCheckForTimeOut+0x128>
10008e16:	e78c      	b.n	10008d32 <xTaskCheckForTimeOut+0x42>
10008e18:	f7fe fe96 	bl	10007b48 <prvCheckForRunStateChange>
10008e1c:	e789      	b.n	10008d32 <xTaskCheckForTimeOut+0x42>
10008e1e:	b672      	cpsid	i
10008e20:	e7fe      	b.n	10008e20 <xTaskCheckForTimeOut+0x130>
10008e22:	2701      	movs	r7, #1
10008e24:	701f      	strb	r7, [r3, #0]
10008e26:	4643      	mov	r3, r8
10008e28:	4640      	mov	r0, r8
10008e2a:	5c5b      	ldrb	r3, [r3, r1]
10008e2c:	433b      	orrs	r3, r7
10008e2e:	5443      	strb	r3, [r0, r1]
10008e30:	23d0      	movs	r3, #208	@ 0xd0
10008e32:	061b      	lsls	r3, r3, #24
10008e34:	6819      	ldr	r1, [r3, #0]
10008e36:	0088      	lsls	r0, r1, #2
10008e38:	5813      	ldr	r3, [r2, r0]
10008e3a:	e770      	b.n	10008d1e <xTaskCheckForTimeOut+0x2e>
10008e3c:	4817      	ldr	r0, [pc, #92]	@ (10008e9c <xTaskCheckForTimeOut+0x1ac>)
10008e3e:	5c47      	ldrb	r7, [r0, r1]
10008e40:	4680      	mov	r8, r0
10008e42:	07bf      	lsls	r7, r7, #30
10008e44:	d505      	bpl.n	10008e52 <xTaskCheckForTimeOut+0x162>
10008e46:	4b16      	ldr	r3, [pc, #88]	@ (10008ea0 <xTaskCheckForTimeOut+0x1b0>)
10008e48:	7859      	ldrb	r1, [r3, #1]
10008e4a:	29ff      	cmp	r1, #255	@ 0xff
10008e4c:	d117      	bne.n	10008e7e <xTaskCheckForTimeOut+0x18e>
10008e4e:	b672      	cpsid	i
10008e50:	e7fe      	b.n	10008e50 <xTaskCheckForTimeOut+0x160>
10008e52:	681f      	ldr	r7, [r3, #0]
10008e54:	2f00      	cmp	r7, #0
10008e56:	d1bc      	bne.n	10008dd2 <xTaskCheckForTimeOut+0xe2>
10008e58:	e7fb      	b.n	10008e52 <xTaskCheckForTimeOut+0x162>
10008e5a:	4640      	mov	r0, r8
10008e5c:	5c40      	ldrb	r0, [r0, r1]
10008e5e:	07c0      	lsls	r0, r0, #31
10008e60:	d504      	bpl.n	10008e6c <xTaskCheckForTimeOut+0x17c>
10008e62:	7818      	ldrb	r0, [r3, #0]
10008e64:	28ff      	cmp	r0, #255	@ 0xff
10008e66:	d105      	bne.n	10008e74 <xTaskCheckForTimeOut+0x184>
10008e68:	b672      	cpsid	i
10008e6a:	e7fe      	b.n	10008e6a <xTaskCheckForTimeOut+0x17a>
10008e6c:	6838      	ldr	r0, [r7, #0]
10008e6e:	2800      	cmp	r0, #0
10008e70:	d1c6      	bne.n	10008e00 <xTaskCheckForTimeOut+0x110>
10008e72:	e7fb      	b.n	10008e6c <xTaskCheckForTimeOut+0x17c>
10008e74:	3001      	adds	r0, #1
10008e76:	7018      	strb	r0, [r3, #0]
10008e78:	0088      	lsls	r0, r1, #2
10008e7a:	5813      	ldr	r3, [r2, r0]
10008e7c:	e74f      	b.n	10008d1e <xTaskCheckForTimeOut+0x2e>
10008e7e:	3101      	adds	r1, #1
10008e80:	7059      	strb	r1, [r3, #1]
10008e82:	e7b6      	b.n	10008df2 <xTaskCheckForTimeOut+0x102>
10008e84:	20022030 	.word	0x20022030
10008e88:	20021f84 	.word	0x20021f84
10008e8c:	20022064 	.word	0x20022064
10008e90:	20001ca4 	.word	0x20001ca4
10008e94:	2002200c 	.word	0x2002200c
10008e98:	d0000134 	.word	0xd0000134
10008e9c:	20021f60 	.word	0x20021f60
10008ea0:	20021f64 	.word	0x20021f64
10008ea4:	d0000130 	.word	0xd0000130
10008ea8:	20021f94 	.word	0x20021f94

10008eac <vTaskMissedYield>:
10008eac:	23d0      	movs	r3, #208	@ 0xd0
10008eae:	2101      	movs	r1, #1
10008eb0:	061b      	lsls	r3, r3, #24
10008eb2:	681a      	ldr	r2, [r3, #0]
10008eb4:	4b01      	ldr	r3, [pc, #4]	@ (10008ebc <vTaskMissedYield+0x10>)
10008eb6:	0092      	lsls	r2, r2, #2
10008eb8:	50d1      	str	r1, [r2, r3]
10008eba:	4770      	bx	lr
10008ebc:	20022070 	.word	0x20022070

10008ec0 <xTaskGetSchedulerState>:
10008ec0:	b570      	push	{r4, r5, r6, lr}
10008ec2:	4d3d      	ldr	r5, [pc, #244]	@ (10008fb8 <xTaskGetSchedulerState+0xf8>)
10008ec4:	2001      	movs	r0, #1
10008ec6:	682b      	ldr	r3, [r5, #0]
10008ec8:	2b00      	cmp	r3, #0
10008eca:	d100      	bne.n	10008ece <xTaskGetSchedulerState+0xe>
10008ecc:	bd70      	pop	{r4, r5, r6, pc}
10008ece:	b672      	cpsid	i
10008ed0:	682b      	ldr	r3, [r5, #0]
10008ed2:	2b00      	cmp	r3, #0
10008ed4:	d10a      	bne.n	10008eec <xTaskGetSchedulerState+0x2c>
10008ed6:	4c39      	ldr	r4, [pc, #228]	@ (10008fbc <xTaskGetSchedulerState+0xfc>)
10008ed8:	6824      	ldr	r4, [r4, #0]
10008eda:	682b      	ldr	r3, [r5, #0]
10008edc:	2b00      	cmp	r3, #0
10008ede:	d001      	beq.n	10008ee4 <xTaskGetSchedulerState+0x24>
10008ee0:	f7fe fdd8 	bl	10007a94 <vTaskExitCritical.part.0>
10008ee4:	4263      	negs	r3, r4
10008ee6:	415c      	adcs	r4, r3
10008ee8:	0060      	lsls	r0, r4, #1
10008eea:	e7ef      	b.n	10008ecc <xTaskGetSchedulerState+0xc>
10008eec:	23d0      	movs	r3, #208	@ 0xd0
10008eee:	061b      	lsls	r3, r3, #24
10008ef0:	6818      	ldr	r0, [r3, #0]
10008ef2:	4a33      	ldr	r2, [pc, #204]	@ (10008fc0 <xTaskGetSchedulerState+0x100>)
10008ef4:	0081      	lsls	r1, r0, #2
10008ef6:	5853      	ldr	r3, [r2, r1]
10008ef8:	2b00      	cmp	r3, #0
10008efa:	d00f      	beq.n	10008f1c <xTaskGetSchedulerState+0x5c>
10008efc:	3301      	adds	r3, #1
10008efe:	5053      	str	r3, [r2, r1]
10008f00:	23d0      	movs	r3, #208	@ 0xd0
10008f02:	061b      	lsls	r3, r3, #24
10008f04:	681b      	ldr	r3, [r3, #0]
10008f06:	4c2d      	ldr	r4, [pc, #180]	@ (10008fbc <xTaskGetSchedulerState+0xfc>)
10008f08:	009b      	lsls	r3, r3, #2
10008f0a:	58d3      	ldr	r3, [r2, r3]
10008f0c:	2b01      	cmp	r3, #1
10008f0e:	d1e3      	bne.n	10008ed8 <xTaskGetSchedulerState+0x18>
10008f10:	6823      	ldr	r3, [r4, #0]
10008f12:	2b00      	cmp	r3, #0
10008f14:	d1e0      	bne.n	10008ed8 <xTaskGetSchedulerState+0x18>
10008f16:	f7fe fe17 	bl	10007b48 <prvCheckForRunStateChange>
10008f1a:	e7dd      	b.n	10008ed8 <xTaskGetSchedulerState+0x18>
10008f1c:	4b29      	ldr	r3, [pc, #164]	@ (10008fc4 <xTaskGetSchedulerState+0x104>)
10008f1e:	6819      	ldr	r1, [r3, #0]
10008f20:	2900      	cmp	r1, #0
10008f22:	d008      	beq.n	10008f36 <xTaskGetSchedulerState+0x76>
10008f24:	4928      	ldr	r1, [pc, #160]	@ (10008fc8 <xTaskGetSchedulerState+0x108>)
10008f26:	f3bf 8f5f 	dmb	sy
10008f2a:	4b28      	ldr	r3, [pc, #160]	@ (10008fcc <xTaskGetSchedulerState+0x10c>)
10008f2c:	785c      	ldrb	r4, [r3, #1]
10008f2e:	2c00      	cmp	r4, #0
10008f30:	d00f      	beq.n	10008f52 <xTaskGetSchedulerState+0x92>
10008f32:	b672      	cpsid	i
10008f34:	e7fe      	b.n	10008f34 <xTaskGetSchedulerState+0x74>
10008f36:	4924      	ldr	r1, [pc, #144]	@ (10008fc8 <xTaskGetSchedulerState+0x108>)
10008f38:	5c0c      	ldrb	r4, [r1, r0]
10008f3a:	07a4      	lsls	r4, r4, #30
10008f3c:	d505      	bpl.n	10008f4a <xTaskGetSchedulerState+0x8a>
10008f3e:	4b23      	ldr	r3, [pc, #140]	@ (10008fcc <xTaskGetSchedulerState+0x10c>)
10008f40:	7858      	ldrb	r0, [r3, #1]
10008f42:	28ff      	cmp	r0, #255	@ 0xff
10008f44:	d130      	bne.n	10008fa8 <xTaskGetSchedulerState+0xe8>
10008f46:	b672      	cpsid	i
10008f48:	e7fe      	b.n	10008f48 <xTaskGetSchedulerState+0x88>
10008f4a:	681c      	ldr	r4, [r3, #0]
10008f4c:	2c00      	cmp	r4, #0
10008f4e:	d1ea      	bne.n	10008f26 <xTaskGetSchedulerState+0x66>
10008f50:	e7fb      	b.n	10008f4a <xTaskGetSchedulerState+0x8a>
10008f52:	2401      	movs	r4, #1
10008f54:	2602      	movs	r6, #2
10008f56:	705c      	strb	r4, [r3, #1]
10008f58:	5c0c      	ldrb	r4, [r1, r0]
10008f5a:	4334      	orrs	r4, r6
10008f5c:	540c      	strb	r4, [r1, r0]
10008f5e:	20d0      	movs	r0, #208	@ 0xd0
10008f60:	4c1b      	ldr	r4, [pc, #108]	@ (10008fd0 <xTaskGetSchedulerState+0x110>)
10008f62:	0600      	lsls	r0, r0, #24
10008f64:	6826      	ldr	r6, [r4, #0]
10008f66:	6800      	ldr	r0, [r0, #0]
10008f68:	2e00      	cmp	r6, #0
10008f6a:	d011      	beq.n	10008f90 <xTaskGetSchedulerState+0xd0>
10008f6c:	f3bf 8f5f 	dmb	sy
10008f70:	781c      	ldrb	r4, [r3, #0]
10008f72:	2c00      	cmp	r4, #0
10008f74:	d001      	beq.n	10008f7a <xTaskGetSchedulerState+0xba>
10008f76:	b672      	cpsid	i
10008f78:	e7fe      	b.n	10008f78 <xTaskGetSchedulerState+0xb8>
10008f7a:	2401      	movs	r4, #1
10008f7c:	701c      	strb	r4, [r3, #0]
10008f7e:	5c0b      	ldrb	r3, [r1, r0]
10008f80:	4323      	orrs	r3, r4
10008f82:	540b      	strb	r3, [r1, r0]
10008f84:	23d0      	movs	r3, #208	@ 0xd0
10008f86:	061b      	lsls	r3, r3, #24
10008f88:	6818      	ldr	r0, [r3, #0]
10008f8a:	0081      	lsls	r1, r0, #2
10008f8c:	5853      	ldr	r3, [r2, r1]
10008f8e:	e7b5      	b.n	10008efc <xTaskGetSchedulerState+0x3c>
10008f90:	5c0e      	ldrb	r6, [r1, r0]
10008f92:	07f6      	lsls	r6, r6, #31
10008f94:	d504      	bpl.n	10008fa0 <xTaskGetSchedulerState+0xe0>
10008f96:	7819      	ldrb	r1, [r3, #0]
10008f98:	29ff      	cmp	r1, #255	@ 0xff
10008f9a:	d108      	bne.n	10008fae <xTaskGetSchedulerState+0xee>
10008f9c:	b672      	cpsid	i
10008f9e:	e7fe      	b.n	10008f9e <xTaskGetSchedulerState+0xde>
10008fa0:	6826      	ldr	r6, [r4, #0]
10008fa2:	2e00      	cmp	r6, #0
10008fa4:	d1e2      	bne.n	10008f6c <xTaskGetSchedulerState+0xac>
10008fa6:	e7fb      	b.n	10008fa0 <xTaskGetSchedulerState+0xe0>
10008fa8:	3001      	adds	r0, #1
10008faa:	7058      	strb	r0, [r3, #1]
10008fac:	e7d7      	b.n	10008f5e <xTaskGetSchedulerState+0x9e>
10008fae:	3101      	adds	r1, #1
10008fb0:	7019      	strb	r1, [r3, #0]
10008fb2:	0081      	lsls	r1, r0, #2
10008fb4:	5853      	ldr	r3, [r2, r1]
10008fb6:	e7a1      	b.n	10008efc <xTaskGetSchedulerState+0x3c>
10008fb8:	20022030 	.word	0x20022030
10008fbc:	20021f94 	.word	0x20021f94
10008fc0:	20021f84 	.word	0x20021f84
10008fc4:	d0000134 	.word	0xd0000134
10008fc8:	20021f60 	.word	0x20021f60
10008fcc:	20021f64 	.word	0x20021f64
10008fd0:	d0000130 	.word	0xd0000130

10008fd4 <xTaskPriorityDisinherit>:
10008fd4:	b5f8      	push	{r3, r4, r5, r6, r7, lr}
10008fd6:	1e04      	subs	r4, r0, #0
10008fd8:	d019      	beq.n	1000900e <xTaskPriorityDisinherit+0x3a>
10008fda:	f3ef 8210 	mrs	r2, PRIMASK
10008fde:	b672      	cpsid	i
10008fe0:	23d0      	movs	r3, #208	@ 0xd0
10008fe2:	061b      	lsls	r3, r3, #24
10008fe4:	681b      	ldr	r3, [r3, #0]
10008fe6:	4d2e      	ldr	r5, [pc, #184]	@ (100090a0 <xTaskPriorityDisinherit+0xcc>)
10008fe8:	009b      	lsls	r3, r3, #2
10008fea:	58eb      	ldr	r3, [r5, r3]
10008fec:	f382 8810 	msr	PRIMASK, r2
10008ff0:	4298      	cmp	r0, r3
10008ff2:	d001      	beq.n	10008ff8 <xTaskPriorityDisinherit+0x24>
10008ff4:	b672      	cpsid	i
10008ff6:	e7fe      	b.n	10008ff6 <xTaskPriorityDisinherit+0x22>
10008ff8:	6dc3      	ldr	r3, [r0, #92]	@ 0x5c
10008ffa:	2b00      	cmp	r3, #0
10008ffc:	d009      	beq.n	10009012 <xTaskPriorityDisinherit+0x3e>
10008ffe:	6b01      	ldr	r1, [r0, #48]	@ 0x30
10009000:	6d82      	ldr	r2, [r0, #88]	@ 0x58
10009002:	3b01      	subs	r3, #1
10009004:	65c3      	str	r3, [r0, #92]	@ 0x5c
10009006:	4291      	cmp	r1, r2
10009008:	d001      	beq.n	1000900e <xTaskPriorityDisinherit+0x3a>
1000900a:	2b00      	cmp	r3, #0
1000900c:	d003      	beq.n	10009016 <xTaskPriorityDisinherit+0x42>
1000900e:	2000      	movs	r0, #0
10009010:	bdf8      	pop	{r3, r4, r5, r6, r7, pc}
10009012:	b672      	cpsid	i
10009014:	e7fe      	b.n	10009014 <xTaskPriorityDisinherit+0x40>
10009016:	0006      	movs	r6, r0
10009018:	3608      	adds	r6, #8
1000901a:	0030      	movs	r0, r6
1000901c:	f000 fcc0 	bl	100099a0 <uxListRemove>
10009020:	2320      	movs	r3, #32
10009022:	6da2      	ldr	r2, [r4, #88]	@ 0x58
10009024:	1a9b      	subs	r3, r3, r2
10009026:	61e3      	str	r3, [r4, #28]
10009028:	4b1e      	ldr	r3, [pc, #120]	@ (100090a4 <xTaskPriorityDisinherit+0xd0>)
1000902a:	6322      	str	r2, [r4, #48]	@ 0x30
1000902c:	6819      	ldr	r1, [r3, #0]
1000902e:	428a      	cmp	r2, r1
10009030:	d900      	bls.n	10009034 <xTaskPriorityDisinherit+0x60>
10009032:	601a      	str	r2, [r3, #0]
10009034:	0093      	lsls	r3, r2, #2
10009036:	491c      	ldr	r1, [pc, #112]	@ (100090a8 <xTaskPriorityDisinherit+0xd4>)
10009038:	189b      	adds	r3, r3, r2
1000903a:	009b      	lsls	r3, r3, #2
1000903c:	18c8      	adds	r0, r1, r3
1000903e:	6842      	ldr	r2, [r0, #4]
10009040:	6897      	ldr	r7, [r2, #8]
10009042:	60e2      	str	r2, [r4, #12]
10009044:	6127      	str	r7, [r4, #16]
10009046:	607e      	str	r6, [r7, #4]
10009048:	6096      	str	r6, [r2, #8]
1000904a:	58ca      	ldr	r2, [r1, r3]
1000904c:	61a0      	str	r0, [r4, #24]
1000904e:	3201      	adds	r2, #1
10009050:	50ca      	str	r2, [r1, r3]
10009052:	6ba3      	ldr	r3, [r4, #56]	@ 0x38
10009054:	2b00      	cmp	r3, #0
10009056:	db02      	blt.n	1000905e <xTaskPriorityDisinherit+0x8a>
10009058:	6ba3      	ldr	r3, [r4, #56]	@ 0x38
1000905a:	2b01      	cmp	r3, #1
1000905c:	dd01      	ble.n	10009062 <xTaskPriorityDisinherit+0x8e>
1000905e:	2001      	movs	r0, #1
10009060:	e7d6      	b.n	10009010 <xTaskPriorityDisinherit+0x3c>
10009062:	23d0      	movs	r3, #208	@ 0xd0
10009064:	061b      	lsls	r3, r3, #24
10009066:	6ba2      	ldr	r2, [r4, #56]	@ 0x38
10009068:	681b      	ldr	r3, [r3, #0]
1000906a:	429a      	cmp	r2, r3
1000906c:	d010      	beq.n	10009090 <xTaskPriorityDisinherit+0xbc>
1000906e:	6ba3      	ldr	r3, [r4, #56]	@ 0x38
10009070:	009b      	lsls	r3, r3, #2
10009072:	58eb      	ldr	r3, [r5, r3]
10009074:	6b9b      	ldr	r3, [r3, #56]	@ 0x38
10009076:	3302      	adds	r3, #2
10009078:	d0f1      	beq.n	1000905e <xTaskPriorityDisinherit+0x8a>
1000907a:	6ba0      	ldr	r0, [r4, #56]	@ 0x38
1000907c:	f000 ff9a 	bl	10009fb4 <vYieldCore>
10009080:	2202      	movs	r2, #2
10009082:	6ba3      	ldr	r3, [r4, #56]	@ 0x38
10009084:	4252      	negs	r2, r2
10009086:	009b      	lsls	r3, r3, #2
10009088:	58eb      	ldr	r3, [r5, r3]
1000908a:	2001      	movs	r0, #1
1000908c:	639a      	str	r2, [r3, #56]	@ 0x38
1000908e:	e7bf      	b.n	10009010 <xTaskPriorityDisinherit+0x3c>
10009090:	2101      	movs	r1, #1
10009092:	6ba2      	ldr	r2, [r4, #56]	@ 0x38
10009094:	4b05      	ldr	r3, [pc, #20]	@ (100090ac <xTaskPriorityDisinherit+0xd8>)
10009096:	0092      	lsls	r2, r2, #2
10009098:	2001      	movs	r0, #1
1000909a:	50d1      	str	r1, [r2, r3]
1000909c:	e7b8      	b.n	10009010 <xTaskPriorityDisinherit+0x3c>
1000909e:	46c0      	nop			@ (mov r8, r8)
100090a0:	20001ca4 	.word	0x20001ca4
100090a4:	20021f9c 	.word	0x20021f9c
100090a8:	20001cc0 	.word	0x20001cc0
100090ac:	20022070 	.word	0x20022070

100090b0 <vTaskYieldWithinAPI>:
100090b0:	23d0      	movs	r3, #208	@ 0xd0
100090b2:	061b      	lsls	r3, r3, #24
100090b4:	681b      	ldr	r3, [r3, #0]
100090b6:	4a06      	ldr	r2, [pc, #24]	@ (100090d0 <vTaskYieldWithinAPI+0x20>)
100090b8:	009b      	lsls	r3, r3, #2
100090ba:	589a      	ldr	r2, [r3, r2]
100090bc:	b510      	push	{r4, lr}
100090be:	2a00      	cmp	r2, #0
100090c0:	d003      	beq.n	100090ca <vTaskYieldWithinAPI+0x1a>
100090c2:	2101      	movs	r1, #1
100090c4:	4a03      	ldr	r2, [pc, #12]	@ (100090d4 <vTaskYieldWithinAPI+0x24>)
100090c6:	5099      	str	r1, [r3, r2]
100090c8:	bd10      	pop	{r4, pc}
100090ca:	f000 ff3b 	bl	10009f44 <vPortYield>
100090ce:	e7fb      	b.n	100090c8 <vTaskYieldWithinAPI+0x18>
100090d0:	20021f84 	.word	0x20021f84
100090d4:	20022070 	.word	0x20022070

100090d8 <vTaskEnterCritical>:
100090d8:	b570      	push	{r4, r5, r6, lr}
100090da:	b672      	cpsid	i
100090dc:	4b35      	ldr	r3, [pc, #212]	@ (100091b4 <vTaskEnterCritical+0xdc>)
100090de:	681b      	ldr	r3, [r3, #0]
100090e0:	2b00      	cmp	r3, #0
100090e2:	d010      	beq.n	10009106 <vTaskEnterCritical+0x2e>
100090e4:	23d0      	movs	r3, #208	@ 0xd0
100090e6:	061b      	lsls	r3, r3, #24
100090e8:	6818      	ldr	r0, [r3, #0]
100090ea:	4a33      	ldr	r2, [pc, #204]	@ (100091b8 <vTaskEnterCritical+0xe0>)
100090ec:	0081      	lsls	r1, r0, #2
100090ee:	5853      	ldr	r3, [r2, r1]
100090f0:	2b00      	cmp	r3, #0
100090f2:	d009      	beq.n	10009108 <vTaskEnterCritical+0x30>
100090f4:	3301      	adds	r3, #1
100090f6:	5053      	str	r3, [r2, r1]
100090f8:	23d0      	movs	r3, #208	@ 0xd0
100090fa:	061b      	lsls	r3, r3, #24
100090fc:	681b      	ldr	r3, [r3, #0]
100090fe:	009b      	lsls	r3, r3, #2
10009100:	58d3      	ldr	r3, [r2, r3]
10009102:	2b01      	cmp	r3, #1
10009104:	d00d      	beq.n	10009122 <vTaskEnterCritical+0x4a>
10009106:	bd70      	pop	{r4, r5, r6, pc}
10009108:	4b2c      	ldr	r3, [pc, #176]	@ (100091bc <vTaskEnterCritical+0xe4>)
1000910a:	6819      	ldr	r1, [r3, #0]
1000910c:	2900      	cmp	r1, #0
1000910e:	d02e      	beq.n	1000916e <vTaskEnterCritical+0x96>
10009110:	492b      	ldr	r1, [pc, #172]	@ (100091c0 <vTaskEnterCritical+0xe8>)
10009112:	f3bf 8f5f 	dmb	sy
10009116:	4b2b      	ldr	r3, [pc, #172]	@ (100091c4 <vTaskEnterCritical+0xec>)
10009118:	785c      	ldrb	r4, [r3, #1]
1000911a:	2c00      	cmp	r4, #0
1000911c:	d008      	beq.n	10009130 <vTaskEnterCritical+0x58>
1000911e:	b672      	cpsid	i
10009120:	e7fe      	b.n	10009120 <vTaskEnterCritical+0x48>
10009122:	4b29      	ldr	r3, [pc, #164]	@ (100091c8 <vTaskEnterCritical+0xf0>)
10009124:	681b      	ldr	r3, [r3, #0]
10009126:	2b00      	cmp	r3, #0
10009128:	d1ed      	bne.n	10009106 <vTaskEnterCritical+0x2e>
1000912a:	f7fe fd0d 	bl	10007b48 <prvCheckForRunStateChange>
1000912e:	e7ea      	b.n	10009106 <vTaskEnterCritical+0x2e>
10009130:	2401      	movs	r4, #1
10009132:	2502      	movs	r5, #2
10009134:	705c      	strb	r4, [r3, #1]
10009136:	5c0c      	ldrb	r4, [r1, r0]
10009138:	432c      	orrs	r4, r5
1000913a:	540c      	strb	r4, [r1, r0]
1000913c:	20d0      	movs	r0, #208	@ 0xd0
1000913e:	4c23      	ldr	r4, [pc, #140]	@ (100091cc <vTaskEnterCritical+0xf4>)
10009140:	0600      	lsls	r0, r0, #24
10009142:	6825      	ldr	r5, [r4, #0]
10009144:	6800      	ldr	r0, [r0, #0]
10009146:	2d00      	cmp	r5, #0
10009148:	d01f      	beq.n	1000918a <vTaskEnterCritical+0xb2>
1000914a:	f3bf 8f5f 	dmb	sy
1000914e:	781c      	ldrb	r4, [r3, #0]
10009150:	2c00      	cmp	r4, #0
10009152:	d001      	beq.n	10009158 <vTaskEnterCritical+0x80>
10009154:	b672      	cpsid	i
10009156:	e7fe      	b.n	10009156 <vTaskEnterCritical+0x7e>
10009158:	2401      	movs	r4, #1
1000915a:	701c      	strb	r4, [r3, #0]
1000915c:	5c0b      	ldrb	r3, [r1, r0]
1000915e:	4323      	orrs	r3, r4
10009160:	540b      	strb	r3, [r1, r0]
10009162:	23d0      	movs	r3, #208	@ 0xd0
10009164:	061b      	lsls	r3, r3, #24
10009166:	6818      	ldr	r0, [r3, #0]
10009168:	0081      	lsls	r1, r0, #2
1000916a:	5853      	ldr	r3, [r2, r1]
1000916c:	e7c2      	b.n	100090f4 <vTaskEnterCritical+0x1c>
1000916e:	4914      	ldr	r1, [pc, #80]	@ (100091c0 <vTaskEnterCritical+0xe8>)
10009170:	5c0c      	ldrb	r4, [r1, r0]
10009172:	07a4      	lsls	r4, r4, #30
10009174:	d505      	bpl.n	10009182 <vTaskEnterCritical+0xaa>
10009176:	4b13      	ldr	r3, [pc, #76]	@ (100091c4 <vTaskEnterCritical+0xec>)
10009178:	7858      	ldrb	r0, [r3, #1]
1000917a:	28ff      	cmp	r0, #255	@ 0xff
1000917c:	d111      	bne.n	100091a2 <vTaskEnterCritical+0xca>
1000917e:	b672      	cpsid	i
10009180:	e7fe      	b.n	10009180 <vTaskEnterCritical+0xa8>
10009182:	681c      	ldr	r4, [r3, #0]
10009184:	2c00      	cmp	r4, #0
10009186:	d1c4      	bne.n	10009112 <vTaskEnterCritical+0x3a>
10009188:	e7fb      	b.n	10009182 <vTaskEnterCritical+0xaa>
1000918a:	5c0d      	ldrb	r5, [r1, r0]
1000918c:	07ed      	lsls	r5, r5, #31
1000918e:	d504      	bpl.n	1000919a <vTaskEnterCritical+0xc2>
10009190:	7819      	ldrb	r1, [r3, #0]
10009192:	29ff      	cmp	r1, #255	@ 0xff
10009194:	d108      	bne.n	100091a8 <vTaskEnterCritical+0xd0>
10009196:	b672      	cpsid	i
10009198:	e7fe      	b.n	10009198 <vTaskEnterCritical+0xc0>
1000919a:	6825      	ldr	r5, [r4, #0]
1000919c:	2d00      	cmp	r5, #0
1000919e:	d1d4      	bne.n	1000914a <vTaskEnterCritical+0x72>
100091a0:	e7fb      	b.n	1000919a <vTaskEnterCritical+0xc2>
100091a2:	3001      	adds	r0, #1
100091a4:	7058      	strb	r0, [r3, #1]
100091a6:	e7c9      	b.n	1000913c <vTaskEnterCritical+0x64>
100091a8:	3101      	adds	r1, #1
100091aa:	7019      	strb	r1, [r3, #0]
100091ac:	0081      	lsls	r1, r0, #2
100091ae:	5853      	ldr	r3, [r2, r1]
100091b0:	e7a0      	b.n	100090f4 <vTaskEnterCritical+0x1c>
100091b2:	46c0      	nop			@ (mov r8, r8)
100091b4:	20022030 	.word	0x20022030
100091b8:	20021f84 	.word	0x20021f84
100091bc:	d0000134 	.word	0xd0000134
100091c0:	20021f60 	.word	0x20021f60
100091c4:	20021f64 	.word	0x20021f64
100091c8:	20021f94 	.word	0x20021f94
100091cc:	d0000130 	.word	0xd0000130

100091d0 <prvAddNewTaskToReadyList>:
100091d0:	b5f0      	push	{r4, r5, r6, r7, lr}
100091d2:	46c6      	mov	lr, r8
100091d4:	b500      	push	{lr}
100091d6:	0005      	movs	r5, r0
100091d8:	f7ff ff7e 	bl	100090d8 <vTaskEnterCritical>
100091dc:	4a2c      	ldr	r2, [pc, #176]	@ (10009290 <prvAddNewTaskToReadyList+0xc0>)
100091de:	4f2d      	ldr	r7, [pc, #180]	@ (10009294 <prvAddNewTaskToReadyList+0xc4>)
100091e0:	6813      	ldr	r3, [r2, #0]
100091e2:	3301      	adds	r3, #1
100091e4:	6013      	str	r3, [r2, #0]
100091e6:	683b      	ldr	r3, [r7, #0]
100091e8:	2b00      	cmp	r3, #0
100091ea:	d026      	beq.n	1000923a <prvAddNewTaskToReadyList+0x6a>
100091ec:	4e2a      	ldr	r6, [pc, #168]	@ (10009298 <prvAddNewTaskToReadyList+0xc8>)
100091ee:	4a2b      	ldr	r2, [pc, #172]	@ (1000929c <prvAddNewTaskToReadyList+0xcc>)
100091f0:	6813      	ldr	r3, [r2, #0]
100091f2:	3301      	adds	r3, #1
100091f4:	6013      	str	r3, [r2, #0]
100091f6:	652b      	str	r3, [r5, #80]	@ 0x50
100091f8:	4b29      	ldr	r3, [pc, #164]	@ (100092a0 <prvAddNewTaskToReadyList+0xd0>)
100091fa:	6b2a      	ldr	r2, [r5, #48]	@ 0x30
100091fc:	6819      	ldr	r1, [r3, #0]
100091fe:	428a      	cmp	r2, r1
10009200:	d900      	bls.n	10009204 <prvAddNewTaskToReadyList+0x34>
10009202:	601a      	str	r2, [r3, #0]
10009204:	0028      	movs	r0, r5
10009206:	0093      	lsls	r3, r2, #2
10009208:	189b      	adds	r3, r3, r2
1000920a:	009b      	lsls	r3, r3, #2
1000920c:	18f1      	adds	r1, r6, r3
1000920e:	684a      	ldr	r2, [r1, #4]
10009210:	3008      	adds	r0, #8
10009212:	6894      	ldr	r4, [r2, #8]
10009214:	60ea      	str	r2, [r5, #12]
10009216:	612c      	str	r4, [r5, #16]
10009218:	6060      	str	r0, [r4, #4]
1000921a:	6090      	str	r0, [r2, #8]
1000921c:	58f2      	ldr	r2, [r6, r3]
1000921e:	61a9      	str	r1, [r5, #24]
10009220:	3201      	adds	r2, #1
10009222:	50f2      	str	r2, [r6, r3]
10009224:	683b      	ldr	r3, [r7, #0]
10009226:	2b00      	cmp	r3, #0
10009228:	d12e      	bne.n	10009288 <prvAddNewTaskToReadyList+0xb8>
1000922a:	683b      	ldr	r3, [r7, #0]
1000922c:	2b00      	cmp	r3, #0
1000922e:	d001      	beq.n	10009234 <prvAddNewTaskToReadyList+0x64>
10009230:	f7fe fc30 	bl	10007a94 <vTaskExitCritical.part.0>
10009234:	bc80      	pop	{r7}
10009236:	46b8      	mov	r8, r7
10009238:	bdf0      	pop	{r4, r5, r6, r7, pc}
1000923a:	6813      	ldr	r3, [r2, #0]
1000923c:	4e16      	ldr	r6, [pc, #88]	@ (10009298 <prvAddNewTaskToReadyList+0xc8>)
1000923e:	2b01      	cmp	r3, #1
10009240:	d1d5      	bne.n	100091ee <prvAddNewTaskToReadyList+0x1e>
10009242:	23a0      	movs	r3, #160	@ 0xa0
10009244:	009b      	lsls	r3, r3, #2
10009246:	4698      	mov	r8, r3
10009248:	0034      	movs	r4, r6
1000924a:	44b0      	add	r8, r6
1000924c:	0020      	movs	r0, r4
1000924e:	3414      	adds	r4, #20
10009250:	f000 fb72 	bl	10009938 <vListInitialise>
10009254:	4544      	cmp	r4, r8
10009256:	d1f9      	bne.n	1000924c <prvAddNewTaskToReadyList+0x7c>
10009258:	4b12      	ldr	r3, [pc, #72]	@ (100092a4 <prvAddNewTaskToReadyList+0xd4>)
1000925a:	4698      	mov	r8, r3
1000925c:	0018      	movs	r0, r3
1000925e:	f000 fb6b 	bl	10009938 <vListInitialise>
10009262:	4c11      	ldr	r4, [pc, #68]	@ (100092a8 <prvAddNewTaskToReadyList+0xd8>)
10009264:	0020      	movs	r0, r4
10009266:	f000 fb67 	bl	10009938 <vListInitialise>
1000926a:	4810      	ldr	r0, [pc, #64]	@ (100092ac <prvAddNewTaskToReadyList+0xdc>)
1000926c:	f000 fb64 	bl	10009938 <vListInitialise>
10009270:	480f      	ldr	r0, [pc, #60]	@ (100092b0 <prvAddNewTaskToReadyList+0xe0>)
10009272:	f000 fb61 	bl	10009938 <vListInitialise>
10009276:	480f      	ldr	r0, [pc, #60]	@ (100092b4 <prvAddNewTaskToReadyList+0xe4>)
10009278:	f000 fb5e 	bl	10009938 <vListInitialise>
1000927c:	4642      	mov	r2, r8
1000927e:	4b0e      	ldr	r3, [pc, #56]	@ (100092b8 <prvAddNewTaskToReadyList+0xe8>)
10009280:	601a      	str	r2, [r3, #0]
10009282:	4b0e      	ldr	r3, [pc, #56]	@ (100092bc <prvAddNewTaskToReadyList+0xec>)
10009284:	601c      	str	r4, [r3, #0]
10009286:	e7b2      	b.n	100091ee <prvAddNewTaskToReadyList+0x1e>
10009288:	0028      	movs	r0, r5
1000928a:	f7fe faf9 	bl	10007880 <prvYieldForTask>
1000928e:	e7cc      	b.n	1000922a <prvAddNewTaskToReadyList+0x5a>
10009290:	20021f8c 	.word	0x20021f8c
10009294:	20022030 	.word	0x20022030
10009298:	20001cc0 	.word	0x20001cc0
1000929c:	20021f98 	.word	0x20021f98
100092a0:	20021f9c 	.word	0x20021f9c
100092a4:	20021fc8 	.word	0x20021fc8
100092a8:	20021fdc 	.word	0x20021fdc
100092ac:	2002201c 	.word	0x2002201c
100092b0:	20022050 	.word	0x20022050
100092b4:	2002203c 	.word	0x2002203c
100092b8:	20001cb0 	.word	0x20001cb0
100092bc:	20001cb8 	.word	0x20001cb8

100092c0 <xTaskCreate>:
100092c0:	b5f8      	push	{r3, r4, r5, r6, r7, lr}
100092c2:	46ce      	mov	lr, r9
100092c4:	4647      	mov	r7, r8
100092c6:	b580      	push	{r7, lr}
100092c8:	0097      	lsls	r7, r2, #2
100092ca:	4680      	mov	r8, r0
100092cc:	0038      	movs	r0, r7
100092ce:	000d      	movs	r5, r1
100092d0:	4699      	mov	r9, r3
100092d2:	f7fe f99b 	bl	1000760c <pvPortMalloc>
100092d6:	1e06      	subs	r6, r0, #0
100092d8:	d100      	bne.n	100092dc <xTaskCreate+0x1c>
100092da:	e09c      	b.n	10009416 <xTaskCreate+0x156>
100092dc:	207c      	movs	r0, #124	@ 0x7c
100092de:	f7fe f995 	bl	1000760c <pvPortMalloc>
100092e2:	1e04      	subs	r4, r0, #0
100092e4:	d100      	bne.n	100092e8 <xTaskCreate+0x28>
100092e6:	e093      	b.n	10009410 <xTaskCreate+0x150>
100092e8:	227c      	movs	r2, #124	@ 0x7c
100092ea:	2100      	movs	r1, #0
100092ec:	f7fa f822 	bl	10003334 <__wrap_memset>
100092f0:	0030      	movs	r0, r6
100092f2:	6366      	str	r6, [r4, #52]	@ 0x34
100092f4:	003a      	movs	r2, r7
100092f6:	21a5      	movs	r1, #165	@ 0xa5
100092f8:	f7fa f81c 	bl	10003334 <__wrap_memset>
100092fc:	6b66      	ldr	r6, [r4, #52]	@ 0x34
100092fe:	2d00      	cmp	r5, #0
10009300:	d04b      	beq.n	1000939a <xTaskCreate+0xda>
10009302:	2240      	movs	r2, #64	@ 0x40
10009304:	782b      	ldrb	r3, [r5, #0]
10009306:	54a3      	strb	r3, [r4, r2]
10009308:	2b00      	cmp	r3, #0
1000930a:	d043      	beq.n	10009394 <xTaskCreate+0xd4>
1000930c:	786b      	ldrb	r3, [r5, #1]
1000930e:	3201      	adds	r2, #1
10009310:	54a3      	strb	r3, [r4, r2]
10009312:	2b00      	cmp	r3, #0
10009314:	d03e      	beq.n	10009394 <xTaskCreate+0xd4>
10009316:	78ab      	ldrb	r3, [r5, #2]
10009318:	3201      	adds	r2, #1
1000931a:	54a3      	strb	r3, [r4, r2]
1000931c:	2b00      	cmp	r3, #0
1000931e:	d039      	beq.n	10009394 <xTaskCreate+0xd4>
10009320:	78eb      	ldrb	r3, [r5, #3]
10009322:	3201      	adds	r2, #1
10009324:	54a3      	strb	r3, [r4, r2]
10009326:	2b00      	cmp	r3, #0
10009328:	d034      	beq.n	10009394 <xTaskCreate+0xd4>
1000932a:	792b      	ldrb	r3, [r5, #4]
1000932c:	3201      	adds	r2, #1
1000932e:	54a3      	strb	r3, [r4, r2]
10009330:	2b00      	cmp	r3, #0
10009332:	d02f      	beq.n	10009394 <xTaskCreate+0xd4>
10009334:	796b      	ldrb	r3, [r5, #5]
10009336:	3201      	adds	r2, #1
10009338:	54a3      	strb	r3, [r4, r2]
1000933a:	2b00      	cmp	r3, #0
1000933c:	d02a      	beq.n	10009394 <xTaskCreate+0xd4>
1000933e:	79ab      	ldrb	r3, [r5, #6]
10009340:	3201      	adds	r2, #1
10009342:	54a3      	strb	r3, [r4, r2]
10009344:	2b00      	cmp	r3, #0
10009346:	d025      	beq.n	10009394 <xTaskCreate+0xd4>
10009348:	79eb      	ldrb	r3, [r5, #7]
1000934a:	3201      	adds	r2, #1
1000934c:	54a3      	strb	r3, [r4, r2]
1000934e:	2b00      	cmp	r3, #0
10009350:	d020      	beq.n	10009394 <xTaskCreate+0xd4>
10009352:	7a2b      	ldrb	r3, [r5, #8]
10009354:	3201      	adds	r2, #1
10009356:	54a3      	strb	r3, [r4, r2]
10009358:	2b00      	cmp	r3, #0
1000935a:	d01b      	beq.n	10009394 <xTaskCreate+0xd4>
1000935c:	7a6b      	ldrb	r3, [r5, #9]
1000935e:	3201      	adds	r2, #1
10009360:	54a3      	strb	r3, [r4, r2]
10009362:	2b00      	cmp	r3, #0
10009364:	d016      	beq.n	10009394 <xTaskCreate+0xd4>
10009366:	7aab      	ldrb	r3, [r5, #10]
10009368:	3201      	adds	r2, #1
1000936a:	54a3      	strb	r3, [r4, r2]
1000936c:	2b00      	cmp	r3, #0
1000936e:	d011      	beq.n	10009394 <xTaskCreate+0xd4>
10009370:	7aeb      	ldrb	r3, [r5, #11]
10009372:	3201      	adds	r2, #1
10009374:	54a3      	strb	r3, [r4, r2]
10009376:	2b00      	cmp	r3, #0
10009378:	d00c      	beq.n	10009394 <xTaskCreate+0xd4>
1000937a:	7b2b      	ldrb	r3, [r5, #12]
1000937c:	3201      	adds	r2, #1
1000937e:	54a3      	strb	r3, [r4, r2]
10009380:	2b00      	cmp	r3, #0
10009382:	d007      	beq.n	10009394 <xTaskCreate+0xd4>
10009384:	7b6b      	ldrb	r3, [r5, #13]
10009386:	3201      	adds	r2, #1
10009388:	54a3      	strb	r3, [r4, r2]
1000938a:	2b00      	cmp	r3, #0
1000938c:	d002      	beq.n	10009394 <xTaskCreate+0xd4>
1000938e:	234e      	movs	r3, #78	@ 0x4e
10009390:	7baa      	ldrb	r2, [r5, #14]
10009392:	54e2      	strb	r2, [r4, r3]
10009394:	234f      	movs	r3, #79	@ 0x4f
10009396:	2200      	movs	r2, #0
10009398:	54e2      	strb	r2, [r4, r3]
1000939a:	9b08      	ldr	r3, [sp, #32]
1000939c:	2b1f      	cmp	r3, #31
1000939e:	d901      	bls.n	100093a4 <xTaskCreate+0xe4>
100093a0:	b672      	cpsid	i
100093a2:	e7fe      	b.n	100093a2 <xTaskCreate+0xe2>
100093a4:	0020      	movs	r0, r4
100093a6:	6323      	str	r3, [r4, #48]	@ 0x30
100093a8:	65a3      	str	r3, [r4, #88]	@ 0x58
100093aa:	3008      	adds	r0, #8
100093ac:	f000 fad0 	bl	10009950 <vListInitialiseItem>
100093b0:	0020      	movs	r0, r4
100093b2:	301c      	adds	r0, #28
100093b4:	f000 facc 	bl	10009950 <vListInitialiseItem>
100093b8:	2320      	movs	r3, #32
100093ba:	9a08      	ldr	r2, [sp, #32]
100093bc:	3f04      	subs	r7, #4
100093be:	1a9b      	subs	r3, r3, r2
100093c0:	61e3      	str	r3, [r4, #28]
100093c2:	2307      	movs	r3, #7
100093c4:	19f0      	adds	r0, r6, r7
100093c6:	4398      	bics	r0, r3
100093c8:	464a      	mov	r2, r9
100093ca:	4641      	mov	r1, r8
100093cc:	6164      	str	r4, [r4, #20]
100093ce:	62a4      	str	r4, [r4, #40]	@ 0x28
100093d0:	f000 fda8 	bl	10009f24 <pxPortInitialiseStack>
100093d4:	2301      	movs	r3, #1
100093d6:	425b      	negs	r3, r3
100093d8:	63a3      	str	r3, [r4, #56]	@ 0x38
100093da:	4b10      	ldr	r3, [pc, #64]	@ (1000941c <xTaskCreate+0x15c>)
100093dc:	6020      	str	r0, [r4, #0]
100093de:	4598      	cmp	r8, r3
100093e0:	d011      	beq.n	10009406 <xTaskCreate+0x146>
100093e2:	4b0f      	ldr	r3, [pc, #60]	@ (10009420 <xTaskCreate+0x160>)
100093e4:	4598      	cmp	r8, r3
100093e6:	d00e      	beq.n	10009406 <xTaskCreate+0x146>
100093e8:	9b09      	ldr	r3, [sp, #36]	@ 0x24
100093ea:	2b00      	cmp	r3, #0
100093ec:	d000      	beq.n	100093f0 <xTaskCreate+0x130>
100093ee:	601c      	str	r4, [r3, #0]
100093f0:	2301      	movs	r3, #1
100093f2:	425b      	negs	r3, r3
100093f4:	0020      	movs	r0, r4
100093f6:	6063      	str	r3, [r4, #4]
100093f8:	f7ff feea 	bl	100091d0 <prvAddNewTaskToReadyList>
100093fc:	2001      	movs	r0, #1
100093fe:	bcc0      	pop	{r6, r7}
10009400:	46b9      	mov	r9, r7
10009402:	46b0      	mov	r8, r6
10009404:	bdf8      	pop	{r3, r4, r5, r6, r7, pc}
10009406:	2201      	movs	r2, #1
10009408:	6be3      	ldr	r3, [r4, #60]	@ 0x3c
1000940a:	4313      	orrs	r3, r2
1000940c:	63e3      	str	r3, [r4, #60]	@ 0x3c
1000940e:	e7eb      	b.n	100093e8 <xTaskCreate+0x128>
10009410:	0030      	movs	r0, r6
10009412:	f7fe f9bd 	bl	10007790 <vPortFree>
10009416:	2001      	movs	r0, #1
10009418:	4240      	negs	r0, r0
1000941a:	e7f0      	b.n	100093fe <xTaskCreate+0x13e>
1000941c:	10007fb5 	.word	0x10007fb5
10009420:	10007861 	.word	0x10007861

10009424 <xTaskCreateAffinitySet>:
10009424:	b5f8      	push	{r3, r4, r5, r6, r7, lr}
10009426:	46ce      	mov	lr, r9
10009428:	4647      	mov	r7, r8
1000942a:	b580      	push	{r7, lr}
1000942c:	0097      	lsls	r7, r2, #2
1000942e:	4680      	mov	r8, r0
10009430:	0038      	movs	r0, r7
10009432:	000d      	movs	r5, r1
10009434:	4699      	mov	r9, r3
10009436:	f7fe f8e9 	bl	1000760c <pvPortMalloc>
1000943a:	1e06      	subs	r6, r0, #0
1000943c:	d100      	bne.n	10009440 <xTaskCreateAffinitySet+0x1c>
1000943e:	e09b      	b.n	10009578 <xTaskCreateAffinitySet+0x154>
10009440:	207c      	movs	r0, #124	@ 0x7c
10009442:	f7fe f8e3 	bl	1000760c <pvPortMalloc>
10009446:	1e04      	subs	r4, r0, #0
10009448:	d100      	bne.n	1000944c <xTaskCreateAffinitySet+0x28>
1000944a:	e092      	b.n	10009572 <xTaskCreateAffinitySet+0x14e>
1000944c:	227c      	movs	r2, #124	@ 0x7c
1000944e:	2100      	movs	r1, #0
10009450:	f7f9 ff70 	bl	10003334 <__wrap_memset>
10009454:	0030      	movs	r0, r6
10009456:	6366      	str	r6, [r4, #52]	@ 0x34
10009458:	003a      	movs	r2, r7
1000945a:	21a5      	movs	r1, #165	@ 0xa5
1000945c:	f7f9 ff6a 	bl	10003334 <__wrap_memset>
10009460:	6b66      	ldr	r6, [r4, #52]	@ 0x34
10009462:	2d00      	cmp	r5, #0
10009464:	d04b      	beq.n	100094fe <xTaskCreateAffinitySet+0xda>
10009466:	2240      	movs	r2, #64	@ 0x40
10009468:	782b      	ldrb	r3, [r5, #0]
1000946a:	54a3      	strb	r3, [r4, r2]
1000946c:	2b00      	cmp	r3, #0
1000946e:	d043      	beq.n	100094f8 <xTaskCreateAffinitySet+0xd4>
10009470:	786b      	ldrb	r3, [r5, #1]
10009472:	3201      	adds	r2, #1
10009474:	54a3      	strb	r3, [r4, r2]
10009476:	2b00      	cmp	r3, #0
10009478:	d03e      	beq.n	100094f8 <xTaskCreateAffinitySet+0xd4>
1000947a:	78ab      	ldrb	r3, [r5, #2]
1000947c:	3201      	adds	r2, #1
1000947e:	54a3      	strb	r3, [r4, r2]
10009480:	2b00      	cmp	r3, #0
10009482:	d039      	beq.n	100094f8 <xTaskCreateAffinitySet+0xd4>
10009484:	78eb      	ldrb	r3, [r5, #3]
10009486:	3201      	adds	r2, #1
10009488:	54a3      	strb	r3, [r4, r2]
1000948a:	2b00      	cmp	r3, #0
1000948c:	d034      	beq.n	100094f8 <xTaskCreateAffinitySet+0xd4>
1000948e:	792b      	ldrb	r3, [r5, #4]
10009490:	3201      	adds	r2, #1
10009492:	54a3      	strb	r3, [r4, r2]
10009494:	2b00      	cmp	r3, #0
10009496:	d02f      	beq.n	100094f8 <xTaskCreateAffinitySet+0xd4>
10009498:	796b      	ldrb	r3, [r5, #5]
1000949a:	3201      	adds	r2, #1
1000949c:	54a3      	strb	r3, [r4, r2]
1000949e:	2b00      	cmp	r3, #0
100094a0:	d02a      	beq.n	100094f8 <xTaskCreateAffinitySet+0xd4>
100094a2:	79ab      	ldrb	r3, [r5, #6]
100094a4:	3201      	adds	r2, #1
100094a6:	54a3      	strb	r3, [r4, r2]
100094a8:	2b00      	cmp	r3, #0
100094aa:	d025      	beq.n	100094f8 <xTaskCreateAffinitySet+0xd4>
100094ac:	79eb      	ldrb	r3, [r5, #7]
100094ae:	3201      	adds	r2, #1
100094b0:	54a3      	strb	r3, [r4, r2]
100094b2:	2b00      	cmp	r3, #0
100094b4:	d020      	beq.n	100094f8 <xTaskCreateAffinitySet+0xd4>
100094b6:	7a2b      	ldrb	r3, [r5, #8]
100094b8:	3201      	adds	r2, #1
100094ba:	54a3      	strb	r3, [r4, r2]
100094bc:	2b00      	cmp	r3, #0
100094be:	d01b      	beq.n	100094f8 <xTaskCreateAffinitySet+0xd4>
100094c0:	7a6b      	ldrb	r3, [r5, #9]
100094c2:	3201      	adds	r2, #1
100094c4:	54a3      	strb	r3, [r4, r2]
100094c6:	2b00      	cmp	r3, #0
100094c8:	d016      	beq.n	100094f8 <xTaskCreateAffinitySet+0xd4>
100094ca:	7aab      	ldrb	r3, [r5, #10]
100094cc:	3201      	adds	r2, #1
100094ce:	54a3      	strb	r3, [r4, r2]
100094d0:	2b00      	cmp	r3, #0
100094d2:	d011      	beq.n	100094f8 <xTaskCreateAffinitySet+0xd4>
100094d4:	7aeb      	ldrb	r3, [r5, #11]
100094d6:	3201      	adds	r2, #1
100094d8:	54a3      	strb	r3, [r4, r2]
100094da:	2b00      	cmp	r3, #0
100094dc:	d00c      	beq.n	100094f8 <xTaskCreateAffinitySet+0xd4>
100094de:	7b2b      	ldrb	r3, [r5, #12]
100094e0:	3201      	adds	r2, #1
100094e2:	54a3      	strb	r3, [r4, r2]
100094e4:	2b00      	cmp	r3, #0
100094e6:	d007      	beq.n	100094f8 <xTaskCreateAffinitySet+0xd4>
100094e8:	7b6b      	ldrb	r3, [r5, #13]
100094ea:	3201      	adds	r2, #1
100094ec:	54a3      	strb	r3, [r4, r2]
100094ee:	2b00      	cmp	r3, #0
100094f0:	d002      	beq.n	100094f8 <xTaskCreateAffinitySet+0xd4>
100094f2:	234e      	movs	r3, #78	@ 0x4e
100094f4:	7baa      	ldrb	r2, [r5, #14]
100094f6:	54e2      	strb	r2, [r4, r3]
100094f8:	234f      	movs	r3, #79	@ 0x4f
100094fa:	2200      	movs	r2, #0
100094fc:	54e2      	strb	r2, [r4, r3]
100094fe:	9b08      	ldr	r3, [sp, #32]
10009500:	2b1f      	cmp	r3, #31
10009502:	d901      	bls.n	10009508 <xTaskCreateAffinitySet+0xe4>
10009504:	b672      	cpsid	i
10009506:	e7fe      	b.n	10009506 <xTaskCreateAffinitySet+0xe2>
10009508:	0020      	movs	r0, r4
1000950a:	6323      	str	r3, [r4, #48]	@ 0x30
1000950c:	65a3      	str	r3, [r4, #88]	@ 0x58
1000950e:	3008      	adds	r0, #8
10009510:	f000 fa1e 	bl	10009950 <vListInitialiseItem>
10009514:	0020      	movs	r0, r4
10009516:	301c      	adds	r0, #28
10009518:	f000 fa1a 	bl	10009950 <vListInitialiseItem>
1000951c:	2320      	movs	r3, #32
1000951e:	9a08      	ldr	r2, [sp, #32]
10009520:	3f04      	subs	r7, #4
10009522:	1a9b      	subs	r3, r3, r2
10009524:	61e3      	str	r3, [r4, #28]
10009526:	2307      	movs	r3, #7
10009528:	19f0      	adds	r0, r6, r7
1000952a:	4398      	bics	r0, r3
1000952c:	464a      	mov	r2, r9
1000952e:	4641      	mov	r1, r8
10009530:	6164      	str	r4, [r4, #20]
10009532:	62a4      	str	r4, [r4, #40]	@ 0x28
10009534:	f000 fcf6 	bl	10009f24 <pxPortInitialiseStack>
10009538:	2301      	movs	r3, #1
1000953a:	425b      	negs	r3, r3
1000953c:	63a3      	str	r3, [r4, #56]	@ 0x38
1000953e:	4b10      	ldr	r3, [pc, #64]	@ (10009580 <xTaskCreateAffinitySet+0x15c>)
10009540:	6020      	str	r0, [r4, #0]
10009542:	4598      	cmp	r8, r3
10009544:	d010      	beq.n	10009568 <xTaskCreateAffinitySet+0x144>
10009546:	4b0f      	ldr	r3, [pc, #60]	@ (10009584 <xTaskCreateAffinitySet+0x160>)
10009548:	4598      	cmp	r8, r3
1000954a:	d00d      	beq.n	10009568 <xTaskCreateAffinitySet+0x144>
1000954c:	9b0a      	ldr	r3, [sp, #40]	@ 0x28
1000954e:	2b00      	cmp	r3, #0
10009550:	d000      	beq.n	10009554 <xTaskCreateAffinitySet+0x130>
10009552:	601c      	str	r4, [r3, #0]
10009554:	9b09      	ldr	r3, [sp, #36]	@ 0x24
10009556:	0020      	movs	r0, r4
10009558:	6063      	str	r3, [r4, #4]
1000955a:	f7ff fe39 	bl	100091d0 <prvAddNewTaskToReadyList>
1000955e:	2001      	movs	r0, #1
10009560:	bcc0      	pop	{r6, r7}
10009562:	46b9      	mov	r9, r7
10009564:	46b0      	mov	r8, r6
10009566:	bdf8      	pop	{r3, r4, r5, r6, r7, pc}
10009568:	2201      	movs	r2, #1
1000956a:	6be3      	ldr	r3, [r4, #60]	@ 0x3c
1000956c:	4313      	orrs	r3, r2
1000956e:	63e3      	str	r3, [r4, #60]	@ 0x3c
10009570:	e7ec      	b.n	1000954c <xTaskCreateAffinitySet+0x128>
10009572:	0030      	movs	r0, r6
10009574:	f7fe f90c 	bl	10007790 <vPortFree>
10009578:	2001      	movs	r0, #1
1000957a:	4240      	negs	r0, r0
1000957c:	e7f0      	b.n	10009560 <xTaskCreateAffinitySet+0x13c>
1000957e:	46c0      	nop			@ (mov r8, r8)
10009580:	10007fb5 	.word	0x10007fb5
10009584:	10007861 	.word	0x10007861

10009588 <vTaskStartScheduler>:
10009588:	b5f0      	push	{r4, r5, r6, r7, lr}
1000958a:	46d6      	mov	lr, sl
1000958c:	464f      	mov	r7, r9
1000958e:	4646      	mov	r6, r8
10009590:	b5c0      	push	{r6, r7, lr}
10009592:	4b6f      	ldr	r3, [pc, #444]	@ (10009750 <vTaskStartScheduler+0x1c8>)
10009594:	b084      	sub	sp, #16
10009596:	2080      	movs	r0, #128	@ 0x80
10009598:	466a      	mov	r2, sp
1000959a:	469a      	mov	sl, r3
1000959c:	001f      	movs	r7, r3
1000959e:	2330      	movs	r3, #48	@ 0x30
100095a0:	00c0      	lsls	r0, r0, #3
100095a2:	8093      	strh	r3, [r2, #4]
100095a4:	f7fe f832 	bl	1000760c <pvPortMalloc>
100095a8:	1e05      	subs	r5, r0, #0
100095aa:	d100      	bne.n	100095ae <vTaskStartScheduler+0x26>
100095ac:	e0b7      	b.n	1000971e <vTaskStartScheduler+0x196>
100095ae:	4b69      	ldr	r3, [pc, #420]	@ (10009754 <vTaskStartScheduler+0x1cc>)
100095b0:	2600      	movs	r6, #0
100095b2:	4698      	mov	r8, r3
100095b4:	4b68      	ldr	r3, [pc, #416]	@ (10009758 <vTaskStartScheduler+0x1d0>)
100095b6:	4699      	mov	r9, r3
100095b8:	207c      	movs	r0, #124	@ 0x7c
100095ba:	f7fe f827 	bl	1000760c <pvPortMalloc>
100095be:	1e04      	subs	r4, r0, #0
100095c0:	d100      	bne.n	100095c4 <vTaskStartScheduler+0x3c>
100095c2:	e0b2      	b.n	1000972a <vTaskStartScheduler+0x1a2>
100095c4:	227c      	movs	r2, #124	@ 0x7c
100095c6:	2100      	movs	r1, #0
100095c8:	f7f9 feb4 	bl	10003334 <__wrap_memset>
100095cc:	2280      	movs	r2, #128	@ 0x80
100095ce:	0028      	movs	r0, r5
100095d0:	6365      	str	r5, [r4, #52]	@ 0x34
100095d2:	00d2      	lsls	r2, r2, #3
100095d4:	21a5      	movs	r1, #165	@ 0xa5
100095d6:	f7f9 fead 	bl	10003334 <__wrap_memset>
100095da:	23ff      	movs	r3, #255	@ 0xff
100095dc:	009b      	lsls	r3, r3, #2
100095de:	469c      	mov	ip, r3
100095e0:	2307      	movs	r3, #7
100095e2:	6b65      	ldr	r5, [r4, #52]	@ 0x34
100095e4:	2244      	movs	r2, #68	@ 0x44
100095e6:	4465      	add	r5, ip
100095e8:	439d      	bics	r5, r3
100095ea:	4b5c      	ldr	r3, [pc, #368]	@ (1000975c <vTaskStartScheduler+0x1d4>)
100095ec:	6423      	str	r3, [r4, #64]	@ 0x40
100095ee:	466b      	mov	r3, sp
100095f0:	791b      	ldrb	r3, [r3, #4]
100095f2:	54a3      	strb	r3, [r4, r2]
100095f4:	2b00      	cmp	r3, #0
100095f6:	d039      	beq.n	1000966c <vTaskStartScheduler+0xe4>
100095f8:	466b      	mov	r3, sp
100095fa:	795b      	ldrb	r3, [r3, #5]
100095fc:	3201      	adds	r2, #1
100095fe:	54a3      	strb	r3, [r4, r2]
10009600:	2b00      	cmp	r3, #0
10009602:	d033      	beq.n	1000966c <vTaskStartScheduler+0xe4>
10009604:	466b      	mov	r3, sp
10009606:	799b      	ldrb	r3, [r3, #6]
10009608:	3201      	adds	r2, #1
1000960a:	54a3      	strb	r3, [r4, r2]
1000960c:	2b00      	cmp	r3, #0
1000960e:	d02d      	beq.n	1000966c <vTaskStartScheduler+0xe4>
10009610:	466b      	mov	r3, sp
10009612:	79db      	ldrb	r3, [r3, #7]
10009614:	3201      	adds	r2, #1
10009616:	54a3      	strb	r3, [r4, r2]
10009618:	2b00      	cmp	r3, #0
1000961a:	d027      	beq.n	1000966c <vTaskStartScheduler+0xe4>
1000961c:	466b      	mov	r3, sp
1000961e:	7a1b      	ldrb	r3, [r3, #8]
10009620:	3201      	adds	r2, #1
10009622:	54a3      	strb	r3, [r4, r2]
10009624:	2b00      	cmp	r3, #0
10009626:	d021      	beq.n	1000966c <vTaskStartScheduler+0xe4>
10009628:	466b      	mov	r3, sp
1000962a:	7a5b      	ldrb	r3, [r3, #9]
1000962c:	3201      	adds	r2, #1
1000962e:	54a3      	strb	r3, [r4, r2]
10009630:	2b00      	cmp	r3, #0
10009632:	d01b      	beq.n	1000966c <vTaskStartScheduler+0xe4>
10009634:	466b      	mov	r3, sp
10009636:	7a9b      	ldrb	r3, [r3, #10]
10009638:	3201      	adds	r2, #1
1000963a:	54a3      	strb	r3, [r4, r2]
1000963c:	2b00      	cmp	r3, #0
1000963e:	d015      	beq.n	1000966c <vTaskStartScheduler+0xe4>
10009640:	466b      	mov	r3, sp
10009642:	7adb      	ldrb	r3, [r3, #11]
10009644:	3201      	adds	r2, #1
10009646:	54a3      	strb	r3, [r4, r2]
10009648:	2b00      	cmp	r3, #0
1000964a:	d00f      	beq.n	1000966c <vTaskStartScheduler+0xe4>
1000964c:	466b      	mov	r3, sp
1000964e:	7b1b      	ldrb	r3, [r3, #12]
10009650:	3201      	adds	r2, #1
10009652:	54a3      	strb	r3, [r4, r2]
10009654:	2b00      	cmp	r3, #0
10009656:	d009      	beq.n	1000966c <vTaskStartScheduler+0xe4>
10009658:	466b      	mov	r3, sp
1000965a:	7b5b      	ldrb	r3, [r3, #13]
1000965c:	3201      	adds	r2, #1
1000965e:	54a3      	strb	r3, [r4, r2]
10009660:	2b00      	cmp	r3, #0
10009662:	d003      	beq.n	1000966c <vTaskStartScheduler+0xe4>
10009664:	466b      	mov	r3, sp
10009666:	7b9a      	ldrb	r2, [r3, #14]
10009668:	234e      	movs	r3, #78	@ 0x4e
1000966a:	54e2      	strb	r2, [r4, r3]
1000966c:	2300      	movs	r3, #0
1000966e:	224f      	movs	r2, #79	@ 0x4f
10009670:	0020      	movs	r0, r4
10009672:	54a3      	strb	r3, [r4, r2]
10009674:	3008      	adds	r0, #8
10009676:	6323      	str	r3, [r4, #48]	@ 0x30
10009678:	65a3      	str	r3, [r4, #88]	@ 0x58
1000967a:	f000 f969 	bl	10009950 <vListInitialiseItem>
1000967e:	0020      	movs	r0, r4
10009680:	301c      	adds	r0, #28
10009682:	f000 f965 	bl	10009950 <vListInitialiseItem>
10009686:	2320      	movs	r3, #32
10009688:	2200      	movs	r2, #0
1000968a:	61e3      	str	r3, [r4, #28]
1000968c:	4641      	mov	r1, r8
1000968e:	0028      	movs	r0, r5
10009690:	6164      	str	r4, [r4, #20]
10009692:	62a4      	str	r4, [r4, #40]	@ 0x28
10009694:	f000 fc46 	bl	10009f24 <pxPortInitialiseStack>
10009698:	2301      	movs	r3, #1
1000969a:	425b      	negs	r3, r3
1000969c:	63a3      	str	r3, [r4, #56]	@ 0x38
1000969e:	4b2d      	ldr	r3, [pc, #180]	@ (10009754 <vTaskStartScheduler+0x1cc>)
100096a0:	6020      	str	r0, [r4, #0]
100096a2:	4598      	cmp	r8, r3
100096a4:	d036      	beq.n	10009714 <vTaskStartScheduler+0x18c>
100096a6:	4b2e      	ldr	r3, [pc, #184]	@ (10009760 <vTaskStartScheduler+0x1d8>)
100096a8:	4598      	cmp	r8, r3
100096aa:	d033      	beq.n	10009714 <vTaskStartScheduler+0x18c>
100096ac:	2301      	movs	r3, #1
100096ae:	425b      	negs	r3, r3
100096b0:	603c      	str	r4, [r7, #0]
100096b2:	0020      	movs	r0, r4
100096b4:	6063      	str	r3, [r4, #4]
100096b6:	f7ff fd8b 	bl	100091d0 <prvAddNewTaskToReadyList>
100096ba:	2101      	movs	r1, #1
100096bc:	4648      	mov	r0, r9
100096be:	cf08      	ldmia	r7!, {r3}
100096c0:	00b2      	lsls	r2, r6, #2
100096c2:	639e      	str	r6, [r3, #56]	@ 0x38
100096c4:	5083      	str	r3, [r0, r2]
100096c6:	2e01      	cmp	r6, #1
100096c8:	d014      	beq.n	100096f4 <vTaskStartScheduler+0x16c>
100096ca:	2080      	movs	r0, #128	@ 0x80
100096cc:	2331      	movs	r3, #49	@ 0x31
100096ce:	466a      	mov	r2, sp
100096d0:	00c0      	lsls	r0, r0, #3
100096d2:	8093      	strh	r3, [r2, #4]
100096d4:	f7fd ff9a 	bl	1000760c <pvPortMalloc>
100096d8:	4b21      	ldr	r3, [pc, #132]	@ (10009760 <vTaskStartScheduler+0x1d8>)
100096da:	0005      	movs	r5, r0
100096dc:	4698      	mov	r8, r3
100096de:	2601      	movs	r6, #1
100096e0:	2800      	cmp	r0, #0
100096e2:	d000      	beq.n	100096e6 <vTaskStartScheduler+0x15e>
100096e4:	e768      	b.n	100095b8 <vTaskStartScheduler+0x30>
100096e6:	4653      	mov	r3, sl
100096e8:	464a      	mov	r2, r9
100096ea:	685b      	ldr	r3, [r3, #4]
100096ec:	639e      	str	r6, [r3, #56]	@ 0x38
100096ee:	6053      	str	r3, [r2, #4]
100096f0:	b672      	cpsid	i
100096f2:	e7fe      	b.n	100096f2 <vTaskStartScheduler+0x16a>
100096f4:	2901      	cmp	r1, #1
100096f6:	d1fb      	bne.n	100096f0 <vTaskStartScheduler+0x168>
100096f8:	f000 fb38 	bl	10009d6c <xTimerCreateTimerTask>
100096fc:	2801      	cmp	r0, #1
100096fe:	d01a      	beq.n	10009736 <vTaskStartScheduler+0x1ae>
10009700:	3001      	adds	r0, #1
10009702:	d0f5      	beq.n	100096f0 <vTaskStartScheduler+0x168>
10009704:	4b17      	ldr	r3, [pc, #92]	@ (10009764 <vTaskStartScheduler+0x1dc>)
10009706:	681b      	ldr	r3, [r3, #0]
10009708:	b004      	add	sp, #16
1000970a:	bce0      	pop	{r5, r6, r7}
1000970c:	46ba      	mov	sl, r7
1000970e:	46b1      	mov	r9, r6
10009710:	46a8      	mov	r8, r5
10009712:	bdf0      	pop	{r4, r5, r6, r7, pc}
10009714:	2201      	movs	r2, #1
10009716:	6be3      	ldr	r3, [r4, #60]	@ 0x3c
10009718:	4313      	orrs	r3, r2
1000971a:	63e3      	str	r3, [r4, #60]	@ 0x3c
1000971c:	e7c6      	b.n	100096ac <vTaskStartScheduler+0x124>
1000971e:	cf08      	ldmia	r7!, {r3}
10009720:	4a0d      	ldr	r2, [pc, #52]	@ (10009758 <vTaskStartScheduler+0x1d0>)
10009722:	6398      	str	r0, [r3, #56]	@ 0x38
10009724:	4691      	mov	r9, r2
10009726:	6013      	str	r3, [r2, #0]
10009728:	e7cf      	b.n	100096ca <vTaskStartScheduler+0x142>
1000972a:	0028      	movs	r0, r5
1000972c:	f7fe f830 	bl	10007790 <vPortFree>
10009730:	2101      	movs	r1, #1
10009732:	4249      	negs	r1, r1
10009734:	e7c2      	b.n	100096bc <vTaskStartScheduler+0x134>
10009736:	b672      	cpsid	i
10009738:	2201      	movs	r2, #1
1000973a:	4b0b      	ldr	r3, [pc, #44]	@ (10009768 <vTaskStartScheduler+0x1e0>)
1000973c:	4252      	negs	r2, r2
1000973e:	601a      	str	r2, [r3, #0]
10009740:	2200      	movs	r2, #0
10009742:	4b0a      	ldr	r3, [pc, #40]	@ (1000976c <vTaskStartScheduler+0x1e4>)
10009744:	601e      	str	r6, [r3, #0]
10009746:	4b0a      	ldr	r3, [pc, #40]	@ (10009770 <vTaskStartScheduler+0x1e8>)
10009748:	601a      	str	r2, [r3, #0]
1000974a:	f000 fcad 	bl	1000a0a8 <xPortStartScheduler>
1000974e:	e7d9      	b.n	10009704 <vTaskStartScheduler+0x17c>
10009750:	20021ff8 	.word	0x20021ff8
10009754:	10007fb5 	.word	0x10007fb5
10009758:	20001ca4 	.word	0x20001ca4
1000975c:	454c4449 	.word	0x454c4449
10009760:	10007861 	.word	0x10007861
10009764:	1000afdc 	.word	0x1000afdc
10009768:	20022008 	.word	0x20022008
1000976c:	20022030 	.word	0x20022030
10009770:	20022064 	.word	0x20022064

10009774 <vTaskEnterCriticalFromISR>:
10009774:	b5f8      	push	{r3, r4, r5, r6, r7, lr}
10009776:	4b1d      	ldr	r3, [pc, #116]	@ (100097ec <vTaskEnterCriticalFromISR+0x78>)
10009778:	2000      	movs	r0, #0
1000977a:	681b      	ldr	r3, [r3, #0]
1000977c:	2b00      	cmp	r3, #0
1000977e:	d100      	bne.n	10009782 <vTaskEnterCriticalFromISR+0xe>
10009780:	bdf8      	pop	{r3, r4, r5, r6, r7, pc}
10009782:	f000 fc0f 	bl	10009fa4 <ulSetInterruptMaskFromISR>
10009786:	23d0      	movs	r3, #208	@ 0xd0
10009788:	061b      	lsls	r3, r3, #24
1000978a:	681c      	ldr	r4, [r3, #0]
1000978c:	4918      	ldr	r1, [pc, #96]	@ (100097f0 <vTaskEnterCriticalFromISR+0x7c>)
1000978e:	00a2      	lsls	r2, r4, #2
10009790:	588b      	ldr	r3, [r1, r2]
10009792:	2b00      	cmp	r3, #0
10009794:	d002      	beq.n	1000979c <vTaskEnterCriticalFromISR+0x28>
10009796:	3301      	adds	r3, #1
10009798:	508b      	str	r3, [r1, r2]
1000979a:	e7f1      	b.n	10009780 <vTaskEnterCriticalFromISR+0xc>
1000979c:	4d15      	ldr	r5, [pc, #84]	@ (100097f4 <vTaskEnterCriticalFromISR+0x80>)
1000979e:	4e16      	ldr	r6, [pc, #88]	@ (100097f8 <vTaskEnterCriticalFromISR+0x84>)
100097a0:	682b      	ldr	r3, [r5, #0]
100097a2:	2b00      	cmp	r3, #0
100097a4:	d012      	beq.n	100097cc <vTaskEnterCriticalFromISR+0x58>
100097a6:	f3bf 8f5f 	dmb	sy
100097aa:	4b14      	ldr	r3, [pc, #80]	@ (100097fc <vTaskEnterCriticalFromISR+0x88>)
100097ac:	781a      	ldrb	r2, [r3, #0]
100097ae:	2a00      	cmp	r2, #0
100097b0:	d001      	beq.n	100097b6 <vTaskEnterCriticalFromISR+0x42>
100097b2:	b672      	cpsid	i
100097b4:	e7fe      	b.n	100097b4 <vTaskEnterCriticalFromISR+0x40>
100097b6:	2201      	movs	r2, #1
100097b8:	701a      	strb	r2, [r3, #0]
100097ba:	5d33      	ldrb	r3, [r6, r4]
100097bc:	4313      	orrs	r3, r2
100097be:	5533      	strb	r3, [r6, r4]
100097c0:	23d0      	movs	r3, #208	@ 0xd0
100097c2:	061b      	lsls	r3, r3, #24
100097c4:	681c      	ldr	r4, [r3, #0]
100097c6:	00a2      	lsls	r2, r4, #2
100097c8:	588b      	ldr	r3, [r1, r2]
100097ca:	e7e4      	b.n	10009796 <vTaskEnterCriticalFromISR+0x22>
100097cc:	5d37      	ldrb	r7, [r6, r4]
100097ce:	07ff      	lsls	r7, r7, #31
100097d0:	d505      	bpl.n	100097de <vTaskEnterCriticalFromISR+0x6a>
100097d2:	4d0a      	ldr	r5, [pc, #40]	@ (100097fc <vTaskEnterCriticalFromISR+0x88>)
100097d4:	782c      	ldrb	r4, [r5, #0]
100097d6:	2cff      	cmp	r4, #255	@ 0xff
100097d8:	d105      	bne.n	100097e6 <vTaskEnterCriticalFromISR+0x72>
100097da:	b672      	cpsid	i
100097dc:	e7fe      	b.n	100097dc <vTaskEnterCriticalFromISR+0x68>
100097de:	682b      	ldr	r3, [r5, #0]
100097e0:	2b00      	cmp	r3, #0
100097e2:	d1e0      	bne.n	100097a6 <vTaskEnterCriticalFromISR+0x32>
100097e4:	e7fb      	b.n	100097de <vTaskEnterCriticalFromISR+0x6a>
100097e6:	3401      	adds	r4, #1
100097e8:	702c      	strb	r4, [r5, #0]
100097ea:	e7d4      	b.n	10009796 <vTaskEnterCriticalFromISR+0x22>
100097ec:	20022030 	.word	0x20022030
100097f0:	20021f84 	.word	0x20021f84
100097f4:	d0000130 	.word	0xd0000130
100097f8:	20021f60 	.word	0x20021f60
100097fc:	20021f64 	.word	0x20021f64

10009800 <vTaskExitCritical>:
10009800:	4b28      	ldr	r3, [pc, #160]	@ (100098a4 <vTaskExitCritical+0xa4>)
10009802:	b570      	push	{r4, r5, r6, lr}
10009804:	681b      	ldr	r3, [r3, #0]
10009806:	2b00      	cmp	r3, #0
10009808:	d010      	beq.n	1000982c <vTaskExitCritical+0x2c>
1000980a:	20d0      	movs	r0, #208	@ 0xd0
1000980c:	0600      	lsls	r0, r0, #24
1000980e:	6803      	ldr	r3, [r0, #0]
10009810:	4925      	ldr	r1, [pc, #148]	@ (100098a8 <vTaskExitCritical+0xa8>)
10009812:	009b      	lsls	r3, r3, #2
10009814:	585a      	ldr	r2, [r3, r1]
10009816:	2a00      	cmp	r2, #0
10009818:	d101      	bne.n	1000981e <vTaskExitCritical+0x1e>
1000981a:	b672      	cpsid	i
1000981c:	e7fe      	b.n	1000981c <vTaskExitCritical+0x1c>
1000981e:	3a01      	subs	r2, #1
10009820:	505a      	str	r2, [r3, r1]
10009822:	6803      	ldr	r3, [r0, #0]
10009824:	009a      	lsls	r2, r3, #2
10009826:	5851      	ldr	r1, [r2, r1]
10009828:	2900      	cmp	r1, #0
1000982a:	d000      	beq.n	1000982e <vTaskExitCritical+0x2e>
1000982c:	bd70      	pop	{r4, r5, r6, pc}
1000982e:	2001      	movs	r0, #1
10009830:	491e      	ldr	r1, [pc, #120]	@ (100098ac <vTaskExitCritical+0xac>)
10009832:	5854      	ldr	r4, [r2, r1]
10009834:	4a1e      	ldr	r2, [pc, #120]	@ (100098b0 <vTaskExitCritical+0xb0>)
10009836:	5cd1      	ldrb	r1, [r2, r3]
10009838:	4208      	tst	r0, r1
1000983a:	d005      	beq.n	10009848 <vTaskExitCritical+0x48>
1000983c:	4d1d      	ldr	r5, [pc, #116]	@ (100098b4 <vTaskExitCritical+0xb4>)
1000983e:	782e      	ldrb	r6, [r5, #0]
10009840:	2e00      	cmp	r6, #0
10009842:	d103      	bne.n	1000984c <vTaskExitCritical+0x4c>
10009844:	b672      	cpsid	i
10009846:	e7fe      	b.n	10009846 <vTaskExitCritical+0x46>
10009848:	b672      	cpsid	i
1000984a:	e7fe      	b.n	1000984a <vTaskExitCritical+0x4a>
1000984c:	3e01      	subs	r6, #1
1000984e:	b2f6      	uxtb	r6, r6
10009850:	702e      	strb	r6, [r5, #0]
10009852:	2e00      	cmp	r6, #0
10009854:	d105      	bne.n	10009862 <vTaskExitCritical+0x62>
10009856:	4381      	bics	r1, r0
10009858:	54d1      	strb	r1, [r2, r3]
1000985a:	f3bf 8f5f 	dmb	sy
1000985e:	4b16      	ldr	r3, [pc, #88]	@ (100098b8 <vTaskExitCritical+0xb8>)
10009860:	6018      	str	r0, [r3, #0]
10009862:	23d0      	movs	r3, #208	@ 0xd0
10009864:	2602      	movs	r6, #2
10009866:	061b      	lsls	r3, r3, #24
10009868:	6818      	ldr	r0, [r3, #0]
1000986a:	5c11      	ldrb	r1, [r2, r0]
1000986c:	420e      	tst	r6, r1
1000986e:	d101      	bne.n	10009874 <vTaskExitCritical+0x74>
10009870:	b672      	cpsid	i
10009872:	e7fe      	b.n	10009872 <vTaskExitCritical+0x72>
10009874:	786b      	ldrb	r3, [r5, #1]
10009876:	2b00      	cmp	r3, #0
10009878:	d101      	bne.n	1000987e <vTaskExitCritical+0x7e>
1000987a:	b672      	cpsid	i
1000987c:	e7fe      	b.n	1000987c <vTaskExitCritical+0x7c>
1000987e:	3b01      	subs	r3, #1
10009880:	b2db      	uxtb	r3, r3
10009882:	706b      	strb	r3, [r5, #1]
10009884:	2b00      	cmp	r3, #0
10009886:	d106      	bne.n	10009896 <vTaskExitCritical+0x96>
10009888:	43b1      	bics	r1, r6
1000988a:	5411      	strb	r1, [r2, r0]
1000988c:	f3bf 8f5f 	dmb	sy
10009890:	2201      	movs	r2, #1
10009892:	4b0a      	ldr	r3, [pc, #40]	@ (100098bc <vTaskExitCritical+0xbc>)
10009894:	601a      	str	r2, [r3, #0]
10009896:	f000 fb6d 	bl	10009f74 <vPortEnableInterrupts>
1000989a:	2c00      	cmp	r4, #0
1000989c:	d0c6      	beq.n	1000982c <vTaskExitCritical+0x2c>
1000989e:	f000 fb51 	bl	10009f44 <vPortYield>
100098a2:	e7c3      	b.n	1000982c <vTaskExitCritical+0x2c>
100098a4:	20022030 	.word	0x20022030
100098a8:	20021f84 	.word	0x20021f84
100098ac:	20022070 	.word	0x20022070
100098b0:	20021f60 	.word	0x20021f60
100098b4:	20021f64 	.word	0x20021f64
100098b8:	d0000130 	.word	0xd0000130
100098bc:	d0000134 	.word	0xd0000134

100098c0 <vTaskExitCriticalFromISR>:
100098c0:	4b18      	ldr	r3, [pc, #96]	@ (10009924 <vTaskExitCriticalFromISR+0x64>)
100098c2:	b570      	push	{r4, r5, r6, lr}
100098c4:	681b      	ldr	r3, [r3, #0]
100098c6:	2b00      	cmp	r3, #0
100098c8:	d010      	beq.n	100098ec <vTaskExitCriticalFromISR+0x2c>
100098ca:	24d0      	movs	r4, #208	@ 0xd0
100098cc:	0624      	lsls	r4, r4, #24
100098ce:	6823      	ldr	r3, [r4, #0]
100098d0:	4915      	ldr	r1, [pc, #84]	@ (10009928 <vTaskExitCriticalFromISR+0x68>)
100098d2:	009b      	lsls	r3, r3, #2
100098d4:	585a      	ldr	r2, [r3, r1]
100098d6:	2a00      	cmp	r2, #0
100098d8:	d101      	bne.n	100098de <vTaskExitCriticalFromISR+0x1e>
100098da:	b672      	cpsid	i
100098dc:	e7fe      	b.n	100098dc <vTaskExitCriticalFromISR+0x1c>
100098de:	3a01      	subs	r2, #1
100098e0:	505a      	str	r2, [r3, r1]
100098e2:	6823      	ldr	r3, [r4, #0]
100098e4:	009a      	lsls	r2, r3, #2
100098e6:	5852      	ldr	r2, [r2, r1]
100098e8:	2a00      	cmp	r2, #0
100098ea:	d000      	beq.n	100098ee <vTaskExitCriticalFromISR+0x2e>
100098ec:	bd70      	pop	{r4, r5, r6, pc}
100098ee:	2101      	movs	r1, #1
100098f0:	4d0e      	ldr	r5, [pc, #56]	@ (1000992c <vTaskExitCriticalFromISR+0x6c>)
100098f2:	5cea      	ldrb	r2, [r5, r3]
100098f4:	4211      	tst	r1, r2
100098f6:	d005      	beq.n	10009904 <vTaskExitCriticalFromISR+0x44>
100098f8:	4e0d      	ldr	r6, [pc, #52]	@ (10009930 <vTaskExitCriticalFromISR+0x70>)
100098fa:	7834      	ldrb	r4, [r6, #0]
100098fc:	2c00      	cmp	r4, #0
100098fe:	d103      	bne.n	10009908 <vTaskExitCriticalFromISR+0x48>
10009900:	b672      	cpsid	i
10009902:	e7fe      	b.n	10009902 <vTaskExitCriticalFromISR+0x42>
10009904:	b672      	cpsid	i
10009906:	e7fe      	b.n	10009906 <vTaskExitCriticalFromISR+0x46>
10009908:	3c01      	subs	r4, #1
1000990a:	b2e4      	uxtb	r4, r4
1000990c:	7034      	strb	r4, [r6, #0]
1000990e:	2c00      	cmp	r4, #0
10009910:	d105      	bne.n	1000991e <vTaskExitCriticalFromISR+0x5e>
10009912:	438a      	bics	r2, r1
10009914:	54ea      	strb	r2, [r5, r3]
10009916:	f3bf 8f5f 	dmb	sy
1000991a:	4b06      	ldr	r3, [pc, #24]	@ (10009934 <vTaskExitCriticalFromISR+0x74>)
1000991c:	6019      	str	r1, [r3, #0]
1000991e:	f000 fb45 	bl	10009fac <vClearInterruptMaskFromISR>
10009922:	e7e3      	b.n	100098ec <vTaskExitCriticalFromISR+0x2c>
10009924:	20022030 	.word	0x20022030
10009928:	20021f84 	.word	0x20021f84
1000992c:	20021f60 	.word	0x20021f60
10009930:	20021f64 	.word	0x20021f64
10009934:	d0000130 	.word	0xd0000130

10009938 <vListInitialise>:
10009938:	0003      	movs	r3, r0
1000993a:	3308      	adds	r3, #8
1000993c:	2201      	movs	r2, #1
1000993e:	6043      	str	r3, [r0, #4]
10009940:	60c3      	str	r3, [r0, #12]
10009942:	6103      	str	r3, [r0, #16]
10009944:	2300      	movs	r3, #0
10009946:	4252      	negs	r2, r2
10009948:	6082      	str	r2, [r0, #8]
1000994a:	6003      	str	r3, [r0, #0]
1000994c:	4770      	bx	lr
1000994e:	46c0      	nop			@ (mov r8, r8)

10009950 <vListInitialiseItem>:
10009950:	2300      	movs	r3, #0
10009952:	6103      	str	r3, [r0, #16]
10009954:	4770      	bx	lr
10009956:	46c0      	nop			@ (mov r8, r8)

10009958 <vListInsertEnd>:
10009958:	6843      	ldr	r3, [r0, #4]
1000995a:	689a      	ldr	r2, [r3, #8]
1000995c:	604b      	str	r3, [r1, #4]
1000995e:	608a      	str	r2, [r1, #8]
10009960:	6051      	str	r1, [r2, #4]
10009962:	6099      	str	r1, [r3, #8]
10009964:	6803      	ldr	r3, [r0, #0]
10009966:	6108      	str	r0, [r1, #16]
10009968:	3301      	adds	r3, #1
1000996a:	6003      	str	r3, [r0, #0]
1000996c:	4770      	bx	lr
1000996e:	46c0      	nop			@ (mov r8, r8)

10009970 <vListInsert>:
10009970:	0003      	movs	r3, r0
10009972:	b530      	push	{r4, r5, lr}
10009974:	680d      	ldr	r5, [r1, #0]
10009976:	3308      	adds	r3, #8
10009978:	1c6a      	adds	r2, r5, #1
1000997a:	d00d      	beq.n	10009998 <vListInsert+0x28>
1000997c:	001c      	movs	r4, r3
1000997e:	685b      	ldr	r3, [r3, #4]
10009980:	681a      	ldr	r2, [r3, #0]
10009982:	42aa      	cmp	r2, r5
10009984:	d9fa      	bls.n	1000997c <vListInsert+0xc>
10009986:	604b      	str	r3, [r1, #4]
10009988:	6099      	str	r1, [r3, #8]
1000998a:	6803      	ldr	r3, [r0, #0]
1000998c:	608c      	str	r4, [r1, #8]
1000998e:	3301      	adds	r3, #1
10009990:	6061      	str	r1, [r4, #4]
10009992:	6108      	str	r0, [r1, #16]
10009994:	6003      	str	r3, [r0, #0]
10009996:	bd30      	pop	{r4, r5, pc}
10009998:	6904      	ldr	r4, [r0, #16]
1000999a:	6863      	ldr	r3, [r4, #4]
1000999c:	e7f3      	b.n	10009986 <vListInsert+0x16>
1000999e:	46c0      	nop			@ (mov r8, r8)

100099a0 <uxListRemove>:
100099a0:	6903      	ldr	r3, [r0, #16]
100099a2:	6841      	ldr	r1, [r0, #4]
100099a4:	6882      	ldr	r2, [r0, #8]
100099a6:	608a      	str	r2, [r1, #8]
100099a8:	6051      	str	r1, [r2, #4]
100099aa:	6859      	ldr	r1, [r3, #4]
100099ac:	4281      	cmp	r1, r0
100099ae:	d005      	beq.n	100099bc <uxListRemove+0x1c>
100099b0:	2200      	movs	r2, #0
100099b2:	6102      	str	r2, [r0, #16]
100099b4:	6818      	ldr	r0, [r3, #0]
100099b6:	3801      	subs	r0, #1
100099b8:	6018      	str	r0, [r3, #0]
100099ba:	4770      	bx	lr
100099bc:	605a      	str	r2, [r3, #4]
100099be:	e7f7      	b.n	100099b0 <uxListRemove+0x10>

100099c0 <prvTimerTask>:
100099c0:	b5f0      	push	{r4, r5, r6, r7, lr}
100099c2:	4657      	mov	r7, sl
100099c4:	46de      	mov	lr, fp
100099c6:	464e      	mov	r6, r9
100099c8:	4645      	mov	r5, r8
100099ca:	b5e0      	push	{r5, r6, r7, lr}
100099cc:	4ace      	ldr	r2, [pc, #824]	@ (10009d08 <prvTimerTask+0x348>)
100099ce:	b08b      	sub	sp, #44	@ 0x2c
100099d0:	9203      	str	r2, [sp, #12]
100099d2:	2228      	movs	r2, #40	@ 0x28
100099d4:	4bcd      	ldr	r3, [pc, #820]	@ (10009d0c <prvTimerTask+0x34c>)
100099d6:	4fce      	ldr	r7, [pc, #824]	@ (10009d10 <prvTimerTask+0x350>)
100099d8:	9301      	str	r3, [sp, #4]
100099da:	4bce      	ldr	r3, [pc, #824]	@ (10009d14 <prvTimerTask+0x354>)
100099dc:	46b9      	mov	r9, r7
100099de:	469a      	mov	sl, r3
100099e0:	4bcd      	ldr	r3, [pc, #820]	@ (10009d18 <prvTimerTask+0x358>)
100099e2:	4693      	mov	fp, r2
100099e4:	001f      	movs	r7, r3
100099e6:	464b      	mov	r3, r9
100099e8:	681b      	ldr	r3, [r3, #0]
100099ea:	681d      	ldr	r5, [r3, #0]
100099ec:	2d00      	cmp	r5, #0
100099ee:	d100      	bne.n	100099f2 <prvTimerTask+0x32>
100099f0:	e0a7      	b.n	10009b42 <prvTimerTask+0x182>
100099f2:	68db      	ldr	r3, [r3, #12]
100099f4:	681d      	ldr	r5, [r3, #0]
100099f6:	f7fe faeb 	bl	10007fd0 <vTaskSuspendAll>
100099fa:	f7fe fb83 	bl	10008104 <xTaskGetTickCount>
100099fe:	9b01      	ldr	r3, [sp, #4]
10009a00:	9002      	str	r0, [sp, #8]
10009a02:	681b      	ldr	r3, [r3, #0]
10009a04:	4283      	cmp	r3, r0
10009a06:	d900      	bls.n	10009a0a <prvTimerTask+0x4a>
10009a08:	e0ad      	b.n	10009b66 <prvTimerTask+0x1a6>
10009a0a:	9a01      	ldr	r2, [sp, #4]
10009a0c:	6010      	str	r0, [r2, #0]
10009a0e:	4285      	cmp	r5, r0
10009a10:	d800      	bhi.n	10009a14 <prvTimerTask+0x54>
10009a12:	e144      	b.n	10009c9e <prvTimerTask+0x2de>
10009a14:	2200      	movs	r2, #0
10009a16:	9b02      	ldr	r3, [sp, #8]
10009a18:	6838      	ldr	r0, [r7, #0]
10009a1a:	1ae9      	subs	r1, r5, r3
10009a1c:	f000 fdb4 	bl	1000a588 <vQueueWaitForMessageRestricted>
10009a20:	f7fe fdf8 	bl	10008614 <xTaskResumeAll>
10009a24:	2800      	cmp	r0, #0
10009a26:	d100      	bne.n	10009a2a <prvTimerTask+0x6a>
10009a28:	e136      	b.n	10009c98 <prvTimerTask+0x2d8>
10009a2a:	2210      	movs	r2, #16
10009a2c:	2100      	movs	r1, #0
10009a2e:	a806      	add	r0, sp, #24
10009a30:	f7f9 fc80 	bl	10003334 <__wrap_memset>
10009a34:	2200      	movs	r2, #0
10009a36:	6838      	ldr	r0, [r7, #0]
10009a38:	a906      	add	r1, sp, #24
10009a3a:	f000 fc71 	bl	1000a320 <xQueueReceive>
10009a3e:	2800      	cmp	r0, #0
10009a40:	d0d1      	beq.n	100099e6 <prvTimerTask+0x26>
10009a42:	9b06      	ldr	r3, [sp, #24]
10009a44:	9808      	ldr	r0, [sp, #32]
10009a46:	2b00      	cmp	r3, #0
10009a48:	db73      	blt.n	10009b32 <prvTimerTask+0x172>
10009a4a:	9c08      	ldr	r4, [sp, #32]
10009a4c:	6963      	ldr	r3, [r4, #20]
10009a4e:	2b00      	cmp	r3, #0
10009a50:	d002      	beq.n	10009a58 <prvTimerTask+0x98>
10009a52:	1d20      	adds	r0, r4, #4
10009a54:	f7ff ffa4 	bl	100099a0 <uxListRemove>
10009a58:	f7fe fb54 	bl	10008104 <xTaskGetTickCount>
10009a5c:	9b01      	ldr	r3, [sp, #4]
10009a5e:	0005      	movs	r5, r0
10009a60:	681b      	ldr	r3, [r3, #0]
10009a62:	4298      	cmp	r0, r3
10009a64:	d200      	bcs.n	10009a68 <prvTimerTask+0xa8>
10009a66:	e0cb      	b.n	10009c00 <prvTimerTask+0x240>
10009a68:	9b01      	ldr	r3, [sp, #4]
10009a6a:	601d      	str	r5, [r3, #0]
10009a6c:	9b06      	ldr	r3, [sp, #24]
10009a6e:	2b09      	cmp	r3, #9
10009a70:	d8e0      	bhi.n	10009a34 <prvTimerTask+0x74>
10009a72:	9a03      	ldr	r2, [sp, #12]
10009a74:	009b      	lsls	r3, r3, #2
10009a76:	58d3      	ldr	r3, [r2, r3]
10009a78:	469f      	mov	pc, r3
10009a7a:	465b      	mov	r3, fp
10009a7c:	5ce0      	ldrb	r0, [r4, r3]
10009a7e:	2301      	movs	r3, #1
10009a80:	465a      	mov	r2, fp
10009a82:	4303      	orrs	r3, r0
10009a84:	54a3      	strb	r3, [r4, r2]
10009a86:	9907      	ldr	r1, [sp, #28]
10009a88:	69a2      	ldr	r2, [r4, #24]
10009a8a:	6124      	str	r4, [r4, #16]
10009a8c:	188b      	adds	r3, r1, r2
10009a8e:	6063      	str	r3, [r4, #4]
10009a90:	42ab      	cmp	r3, r5
10009a92:	d900      	bls.n	10009a96 <prvTimerTask+0xd6>
10009a94:	e119      	b.n	10009cca <prvTimerTask+0x30a>
10009a96:	1a69      	subs	r1, r5, r1
10009a98:	428a      	cmp	r2, r1
10009a9a:	d900      	bls.n	10009a9e <prvTimerTask+0xde>
10009a9c:	e15d      	b.n	10009d5a <prvTimerTask+0x39a>
10009a9e:	0741      	lsls	r1, r0, #29
10009aa0:	d410      	bmi.n	10009ac4 <prvTimerTask+0x104>
10009aa2:	2301      	movs	r3, #1
10009aa4:	4398      	bics	r0, r3
10009aa6:	465b      	mov	r3, fp
10009aa8:	54e0      	strb	r0, [r4, r3]
10009aaa:	0020      	movs	r0, r4
10009aac:	6a23      	ldr	r3, [r4, #32]
10009aae:	4798      	blx	r3
10009ab0:	e7c0      	b.n	10009a34 <prvTimerTask+0x74>
10009ab2:	1aeb      	subs	r3, r5, r3
10009ab4:	429a      	cmp	r2, r3
10009ab6:	d900      	bls.n	10009aba <prvTimerTask+0xfa>
10009ab8:	e11b      	b.n	10009cf2 <prvTimerTask+0x332>
10009aba:	6a23      	ldr	r3, [r4, #32]
10009abc:	0020      	movs	r0, r4
10009abe:	4798      	blx	r3
10009ac0:	0033      	movs	r3, r6
10009ac2:	69a2      	ldr	r2, [r4, #24]
10009ac4:	18d6      	adds	r6, r2, r3
10009ac6:	6066      	str	r6, [r4, #4]
10009ac8:	6124      	str	r4, [r4, #16]
10009aca:	42b5      	cmp	r5, r6
10009acc:	d2f1      	bcs.n	10009ab2 <prvTimerTask+0xf2>
10009ace:	429d      	cmp	r5, r3
10009ad0:	d201      	bcs.n	10009ad6 <prvTimerTask+0x116>
10009ad2:	42b3      	cmp	r3, r6
10009ad4:	d9f1      	bls.n	10009aba <prvTimerTask+0xfa>
10009ad6:	464b      	mov	r3, r9
10009ad8:	1d21      	adds	r1, r4, #4
10009ada:	6818      	ldr	r0, [r3, #0]
10009adc:	f7ff ff48 	bl	10009970 <vListInsert>
10009ae0:	e7e3      	b.n	10009aaa <prvTimerTask+0xea>
10009ae2:	465b      	mov	r3, fp
10009ae4:	2201      	movs	r2, #1
10009ae6:	5ce3      	ldrb	r3, [r4, r3]
10009ae8:	4313      	orrs	r3, r2
10009aea:	465a      	mov	r2, fp
10009aec:	54a3      	strb	r3, [r4, r2]
10009aee:	9b07      	ldr	r3, [sp, #28]
10009af0:	61a3      	str	r3, [r4, #24]
10009af2:	2b00      	cmp	r3, #0
10009af4:	d100      	bne.n	10009af8 <prvTimerTask+0x138>
10009af6:	e136      	b.n	10009d66 <prvTimerTask+0x3a6>
10009af8:	195b      	adds	r3, r3, r5
10009afa:	6063      	str	r3, [r4, #4]
10009afc:	6124      	str	r4, [r4, #16]
10009afe:	1d21      	adds	r1, r4, #4
10009b00:	42ab      	cmp	r3, r5
10009b02:	d900      	bls.n	10009b06 <prvTimerTask+0x146>
10009b04:	e0ec      	b.n	10009ce0 <prvTimerTask+0x320>
10009b06:	4653      	mov	r3, sl
10009b08:	6818      	ldr	r0, [r3, #0]
10009b0a:	f7ff ff31 	bl	10009970 <vListInsert>
10009b0e:	e791      	b.n	10009a34 <prvTimerTask+0x74>
10009b10:	465b      	mov	r3, fp
10009b12:	2201      	movs	r2, #1
10009b14:	5ce3      	ldrb	r3, [r4, r3]
10009b16:	4393      	bics	r3, r2
10009b18:	465a      	mov	r2, fp
10009b1a:	54a3      	strb	r3, [r4, r2]
10009b1c:	e78a      	b.n	10009a34 <prvTimerTask+0x74>
10009b1e:	465b      	mov	r3, fp
10009b20:	5ce3      	ldrb	r3, [r4, r3]
10009b22:	079a      	lsls	r2, r3, #30
10009b24:	d400      	bmi.n	10009b28 <prvTimerTask+0x168>
10009b26:	e0e0      	b.n	10009cea <prvTimerTask+0x32a>
10009b28:	2201      	movs	r2, #1
10009b2a:	4393      	bics	r3, r2
10009b2c:	465a      	mov	r2, fp
10009b2e:	54a3      	strb	r3, [r4, r2]
10009b30:	e780      	b.n	10009a34 <prvTimerTask+0x74>
10009b32:	9b07      	ldr	r3, [sp, #28]
10009b34:	9909      	ldr	r1, [sp, #36]	@ 0x24
10009b36:	4798      	blx	r3
10009b38:	9b06      	ldr	r3, [sp, #24]
10009b3a:	2b00      	cmp	r3, #0
10009b3c:	da00      	bge.n	10009b40 <prvTimerTask+0x180>
10009b3e:	e779      	b.n	10009a34 <prvTimerTask+0x74>
10009b40:	e783      	b.n	10009a4a <prvTimerTask+0x8a>
10009b42:	f7fe fa45 	bl	10007fd0 <vTaskSuspendAll>
10009b46:	f7fe fadd 	bl	10008104 <xTaskGetTickCount>
10009b4a:	9b01      	ldr	r3, [sp, #4]
10009b4c:	0002      	movs	r2, r0
10009b4e:	681b      	ldr	r3, [r3, #0]
10009b50:	9002      	str	r0, [sp, #8]
10009b52:	4283      	cmp	r3, r0
10009b54:	d807      	bhi.n	10009b66 <prvTimerTask+0x1a6>
10009b56:	9b01      	ldr	r3, [sp, #4]
10009b58:	601a      	str	r2, [r3, #0]
10009b5a:	4653      	mov	r3, sl
10009b5c:	681b      	ldr	r3, [r3, #0]
10009b5e:	681a      	ldr	r2, [r3, #0]
10009b60:	4253      	negs	r3, r2
10009b62:	415a      	adcs	r2, r3
10009b64:	e757      	b.n	10009a16 <prvTimerTask+0x56>
10009b66:	464b      	mov	r3, r9
10009b68:	681b      	ldr	r3, [r3, #0]
10009b6a:	681a      	ldr	r2, [r3, #0]
10009b6c:	2a00      	cmp	r2, #0
10009b6e:	d03b      	beq.n	10009be8 <prvTimerTask+0x228>
10009b70:	2204      	movs	r2, #4
10009b72:	9704      	str	r7, [sp, #16]
10009b74:	4690      	mov	r8, r2
10009b76:	e00b      	b.n	10009b90 <prvTimerTask+0x1d0>
10009b78:	2201      	movs	r2, #1
10009b7a:	4393      	bics	r3, r2
10009b7c:	465a      	mov	r2, fp
10009b7e:	54a3      	strb	r3, [r4, r2]
10009b80:	6a23      	ldr	r3, [r4, #32]
10009b82:	0020      	movs	r0, r4
10009b84:	4798      	blx	r3
10009b86:	464b      	mov	r3, r9
10009b88:	681b      	ldr	r3, [r3, #0]
10009b8a:	681a      	ldr	r2, [r3, #0]
10009b8c:	2a00      	cmp	r2, #0
10009b8e:	d02a      	beq.n	10009be6 <prvTimerTask+0x226>
10009b90:	68db      	ldr	r3, [r3, #12]
10009b92:	68dc      	ldr	r4, [r3, #12]
10009b94:	681e      	ldr	r6, [r3, #0]
10009b96:	1d27      	adds	r7, r4, #4
10009b98:	0038      	movs	r0, r7
10009b9a:	f7ff ff01 	bl	100099a0 <uxListRemove>
10009b9e:	465b      	mov	r3, fp
10009ba0:	4642      	mov	r2, r8
10009ba2:	5ce3      	ldrb	r3, [r4, r3]
10009ba4:	421a      	tst	r2, r3
10009ba6:	d0e7      	beq.n	10009b78 <prvTimerTask+0x1b8>
10009ba8:	69a3      	ldr	r3, [r4, #24]
10009baa:	6124      	str	r4, [r4, #16]
10009bac:	18f5      	adds	r5, r6, r3
10009bae:	43f6      	mvns	r6, r6
10009bb0:	6065      	str	r5, [r4, #4]
10009bb2:	42b3      	cmp	r3, r6
10009bb4:	d80a      	bhi.n	10009bcc <prvTimerTask+0x20c>
10009bb6:	002e      	movs	r6, r5
10009bb8:	43f6      	mvns	r6, r6
10009bba:	6a23      	ldr	r3, [r4, #32]
10009bbc:	0020      	movs	r0, r4
10009bbe:	4798      	blx	r3
10009bc0:	69a3      	ldr	r3, [r4, #24]
10009bc2:	6124      	str	r4, [r4, #16]
10009bc4:	18ed      	adds	r5, r5, r3
10009bc6:	6065      	str	r5, [r4, #4]
10009bc8:	42b3      	cmp	r3, r6
10009bca:	d9f4      	bls.n	10009bb6 <prvTimerTask+0x1f6>
10009bcc:	4653      	mov	r3, sl
10009bce:	0039      	movs	r1, r7
10009bd0:	6818      	ldr	r0, [r3, #0]
10009bd2:	f7ff fecd 	bl	10009970 <vListInsert>
10009bd6:	6a23      	ldr	r3, [r4, #32]
10009bd8:	0020      	movs	r0, r4
10009bda:	4798      	blx	r3
10009bdc:	464b      	mov	r3, r9
10009bde:	681b      	ldr	r3, [r3, #0]
10009be0:	681a      	ldr	r2, [r3, #0]
10009be2:	2a00      	cmp	r2, #0
10009be4:	d1d4      	bne.n	10009b90 <prvTimerTask+0x1d0>
10009be6:	9f04      	ldr	r7, [sp, #16]
10009be8:	4652      	mov	r2, sl
10009bea:	4649      	mov	r1, r9
10009bec:	6812      	ldr	r2, [r2, #0]
10009bee:	600a      	str	r2, [r1, #0]
10009bf0:	4652      	mov	r2, sl
10009bf2:	6013      	str	r3, [r2, #0]
10009bf4:	9b01      	ldr	r3, [sp, #4]
10009bf6:	9a02      	ldr	r2, [sp, #8]
10009bf8:	601a      	str	r2, [r3, #0]
10009bfa:	f7fe fd0b 	bl	10008614 <xTaskResumeAll>
10009bfe:	e714      	b.n	10009a2a <prvTimerTask+0x6a>
10009c00:	464b      	mov	r3, r9
10009c02:	681b      	ldr	r3, [r3, #0]
10009c04:	681a      	ldr	r2, [r3, #0]
10009c06:	2a00      	cmp	r2, #0
10009c08:	d03f      	beq.n	10009c8a <prvTimerTask+0x2ca>
10009c0a:	2204      	movs	r2, #4
10009c0c:	9402      	str	r4, [sp, #8]
10009c0e:	4690      	mov	r8, r2
10009c10:	9004      	str	r0, [sp, #16]
10009c12:	9705      	str	r7, [sp, #20]
10009c14:	e00b      	b.n	10009c2e <prvTimerTask+0x26e>
10009c16:	2201      	movs	r2, #1
10009c18:	4393      	bics	r3, r2
10009c1a:	465a      	mov	r2, fp
10009c1c:	54a3      	strb	r3, [r4, r2]
10009c1e:	6a23      	ldr	r3, [r4, #32]
10009c20:	0020      	movs	r0, r4
10009c22:	4798      	blx	r3
10009c24:	464b      	mov	r3, r9
10009c26:	681b      	ldr	r3, [r3, #0]
10009c28:	681a      	ldr	r2, [r3, #0]
10009c2a:	2a00      	cmp	r2, #0
10009c2c:	d02a      	beq.n	10009c84 <prvTimerTask+0x2c4>
10009c2e:	68db      	ldr	r3, [r3, #12]
10009c30:	68dc      	ldr	r4, [r3, #12]
10009c32:	681e      	ldr	r6, [r3, #0]
10009c34:	1d27      	adds	r7, r4, #4
10009c36:	0038      	movs	r0, r7
10009c38:	f7ff feb2 	bl	100099a0 <uxListRemove>
10009c3c:	465b      	mov	r3, fp
10009c3e:	4642      	mov	r2, r8
10009c40:	5ce3      	ldrb	r3, [r4, r3]
10009c42:	421a      	tst	r2, r3
10009c44:	d0e7      	beq.n	10009c16 <prvTimerTask+0x256>
10009c46:	69a3      	ldr	r3, [r4, #24]
10009c48:	6124      	str	r4, [r4, #16]
10009c4a:	18f5      	adds	r5, r6, r3
10009c4c:	43f6      	mvns	r6, r6
10009c4e:	6065      	str	r5, [r4, #4]
10009c50:	42b3      	cmp	r3, r6
10009c52:	d80a      	bhi.n	10009c6a <prvTimerTask+0x2aa>
10009c54:	002e      	movs	r6, r5
10009c56:	43f6      	mvns	r6, r6
10009c58:	6a23      	ldr	r3, [r4, #32]
10009c5a:	0020      	movs	r0, r4
10009c5c:	4798      	blx	r3
10009c5e:	69a3      	ldr	r3, [r4, #24]
10009c60:	6124      	str	r4, [r4, #16]
10009c62:	18ed      	adds	r5, r5, r3
10009c64:	6065      	str	r5, [r4, #4]
10009c66:	42b3      	cmp	r3, r6
10009c68:	d9f4      	bls.n	10009c54 <prvTimerTask+0x294>
10009c6a:	4653      	mov	r3, sl
10009c6c:	0039      	movs	r1, r7
10009c6e:	6818      	ldr	r0, [r3, #0]
10009c70:	f7ff fe7e 	bl	10009970 <vListInsert>
10009c74:	6a23      	ldr	r3, [r4, #32]
10009c76:	0020      	movs	r0, r4
10009c78:	4798      	blx	r3
10009c7a:	464b      	mov	r3, r9
10009c7c:	681b      	ldr	r3, [r3, #0]
10009c7e:	681a      	ldr	r2, [r3, #0]
10009c80:	2a00      	cmp	r2, #0
10009c82:	d1d4      	bne.n	10009c2e <prvTimerTask+0x26e>
10009c84:	9c02      	ldr	r4, [sp, #8]
10009c86:	9d04      	ldr	r5, [sp, #16]
10009c88:	9f05      	ldr	r7, [sp, #20]
10009c8a:	4652      	mov	r2, sl
10009c8c:	4649      	mov	r1, r9
10009c8e:	6812      	ldr	r2, [r2, #0]
10009c90:	600a      	str	r2, [r1, #0]
10009c92:	4652      	mov	r2, sl
10009c94:	6013      	str	r3, [r2, #0]
10009c96:	e6e7      	b.n	10009a68 <prvTimerTask+0xa8>
10009c98:	f7ff fa0a 	bl	100090b0 <vTaskYieldWithinAPI>
10009c9c:	e6c5      	b.n	10009a2a <prvTimerTask+0x6a>
10009c9e:	f7fe fcb9 	bl	10008614 <xTaskResumeAll>
10009ca2:	464b      	mov	r3, r9
10009ca4:	681b      	ldr	r3, [r3, #0]
10009ca6:	68db      	ldr	r3, [r3, #12]
10009ca8:	68de      	ldr	r6, [r3, #12]
10009caa:	1d34      	adds	r4, r6, #4
10009cac:	0020      	movs	r0, r4
10009cae:	f7ff fe77 	bl	100099a0 <uxListRemove>
10009cb2:	465b      	mov	r3, fp
10009cb4:	5cf3      	ldrb	r3, [r6, r3]
10009cb6:	075a      	lsls	r2, r3, #29
10009cb8:	d421      	bmi.n	10009cfe <prvTimerTask+0x33e>
10009cba:	2201      	movs	r2, #1
10009cbc:	4393      	bics	r3, r2
10009cbe:	465a      	mov	r2, fp
10009cc0:	54b3      	strb	r3, [r6, r2]
10009cc2:	0030      	movs	r0, r6
10009cc4:	6a33      	ldr	r3, [r6, #32]
10009cc6:	4798      	blx	r3
10009cc8:	e6af      	b.n	10009a2a <prvTimerTask+0x6a>
10009cca:	42a9      	cmp	r1, r5
10009ccc:	d902      	bls.n	10009cd4 <prvTimerTask+0x314>
10009cce:	4299      	cmp	r1, r3
10009cd0:	d800      	bhi.n	10009cd4 <prvTimerTask+0x314>
10009cd2:	e6e4      	b.n	10009a9e <prvTimerTask+0xde>
10009cd4:	464b      	mov	r3, r9
10009cd6:	1d21      	adds	r1, r4, #4
10009cd8:	6818      	ldr	r0, [r3, #0]
10009cda:	f7ff fe49 	bl	10009970 <vListInsert>
10009cde:	e6a9      	b.n	10009a34 <prvTimerTask+0x74>
10009ce0:	464b      	mov	r3, r9
10009ce2:	6818      	ldr	r0, [r3, #0]
10009ce4:	f7ff fe44 	bl	10009970 <vListInsert>
10009ce8:	e6a4      	b.n	10009a34 <prvTimerTask+0x74>
10009cea:	0020      	movs	r0, r4
10009cec:	f7fd fd50 	bl	10007790 <vPortFree>
10009cf0:	e6a0      	b.n	10009a34 <prvTimerTask+0x74>
10009cf2:	4653      	mov	r3, sl
10009cf4:	1d21      	adds	r1, r4, #4
10009cf6:	6818      	ldr	r0, [r3, #0]
10009cf8:	f7ff fe3a 	bl	10009970 <vListInsert>
10009cfc:	e6d5      	b.n	10009aaa <prvTimerTask+0xea>
10009cfe:	46a0      	mov	r8, r4
10009d00:	002b      	movs	r3, r5
10009d02:	9c02      	ldr	r4, [sp, #8]
10009d04:	e011      	b.n	10009d2a <prvTimerTask+0x36a>
10009d06:	46c0      	nop			@ (mov r8, r8)
10009d08:	1000afe0 	.word	0x1000afe0
10009d0c:	20022000 	.word	0x20022000
10009d10:	20001cac 	.word	0x20001cac
10009d14:	20001cbc 	.word	0x20001cbc
10009d18:	20022068 	.word	0x20022068
10009d1c:	1ae3      	subs	r3, r4, r3
10009d1e:	429a      	cmp	r2, r3
10009d20:	d814      	bhi.n	10009d4c <prvTimerTask+0x38c>
10009d22:	6a33      	ldr	r3, [r6, #32]
10009d24:	0030      	movs	r0, r6
10009d26:	4798      	blx	r3
10009d28:	002b      	movs	r3, r5
10009d2a:	69b2      	ldr	r2, [r6, #24]
10009d2c:	6136      	str	r6, [r6, #16]
10009d2e:	189d      	adds	r5, r3, r2
10009d30:	6075      	str	r5, [r6, #4]
10009d32:	42a5      	cmp	r5, r4
10009d34:	d9f2      	bls.n	10009d1c <prvTimerTask+0x35c>
10009d36:	42a3      	cmp	r3, r4
10009d38:	d901      	bls.n	10009d3e <prvTimerTask+0x37e>
10009d3a:	42ab      	cmp	r3, r5
10009d3c:	d9f1      	bls.n	10009d22 <prvTimerTask+0x362>
10009d3e:	4644      	mov	r4, r8
10009d40:	464b      	mov	r3, r9
10009d42:	0021      	movs	r1, r4
10009d44:	6818      	ldr	r0, [r3, #0]
10009d46:	f7ff fe13 	bl	10009970 <vListInsert>
10009d4a:	e7ba      	b.n	10009cc2 <prvTimerTask+0x302>
10009d4c:	4644      	mov	r4, r8
10009d4e:	4653      	mov	r3, sl
10009d50:	0021      	movs	r1, r4
10009d52:	6818      	ldr	r0, [r3, #0]
10009d54:	f7ff fe0c 	bl	10009970 <vListInsert>
10009d58:	e7b3      	b.n	10009cc2 <prvTimerTask+0x302>
10009d5a:	4653      	mov	r3, sl
10009d5c:	1d21      	adds	r1, r4, #4
10009d5e:	6818      	ldr	r0, [r3, #0]
10009d60:	f7ff fe06 	bl	10009970 <vListInsert>
10009d64:	e666      	b.n	10009a34 <prvTimerTask+0x74>
10009d66:	b672      	cpsid	i
10009d68:	e7fe      	b.n	10009d68 <prvTimerTask+0x3a8>
10009d6a:	46c0      	nop			@ (mov r8, r8)

10009d6c <xTimerCreateTimerTask>:
10009d6c:	b570      	push	{r4, r5, r6, lr}
10009d6e:	b084      	sub	sp, #16
10009d70:	f7ff f9b2 	bl	100090d8 <vTaskEnterCritical>
10009d74:	4c1a      	ldr	r4, [pc, #104]	@ (10009de0 <xTimerCreateTimerTask+0x74>)
10009d76:	6823      	ldr	r3, [r4, #0]
10009d78:	2b00      	cmp	r3, #0
10009d7a:	d018      	beq.n	10009dae <xTimerCreateTimerTask+0x42>
10009d7c:	f7ff fd40 	bl	10009800 <vTaskExitCritical>
10009d80:	6823      	ldr	r3, [r4, #0]
10009d82:	2b00      	cmp	r3, #0
10009d84:	d00f      	beq.n	10009da6 <xTimerCreateTimerTask+0x3a>
10009d86:	4b17      	ldr	r3, [pc, #92]	@ (10009de4 <xTimerCreateTimerTask+0x78>)
10009d88:	2280      	movs	r2, #128	@ 0x80
10009d8a:	9302      	str	r3, [sp, #8]
10009d8c:	2301      	movs	r3, #1
10009d8e:	425b      	negs	r3, r3
10009d90:	9301      	str	r3, [sp, #4]
10009d92:	3320      	adds	r3, #32
10009d94:	9300      	str	r3, [sp, #0]
10009d96:	4914      	ldr	r1, [pc, #80]	@ (10009de8 <xTimerCreateTimerTask+0x7c>)
10009d98:	2300      	movs	r3, #0
10009d9a:	4814      	ldr	r0, [pc, #80]	@ (10009dec <xTimerCreateTimerTask+0x80>)
10009d9c:	00d2      	lsls	r2, r2, #3
10009d9e:	f7ff fb41 	bl	10009424 <xTaskCreateAffinitySet>
10009da2:	2800      	cmp	r0, #0
10009da4:	d101      	bne.n	10009daa <xTimerCreateTimerTask+0x3e>
10009da6:	b672      	cpsid	i
10009da8:	e7fe      	b.n	10009da8 <xTimerCreateTimerTask+0x3c>
10009daa:	b004      	add	sp, #16
10009dac:	bd70      	pop	{r4, r5, r6, pc}
10009dae:	4e10      	ldr	r6, [pc, #64]	@ (10009df0 <xTimerCreateTimerTask+0x84>)
10009db0:	0030      	movs	r0, r6
10009db2:	f7ff fdc1 	bl	10009938 <vListInitialise>
10009db6:	4d0f      	ldr	r5, [pc, #60]	@ (10009df4 <xTimerCreateTimerTask+0x88>)
10009db8:	0028      	movs	r0, r5
10009dba:	f7ff fdbd 	bl	10009938 <vListInitialise>
10009dbe:	4b0e      	ldr	r3, [pc, #56]	@ (10009df8 <xTimerCreateTimerTask+0x8c>)
10009dc0:	2200      	movs	r2, #0
10009dc2:	601e      	str	r6, [r3, #0]
10009dc4:	4b0d      	ldr	r3, [pc, #52]	@ (10009dfc <xTimerCreateTimerTask+0x90>)
10009dc6:	2110      	movs	r1, #16
10009dc8:	200a      	movs	r0, #10
10009dca:	601d      	str	r5, [r3, #0]
10009dcc:	f000 fa54 	bl	1000a278 <xQueueGenericCreate>
10009dd0:	6020      	str	r0, [r4, #0]
10009dd2:	2800      	cmp	r0, #0
10009dd4:	d0d2      	beq.n	10009d7c <xTimerCreateTimerTask+0x10>
10009dd6:	490a      	ldr	r1, [pc, #40]	@ (10009e00 <xTimerCreateTimerTask+0x94>)
10009dd8:	f000 fb46 	bl	1000a468 <vQueueAddToRegistry>
10009ddc:	e7ce      	b.n	10009d7c <xTimerCreateTimerTask+0x10>
10009dde:	46c0      	nop			@ (mov r8, r8)
10009de0:	20022068 	.word	0x20022068
10009de4:	2002206c 	.word	0x2002206c
10009de8:	1000ab4c 	.word	0x1000ab4c
10009dec:	100099c1 	.word	0x100099c1
10009df0:	20021fa0 	.word	0x20021fa0
10009df4:	20021fb4 	.word	0x20021fb4
10009df8:	20001cac 	.word	0x20001cac
10009dfc:	20001cbc 	.word	0x20001cbc
10009e00:	1000ab44 	.word	0x1000ab44

10009e04 <isr_svcall>:
10009e04:	4770      	bx	lr
10009e06:	46c0      	nop			@ (mov r8, r8)
	...

10009e10 <vPortStartFirstTask>:
10009e10:	a10b      	add	r1, pc, #44	@ (adr r1, 10009e40 <ulAsmLocals>)
10009e12:	c90c      	ldmia	r1!, {r2, r3}
10009e14:	6812      	ldr	r2, [r2, #0]
10009e16:	0092      	lsls	r2, r2, #2
10009e18:	589b      	ldr	r3, [r3, r2]
10009e1a:	6818      	ldr	r0, [r3, #0]
10009e1c:	3020      	adds	r0, #32
10009e1e:	f380 8809 	msr	PSP, r0
10009e22:	2002      	movs	r0, #2
10009e24:	f380 8814 	msr	CONTROL, r0
10009e28:	f3bf 8f6f 	isb	sy
10009e2c:	bc3f      	pop	{r0, r1, r2, r3, r4, r5}
10009e2e:	46ae      	mov	lr, r5
10009e30:	bc08      	pop	{r3}
10009e32:	bc04      	pop	{r2}
10009e34:	b662      	cpsie	i
10009e36:	4718      	bx	r3
10009e38:	46c0      	nop			@ (mov r8, r8)
10009e3a:	46c0      	nop			@ (mov r8, r8)
10009e3c:	46c0      	nop			@ (mov r8, r8)
10009e3e:	46c0      	nop			@ (mov r8, r8)

10009e40 <ulAsmLocals>:
10009e40:	d0000000 	.word	0xd0000000
10009e44:	20001ca4 	.word	0x20001ca4

10009e48 <prvFIFOInterruptHandler>:
10009e48:	23d0      	movs	r3, #208	@ 0xd0
10009e4a:	061b      	lsls	r3, r3, #24
10009e4c:	6d1a      	ldr	r2, [r3, #80]	@ 0x50
10009e4e:	07d2      	lsls	r2, r2, #31
10009e50:	d504      	bpl.n	10009e5c <prvFIFOInterruptHandler+0x14>
10009e52:	2101      	movs	r1, #1
10009e54:	6d9a      	ldr	r2, [r3, #88]	@ 0x58
10009e56:	6d1a      	ldr	r2, [r3, #80]	@ 0x50
10009e58:	4211      	tst	r1, r2
10009e5a:	d1fb      	bne.n	10009e54 <prvFIFOInterruptHandler+0xc>
10009e5c:	23d0      	movs	r3, #208	@ 0xd0
10009e5e:	22ff      	movs	r2, #255	@ 0xff
10009e60:	061b      	lsls	r3, r3, #24
10009e62:	651a      	str	r2, [r3, #80]	@ 0x50
10009e64:	2280      	movs	r2, #128	@ 0x80
10009e66:	4b02      	ldr	r3, [pc, #8]	@ (10009e70 <prvFIFOInterruptHandler+0x28>)
10009e68:	0552      	lsls	r2, r2, #21
10009e6a:	601a      	str	r2, [r3, #0]
10009e6c:	4770      	bx	lr
10009e6e:	46c0      	nop			@ (mov r8, r8)
10009e70:	e000ed04 	.word	0xe000ed04
	...

10009e80 <isr_pendsv>:
10009e80:	f3ef 8109 	mrs	r1, PSP
10009e84:	a01a      	add	r0, pc, #104	@ (adr r0, 10009ef0 <ulAsmLocals2>)
10009e86:	c80c      	ldmia	r0!, {r2, r3}
10009e88:	6810      	ldr	r0, [r2, #0]
10009e8a:	0080      	lsls	r0, r0, #2
10009e8c:	181b      	adds	r3, r3, r0
10009e8e:	6818      	ldr	r0, [r3, #0]
10009e90:	3920      	subs	r1, #32
10009e92:	6001      	str	r1, [r0, #0]
10009e94:	c1f0      	stmia	r1!, {r4, r5, r6, r7}
10009e96:	4644      	mov	r4, r8
10009e98:	464d      	mov	r5, r9
10009e9a:	4656      	mov	r6, sl
10009e9c:	465f      	mov	r7, fp
10009e9e:	c1f0      	stmia	r1!, {r4, r5, r6, r7}
10009ea0:	6e14      	ldr	r4, [r2, #96]	@ 0x60
10009ea2:	6e55      	ldr	r5, [r2, #100]	@ 0x64
10009ea4:	6f56      	ldr	r6, [r2, #116]	@ 0x74
10009ea6:	6f17      	ldr	r7, [r2, #112]	@ 0x70
10009ea8:	3930      	subs	r1, #48	@ 0x30
10009eaa:	c1f0      	stmia	r1!, {r4, r5, r6, r7}
10009eac:	6810      	ldr	r0, [r2, #0]
10009eae:	b508      	push	{r3, lr}
10009eb0:	b672      	cpsid	i
10009eb2:	f7fe fc43 	bl	1000873c <vTaskSwitchContext>
10009eb6:	b662      	cpsie	i
10009eb8:	bc0c      	pop	{r2, r3}
10009eba:	6811      	ldr	r1, [r2, #0]
10009ebc:	6808      	ldr	r0, [r1, #0]
10009ebe:	3010      	adds	r0, #16
10009ec0:	c8f0      	ldmia	r0!, {r4, r5, r6, r7}
10009ec2:	46a0      	mov	r8, r4
10009ec4:	46a9      	mov	r9, r5
10009ec6:	46b2      	mov	sl, r6
10009ec8:	46bb      	mov	fp, r7
10009eca:	f380 8809 	msr	PSP, r0
10009ece:	220d      	movs	r2, #13
10009ed0:	0712      	lsls	r2, r2, #28
10009ed2:	3830      	subs	r0, #48	@ 0x30
10009ed4:	c8f0      	ldmia	r0!, {r4, r5, r6, r7}
10009ed6:	6614      	str	r4, [r2, #96]	@ 0x60
10009ed8:	6655      	str	r5, [r2, #100]	@ 0x64
10009eda:	6756      	str	r6, [r2, #116]	@ 0x74
10009edc:	6717      	str	r7, [r2, #112]	@ 0x70
10009ede:	c8f0      	ldmia	r0!, {r4, r5, r6, r7}
10009ee0:	4718      	bx	r3
10009ee2:	46c0      	nop			@ (mov r8, r8)
10009ee4:	46c0      	nop			@ (mov r8, r8)
10009ee6:	46c0      	nop			@ (mov r8, r8)
10009ee8:	46c0      	nop			@ (mov r8, r8)
10009eea:	46c0      	nop			@ (mov r8, r8)
10009eec:	46c0      	nop			@ (mov r8, r8)
10009eee:	46c0      	nop			@ (mov r8, r8)

10009ef0 <ulAsmLocals2>:
10009ef0:	d0000000 	.word	0xd0000000
10009ef4:	20001ca4 	.word	0x20001ca4

10009ef8 <isr_systick>:
10009ef8:	b510      	push	{r4, lr}
10009efa:	f7ff fc3b 	bl	10009774 <vTaskEnterCriticalFromISR>
10009efe:	0004      	movs	r4, r0
10009f00:	f7fe f90c 	bl	1000811c <xTaskIncrementTick>
10009f04:	2800      	cmp	r0, #0
10009f06:	d003      	beq.n	10009f10 <isr_systick+0x18>
10009f08:	2280      	movs	r2, #128	@ 0x80
10009f0a:	4b03      	ldr	r3, [pc, #12]	@ (10009f18 <isr_systick+0x20>)
10009f0c:	0552      	lsls	r2, r2, #21
10009f0e:	601a      	str	r2, [r3, #0]
10009f10:	0020      	movs	r0, r4
10009f12:	f7ff fcd5 	bl	100098c0 <vTaskExitCriticalFromISR>
10009f16:	bd10      	pop	{r4, pc}
10009f18:	e000ed04 	.word	0xe000ed04

10009f1c <prvTaskExitError>:
10009f1c:	b510      	push	{r4, lr}
10009f1e:	f7f7 f869 	bl	10000ff4 <panic_unsupported>
10009f22:	46c0      	nop			@ (mov r8, r8)

10009f24 <pxPortInitialiseStack>:
10009f24:	b510      	push	{r4, lr}
10009f26:	2480      	movs	r4, #128	@ 0x80
10009f28:	1f03      	subs	r3, r0, #4
10009f2a:	0464      	lsls	r4, r4, #17
10009f2c:	601c      	str	r4, [r3, #0]
10009f2e:	3b04      	subs	r3, #4
10009f30:	6019      	str	r1, [r3, #0]
10009f32:	4903      	ldr	r1, [pc, #12]	@ (10009f40 <pxPortInitialiseStack+0x1c>)
10009f34:	3b04      	subs	r3, #4
10009f36:	6019      	str	r1, [r3, #0]
10009f38:	3b14      	subs	r3, #20
10009f3a:	3840      	subs	r0, #64	@ 0x40
10009f3c:	601a      	str	r2, [r3, #0]
10009f3e:	bd10      	pop	{r4, pc}
10009f40:	10009f1d 	.word	0x10009f1d

10009f44 <vPortYield>:
10009f44:	22d0      	movs	r2, #208	@ 0xd0
10009f46:	0612      	lsls	r2, r2, #24
10009f48:	6812      	ldr	r2, [r2, #0]
10009f4a:	4b08      	ldr	r3, [pc, #32]	@ (10009f6c <vPortYield+0x28>)
10009f4c:	0092      	lsls	r2, r2, #2
10009f4e:	58d3      	ldr	r3, [r2, r3]
10009f50:	2b00      	cmp	r3, #0
10009f52:	d001      	beq.n	10009f58 <vPortYield+0x14>
10009f54:	b672      	cpsid	i
10009f56:	e7fe      	b.n	10009f56 <vPortYield+0x12>
10009f58:	2280      	movs	r2, #128	@ 0x80
10009f5a:	4b05      	ldr	r3, [pc, #20]	@ (10009f70 <vPortYield+0x2c>)
10009f5c:	0552      	lsls	r2, r2, #21
10009f5e:	601a      	str	r2, [r3, #0]
10009f60:	f3bf 8f4f 	dsb	sy
10009f64:	f3bf 8f6f 	isb	sy
10009f68:	4770      	bx	lr
10009f6a:	46c0      	nop			@ (mov r8, r8)
10009f6c:	20001f40 	.word	0x20001f40
10009f70:	e000ed04 	.word	0xe000ed04

10009f74 <vPortEnableInterrupts>:
10009f74:	23d0      	movs	r3, #208	@ 0xd0
10009f76:	061b      	lsls	r3, r3, #24
10009f78:	681b      	ldr	r3, [r3, #0]
10009f7a:	4908      	ldr	r1, [pc, #32]	@ (10009f9c <vPortEnableInterrupts+0x28>)
10009f7c:	009b      	lsls	r3, r3, #2
10009f7e:	585a      	ldr	r2, [r3, r1]
10009f80:	2a00      	cmp	r2, #0
10009f82:	d008      	beq.n	10009f96 <vPortEnableInterrupts+0x22>
10009f84:	2000      	movs	r0, #0
10009f86:	5058      	str	r0, [r3, r1]
10009f88:	4905      	ldr	r1, [pc, #20]	@ (10009fa0 <vPortEnableInterrupts+0x2c>)
10009f8a:	585b      	ldr	r3, [r3, r1]
10009f8c:	f3bf 8f5f 	dmb	sy
10009f90:	6010      	str	r0, [r2, #0]
10009f92:	f383 8810 	msr	PRIMASK, r3
10009f96:	b662      	cpsie	i
10009f98:	4770      	bx	lr
10009f9a:	46c0      	nop			@ (mov r8, r8)
10009f9c:	20001f40 	.word	0x20001f40
10009fa0:	20021f68 	.word	0x20021f68

10009fa4 <ulSetInterruptMaskFromISR>:
10009fa4:	f3ef 8010 	mrs	r0, PRIMASK
10009fa8:	b672      	cpsid	i
10009faa:	4770      	bx	lr

10009fac <vClearInterruptMaskFromISR>:
10009fac:	f380 8810 	msr	PRIMASK, r0
10009fb0:	4770      	bx	lr
10009fb2:	46c0      	nop			@ (mov r8, r8)

10009fb4 <vYieldCore>:
10009fb4:	23d0      	movs	r3, #208	@ 0xd0
10009fb6:	061b      	lsls	r3, r3, #24
10009fb8:	681a      	ldr	r2, [r3, #0]
10009fba:	4282      	cmp	r2, r0
10009fbc:	d002      	beq.n	10009fc4 <vYieldCore+0x10>
10009fbe:	2200      	movs	r2, #0
10009fc0:	655a      	str	r2, [r3, #84]	@ 0x54
10009fc2:	4770      	bx	lr
10009fc4:	b672      	cpsid	i
10009fc6:	e7fe      	b.n	10009fc6 <vYieldCore+0x12>

10009fc8 <vPortSetupTimerInterrupt>:
10009fc8:	2300      	movs	r3, #0
10009fca:	b510      	push	{r4, lr}
10009fcc:	4a08      	ldr	r2, [pc, #32]	@ (10009ff0 <vPortSetupTimerInterrupt+0x28>)
10009fce:	4c09      	ldr	r4, [pc, #36]	@ (10009ff4 <vPortSetupTimerInterrupt+0x2c>)
10009fd0:	2005      	movs	r0, #5
10009fd2:	6023      	str	r3, [r4, #0]
10009fd4:	6013      	str	r3, [r2, #0]
10009fd6:	f7f8 f849 	bl	1000206c <clock_get_hz>
10009fda:	21fa      	movs	r1, #250	@ 0xfa
10009fdc:	0089      	lsls	r1, r1, #2
10009fde:	f7f8 fab5 	bl	1000254c <__wrap___aeabi_uidiv>
10009fe2:	4b05      	ldr	r3, [pc, #20]	@ (10009ff8 <vPortSetupTimerInterrupt+0x30>)
10009fe4:	3801      	subs	r0, #1
10009fe6:	6018      	str	r0, [r3, #0]
10009fe8:	2307      	movs	r3, #7
10009fea:	6023      	str	r3, [r4, #0]
10009fec:	bd10      	pop	{r4, pc}
10009fee:	46c0      	nop			@ (mov r8, r8)
10009ff0:	e000e018 	.word	0xe000e018
10009ff4:	e000e010 	.word	0xe000e010
10009ff8:	e000e014 	.word	0xe000e014

10009ffc <xPortStartSchedulerOnCore.isra.0>:
10009ffc:	b570      	push	{r4, r5, r6, lr}
10009ffe:	4b22      	ldr	r3, [pc, #136]	@ (1000a088 <xPortStartSchedulerOnCore.isra.0+0x8c>)
1000a000:	781a      	ldrb	r2, [r3, #0]
1000a002:	23d0      	movs	r3, #208	@ 0xd0
1000a004:	061b      	lsls	r3, r3, #24
1000a006:	681b      	ldr	r3, [r3, #0]
1000a008:	429a      	cmp	r2, r3
1000a00a:	d030      	beq.n	1000a06e <xPortStartSchedulerOnCore.isra.0+0x72>
1000a00c:	23ff      	movs	r3, #255	@ 0xff
1000a00e:	4a1f      	ldr	r2, [pc, #124]	@ (1000a08c <xPortStartSchedulerOnCore.isra.0+0x90>)
1000a010:	041b      	lsls	r3, r3, #16
1000a012:	6811      	ldr	r1, [r2, #0]
1000a014:	200e      	movs	r0, #14
1000a016:	430b      	orrs	r3, r1
1000a018:	6013      	str	r3, [r2, #0]
1000a01a:	491d      	ldr	r1, [pc, #116]	@ (1000a090 <xPortStartSchedulerOnCore.isra.0+0x94>)
1000a01c:	f7fd fad6 	bl	100075cc <exception_set_exclusive_handler>
1000a020:	200b      	movs	r0, #11
1000a022:	491c      	ldr	r1, [pc, #112]	@ (1000a094 <xPortStartSchedulerOnCore.isra.0+0x98>)
1000a024:	f7fd fad2 	bl	100075cc <exception_set_exclusive_handler>
1000a028:	23d0      	movs	r3, #208	@ 0xd0
1000a02a:	22ff      	movs	r2, #255	@ 0xff
1000a02c:	061b      	lsls	r3, r3, #24
1000a02e:	651a      	str	r2, [r3, #80]	@ 0x50
1000a030:	6d1a      	ldr	r2, [r3, #80]	@ 0x50
1000a032:	07d2      	lsls	r2, r2, #31
1000a034:	d504      	bpl.n	1000a040 <xPortStartSchedulerOnCore.isra.0+0x44>
1000a036:	2101      	movs	r1, #1
1000a038:	6d9a      	ldr	r2, [r3, #88]	@ 0x58
1000a03a:	6d1a      	ldr	r2, [r3, #80]	@ 0x50
1000a03c:	4211      	tst	r1, r2
1000a03e:	d1fb      	bne.n	1000a038 <xPortStartSchedulerOnCore.isra.0+0x3c>
1000a040:	25d0      	movs	r5, #208	@ 0xd0
1000a042:	062d      	lsls	r5, r5, #24
1000a044:	682c      	ldr	r4, [r5, #0]
1000a046:	21ff      	movs	r1, #255	@ 0xff
1000a048:	340f      	adds	r4, #15
1000a04a:	0020      	movs	r0, r4
1000a04c:	f7f7 f9e0 	bl	10001410 <irq_set_priority>
1000a050:	0020      	movs	r0, r4
1000a052:	4911      	ldr	r1, [pc, #68]	@ (1000a098 <xPortStartSchedulerOnCore.isra.0+0x9c>)
1000a054:	f7f7 f8c6 	bl	100011e4 <irq_set_exclusive_handler>
1000a058:	2101      	movs	r1, #1
1000a05a:	0020      	movs	r0, r4
1000a05c:	f7f7 f88a 	bl	10001174 <irq_set_enabled>
1000a060:	f7ff fed6 	bl	10009e10 <vPortStartFirstTask>
1000a064:	6828      	ldr	r0, [r5, #0]
1000a066:	f7fe fb69 	bl	1000873c <vTaskSwitchContext>
1000a06a:	f7f6 ffc3 	bl	10000ff4 <panic_unsupported>
1000a06e:	f7ff ffab 	bl	10009fc8 <vPortSetupTimerInterrupt>
1000a072:	23ff      	movs	r3, #255	@ 0xff
1000a074:	4a05      	ldr	r2, [pc, #20]	@ (1000a08c <xPortStartSchedulerOnCore.isra.0+0x90>)
1000a076:	061b      	lsls	r3, r3, #24
1000a078:	6811      	ldr	r1, [r2, #0]
1000a07a:	200f      	movs	r0, #15
1000a07c:	430b      	orrs	r3, r1
1000a07e:	6013      	str	r3, [r2, #0]
1000a080:	4906      	ldr	r1, [pc, #24]	@ (1000a09c <xPortStartSchedulerOnCore.isra.0+0xa0>)
1000a082:	f7fd faa3 	bl	100075cc <exception_set_exclusive_handler>
1000a086:	e7c1      	b.n	1000a00c <xPortStartSchedulerOnCore.isra.0+0x10>
1000a088:	20001048 	.word	0x20001048
1000a08c:	e000ed20 	.word	0xe000ed20
1000a090:	10009e81 	.word	0x10009e81
1000a094:	10009e05 	.word	0x10009e05
1000a098:	10009e49 	.word	0x10009e49
1000a09c:	10009ef9 	.word	0x10009ef9

1000a0a0 <prvDisableInterruptsAndPortStartSchedulerOnCore>:
1000a0a0:	b510      	push	{r4, lr}
1000a0a2:	b672      	cpsid	i
1000a0a4:	f7ff ffaa 	bl	10009ffc <xPortStartSchedulerOnCore.isra.0>

1000a0a8 <xPortStartScheduler>:
1000a0a8:	b510      	push	{r4, lr}
1000a0aa:	4c0d      	ldr	r4, [pc, #52]	@ (1000a0e0 <xPortStartScheduler+0x38>)
1000a0ac:	7823      	ldrb	r3, [r4, #0]
1000a0ae:	2bff      	cmp	r3, #255	@ 0xff
1000a0b0:	d001      	beq.n	1000a0b6 <xPortStartScheduler+0xe>
1000a0b2:	b672      	cpsid	i
1000a0b4:	e7fe      	b.n	1000a0b4 <xPortStartScheduler+0xc>
1000a0b6:	200c      	movs	r0, #12
1000a0b8:	f7f7 f81e 	bl	100010f8 <spin_lock_claim>
1000a0bc:	200d      	movs	r0, #13
1000a0be:	f7f7 f81b 	bl	100010f8 <spin_lock_claim>
1000a0c2:	2300      	movs	r3, #0
1000a0c4:	7023      	strb	r3, [r4, #0]
1000a0c6:	23d0      	movs	r3, #208	@ 0xd0
1000a0c8:	061b      	lsls	r3, r3, #24
1000a0ca:	681b      	ldr	r3, [r3, #0]
1000a0cc:	2b00      	cmp	r3, #0
1000a0ce:	d001      	beq.n	1000a0d4 <xPortStartScheduler+0x2c>
1000a0d0:	b672      	cpsid	i
1000a0d2:	e7fe      	b.n	1000a0d2 <xPortStartScheduler+0x2a>
1000a0d4:	4803      	ldr	r0, [pc, #12]	@ (1000a0e4 <xPortStartScheduler+0x3c>)
1000a0d6:	f7fd fa4d 	bl	10007574 <multicore_launch_core1>
1000a0da:	f7ff ff8f 	bl	10009ffc <xPortStartSchedulerOnCore.isra.0>
1000a0de:	46c0      	nop			@ (mov r8, r8)
1000a0e0:	20001048 	.word	0x20001048
1000a0e4:	1000a0a1 	.word	0x1000a0a1

1000a0e8 <prvRuntimeInitializer>:
1000a0e8:	b510      	push	{r4, lr}
1000a0ea:	f000 fa71 	bl	1000a5d0 <xEventGroupCreate>
1000a0ee:	4b01      	ldr	r3, [pc, #4]	@ (1000a0f4 <prvRuntimeInitializer+0xc>)
1000a0f0:	6018      	str	r0, [r3, #0]
1000a0f2:	bd10      	pop	{r4, pc}
1000a0f4:	20021ff0 	.word	0x20021ff0

1000a0f8 <prvUnlockQueue>:
1000a0f8:	b5f0      	push	{r4, r5, r6, r7, lr}
1000a0fa:	46de      	mov	lr, fp
1000a0fc:	4657      	mov	r7, sl
1000a0fe:	4645      	mov	r5, r8
1000a100:	464e      	mov	r6, r9
1000a102:	0004      	movs	r4, r0
1000a104:	b5e0      	push	{r5, r6, r7, lr}
1000a106:	b085      	sub	sp, #20
1000a108:	f7fe ffe6 	bl	100090d8 <vTaskEnterCritical>
1000a10c:	2345      	movs	r3, #69	@ 0x45
1000a10e:	0027      	movs	r7, r4
1000a110:	5ce5      	ldrb	r5, [r4, r3]
1000a112:	3724      	adds	r7, #36	@ 0x24
1000a114:	b26d      	sxtb	r5, r5
1000a116:	2d00      	cmp	r5, #0
1000a118:	dd16      	ble.n	1000a148 <prvUnlockQueue+0x50>
1000a11a:	6ca6      	ldr	r6, [r4, #72]	@ 0x48
1000a11c:	2e00      	cmp	r6, #0
1000a11e:	d006      	beq.n	1000a12e <prvUnlockQueue+0x36>
1000a120:	6bb2      	ldr	r2, [r6, #56]	@ 0x38
1000a122:	6bf3      	ldr	r3, [r6, #60]	@ 0x3c
1000a124:	9403      	str	r4, [sp, #12]
1000a126:	429a      	cmp	r2, r3
1000a128:	d341      	bcc.n	1000a1ae <prvUnlockQueue+0xb6>
1000a12a:	b672      	cpsid	i
1000a12c:	e7fe      	b.n	1000a12c <prvUnlockQueue+0x34>
1000a12e:	6a63      	ldr	r3, [r4, #36]	@ 0x24
1000a130:	2b00      	cmp	r3, #0
1000a132:	d009      	beq.n	1000a148 <prvUnlockQueue+0x50>
1000a134:	0038      	movs	r0, r7
1000a136:	f7fe fd6d 	bl	10008c14 <xTaskRemoveFromEventList>
1000a13a:	2800      	cmp	r0, #0
1000a13c:	d134      	bne.n	1000a1a8 <prvUnlockQueue+0xb0>
1000a13e:	3d01      	subs	r5, #1
1000a140:	b2eb      	uxtb	r3, r5
1000a142:	b26d      	sxtb	r5, r5
1000a144:	2b00      	cmp	r3, #0
1000a146:	d1e8      	bne.n	1000a11a <prvUnlockQueue+0x22>
1000a148:	2345      	movs	r3, #69	@ 0x45
1000a14a:	22ff      	movs	r2, #255	@ 0xff
1000a14c:	54e2      	strb	r2, [r4, r3]
1000a14e:	f7ff fb57 	bl	10009800 <vTaskExitCritical>
1000a152:	f7fe ffc1 	bl	100090d8 <vTaskEnterCritical>
1000a156:	2344      	movs	r3, #68	@ 0x44
1000a158:	0026      	movs	r6, r4
1000a15a:	5ce5      	ldrb	r5, [r4, r3]
1000a15c:	3610      	adds	r6, #16
1000a15e:	b26d      	sxtb	r5, r5
1000a160:	2d00      	cmp	r5, #0
1000a162:	dc05      	bgt.n	1000a170 <prvUnlockQueue+0x78>
1000a164:	e063      	b.n	1000a22e <prvUnlockQueue+0x136>
1000a166:	3d01      	subs	r5, #1
1000a168:	b2ea      	uxtb	r2, r5
1000a16a:	b26d      	sxtb	r5, r5
1000a16c:	2a00      	cmp	r2, #0
1000a16e:	d05e      	beq.n	1000a22e <prvUnlockQueue+0x136>
1000a170:	6923      	ldr	r3, [r4, #16]
1000a172:	2b00      	cmp	r3, #0
1000a174:	d05b      	beq.n	1000a22e <prvUnlockQueue+0x136>
1000a176:	0030      	movs	r0, r6
1000a178:	f7fe fd4c 	bl	10008c14 <xTaskRemoveFromEventList>
1000a17c:	2800      	cmp	r0, #0
1000a17e:	d0f2      	beq.n	1000a166 <prvUnlockQueue+0x6e>
1000a180:	f7fe fe94 	bl	10008eac <vTaskMissedYield>
1000a184:	e7ef      	b.n	1000a166 <prvUnlockQueue+0x6e>
1000a186:	68b0      	ldr	r0, [r6, #8]
1000a188:	f7fe ff24 	bl	10008fd4 <xTaskPriorityDisinherit>
1000a18c:	464b      	mov	r3, r9
1000a18e:	60b3      	str	r3, [r6, #8]
1000a190:	465b      	mov	r3, fp
1000a192:	63b3      	str	r3, [r6, #56]	@ 0x38
1000a194:	4643      	mov	r3, r8
1000a196:	9001      	str	r0, [sp, #4]
1000a198:	3301      	adds	r3, #1
1000a19a:	d159      	bne.n	1000a250 <prvUnlockQueue+0x158>
1000a19c:	6a73      	ldr	r3, [r6, #36]	@ 0x24
1000a19e:	2b00      	cmp	r3, #0
1000a1a0:	d162      	bne.n	1000a268 <prvUnlockQueue+0x170>
1000a1a2:	9b01      	ldr	r3, [sp, #4]
1000a1a4:	2b00      	cmp	r3, #0
1000a1a6:	d0ca      	beq.n	1000a13e <prvUnlockQueue+0x46>
1000a1a8:	f7fe fe80 	bl	10008eac <vTaskMissedYield>
1000a1ac:	e7c7      	b.n	1000a13e <prvUnlockQueue+0x46>
1000a1ae:	6bb2      	ldr	r2, [r6, #56]	@ 0x38
1000a1b0:	4293      	cmp	r3, r2
1000a1b2:	d9c4      	bls.n	1000a13e <prvUnlockQueue+0x46>
1000a1b4:	2345      	movs	r3, #69	@ 0x45
1000a1b6:	469a      	mov	sl, r3
1000a1b8:	5cf3      	ldrb	r3, [r6, r3]
1000a1ba:	6c32      	ldr	r2, [r6, #64]	@ 0x40
1000a1bc:	b25b      	sxtb	r3, r3
1000a1be:	4698      	mov	r8, r3
1000a1c0:	6bb3      	ldr	r3, [r6, #56]	@ 0x38
1000a1c2:	4699      	mov	r9, r3
1000a1c4:	2a00      	cmp	r2, #0
1000a1c6:	d115      	bne.n	1000a1f4 <prvUnlockQueue+0xfc>
1000a1c8:	2301      	movs	r3, #1
1000a1ca:	444b      	add	r3, r9
1000a1cc:	469b      	mov	fp, r3
1000a1ce:	6833      	ldr	r3, [r6, #0]
1000a1d0:	4699      	mov	r9, r3
1000a1d2:	2b00      	cmp	r3, #0
1000a1d4:	d0d7      	beq.n	1000a186 <prvUnlockQueue+0x8e>
1000a1d6:	465b      	mov	r3, fp
1000a1d8:	63b3      	str	r3, [r6, #56]	@ 0x38
1000a1da:	4643      	mov	r3, r8
1000a1dc:	3301      	adds	r3, #1
1000a1de:	d11a      	bne.n	1000a216 <prvUnlockQueue+0x11e>
1000a1e0:	6a73      	ldr	r3, [r6, #36]	@ 0x24
1000a1e2:	2b00      	cmp	r3, #0
1000a1e4:	d0ab      	beq.n	1000a13e <prvUnlockQueue+0x46>
1000a1e6:	0030      	movs	r0, r6
1000a1e8:	3024      	adds	r0, #36	@ 0x24
1000a1ea:	f7fe fd13 	bl	10008c14 <xTaskRemoveFromEventList>
1000a1ee:	2800      	cmp	r0, #0
1000a1f0:	d1da      	bne.n	1000a1a8 <prvUnlockQueue+0xb0>
1000a1f2:	e7a4      	b.n	1000a13e <prvUnlockQueue+0x46>
1000a1f4:	a903      	add	r1, sp, #12
1000a1f6:	6870      	ldr	r0, [r6, #4]
1000a1f8:	f7f9 f8a2 	bl	10003340 <__wrap___aeabi_memcpy>
1000a1fc:	6872      	ldr	r2, [r6, #4]
1000a1fe:	6c33      	ldr	r3, [r6, #64]	@ 0x40
1000a200:	68b1      	ldr	r1, [r6, #8]
1000a202:	18d2      	adds	r2, r2, r3
1000a204:	464b      	mov	r3, r9
1000a206:	6072      	str	r2, [r6, #4]
1000a208:	3301      	adds	r3, #1
1000a20a:	428a      	cmp	r2, r1
1000a20c:	d21b      	bcs.n	1000a246 <prvUnlockQueue+0x14e>
1000a20e:	63b3      	str	r3, [r6, #56]	@ 0x38
1000a210:	4643      	mov	r3, r8
1000a212:	3301      	adds	r3, #1
1000a214:	d0e4      	beq.n	1000a1e0 <prvUnlockQueue+0xe8>
1000a216:	f7fd ff7b 	bl	10008110 <uxTaskGetNumberOfTasks>
1000a21a:	4540      	cmp	r0, r8
1000a21c:	d98f      	bls.n	1000a13e <prvUnlockQueue+0x46>
1000a21e:	4643      	mov	r3, r8
1000a220:	2b7f      	cmp	r3, #127	@ 0x7f
1000a222:	d013      	beq.n	1000a24c <prvUnlockQueue+0x154>
1000a224:	2245      	movs	r2, #69	@ 0x45
1000a226:	3301      	adds	r3, #1
1000a228:	b25b      	sxtb	r3, r3
1000a22a:	54b3      	strb	r3, [r6, r2]
1000a22c:	e787      	b.n	1000a13e <prvUnlockQueue+0x46>
1000a22e:	2344      	movs	r3, #68	@ 0x44
1000a230:	22ff      	movs	r2, #255	@ 0xff
1000a232:	54e2      	strb	r2, [r4, r3]
1000a234:	f7ff fae4 	bl	10009800 <vTaskExitCritical>
1000a238:	b005      	add	sp, #20
1000a23a:	bcf0      	pop	{r4, r5, r6, r7}
1000a23c:	46bb      	mov	fp, r7
1000a23e:	46b2      	mov	sl, r6
1000a240:	46a9      	mov	r9, r5
1000a242:	46a0      	mov	r8, r4
1000a244:	bdf0      	pop	{r4, r5, r6, r7, pc}
1000a246:	6832      	ldr	r2, [r6, #0]
1000a248:	6072      	str	r2, [r6, #4]
1000a24a:	e7e0      	b.n	1000a20e <prvUnlockQueue+0x116>
1000a24c:	b672      	cpsid	i
1000a24e:	e7fe      	b.n	1000a24e <prvUnlockQueue+0x156>
1000a250:	f7fd ff5e 	bl	10008110 <uxTaskGetNumberOfTasks>
1000a254:	4540      	cmp	r0, r8
1000a256:	d9a4      	bls.n	1000a1a2 <prvUnlockQueue+0xaa>
1000a258:	4643      	mov	r3, r8
1000a25a:	2b7f      	cmp	r3, #127	@ 0x7f
1000a25c:	d0f6      	beq.n	1000a24c <prvUnlockQueue+0x154>
1000a25e:	4652      	mov	r2, sl
1000a260:	3301      	adds	r3, #1
1000a262:	b25b      	sxtb	r3, r3
1000a264:	54b3      	strb	r3, [r6, r2]
1000a266:	e79c      	b.n	1000a1a2 <prvUnlockQueue+0xaa>
1000a268:	0030      	movs	r0, r6
1000a26a:	3024      	adds	r0, #36	@ 0x24
1000a26c:	f7fe fcd2 	bl	10008c14 <xTaskRemoveFromEventList>
1000a270:	2800      	cmp	r0, #0
1000a272:	d096      	beq.n	1000a1a2 <prvUnlockQueue+0xaa>
1000a274:	e798      	b.n	1000a1a8 <prvUnlockQueue+0xb0>
1000a276:	46c0      	nop			@ (mov r8, r8)

1000a278 <xQueueGenericCreate>:
1000a278:	b5f8      	push	{r3, r4, r5, r6, r7, lr}
1000a27a:	0004      	movs	r4, r0
1000a27c:	000d      	movs	r5, r1
1000a27e:	0017      	movs	r7, r2
1000a280:	2800      	cmp	r0, #0
1000a282:	d00a      	beq.n	1000a29a <xQueueGenericCreate+0x22>
1000a284:	0c03      	lsrs	r3, r0, #16
1000a286:	0c0a      	lsrs	r2, r1, #16
1000a288:	2b00      	cmp	r3, #0
1000a28a:	d108      	bne.n	1000a29e <xQueueGenericCreate+0x26>
1000a28c:	2a00      	cmp	r2, #0
1000a28e:	d141      	bne.n	1000a314 <xQueueGenericCreate+0x9c>
1000a290:	0028      	movs	r0, r5
1000a292:	4360      	muls	r0, r4
1000a294:	0003      	movs	r3, r0
1000a296:	3355      	adds	r3, #85	@ 0x55
1000a298:	d90f      	bls.n	1000a2ba <xQueueGenericCreate+0x42>
1000a29a:	b672      	cpsid	i
1000a29c:	e7fe      	b.n	1000a29c <xQueueGenericCreate+0x24>
1000a29e:	2a00      	cmp	r2, #0
1000a2a0:	d1fb      	bne.n	1000a29a <xQueueGenericCreate+0x22>
1000a2a2:	1c29      	adds	r1, r5, #0
1000a2a4:	b2a0      	uxth	r0, r4
1000a2a6:	b2aa      	uxth	r2, r5
1000a2a8:	4342      	muls	r2, r0
1000a2aa:	b289      	uxth	r1, r1
1000a2ac:	b29b      	uxth	r3, r3
1000a2ae:	434b      	muls	r3, r1
1000a2b0:	0c12      	lsrs	r2, r2, #16
1000a2b2:	189b      	adds	r3, r3, r2
1000a2b4:	0c1b      	lsrs	r3, r3, #16
1000a2b6:	d0eb      	beq.n	1000a290 <xQueueGenericCreate+0x18>
1000a2b8:	e7ef      	b.n	1000a29a <xQueueGenericCreate+0x22>
1000a2ba:	3054      	adds	r0, #84	@ 0x54
1000a2bc:	f7fd f9a6 	bl	1000760c <pvPortMalloc>
1000a2c0:	1e06      	subs	r6, r0, #0
1000a2c2:	d025      	beq.n	1000a310 <xQueueGenericCreate+0x98>
1000a2c4:	0003      	movs	r3, r0
1000a2c6:	2d00      	cmp	r5, #0
1000a2c8:	d127      	bne.n	1000a31a <xQueueGenericCreate+0xa2>
1000a2ca:	6033      	str	r3, [r6, #0]
1000a2cc:	63f4      	str	r4, [r6, #60]	@ 0x3c
1000a2ce:	6435      	str	r5, [r6, #64]	@ 0x40
1000a2d0:	f7fe ff02 	bl	100090d8 <vTaskEnterCritical>
1000a2d4:	6c31      	ldr	r1, [r6, #64]	@ 0x40
1000a2d6:	6bf3      	ldr	r3, [r6, #60]	@ 0x3c
1000a2d8:	6832      	ldr	r2, [r6, #0]
1000a2da:	434b      	muls	r3, r1
1000a2dc:	18d0      	adds	r0, r2, r3
1000a2de:	1a5b      	subs	r3, r3, r1
1000a2e0:	6072      	str	r2, [r6, #4]
1000a2e2:	18d2      	adds	r2, r2, r3
1000a2e4:	60f2      	str	r2, [r6, #12]
1000a2e6:	23ff      	movs	r3, #255	@ 0xff
1000a2e8:	2400      	movs	r4, #0
1000a2ea:	2244      	movs	r2, #68	@ 0x44
1000a2ec:	60b0      	str	r0, [r6, #8]
1000a2ee:	0030      	movs	r0, r6
1000a2f0:	63b4      	str	r4, [r6, #56]	@ 0x38
1000a2f2:	54b3      	strb	r3, [r6, r2]
1000a2f4:	3201      	adds	r2, #1
1000a2f6:	54b3      	strb	r3, [r6, r2]
1000a2f8:	3010      	adds	r0, #16
1000a2fa:	f7ff fb1d 	bl	10009938 <vListInitialise>
1000a2fe:	0030      	movs	r0, r6
1000a300:	3024      	adds	r0, #36	@ 0x24
1000a302:	f7ff fb19 	bl	10009938 <vListInitialise>
1000a306:	f7ff fa7b 	bl	10009800 <vTaskExitCritical>
1000a30a:	2350      	movs	r3, #80	@ 0x50
1000a30c:	54f7      	strb	r7, [r6, r3]
1000a30e:	64b4      	str	r4, [r6, #72]	@ 0x48
1000a310:	0030      	movs	r0, r6
1000a312:	bdf8      	pop	{r3, r4, r5, r6, r7, pc}
1000a314:	1c13      	adds	r3, r2, #0
1000a316:	1c01      	adds	r1, r0, #0
1000a318:	e7c4      	b.n	1000a2a4 <xQueueGenericCreate+0x2c>
1000a31a:	3354      	adds	r3, #84	@ 0x54
1000a31c:	e7d5      	b.n	1000a2ca <xQueueGenericCreate+0x52>
1000a31e:	46c0      	nop			@ (mov r8, r8)

1000a320 <xQueueReceive>:
1000a320:	b5f0      	push	{r4, r5, r6, r7, lr}
1000a322:	46ce      	mov	lr, r9
1000a324:	4647      	mov	r7, r8
1000a326:	b580      	push	{r7, lr}
1000a328:	b085      	sub	sp, #20
1000a32a:	0004      	movs	r4, r0
1000a32c:	000d      	movs	r5, r1
1000a32e:	9201      	str	r2, [sp, #4]
1000a330:	2800      	cmp	r0, #0
1000a332:	d100      	bne.n	1000a336 <xQueueReceive+0x16>
1000a334:	e074      	b.n	1000a420 <xQueueReceive+0x100>
1000a336:	2900      	cmp	r1, #0
1000a338:	d04a      	beq.n	1000a3d0 <xQueueReceive+0xb0>
1000a33a:	f7fe fdc1 	bl	10008ec0 <xTaskGetSchedulerState>
1000a33e:	2800      	cmp	r0, #0
1000a340:	d04b      	beq.n	1000a3da <xQueueReceive+0xba>
1000a342:	f7fe fec9 	bl	100090d8 <vTaskEnterCritical>
1000a346:	6ba3      	ldr	r3, [r4, #56]	@ 0x38
1000a348:	4699      	mov	r9, r3
1000a34a:	2b00      	cmp	r3, #0
1000a34c:	d16a      	bne.n	1000a424 <xQueueReceive+0x104>
1000a34e:	9b01      	ldr	r3, [sp, #4]
1000a350:	2b00      	cmp	r3, #0
1000a352:	d035      	beq.n	1000a3c0 <xQueueReceive+0xa0>
1000a354:	a802      	add	r0, sp, #8
1000a356:	f7fe fcbf 	bl	10008cd8 <vTaskInternalSetTimeOutState>
1000a35a:	2300      	movs	r3, #0
1000a35c:	2744      	movs	r7, #68	@ 0x44
1000a35e:	4698      	mov	r8, r3
1000a360:	2645      	movs	r6, #69	@ 0x45
1000a362:	f7ff fa4d 	bl	10009800 <vTaskExitCritical>
1000a366:	f7fd fe33 	bl	10007fd0 <vTaskSuspendAll>
1000a36a:	f7fe feb5 	bl	100090d8 <vTaskEnterCritical>
1000a36e:	5de3      	ldrb	r3, [r4, r7]
1000a370:	b25b      	sxtb	r3, r3
1000a372:	3301      	adds	r3, #1
1000a374:	d101      	bne.n	1000a37a <xQueueReceive+0x5a>
1000a376:	4643      	mov	r3, r8
1000a378:	55e3      	strb	r3, [r4, r7]
1000a37a:	5da3      	ldrb	r3, [r4, r6]
1000a37c:	b25b      	sxtb	r3, r3
1000a37e:	3301      	adds	r3, #1
1000a380:	d101      	bne.n	1000a386 <xQueueReceive+0x66>
1000a382:	4643      	mov	r3, r8
1000a384:	55a3      	strb	r3, [r4, r6]
1000a386:	f7ff fa3b 	bl	10009800 <vTaskExitCritical>
1000a38a:	a901      	add	r1, sp, #4
1000a38c:	a802      	add	r0, sp, #8
1000a38e:	f7fe fcaf 	bl	10008cf0 <xTaskCheckForTimeOut>
1000a392:	2800      	cmp	r0, #0
1000a394:	d126      	bne.n	1000a3e4 <xQueueReceive+0xc4>
1000a396:	f7fe fe9f 	bl	100090d8 <vTaskEnterCritical>
1000a39a:	6ba3      	ldr	r3, [r4, #56]	@ 0x38
1000a39c:	2b00      	cmp	r3, #0
1000a39e:	d02e      	beq.n	1000a3fe <xQueueReceive+0xde>
1000a3a0:	f7ff fa2e 	bl	10009800 <vTaskExitCritical>
1000a3a4:	0020      	movs	r0, r4
1000a3a6:	f7ff fea7 	bl	1000a0f8 <prvUnlockQueue>
1000a3aa:	f7fe f933 	bl	10008614 <xTaskResumeAll>
1000a3ae:	f7fe fe93 	bl	100090d8 <vTaskEnterCritical>
1000a3b2:	6ba3      	ldr	r3, [r4, #56]	@ 0x38
1000a3b4:	4699      	mov	r9, r3
1000a3b6:	2b00      	cmp	r3, #0
1000a3b8:	d134      	bne.n	1000a424 <xQueueReceive+0x104>
1000a3ba:	9b01      	ldr	r3, [sp, #4]
1000a3bc:	2b00      	cmp	r3, #0
1000a3be:	d1d0      	bne.n	1000a362 <xQueueReceive+0x42>
1000a3c0:	f7ff fa1e 	bl	10009800 <vTaskExitCritical>
1000a3c4:	2000      	movs	r0, #0
1000a3c6:	b005      	add	sp, #20
1000a3c8:	bcc0      	pop	{r6, r7}
1000a3ca:	46b9      	mov	r9, r7
1000a3cc:	46b0      	mov	r8, r6
1000a3ce:	bdf0      	pop	{r4, r5, r6, r7, pc}
1000a3d0:	6c03      	ldr	r3, [r0, #64]	@ 0x40
1000a3d2:	2b00      	cmp	r3, #0
1000a3d4:	d0b1      	beq.n	1000a33a <xQueueReceive+0x1a>
1000a3d6:	b672      	cpsid	i
1000a3d8:	e7fe      	b.n	1000a3d8 <xQueueReceive+0xb8>
1000a3da:	9b01      	ldr	r3, [sp, #4]
1000a3dc:	2b00      	cmp	r3, #0
1000a3de:	d0b0      	beq.n	1000a342 <xQueueReceive+0x22>
1000a3e0:	b672      	cpsid	i
1000a3e2:	e7fe      	b.n	1000a3e2 <xQueueReceive+0xc2>
1000a3e4:	0020      	movs	r0, r4
1000a3e6:	f7ff fe87 	bl	1000a0f8 <prvUnlockQueue>
1000a3ea:	f7fe f913 	bl	10008614 <xTaskResumeAll>
1000a3ee:	f7fe fe73 	bl	100090d8 <vTaskEnterCritical>
1000a3f2:	6ba3      	ldr	r3, [r4, #56]	@ 0x38
1000a3f4:	2b00      	cmp	r3, #0
1000a3f6:	d0e3      	beq.n	1000a3c0 <xQueueReceive+0xa0>
1000a3f8:	f7ff fa02 	bl	10009800 <vTaskExitCritical>
1000a3fc:	e7d7      	b.n	1000a3ae <xQueueReceive+0x8e>
1000a3fe:	f7ff f9ff 	bl	10009800 <vTaskExitCritical>
1000a402:	0020      	movs	r0, r4
1000a404:	9901      	ldr	r1, [sp, #4]
1000a406:	3024      	adds	r0, #36	@ 0x24
1000a408:	f7fe fb9e 	bl	10008b48 <vTaskPlaceOnEventList>
1000a40c:	0020      	movs	r0, r4
1000a40e:	f7ff fe73 	bl	1000a0f8 <prvUnlockQueue>
1000a412:	f7fe f8ff 	bl	10008614 <xTaskResumeAll>
1000a416:	2800      	cmp	r0, #0
1000a418:	d1c9      	bne.n	1000a3ae <xQueueReceive+0x8e>
1000a41a:	f7fe fe49 	bl	100090b0 <vTaskYieldWithinAPI>
1000a41e:	e7c6      	b.n	1000a3ae <xQueueReceive+0x8e>
1000a420:	b672      	cpsid	i
1000a422:	e7fe      	b.n	1000a422 <xQueueReceive+0x102>
1000a424:	6c22      	ldr	r2, [r4, #64]	@ 0x40
1000a426:	2a00      	cmp	r2, #0
1000a428:	d00a      	beq.n	1000a440 <xQueueReceive+0x120>
1000a42a:	68e1      	ldr	r1, [r4, #12]
1000a42c:	68a3      	ldr	r3, [r4, #8]
1000a42e:	1889      	adds	r1, r1, r2
1000a430:	60e1      	str	r1, [r4, #12]
1000a432:	4299      	cmp	r1, r3
1000a434:	d301      	bcc.n	1000a43a <xQueueReceive+0x11a>
1000a436:	6821      	ldr	r1, [r4, #0]
1000a438:	60e1      	str	r1, [r4, #12]
1000a43a:	0028      	movs	r0, r5
1000a43c:	f7f8 ff80 	bl	10003340 <__wrap___aeabi_memcpy>
1000a440:	464b      	mov	r3, r9
1000a442:	3b01      	subs	r3, #1
1000a444:	63a3      	str	r3, [r4, #56]	@ 0x38
1000a446:	6923      	ldr	r3, [r4, #16]
1000a448:	2b00      	cmp	r3, #0
1000a44a:	d103      	bne.n	1000a454 <xQueueReceive+0x134>
1000a44c:	f7ff f9d8 	bl	10009800 <vTaskExitCritical>
1000a450:	2001      	movs	r0, #1
1000a452:	e7b8      	b.n	1000a3c6 <xQueueReceive+0xa6>
1000a454:	0020      	movs	r0, r4
1000a456:	3010      	adds	r0, #16
1000a458:	f7fe fbdc 	bl	10008c14 <xTaskRemoveFromEventList>
1000a45c:	2800      	cmp	r0, #0
1000a45e:	d0f5      	beq.n	1000a44c <xQueueReceive+0x12c>
1000a460:	f7fe fe26 	bl	100090b0 <vTaskYieldWithinAPI>
1000a464:	e7f2      	b.n	1000a44c <xQueueReceive+0x12c>
1000a466:	46c0      	nop			@ (mov r8, r8)

1000a468 <vQueueAddToRegistry>:
1000a468:	b510      	push	{r4, lr}
1000a46a:	2800      	cmp	r0, #0
1000a46c:	d036      	beq.n	1000a4dc <vQueueAddToRegistry+0x74>
1000a46e:	2900      	cmp	r1, #0
1000a470:	d033      	beq.n	1000a4da <vQueueAddToRegistry+0x72>
1000a472:	4b44      	ldr	r3, [pc, #272]	@ (1000a584 <vQueueAddToRegistry+0x11c>)
1000a474:	685a      	ldr	r2, [r3, #4]
1000a476:	4290      	cmp	r0, r2
1000a478:	d100      	bne.n	1000a47c <vQueueAddToRegistry+0x14>
1000a47a:	e074      	b.n	1000a566 <vQueueAddToRegistry+0xfe>
1000a47c:	681a      	ldr	r2, [r3, #0]
1000a47e:	2a00      	cmp	r2, #0
1000a480:	d02e      	beq.n	1000a4e0 <vQueueAddToRegistry+0x78>
1000a482:	68da      	ldr	r2, [r3, #12]
1000a484:	4290      	cmp	r0, r2
1000a486:	d100      	bne.n	1000a48a <vQueueAddToRegistry+0x22>
1000a488:	e079      	b.n	1000a57e <vQueueAddToRegistry+0x116>
1000a48a:	689a      	ldr	r2, [r3, #8]
1000a48c:	2a00      	cmp	r2, #0
1000a48e:	d043      	beq.n	1000a518 <vQueueAddToRegistry+0xb0>
1000a490:	695a      	ldr	r2, [r3, #20]
1000a492:	4290      	cmp	r0, r2
1000a494:	d100      	bne.n	1000a498 <vQueueAddToRegistry+0x30>
1000a496:	e070      	b.n	1000a57a <vQueueAddToRegistry+0x112>
1000a498:	691a      	ldr	r2, [r3, #16]
1000a49a:	2a00      	cmp	r2, #0
1000a49c:	d048      	beq.n	1000a530 <vQueueAddToRegistry+0xc8>
1000a49e:	69da      	ldr	r2, [r3, #28]
1000a4a0:	4290      	cmp	r0, r2
1000a4a2:	d062      	beq.n	1000a56a <vQueueAddToRegistry+0x102>
1000a4a4:	699a      	ldr	r2, [r3, #24]
1000a4a6:	2a00      	cmp	r2, #0
1000a4a8:	d03c      	beq.n	1000a524 <vQueueAddToRegistry+0xbc>
1000a4aa:	6a5a      	ldr	r2, [r3, #36]	@ 0x24
1000a4ac:	4290      	cmp	r0, r2
1000a4ae:	d060      	beq.n	1000a572 <vQueueAddToRegistry+0x10a>
1000a4b0:	6a1a      	ldr	r2, [r3, #32]
1000a4b2:	2a00      	cmp	r2, #0
1000a4b4:	d042      	beq.n	1000a53c <vQueueAddToRegistry+0xd4>
1000a4b6:	6ada      	ldr	r2, [r3, #44]	@ 0x2c
1000a4b8:	4290      	cmp	r0, r2
1000a4ba:	d058      	beq.n	1000a56e <vQueueAddToRegistry+0x106>
1000a4bc:	6a9a      	ldr	r2, [r3, #40]	@ 0x28
1000a4be:	2a00      	cmp	r2, #0
1000a4c0:	d042      	beq.n	1000a548 <vQueueAddToRegistry+0xe0>
1000a4c2:	6b5a      	ldr	r2, [r3, #52]	@ 0x34
1000a4c4:	4290      	cmp	r0, r2
1000a4c6:	d056      	beq.n	1000a576 <vQueueAddToRegistry+0x10e>
1000a4c8:	6b1a      	ldr	r2, [r3, #48]	@ 0x30
1000a4ca:	2a00      	cmp	r2, #0
1000a4cc:	d042      	beq.n	1000a554 <vQueueAddToRegistry+0xec>
1000a4ce:	6bda      	ldr	r2, [r3, #60]	@ 0x3c
1000a4d0:	4290      	cmp	r0, r2
1000a4d2:	d044      	beq.n	1000a55e <vQueueAddToRegistry+0xf6>
1000a4d4:	6b9a      	ldr	r2, [r3, #56]	@ 0x38
1000a4d6:	2a00      	cmp	r2, #0
1000a4d8:	d01b      	beq.n	1000a512 <vQueueAddToRegistry+0xaa>
1000a4da:	bd10      	pop	{r4, pc}
1000a4dc:	b672      	cpsid	i
1000a4de:	e7fe      	b.n	1000a4de <vQueueAddToRegistry+0x76>
1000a4e0:	68da      	ldr	r2, [r3, #12]
1000a4e2:	4290      	cmp	r0, r2
1000a4e4:	d04b      	beq.n	1000a57e <vQueueAddToRegistry+0x116>
1000a4e6:	695a      	ldr	r2, [r3, #20]
1000a4e8:	4290      	cmp	r0, r2
1000a4ea:	d046      	beq.n	1000a57a <vQueueAddToRegistry+0x112>
1000a4ec:	001a      	movs	r2, r3
1000a4ee:	69dc      	ldr	r4, [r3, #28]
1000a4f0:	42a0      	cmp	r0, r4
1000a4f2:	d03a      	beq.n	1000a56a <vQueueAddToRegistry+0x102>
1000a4f4:	6a5c      	ldr	r4, [r3, #36]	@ 0x24
1000a4f6:	42a0      	cmp	r0, r4
1000a4f8:	d03b      	beq.n	1000a572 <vQueueAddToRegistry+0x10a>
1000a4fa:	6adc      	ldr	r4, [r3, #44]	@ 0x2c
1000a4fc:	42a0      	cmp	r0, r4
1000a4fe:	d036      	beq.n	1000a56e <vQueueAddToRegistry+0x106>
1000a500:	6b5c      	ldr	r4, [r3, #52]	@ 0x34
1000a502:	42a0      	cmp	r0, r4
1000a504:	d037      	beq.n	1000a576 <vQueueAddToRegistry+0x10e>
1000a506:	6bdc      	ldr	r4, [r3, #60]	@ 0x3c
1000a508:	42a0      	cmp	r0, r4
1000a50a:	d028      	beq.n	1000a55e <vQueueAddToRegistry+0xf6>
1000a50c:	6011      	str	r1, [r2, #0]
1000a50e:	6050      	str	r0, [r2, #4]
1000a510:	e7e3      	b.n	1000a4da <vQueueAddToRegistry+0x72>
1000a512:	3338      	adds	r3, #56	@ 0x38
1000a514:	001a      	movs	r2, r3
1000a516:	e7f9      	b.n	1000a50c <vQueueAddToRegistry+0xa4>
1000a518:	695a      	ldr	r2, [r3, #20]
1000a51a:	4290      	cmp	r0, r2
1000a51c:	d02d      	beq.n	1000a57a <vQueueAddToRegistry+0x112>
1000a51e:	001a      	movs	r2, r3
1000a520:	3208      	adds	r2, #8
1000a522:	e7e4      	b.n	1000a4ee <vQueueAddToRegistry+0x86>
1000a524:	6a5a      	ldr	r2, [r3, #36]	@ 0x24
1000a526:	4290      	cmp	r0, r2
1000a528:	d023      	beq.n	1000a572 <vQueueAddToRegistry+0x10a>
1000a52a:	001a      	movs	r2, r3
1000a52c:	3218      	adds	r2, #24
1000a52e:	e7e4      	b.n	1000a4fa <vQueueAddToRegistry+0x92>
1000a530:	69da      	ldr	r2, [r3, #28]
1000a532:	4290      	cmp	r0, r2
1000a534:	d019      	beq.n	1000a56a <vQueueAddToRegistry+0x102>
1000a536:	001a      	movs	r2, r3
1000a538:	3210      	adds	r2, #16
1000a53a:	e7db      	b.n	1000a4f4 <vQueueAddToRegistry+0x8c>
1000a53c:	6ada      	ldr	r2, [r3, #44]	@ 0x2c
1000a53e:	4290      	cmp	r0, r2
1000a540:	d015      	beq.n	1000a56e <vQueueAddToRegistry+0x106>
1000a542:	001a      	movs	r2, r3
1000a544:	3220      	adds	r2, #32
1000a546:	e7db      	b.n	1000a500 <vQueueAddToRegistry+0x98>
1000a548:	6b5a      	ldr	r2, [r3, #52]	@ 0x34
1000a54a:	4290      	cmp	r0, r2
1000a54c:	d013      	beq.n	1000a576 <vQueueAddToRegistry+0x10e>
1000a54e:	001a      	movs	r2, r3
1000a550:	3228      	adds	r2, #40	@ 0x28
1000a552:	e7d8      	b.n	1000a506 <vQueueAddToRegistry+0x9e>
1000a554:	001a      	movs	r2, r3
1000a556:	6bdc      	ldr	r4, [r3, #60]	@ 0x3c
1000a558:	3230      	adds	r2, #48	@ 0x30
1000a55a:	42a0      	cmp	r0, r4
1000a55c:	d1d6      	bne.n	1000a50c <vQueueAddToRegistry+0xa4>
1000a55e:	2207      	movs	r2, #7
1000a560:	00d2      	lsls	r2, r2, #3
1000a562:	189a      	adds	r2, r3, r2
1000a564:	e7d2      	b.n	1000a50c <vQueueAddToRegistry+0xa4>
1000a566:	2200      	movs	r2, #0
1000a568:	e7fa      	b.n	1000a560 <vQueueAddToRegistry+0xf8>
1000a56a:	2203      	movs	r2, #3
1000a56c:	e7f8      	b.n	1000a560 <vQueueAddToRegistry+0xf8>
1000a56e:	2205      	movs	r2, #5
1000a570:	e7f6      	b.n	1000a560 <vQueueAddToRegistry+0xf8>
1000a572:	2204      	movs	r2, #4
1000a574:	e7f4      	b.n	1000a560 <vQueueAddToRegistry+0xf8>
1000a576:	2206      	movs	r2, #6
1000a578:	e7f2      	b.n	1000a560 <vQueueAddToRegistry+0xf8>
1000a57a:	2202      	movs	r2, #2
1000a57c:	e7f0      	b.n	1000a560 <vQueueAddToRegistry+0xf8>
1000a57e:	2201      	movs	r2, #1
1000a580:	e7ee      	b.n	1000a560 <vQueueAddToRegistry+0xf8>
1000a582:	46c0      	nop			@ (mov r8, r8)
1000a584:	200013e8 	.word	0x200013e8

1000a588 <vQueueWaitForMessageRestricted>:
1000a588:	b570      	push	{r4, r5, r6, lr}
1000a58a:	0004      	movs	r4, r0
1000a58c:	0016      	movs	r6, r2
1000a58e:	000d      	movs	r5, r1
1000a590:	f7fe fda2 	bl	100090d8 <vTaskEnterCritical>
1000a594:	2244      	movs	r2, #68	@ 0x44
1000a596:	5ca3      	ldrb	r3, [r4, r2]
1000a598:	b25b      	sxtb	r3, r3
1000a59a:	3301      	adds	r3, #1
1000a59c:	d101      	bne.n	1000a5a2 <vQueueWaitForMessageRestricted+0x1a>
1000a59e:	2300      	movs	r3, #0
1000a5a0:	54a3      	strb	r3, [r4, r2]
1000a5a2:	2245      	movs	r2, #69	@ 0x45
1000a5a4:	5ca3      	ldrb	r3, [r4, r2]
1000a5a6:	b25b      	sxtb	r3, r3
1000a5a8:	3301      	adds	r3, #1
1000a5aa:	d101      	bne.n	1000a5b0 <vQueueWaitForMessageRestricted+0x28>
1000a5ac:	2300      	movs	r3, #0
1000a5ae:	54a3      	strb	r3, [r4, r2]
1000a5b0:	f7ff f926 	bl	10009800 <vTaskExitCritical>
1000a5b4:	6ba3      	ldr	r3, [r4, #56]	@ 0x38
1000a5b6:	2b00      	cmp	r3, #0
1000a5b8:	d003      	beq.n	1000a5c2 <vQueueWaitForMessageRestricted+0x3a>
1000a5ba:	0020      	movs	r0, r4
1000a5bc:	f7ff fd9c 	bl	1000a0f8 <prvUnlockQueue>
1000a5c0:	bd70      	pop	{r4, r5, r6, pc}
1000a5c2:	0020      	movs	r0, r4
1000a5c4:	0032      	movs	r2, r6
1000a5c6:	0029      	movs	r1, r5
1000a5c8:	3024      	adds	r0, #36	@ 0x24
1000a5ca:	f7fe fad9 	bl	10008b80 <vTaskPlaceOnEventListRestricted>
1000a5ce:	e7f4      	b.n	1000a5ba <vQueueWaitForMessageRestricted+0x32>

1000a5d0 <xEventGroupCreate>:
1000a5d0:	b510      	push	{r4, lr}
1000a5d2:	201c      	movs	r0, #28
1000a5d4:	f7fd f81a 	bl	1000760c <pvPortMalloc>
1000a5d8:	1e04      	subs	r4, r0, #0
1000a5da:	d003      	beq.n	1000a5e4 <xEventGroupCreate+0x14>
1000a5dc:	2300      	movs	r3, #0
1000a5de:	c008      	stmia	r0!, {r3}
1000a5e0:	f7ff f9aa 	bl	10009938 <vListInitialise>
1000a5e4:	0020      	movs	r0, r4
1000a5e6:	bd10      	pop	{r4, pc}

1000a5e8 <strlen>:
1000a5e8:	b510      	push	{r4, lr}
1000a5ea:	0783      	lsls	r3, r0, #30
1000a5ec:	d00a      	beq.n	1000a604 <strlen+0x1c>
1000a5ee:	0003      	movs	r3, r0
1000a5f0:	2103      	movs	r1, #3
1000a5f2:	e002      	b.n	1000a5fa <strlen+0x12>
1000a5f4:	3301      	adds	r3, #1
1000a5f6:	420b      	tst	r3, r1
1000a5f8:	d005      	beq.n	1000a606 <strlen+0x1e>
1000a5fa:	781a      	ldrb	r2, [r3, #0]
1000a5fc:	2a00      	cmp	r2, #0
1000a5fe:	d1f9      	bne.n	1000a5f4 <strlen+0xc>
1000a600:	1a18      	subs	r0, r3, r0
1000a602:	bd10      	pop	{r4, pc}
1000a604:	0003      	movs	r3, r0
1000a606:	6819      	ldr	r1, [r3, #0]
1000a608:	4a0c      	ldr	r2, [pc, #48]	@ (1000a63c <strlen+0x54>)
1000a60a:	4c0d      	ldr	r4, [pc, #52]	@ (1000a640 <strlen+0x58>)
1000a60c:	188a      	adds	r2, r1, r2
1000a60e:	438a      	bics	r2, r1
1000a610:	4222      	tst	r2, r4
1000a612:	d10f      	bne.n	1000a634 <strlen+0x4c>
1000a614:	6859      	ldr	r1, [r3, #4]
1000a616:	4a09      	ldr	r2, [pc, #36]	@ (1000a63c <strlen+0x54>)
1000a618:	3304      	adds	r3, #4
1000a61a:	188a      	adds	r2, r1, r2
1000a61c:	438a      	bics	r2, r1
1000a61e:	4222      	tst	r2, r4
1000a620:	d108      	bne.n	1000a634 <strlen+0x4c>
1000a622:	6859      	ldr	r1, [r3, #4]
1000a624:	4a05      	ldr	r2, [pc, #20]	@ (1000a63c <strlen+0x54>)
1000a626:	3304      	adds	r3, #4
1000a628:	188a      	adds	r2, r1, r2
1000a62a:	438a      	bics	r2, r1
1000a62c:	4222      	tst	r2, r4
1000a62e:	d0f1      	beq.n	1000a614 <strlen+0x2c>
1000a630:	e000      	b.n	1000a634 <strlen+0x4c>
1000a632:	3301      	adds	r3, #1
1000a634:	781a      	ldrb	r2, [r3, #0]
1000a636:	2a00      	cmp	r2, #0
1000a638:	d1fb      	bne.n	1000a632 <strlen+0x4a>
1000a63a:	e7e1      	b.n	1000a600 <strlen+0x18>
1000a63c:	fefefeff 	.word	0xfefefeff
1000a640:	80808080 	.word	0x80808080
1000a644:	00000000 	.word	0x00000000

1000a648 <__mutex_exit_veneer>:
1000a648:	b401      	push	{r0}
1000a64a:	4802      	ldr	r0, [pc, #8]	@ (1000a654 <__mutex_exit_veneer+0xc>)
1000a64c:	4684      	mov	ip, r0
1000a64e:	bc01      	pop	{r0}
1000a650:	4760      	bx	ip
1000a652:	bf00      	nop
1000a654:	200001e9 	.word	0x200001e9

1000a658 <__e15_is_bulkin_ep_veneer>:
1000a658:	b401      	push	{r0}
1000a65a:	4802      	ldr	r0, [pc, #8]	@ (1000a664 <__e15_is_bulkin_ep_veneer+0xc>)
1000a65c:	4684      	mov	ip, r0
1000a65e:	bc01      	pop	{r0}
1000a660:	4760      	bx	ip
1000a662:	bf00      	nop
1000a664:	20000b8d 	.word	0x20000b8d

1000a668 <__flash_do_cmd_cs_veneer>:
1000a668:	b401      	push	{r0}
1000a66a:	4802      	ldr	r0, [pc, #8]	@ (1000a674 <__flash_do_cmd_cs_veneer+0xc>)
1000a66c:	4684      	mov	ip, r0
1000a66e:	bc01      	pop	{r0}
1000a670:	4760      	bx	ip
1000a672:	bf00      	nop
1000a674:	2000029d 	.word	0x2000029d

1000a678 <__reset_non_control_endpoints_veneer>:
1000a678:	b401      	push	{r0}
1000a67a:	4802      	ldr	r0, [pc, #8]	@ (1000a684 <__reset_non_control_endpoints_veneer+0xc>)
1000a67c:	4684      	mov	ip, r0
1000a67e:	bc01      	pop	{r0}
1000a680:	4760      	bx	ip
1000a682:	bf00      	nop
1000a684:	20000391 	.word	0x20000391

1000a688 <____aeabi_idiv0_veneer>:
1000a688:	b401      	push	{r0}
1000a68a:	4802      	ldr	r0, [pc, #8]	@ (1000a694 <____aeabi_idiv0_veneer+0xc>)
1000a68c:	4684      	mov	ip, r0
1000a68e:	bc01      	pop	{r0}
1000a690:	4760      	bx	ip
1000a692:	bf00      	nop
1000a694:	20000ed1 	.word	0x20000ed1

1000a698 <__mutex_enter_timeout_ms_veneer>:
1000a698:	b401      	push	{r0}
1000a69a:	4802      	ldr	r0, [pc, #8]	@ (1000a6a4 <__mutex_enter_timeout_ms_veneer+0xc>)
1000a69c:	4684      	mov	ip, r0
1000a69e:	bc01      	pop	{r0}
1000a6a0:	4760      	bx	ip
1000a6a2:	bf00      	nop
1000a6a4:	200001a9 	.word	0x200001a9

1000a6a8 <__mutex_try_enter_veneer>:
1000a6a8:	b401      	push	{r0}
1000a6aa:	4802      	ldr	r0, [pc, #8]	@ (1000a6b4 <__mutex_try_enter_veneer+0xc>)
1000a6ac:	4684      	mov	ip, r0
1000a6ae:	bc01      	pop	{r0}
1000a6b0:	4760      	bx	ip
1000a6b2:	bf00      	nop
1000a6b4:	200000c1 	.word	0x200000c1

1000a6b8 <__hw_endpoint_start_next_buffer_veneer>:
1000a6b8:	b401      	push	{r0}
1000a6ba:	4802      	ldr	r0, [pc, #8]	@ (1000a6c4 <__hw_endpoint_start_next_buffer_veneer+0xc>)
1000a6bc:	4684      	mov	ip, r0
1000a6be:	bc01      	pop	{r0}
1000a6c0:	4760      	bx	ip
1000a6c2:	bf00      	nop
1000a6c4:	20000c45 	.word	0x20000c45

1000a6c8 <__mutex_try_enter_block_until_veneer>:
1000a6c8:	b401      	push	{r0}
1000a6ca:	4802      	ldr	r0, [pc, #8]	@ (1000a6d4 <__mutex_try_enter_block_until_veneer+0xc>)
1000a6cc:	4684      	mov	ip, r0
1000a6ce:	bc01      	pop	{r0}
1000a6d0:	4760      	bx	ip
1000a6d2:	bf00      	nop
1000a6d4:	20000175 	.word	0x20000175

1000a6d8 <____aeabi_ldiv0_veneer>:
1000a6d8:	b401      	push	{r0}
1000a6da:	4802      	ldr	r0, [pc, #8]	@ (1000a6e4 <____aeabi_ldiv0_veneer+0xc>)
1000a6dc:	4684      	mov	ip, r0
1000a6de:	bc01      	pop	{r0}
1000a6e0:	4760      	bx	ip
1000a6e2:	bf00      	nop
1000a6e4:	20000ed1 	.word	0x20000ed1

1000a6e8 <___hw_endpoint_buffer_control_update32_veneer>:
1000a6e8:	b401      	push	{r0}
1000a6ea:	4802      	ldr	r0, [pc, #8]	@ (1000a6f4 <___hw_endpoint_buffer_control_update32_veneer+0xc>)
1000a6ec:	4684      	mov	ip, r0
1000a6ee:	bc01      	pop	{r0}
1000a6f0:	4760      	bx	ip
1000a6f2:	bf00      	nop
1000a6f4:	20000bf5 	.word	0x20000bf5

1000a6f8 <__e15_is_critical_frame_period_veneer>:
1000a6f8:	b401      	push	{r0}
1000a6fa:	4802      	ldr	r0, [pc, #8]	@ (1000a704 <__e15_is_critical_frame_period_veneer+0xc>)
1000a6fc:	4684      	mov	ip, r0
1000a6fe:	bc01      	pop	{r0}
1000a700:	4760      	bx	ip
1000a702:	bf00      	nop
1000a704:	20000bb5 	.word	0x20000bb5

1000a708 <__pre_init_runtime_init_early_resets>:
1000a708:	100022dd                                ."..

1000a70c <__pre_init_runtime_init_usb_power_down>:
1000a70c:	10002309 100024ed 10003325 10002b81     .#...$..%3...+..
1000a71c:	10003265                                e2..

1000a720 <__pre_init_runtime_init_clocks>:
1000a720:	10002415                                .$..

1000a724 <__pre_init_runtime_init_post_clock_resets>:
1000a724:	10002325                                %#..

1000a728 <__pre_init_runtime_init_rp2040_gpio_ie_disable>:
1000a728:	10002345                                E#..

1000a72c <__pre_init_runtime_init_spin_locks_reset>:
1000a72c:	10002359                                Y#..

1000a730 <__pre_init_runtime_init_mutex>:
1000a730:	10001541                                A...

1000a734 <__pre_init_runtime_init_install_ram_vector_table>:
1000a734:	10002361                                a#..

1000a738 <__pre_init_runtime_init_default_alarm_pool>:
1000a738:	10001909                                ....

1000a73c <__pre_init_first_per_core_initializer>:
1000a73c:	1000227d                                }"..

1000a740 <__pre_init_runtime_init_per_core_irq_priorities>:
1000a740:	10001151                                Q...

1000a744 <__pre_init_runtime_init_per_core_tls_setup>:
1000a744:	10007229                                )r..

1000a748 <__init_array_start>:
1000a748:	100053b5 	.word	0x100053b5
1000a74c:	1000a0e9 	.word	0x1000a0e9

Disassembly of section .data:

200000c0 <mutex_try_enter>:
200000c0:	0003      	movs	r3, r0
200000c2:	6800      	ldr	r0, [r0, #0]
200000c4:	f3ef 8c10 	mrs	ip, PRIMASK
200000c8:	b672      	cpsid	i
200000ca:	6802      	ldr	r2, [r0, #0]
200000cc:	2a00      	cmp	r2, #0
200000ce:	d0fc      	beq.n	200000ca <mutex_try_enter+0xa>
200000d0:	f3bf 8f5f 	dmb	sy
200000d4:	2204      	movs	r2, #4
200000d6:	569a      	ldrsb	r2, [r3, r2]
200000d8:	2a00      	cmp	r2, #0
200000da:	db04      	blt.n	200000e6 <mutex_try_enter+0x26>
200000dc:	2900      	cmp	r1, #0
200000de:	d000      	beq.n	200000e2 <mutex_try_enter+0x22>
200000e0:	600a      	str	r2, [r1, #0]
200000e2:	2000      	movs	r0, #0
200000e4:	e004      	b.n	200000f0 <mutex_try_enter+0x30>
200000e6:	22d0      	movs	r2, #208	@ 0xd0
200000e8:	2001      	movs	r0, #1
200000ea:	0612      	lsls	r2, r2, #24
200000ec:	6812      	ldr	r2, [r2, #0]
200000ee:	711a      	strb	r2, [r3, #4]
200000f0:	681b      	ldr	r3, [r3, #0]
200000f2:	f3bf 8f5f 	dmb	sy
200000f6:	2200      	movs	r2, #0
200000f8:	601a      	str	r2, [r3, #0]
200000fa:	f38c 8810 	msr	PRIMASK, ip
200000fe:	4770      	bx	lr

20000100 <mutex_enter_block_until>:
20000100:	b5f0      	push	{r4, r5, r6, r7, lr}
20000102:	464f      	mov	r7, r9
20000104:	46d6      	mov	lr, sl
20000106:	4646      	mov	r6, r8
20000108:	b5c0      	push	{r6, r7, lr}
2000010a:	001f      	movs	r7, r3
2000010c:	23d0      	movs	r3, #208	@ 0xd0
2000010e:	061b      	lsls	r3, r3, #24
20000110:	681b      	ldr	r3, [r3, #0]
20000112:	0004      	movs	r4, r0
20000114:	469a      	mov	sl, r3
20000116:	2300      	movs	r3, #0
20000118:	4690      	mov	r8, r2
2000011a:	4699      	mov	r9, r3
2000011c:	e00c      	b.n	20000138 <mutex_enter_block_until+0x38>
2000011e:	6822      	ldr	r2, [r4, #0]
20000120:	f3bf 8f5f 	dmb	sy
20000124:	4649      	mov	r1, r9
20000126:	6011      	str	r1, [r2, #0]
20000128:	f383 8810 	msr	PRIMASK, r3
2000012c:	4640      	mov	r0, r8
2000012e:	0039      	movs	r1, r7
20000130:	f000 ff02 	bl	20000f38 <__best_effort_wfe_or_timeout_veneer>
20000134:	2800      	cmp	r0, #0
20000136:	d11a      	bne.n	2000016e <mutex_enter_block_until+0x6e>
20000138:	6826      	ldr	r6, [r4, #0]
2000013a:	f3ef 8310 	mrs	r3, PRIMASK
2000013e:	b672      	cpsid	i
20000140:	6835      	ldr	r5, [r6, #0]
20000142:	2d00      	cmp	r5, #0
20000144:	d0fc      	beq.n	20000140 <mutex_enter_block_until+0x40>
20000146:	f3bf 8f5f 	dmb	sy
2000014a:	7925      	ldrb	r5, [r4, #4]
2000014c:	2d7f      	cmp	r5, #127	@ 0x7f
2000014e:	d9e6      	bls.n	2000011e <mutex_enter_block_until+0x1e>
20000150:	4652      	mov	r2, sl
20000152:	7122      	strb	r2, [r4, #4]
20000154:	6822      	ldr	r2, [r4, #0]
20000156:	f3bf 8f5f 	dmb	sy
2000015a:	2100      	movs	r1, #0
2000015c:	6011      	str	r1, [r2, #0]
2000015e:	f383 8810 	msr	PRIMASK, r3
20000162:	2001      	movs	r0, #1
20000164:	bce0      	pop	{r5, r6, r7}
20000166:	46ba      	mov	sl, r7
20000168:	46b1      	mov	r9, r6
2000016a:	46a8      	mov	r8, r5
2000016c:	bdf0      	pop	{r4, r5, r6, r7, pc}
2000016e:	2000      	movs	r0, #0
20000170:	e7f8      	b.n	20000164 <mutex_enter_block_until+0x64>
20000172:	46c0      	nop			@ (mov r8, r8)

20000174 <mutex_try_enter_block_until>:
20000174:	b570      	push	{r4, r5, r6, lr}
20000176:	b082      	sub	sp, #8
20000178:	a901      	add	r1, sp, #4
2000017a:	0004      	movs	r4, r0
2000017c:	0016      	movs	r6, r2
2000017e:	001d      	movs	r5, r3
20000180:	f7ff ff9e 	bl	200000c0 <mutex_try_enter>
20000184:	2800      	cmp	r0, #0
20000186:	d107      	bne.n	20000198 <mutex_try_enter_block_until+0x24>
20000188:	23d0      	movs	r3, #208	@ 0xd0
2000018a:	061b      	lsls	r3, r3, #24
2000018c:	9901      	ldr	r1, [sp, #4]
2000018e:	781b      	ldrb	r3, [r3, #0]
20000190:	b249      	sxtb	r1, r1
20000192:	b25b      	sxtb	r3, r3
20000194:	4299      	cmp	r1, r3
20000196:	d101      	bne.n	2000019c <mutex_try_enter_block_until+0x28>
20000198:	b002      	add	sp, #8
2000019a:	bd70      	pop	{r4, r5, r6, pc}
2000019c:	0032      	movs	r2, r6
2000019e:	002b      	movs	r3, r5
200001a0:	0020      	movs	r0, r4
200001a2:	f7ff ffad 	bl	20000100 <mutex_enter_block_until>
200001a6:	e7f7      	b.n	20000198 <mutex_try_enter_block_until+0x24>

200001a8 <mutex_enter_timeout_ms>:
200001a8:	b5f8      	push	{r3, r4, r5, r6, r7, lr}
200001aa:	000f      	movs	r7, r1
200001ac:	0006      	movs	r6, r0
200001ae:	f000 fe93 	bl	20000ed8 <__time_us_64_veneer>
200001b2:	22fa      	movs	r2, #250	@ 0xfa
200001b4:	0004      	movs	r4, r0
200001b6:	000d      	movs	r5, r1
200001b8:	2300      	movs	r3, #0
200001ba:	0092      	lsls	r2, r2, #2
200001bc:	0038      	movs	r0, r7
200001be:	2100      	movs	r1, #0
200001c0:	f000 fec2 	bl	20000f48 <____wrap___aeabi_lmul_veneer>
200001c4:	000b      	movs	r3, r1
200001c6:	0002      	movs	r2, r0
200001c8:	2180      	movs	r1, #128	@ 0x80
200001ca:	1912      	adds	r2, r2, r4
200001cc:	416b      	adcs	r3, r5
200001ce:	0609      	lsls	r1, r1, #24
200001d0:	428b      	cmp	r3, r1
200001d2:	d302      	bcc.n	200001da <mutex_enter_timeout_ms+0x32>
200001d4:	2201      	movs	r2, #1
200001d6:	4b03      	ldr	r3, [pc, #12]	@ (200001e4 <mutex_enter_timeout_ms+0x3c>)
200001d8:	4252      	negs	r2, r2
200001da:	0030      	movs	r0, r6
200001dc:	f7ff ff90 	bl	20000100 <mutex_enter_block_until>
200001e0:	bdf8      	pop	{r3, r4, r5, r6, r7, pc}
200001e2:	46c0      	nop			@ (mov r8, r8)
200001e4:	7fffffff 	.word	0x7fffffff

200001e8 <mutex_exit>:
200001e8:	6802      	ldr	r2, [r0, #0]
200001ea:	f3ef 8110 	mrs	r1, PRIMASK
200001ee:	b672      	cpsid	i
200001f0:	6813      	ldr	r3, [r2, #0]
200001f2:	2b00      	cmp	r3, #0
200001f4:	d0fc      	beq.n	200001f0 <mutex_exit+0x8>
200001f6:	f3bf 8f5f 	dmb	sy
200001fa:	23ff      	movs	r3, #255	@ 0xff
200001fc:	7103      	strb	r3, [r0, #4]
200001fe:	6803      	ldr	r3, [r0, #0]
20000200:	f3bf 8f5f 	dmb	sy
20000204:	2200      	movs	r2, #0
20000206:	601a      	str	r2, [r3, #0]
20000208:	f381 8810 	msr	PRIMASK, r1
2000020c:	bf40      	sev
2000020e:	4770      	bx	lr

20000210 <flash_init_boot2_copyout>:
20000210:	b510      	push	{r4, lr}
20000212:	4c08      	ldr	r4, [pc, #32]	@ (20000234 <flash_init_boot2_copyout+0x24>)
20000214:	7823      	ldrb	r3, [r4, #0]
20000216:	2b00      	cmp	r3, #0
20000218:	d10a      	bne.n	20000230 <flash_init_boot2_copyout+0x20>
2000021a:	2380      	movs	r3, #128	@ 0x80
2000021c:	4806      	ldr	r0, [pc, #24]	@ (20000238 <flash_init_boot2_copyout+0x28>)
2000021e:	4907      	ldr	r1, [pc, #28]	@ (2000023c <flash_init_boot2_copyout+0x2c>)
20000220:	055b      	lsls	r3, r3, #21
20000222:	681a      	ldr	r2, [r3, #0]
20000224:	50c2      	str	r2, [r0, r3]
20000226:	3304      	adds	r3, #4
20000228:	428b      	cmp	r3, r1
2000022a:	d1fa      	bne.n	20000222 <flash_init_boot2_copyout+0x12>
2000022c:	2301      	movs	r3, #1
2000022e:	7023      	strb	r3, [r4, #0]
20000230:	bd10      	pop	{r4, pc}
20000232:	46c0      	nop			@ (mov r8, r8)
20000234:	2002207b 	.word	0x2002207b
20000238:	100016fc 	.word	0x100016fc
2000023c:	10000100 	.word	0x10000100

20000240 <flash_enable_xip_via_boot2>:
20000240:	b510      	push	{r4, lr}
20000242:	4b01      	ldr	r3, [pc, #4]	@ (20000248 <flash_enable_xip_via_boot2+0x8>)
20000244:	4798      	blx	r3
20000246:	bd10      	pop	{r4, pc}
20000248:	200016fd 	.word	0x200016fd

2000024c <flash_save_hardware_state>:
2000024c:	4b08      	ldr	r3, [pc, #32]	@ (20000270 <flash_save_hardware_state+0x24>)
2000024e:	685a      	ldr	r2, [r3, #4]
20000250:	6042      	str	r2, [r0, #4]
20000252:	689a      	ldr	r2, [r3, #8]
20000254:	6082      	str	r2, [r0, #8]
20000256:	68da      	ldr	r2, [r3, #12]
20000258:	60c2      	str	r2, [r0, #12]
2000025a:	691a      	ldr	r2, [r3, #16]
2000025c:	6102      	str	r2, [r0, #16]
2000025e:	695a      	ldr	r2, [r3, #20]
20000260:	6142      	str	r2, [r0, #20]
20000262:	699b      	ldr	r3, [r3, #24]
20000264:	6183      	str	r3, [r0, #24]
20000266:	23a0      	movs	r3, #160	@ 0xa0
20000268:	055b      	lsls	r3, r3, #21
2000026a:	681b      	ldr	r3, [r3, #0]
2000026c:	6003      	str	r3, [r0, #0]
2000026e:	4770      	bx	lr
20000270:	40020000 	.word	0x40020000

20000274 <flash_restore_hardware_state>:
20000274:	6842      	ldr	r2, [r0, #4]
20000276:	4b08      	ldr	r3, [pc, #32]	@ (20000298 <flash_restore_hardware_state+0x24>)
20000278:	605a      	str	r2, [r3, #4]
2000027a:	6882      	ldr	r2, [r0, #8]
2000027c:	609a      	str	r2, [r3, #8]
2000027e:	68c2      	ldr	r2, [r0, #12]
20000280:	60da      	str	r2, [r3, #12]
20000282:	6902      	ldr	r2, [r0, #16]
20000284:	611a      	str	r2, [r3, #16]
20000286:	6942      	ldr	r2, [r0, #20]
20000288:	615a      	str	r2, [r3, #20]
2000028a:	6982      	ldr	r2, [r0, #24]
2000028c:	619a      	str	r2, [r3, #24]
2000028e:	23a0      	movs	r3, #160	@ 0xa0
20000290:	6802      	ldr	r2, [r0, #0]
20000292:	055b      	lsls	r3, r3, #21
20000294:	601a      	str	r2, [r3, #0]
20000296:	4770      	bx	lr
20000298:	40020000 	.word	0x40020000

2000029c <flash_do_cmd_cs>:
2000029c:	2314      	movs	r3, #20
2000029e:	b5f0      	push	{r4, r5, r6, r7, lr}
200002a0:	46d6      	mov	lr, sl
200002a2:	464f      	mov	r7, r9
200002a4:	4646      	mov	r6, r8
200002a6:	469a      	mov	sl, r3
200002a8:	b5c0      	push	{r6, r7, lr}
200002aa:	4681      	mov	r9, r0
200002ac:	8818      	ldrh	r0, [r3, #0]
200002ae:	3304      	adds	r3, #4
200002b0:	b088      	sub	sp, #32
200002b2:	4698      	mov	r8, r3
200002b4:	000e      	movs	r6, r1
200002b6:	881b      	ldrh	r3, [r3, #0]
200002b8:	4930      	ldr	r1, [pc, #192]	@ (2000037c <flash_do_cmd_cs+0xe0>)
200002ba:	0014      	movs	r4, r2
200002bc:	4798      	blx	r3
200002be:	4653      	mov	r3, sl
200002c0:	0007      	movs	r7, r0
200002c2:	8818      	ldrh	r0, [r3, #0]
200002c4:	4643      	mov	r3, r8
200002c6:	492e      	ldr	r1, [pc, #184]	@ (20000380 <flash_do_cmd_cs+0xe4>)
200002c8:	881b      	ldrh	r3, [r3, #0]
200002ca:	4798      	blx	r3
200002cc:	4653      	mov	r3, sl
200002ce:	0005      	movs	r5, r0
200002d0:	8818      	ldrh	r0, [r3, #0]
200002d2:	4643      	mov	r3, r8
200002d4:	492b      	ldr	r1, [pc, #172]	@ (20000384 <flash_do_cmd_cs+0xe8>)
200002d6:	881b      	ldrh	r3, [r3, #0]
200002d8:	4798      	blx	r3
200002da:	4680      	mov	r8, r0
200002dc:	f7ff ff98 	bl	20000210 <flash_init_boot2_copyout>
200002e0:	a801      	add	r0, sp, #4
200002e2:	f7ff ffb3 	bl	2000024c <flash_save_hardware_state>
200002e6:	47b8      	blx	r7
200002e8:	47a8      	blx	r5
200002ea:	4b27      	ldr	r3, [pc, #156]	@ (20000388 <flash_do_cmd_cs+0xec>)
200002ec:	681a      	ldr	r2, [r3, #0]
200002ee:	2380      	movs	r3, #128	@ 0x80
200002f0:	009b      	lsls	r3, r3, #2
200002f2:	4053      	eors	r3, r2
200002f4:	22c0      	movs	r2, #192	@ 0xc0
200002f6:	0092      	lsls	r2, r2, #2
200002f8:	4013      	ands	r3, r2
200002fa:	4a24      	ldr	r2, [pc, #144]	@ (2000038c <flash_do_cmd_cs+0xf0>)
200002fc:	6013      	str	r3, [r2, #0]
200002fe:	1e22      	subs	r2, r4, #0
20000300:	d020      	beq.n	20000344 <flash_do_cmd_cs+0xa8>
20000302:	21c0      	movs	r1, #192	@ 0xc0
20000304:	2708      	movs	r7, #8
20000306:	2002      	movs	r0, #2
20000308:	0549      	lsls	r1, r1, #21
2000030a:	e011      	b.n	20000330 <flash_do_cmd_cs+0x94>
2000030c:	2c00      	cmp	r4, #0
2000030e:	d014      	beq.n	2000033a <flash_do_cmd_cs+0x9e>
20000310:	1b13      	subs	r3, r2, r4
20000312:	2b0d      	cmp	r3, #13
20000314:	d929      	bls.n	2000036a <flash_do_cmd_cs+0xce>
20000316:	2d00      	cmp	r5, #0
20000318:	d00a      	beq.n	20000330 <flash_do_cmd_cs+0x94>
2000031a:	0023      	movs	r3, r4
2000031c:	2a00      	cmp	r2, #0
2000031e:	d005      	beq.n	2000032c <flash_do_cmd_cs+0x90>
20000320:	6e0b      	ldr	r3, [r1, #96]	@ 0x60
20000322:	3a01      	subs	r2, #1
20000324:	7033      	strb	r3, [r6, #0]
20000326:	0013      	movs	r3, r2
20000328:	3601      	adds	r6, #1
2000032a:	4323      	orrs	r3, r4
2000032c:	2b00      	cmp	r3, #0
2000032e:	d009      	beq.n	20000344 <flash_do_cmd_cs+0xa8>
20000330:	003d      	movs	r5, r7
20000332:	6a8b      	ldr	r3, [r1, #40]	@ 0x28
20000334:	401d      	ands	r5, r3
20000336:	4218      	tst	r0, r3
20000338:	d1e8      	bne.n	2000030c <flash_do_cmd_cs+0x70>
2000033a:	2d00      	cmp	r5, #0
2000033c:	d1ed      	bne.n	2000031a <flash_do_cmd_cs+0x7e>
2000033e:	0023      	movs	r3, r4
20000340:	4313      	orrs	r3, r2
20000342:	d1f5      	bne.n	20000330 <flash_do_cmd_cs+0x94>
20000344:	4b10      	ldr	r3, [pc, #64]	@ (20000388 <flash_do_cmd_cs+0xec>)
20000346:	681a      	ldr	r2, [r3, #0]
20000348:	23c0      	movs	r3, #192	@ 0xc0
2000034a:	009b      	lsls	r3, r3, #2
2000034c:	4393      	bics	r3, r2
2000034e:	4a0f      	ldr	r2, [pc, #60]	@ (2000038c <flash_do_cmd_cs+0xf0>)
20000350:	6013      	str	r3, [r2, #0]
20000352:	47c0      	blx	r8
20000354:	f7ff ff74 	bl	20000240 <flash_enable_xip_via_boot2>
20000358:	a801      	add	r0, sp, #4
2000035a:	f7ff ff8b 	bl	20000274 <flash_restore_hardware_state>
2000035e:	b008      	add	sp, #32
20000360:	bce0      	pop	{r5, r6, r7}
20000362:	46ba      	mov	sl, r7
20000364:	46b1      	mov	r9, r6
20000366:	46a8      	mov	r8, r5
20000368:	bdf0      	pop	{r4, r5, r6, r7, pc}
2000036a:	464b      	mov	r3, r9
2000036c:	781b      	ldrb	r3, [r3, #0]
2000036e:	3c01      	subs	r4, #1
20000370:	660b      	str	r3, [r1, #96]	@ 0x60
20000372:	2301      	movs	r3, #1
20000374:	469c      	mov	ip, r3
20000376:	44e1      	add	r9, ip
20000378:	e7df      	b.n	2000033a <flash_do_cmd_cs+0x9e>
2000037a:	46c0      	nop			@ (mov r8, r8)
2000037c:	00004649 	.word	0x00004649
20000380:	00005845 	.word	0x00005845
20000384:	00004346 	.word	0x00004346
20000388:	4001800c 	.word	0x4001800c
2000038c:	4001900c 	.word	0x4001900c

20000390 <reset_non_control_endpoints>:
20000390:	2200      	movs	r2, #0
20000392:	4b15      	ldr	r3, [pc, #84]	@ (200003e8 <reset_non_control_endpoints+0x58>)
20000394:	b510      	push	{r4, lr}
20000396:	609a      	str	r2, [r3, #8]
20000398:	60da      	str	r2, [r3, #12]
2000039a:	611a      	str	r2, [r3, #16]
2000039c:	615a      	str	r2, [r3, #20]
2000039e:	619a      	str	r2, [r3, #24]
200003a0:	61da      	str	r2, [r3, #28]
200003a2:	621a      	str	r2, [r3, #32]
200003a4:	625a      	str	r2, [r3, #36]	@ 0x24
200003a6:	629a      	str	r2, [r3, #40]	@ 0x28
200003a8:	62da      	str	r2, [r3, #44]	@ 0x2c
200003aa:	631a      	str	r2, [r3, #48]	@ 0x30
200003ac:	635a      	str	r2, [r3, #52]	@ 0x34
200003ae:	639a      	str	r2, [r3, #56]	@ 0x38
200003b0:	63da      	str	r2, [r3, #60]	@ 0x3c
200003b2:	641a      	str	r2, [r3, #64]	@ 0x40
200003b4:	645a      	str	r2, [r3, #68]	@ 0x44
200003b6:	649a      	str	r2, [r3, #72]	@ 0x48
200003b8:	64da      	str	r2, [r3, #76]	@ 0x4c
200003ba:	651a      	str	r2, [r3, #80]	@ 0x50
200003bc:	655a      	str	r2, [r3, #84]	@ 0x54
200003be:	659a      	str	r2, [r3, #88]	@ 0x58
200003c0:	65da      	str	r2, [r3, #92]	@ 0x5c
200003c2:	661a      	str	r2, [r3, #96]	@ 0x60
200003c4:	665a      	str	r2, [r3, #100]	@ 0x64
200003c6:	669a      	str	r2, [r3, #104]	@ 0x68
200003c8:	66da      	str	r2, [r3, #108]	@ 0x6c
200003ca:	671a      	str	r2, [r3, #112]	@ 0x70
200003cc:	675a      	str	r2, [r3, #116]	@ 0x74
200003ce:	679a      	str	r2, [r3, #120]	@ 0x78
200003d0:	67da      	str	r2, [r3, #124]	@ 0x7c
200003d2:	32f0      	adds	r2, #240	@ 0xf0
200003d4:	0092      	lsls	r2, r2, #2
200003d6:	2100      	movs	r1, #0
200003d8:	4804      	ldr	r0, [pc, #16]	@ (200003ec <reset_non_control_endpoints+0x5c>)
200003da:	f000 fd85 	bl	20000ee8 <____wrap_memset_veneer>
200003de:	4b04      	ldr	r3, [pc, #16]	@ (200003f0 <reset_non_control_endpoints+0x60>)
200003e0:	4a04      	ldr	r2, [pc, #16]	@ (200003f4 <reset_non_control_endpoints+0x64>)
200003e2:	601a      	str	r2, [r3, #0]
200003e4:	bd10      	pop	{r4, pc}
200003e6:	46c0      	nop			@ (mov r8, r8)
200003e8:	50100000 	.word	0x50100000
200003ec:	200018c0 	.word	0x200018c0
200003f0:	20001c88 	.word	0x20001c88
200003f4:	50100180 	.word	0x50100180

200003f8 <hw_handle_buff_status>:
200003f8:	b5f0      	push	{r4, r5, r6, r7, lr}
200003fa:	464e      	mov	r6, r9
200003fc:	4645      	mov	r5, r8
200003fe:	46de      	mov	lr, fp
20000400:	4657      	mov	r7, sl
20000402:	b5e0      	push	{r5, r6, r7, lr}
20000404:	4b21      	ldr	r3, [pc, #132]	@ (2000048c <hw_handle_buff_status+0x94>)
20000406:	2400      	movs	r4, #0
20000408:	6d9e      	ldr	r6, [r3, #88]	@ 0x58
2000040a:	2501      	movs	r5, #1
2000040c:	b085      	sub	sp, #20
2000040e:	2e00      	cmp	r6, #0
20000410:	d022      	beq.n	20000458 <hw_handle_buff_status+0x60>
20000412:	4b1f      	ldr	r3, [pc, #124]	@ (20000490 <hw_handle_buff_status+0x98>)
20000414:	469a      	mov	sl, r3
20000416:	2301      	movs	r3, #1
20000418:	4699      	mov	r9, r3
2000041a:	4b1e      	ldr	r3, [pc, #120]	@ (20000494 <hw_handle_buff_status+0x9c>)
2000041c:	4698      	mov	r8, r3
2000041e:	e001      	b.n	20000424 <hw_handle_buff_status+0x2c>
20000420:	2c20      	cmp	r4, #32
20000422:	d019      	beq.n	20000458 <hw_handle_buff_status+0x60>
20000424:	002a      	movs	r2, r5
20000426:	0023      	movs	r3, r4
20000428:	3401      	adds	r4, #1
2000042a:	002f      	movs	r7, r5
2000042c:	4032      	ands	r2, r6
2000042e:	b2e4      	uxtb	r4, r4
20000430:	006d      	lsls	r5, r5, #1
20000432:	2a00      	cmp	r2, #0
20000434:	d0f4      	beq.n	20000420 <hw_handle_buff_status+0x28>
20000436:	4652      	mov	r2, sl
20000438:	6597      	str	r7, [r2, #88]	@ 0x58
2000043a:	464a      	mov	r2, r9
2000043c:	085b      	lsrs	r3, r3, #1
2000043e:	005b      	lsls	r3, r3, #1
20000440:	4022      	ands	r2, r4
20000442:	189b      	adds	r3, r3, r2
20000444:	015b      	lsls	r3, r3, #5
20000446:	4443      	add	r3, r8
20000448:	0018      	movs	r0, r3
2000044a:	469b      	mov	fp, r3
2000044c:	f000 fc30 	bl	20000cb0 <hw_endpoint_xfer_continue>
20000450:	2800      	cmp	r0, #0
20000452:	d108      	bne.n	20000466 <hw_handle_buff_status+0x6e>
20000454:	43be      	bics	r6, r7
20000456:	d1e3      	bne.n	20000420 <hw_handle_buff_status+0x28>
20000458:	b005      	add	sp, #20
2000045a:	bcf0      	pop	{r4, r5, r6, r7}
2000045c:	46bb      	mov	fp, r7
2000045e:	46b2      	mov	sl, r6
20000460:	46a9      	mov	r9, r5
20000462:	46a0      	mov	r8, r4
20000464:	bdf0      	pop	{r4, r5, r6, r7, pc}
20000466:	465b      	mov	r3, fp
20000468:	21e0      	movs	r1, #224	@ 0xe0
2000046a:	789a      	ldrb	r2, [r3, #2]
2000046c:	8adb      	ldrh	r3, [r3, #22]
2000046e:	a801      	add	r0, sp, #4
20000470:	6083      	str	r3, [r0, #8]
20000472:	2300      	movs	r3, #0
20000474:	00c9      	lsls	r1, r1, #3
20000476:	8001      	strh	r1, [r0, #0]
20000478:	2101      	movs	r1, #1
2000047a:	7102      	strb	r2, [r0, #4]
2000047c:	7143      	strb	r3, [r0, #5]
2000047e:	f000 fc37 	bl	20000cf0 <dcd_event_handler>
20000482:	4658      	mov	r0, fp
20000484:	f000 fbb0 	bl	20000be8 <hw_endpoint_reset_transfer>
20000488:	e7e4      	b.n	20000454 <hw_handle_buff_status+0x5c>
2000048a:	46c0      	nop			@ (mov r8, r8)
2000048c:	50110000 	.word	0x50110000
20000490:	50113000 	.word	0x50113000
20000494:	20001880 	.word	0x20001880

20000498 <dcd_rp2040_irq>:
20000498:	2398      	movs	r3, #152	@ 0x98
2000049a:	b5f0      	push	{r4, r5, r6, r7, lr}
2000049c:	46c6      	mov	lr, r8
2000049e:	4ac6      	ldr	r2, [pc, #792]	@ (200007b8 <dcd_rp2040_irq+0x320>)
200004a0:	b500      	push	{lr}
200004a2:	58d5      	ldr	r5, [r2, r3]
200004a4:	2380      	movs	r3, #128	@ 0x80
200004a6:	002e      	movs	r6, r5
200004a8:	029b      	lsls	r3, r3, #10
200004aa:	2410      	movs	r4, #16
200004ac:	b084      	sub	sp, #16
200004ae:	401e      	ands	r6, r3
200004b0:	421d      	tst	r5, r3
200004b2:	d073      	beq.n	2000059c <dcd_rp2040_irq+0x104>
200004b4:	4bc1      	ldr	r3, [pc, #772]	@ (200007bc <dcd_rp2040_irq+0x324>)
200004b6:	4cc2      	ldr	r4, [pc, #776]	@ (200007c0 <dcd_rp2040_irq+0x328>)
200004b8:	6a9a      	ldr	r2, [r3, #40]	@ 0x28
200004ba:	4bc2      	ldr	r3, [pc, #776]	@ (200007c4 <dcd_rp2040_irq+0x32c>)
200004bc:	2600      	movs	r6, #0
200004be:	601a      	str	r2, [r3, #0]
200004c0:	233b      	movs	r3, #59	@ 0x3b
200004c2:	5ce3      	ldrb	r3, [r4, r3]
200004c4:	2b02      	cmp	r3, #2
200004c6:	d100      	bne.n	200004ca <dcd_rp2040_irq+0x32>
200004c8:	e0f4      	b.n	200006b4 <dcd_rp2040_irq+0x21c>
200004ca:	237b      	movs	r3, #123	@ 0x7b
200004cc:	5ce3      	ldrb	r3, [r4, r3]
200004ce:	2b02      	cmp	r3, #2
200004d0:	d100      	bne.n	200004d4 <dcd_rp2040_irq+0x3c>
200004d2:	e10c      	b.n	200006ee <dcd_rp2040_irq+0x256>
200004d4:	23bb      	movs	r3, #187	@ 0xbb
200004d6:	5ce3      	ldrb	r3, [r4, r3]
200004d8:	2b02      	cmp	r3, #2
200004da:	d100      	bne.n	200004de <dcd_rp2040_irq+0x46>
200004dc:	e0fb      	b.n	200006d6 <dcd_rp2040_irq+0x23e>
200004de:	23fb      	movs	r3, #251	@ 0xfb
200004e0:	5ce3      	ldrb	r3, [r4, r3]
200004e2:	2b02      	cmp	r3, #2
200004e4:	d100      	bne.n	200004e8 <dcd_rp2040_irq+0x50>
200004e6:	e135      	b.n	20000754 <dcd_rp2040_irq+0x2bc>
200004e8:	233c      	movs	r3, #60	@ 0x3c
200004ea:	33ff      	adds	r3, #255	@ 0xff
200004ec:	5ce3      	ldrb	r3, [r4, r3]
200004ee:	2b02      	cmp	r3, #2
200004f0:	d100      	bne.n	200004f4 <dcd_rp2040_irq+0x5c>
200004f2:	e122      	b.n	2000073a <dcd_rp2040_irq+0x2a2>
200004f4:	237c      	movs	r3, #124	@ 0x7c
200004f6:	33ff      	adds	r3, #255	@ 0xff
200004f8:	5ce3      	ldrb	r3, [r4, r3]
200004fa:	2b02      	cmp	r3, #2
200004fc:	d100      	bne.n	20000500 <dcd_rp2040_irq+0x68>
200004fe:	e10f      	b.n	20000720 <dcd_rp2040_irq+0x288>
20000500:	23bc      	movs	r3, #188	@ 0xbc
20000502:	33ff      	adds	r3, #255	@ 0xff
20000504:	5ce3      	ldrb	r3, [r4, r3]
20000506:	2b02      	cmp	r3, #2
20000508:	d100      	bne.n	2000050c <dcd_rp2040_irq+0x74>
2000050a:	e0fc      	b.n	20000706 <dcd_rp2040_irq+0x26e>
2000050c:	23fc      	movs	r3, #252	@ 0xfc
2000050e:	33ff      	adds	r3, #255	@ 0xff
20000510:	5ce3      	ldrb	r3, [r4, r3]
20000512:	2b02      	cmp	r3, #2
20000514:	d100      	bne.n	20000518 <dcd_rp2040_irq+0x80>
20000516:	e1a6      	b.n	20000866 <dcd_rp2040_irq+0x3ce>
20000518:	4bab      	ldr	r3, [pc, #684]	@ (200007c8 <dcd_rp2040_irq+0x330>)
2000051a:	5ce3      	ldrb	r3, [r4, r3]
2000051c:	2b02      	cmp	r3, #2
2000051e:	d100      	bne.n	20000522 <dcd_rp2040_irq+0x8a>
20000520:	e196      	b.n	20000850 <dcd_rp2040_irq+0x3b8>
20000522:	4baa      	ldr	r3, [pc, #680]	@ (200007cc <dcd_rp2040_irq+0x334>)
20000524:	5ce3      	ldrb	r3, [r4, r3]
20000526:	2b02      	cmp	r3, #2
20000528:	d100      	bne.n	2000052c <dcd_rp2040_irq+0x94>
2000052a:	e185      	b.n	20000838 <dcd_rp2040_irq+0x3a0>
2000052c:	4ba8      	ldr	r3, [pc, #672]	@ (200007d0 <dcd_rp2040_irq+0x338>)
2000052e:	5ce3      	ldrb	r3, [r4, r3]
20000530:	2b02      	cmp	r3, #2
20000532:	d100      	bne.n	20000536 <dcd_rp2040_irq+0x9e>
20000534:	e174      	b.n	20000820 <dcd_rp2040_irq+0x388>
20000536:	4ba7      	ldr	r3, [pc, #668]	@ (200007d4 <dcd_rp2040_irq+0x33c>)
20000538:	5ce3      	ldrb	r3, [r4, r3]
2000053a:	2b02      	cmp	r3, #2
2000053c:	d100      	bne.n	20000540 <dcd_rp2040_irq+0xa8>
2000053e:	e163      	b.n	20000808 <dcd_rp2040_irq+0x370>
20000540:	4ba5      	ldr	r3, [pc, #660]	@ (200007d8 <dcd_rp2040_irq+0x340>)
20000542:	5ce3      	ldrb	r3, [r4, r3]
20000544:	2b02      	cmp	r3, #2
20000546:	d100      	bne.n	2000054a <dcd_rp2040_irq+0xb2>
20000548:	e12a      	b.n	200007a0 <dcd_rp2040_irq+0x308>
2000054a:	4ba4      	ldr	r3, [pc, #656]	@ (200007dc <dcd_rp2040_irq+0x344>)
2000054c:	5ce3      	ldrb	r3, [r4, r3]
2000054e:	2b02      	cmp	r3, #2
20000550:	d100      	bne.n	20000554 <dcd_rp2040_irq+0xbc>
20000552:	e10b      	b.n	2000076c <dcd_rp2040_irq+0x2d4>
20000554:	4ba2      	ldr	r3, [pc, #648]	@ (200007e0 <dcd_rp2040_irq+0x348>)
20000556:	5ce3      	ldrb	r3, [r4, r3]
20000558:	2b02      	cmp	r3, #2
2000055a:	d100      	bne.n	2000055e <dcd_rp2040_irq+0xc6>
2000055c:	e18f      	b.n	2000087e <dcd_rp2040_irq+0x3e6>
2000055e:	4ba1      	ldr	r3, [pc, #644]	@ (200007e4 <dcd_rp2040_irq+0x34c>)
20000560:	5ce3      	ldrb	r3, [r4, r3]
20000562:	2b02      	cmp	r3, #2
20000564:	d100      	bne.n	20000568 <dcd_rp2040_irq+0xd0>
20000566:	e1a6      	b.n	200008b6 <dcd_rp2040_irq+0x41e>
20000568:	2e00      	cmp	r6, #0
2000056a:	d108      	bne.n	2000057e <dcd_rp2040_irq+0xe6>
2000056c:	4b9e      	ldr	r3, [pc, #632]	@ (200007e8 <dcd_rp2040_irq+0x350>)
2000056e:	781b      	ldrb	r3, [r3, #0]
20000570:	2b00      	cmp	r3, #0
20000572:	d104      	bne.n	2000057e <dcd_rp2040_irq+0xe6>
20000574:	2180      	movs	r1, #128	@ 0x80
20000576:	4a9d      	ldr	r2, [pc, #628]	@ (200007ec <dcd_rp2040_irq+0x354>)
20000578:	3390      	adds	r3, #144	@ 0x90
2000057a:	0289      	lsls	r1, r1, #10
2000057c:	50d1      	str	r1, [r2, r3]
2000057e:	22c0      	movs	r2, #192	@ 0xc0
20000580:	4b8d      	ldr	r3, [pc, #564]	@ (200007b8 <dcd_rp2040_irq+0x320>)
20000582:	a801      	add	r0, sp, #4
20000584:	6c9b      	ldr	r3, [r3, #72]	@ 0x48
20000586:	0092      	lsls	r2, r2, #2
20000588:	055b      	lsls	r3, r3, #21
2000058a:	0d5b      	lsrs	r3, r3, #21
2000058c:	2101      	movs	r1, #1
2000058e:	2680      	movs	r6, #128	@ 0x80
20000590:	8002      	strh	r2, [r0, #0]
20000592:	6043      	str	r3, [r0, #4]
20000594:	f000 fbac 	bl	20000cf0 <dcd_event_handler>
20000598:	4c95      	ldr	r4, [pc, #596]	@ (200007f0 <dcd_rp2040_irq+0x358>)
2000059a:	02b6      	lsls	r6, r6, #10
2000059c:	06eb      	lsls	r3, r5, #27
2000059e:	d500      	bpl.n	200005a2 <dcd_rp2040_irq+0x10a>
200005a0:	e07c      	b.n	2000069c <dcd_rp2040_irq+0x204>
200005a2:	2380      	movs	r3, #128	@ 0x80
200005a4:	025b      	lsls	r3, r3, #9
200005a6:	421d      	tst	r5, r3
200005a8:	d032      	beq.n	20000610 <dcd_rp2040_irq+0x178>
200005aa:	431e      	orrs	r6, r3
200005ac:	2301      	movs	r3, #1
200005ae:	2402      	movs	r4, #2
200005b0:	4698      	mov	r8, r3
200005b2:	4f83      	ldr	r7, [pc, #524]	@ (200007c0 <dcd_rp2040_irq+0x328>)
200005b4:	7ebb      	ldrb	r3, [r7, #26]
200005b6:	2b00      	cmp	r3, #0
200005b8:	d014      	beq.n	200005e4 <dcd_rp2040_irq+0x14c>
200005ba:	f000 fcb5 	bl	20000f28 <__rp2040_chip_version_veneer>
200005be:	2801      	cmp	r0, #1
200005c0:	d900      	bls.n	200005c4 <dcd_rp2040_irq+0x12c>
200005c2:	e06f      	b.n	200006a4 <dcd_rp2040_irq+0x20c>
200005c4:	22c0      	movs	r2, #192	@ 0xc0
200005c6:	2100      	movs	r1, #0
200005c8:	0038      	movs	r0, r7
200005ca:	0192      	lsls	r2, r2, #6
200005cc:	f000 fb12 	bl	20000bf4 <_hw_endpoint_buffer_control_update32>
200005d0:	0038      	movs	r0, r7
200005d2:	f000 fb09 	bl	20000be8 <hw_endpoint_reset_transfer>
200005d6:	f000 fca7 	bl	20000f28 <__rp2040_chip_version_veneer>
200005da:	2801      	cmp	r0, #1
200005dc:	d902      	bls.n	200005e4 <dcd_rp2040_irq+0x14c>
200005de:	4b83      	ldr	r3, [pc, #524]	@ (200007ec <dcd_rp2040_irq+0x354>)
200005e0:	665c      	str	r4, [r3, #100]	@ 0x64
200005e2:	661c      	str	r4, [r3, #96]	@ 0x60
200005e4:	4643      	mov	r3, r8
200005e6:	70fb      	strb	r3, [r7, #3]
200005e8:	3720      	adds	r7, #32
200005ea:	2c01      	cmp	r4, #1
200005ec:	d001      	beq.n	200005f2 <dcd_rp2040_irq+0x15a>
200005ee:	2401      	movs	r4, #1
200005f0:	e7e0      	b.n	200005b4 <dcd_rp2040_irq+0x11c>
200005f2:	23c0      	movs	r3, #192	@ 0xc0
200005f4:	a801      	add	r0, sp, #4
200005f6:	00db      	lsls	r3, r3, #3
200005f8:	4a7e      	ldr	r2, [pc, #504]	@ (200007f4 <dcd_rp2040_irq+0x35c>)
200005fa:	8003      	strh	r3, [r0, #0]
200005fc:	ab02      	add	r3, sp, #8
200005fe:	ca12      	ldmia	r2!, {r1, r4}
20000600:	c312      	stmia	r3!, {r1, r4}
20000602:	2101      	movs	r1, #1
20000604:	f000 fb74 	bl	20000cf0 <dcd_event_handler>
20000608:	2280      	movs	r2, #128	@ 0x80
2000060a:	4b78      	ldr	r3, [pc, #480]	@ (200007ec <dcd_rp2040_irq+0x354>)
2000060c:	0292      	lsls	r2, r2, #10
2000060e:	651a      	str	r2, [r3, #80]	@ 0x50
20000610:	2380      	movs	r3, #128	@ 0x80
20000612:	015b      	lsls	r3, r3, #5
20000614:	421d      	tst	r5, r3
20000616:	d10e      	bne.n	20000636 <dcd_rp2040_irq+0x19e>
20000618:	2380      	movs	r3, #128	@ 0x80
2000061a:	01db      	lsls	r3, r3, #7
2000061c:	421d      	tst	r5, r3
2000061e:	d121      	bne.n	20000664 <dcd_rp2040_irq+0x1cc>
20000620:	2380      	movs	r3, #128	@ 0x80
20000622:	021b      	lsls	r3, r3, #8
20000624:	421d      	tst	r5, r3
20000626:	d12c      	bne.n	20000682 <dcd_rp2040_irq+0x1ea>
20000628:	42ae      	cmp	r6, r5
2000062a:	d000      	beq.n	2000062e <dcd_rp2040_irq+0x196>
2000062c:	e1c0      	b.n	200009b0 <dcd_rp2040_irq+0x518>
2000062e:	b004      	add	sp, #16
20000630:	bc80      	pop	{r7}
20000632:	46b8      	mov	r8, r7
20000634:	bdf0      	pop	{r4, r5, r6, r7, pc}
20000636:	2400      	movs	r4, #0
20000638:	431e      	orrs	r6, r3
2000063a:	4b5f      	ldr	r3, [pc, #380]	@ (200007b8 <dcd_rp2040_irq+0x320>)
2000063c:	601c      	str	r4, [r3, #0]
2000063e:	f7ff fea7 	bl	20000390 <reset_non_control_endpoints>
20000642:	2380      	movs	r3, #128	@ 0x80
20000644:	466a      	mov	r2, sp
20000646:	005b      	lsls	r3, r3, #1
20000648:	8093      	strh	r3, [r2, #4]
2000064a:	7214      	strb	r4, [r2, #8]
2000064c:	2101      	movs	r1, #1
2000064e:	a801      	add	r0, sp, #4
20000650:	f000 fb4e 	bl	20000cf0 <dcd_event_handler>
20000654:	2280      	movs	r2, #128	@ 0x80
20000656:	4b65      	ldr	r3, [pc, #404]	@ (200007ec <dcd_rp2040_irq+0x354>)
20000658:	0312      	lsls	r2, r2, #12
2000065a:	651a      	str	r2, [r3, #80]	@ 0x50
2000065c:	2380      	movs	r3, #128	@ 0x80
2000065e:	01db      	lsls	r3, r3, #7
20000660:	421d      	tst	r5, r3
20000662:	d0dd      	beq.n	20000620 <dcd_rp2040_irq+0x188>
20000664:	431e      	orrs	r6, r3
20000666:	2380      	movs	r3, #128	@ 0x80
20000668:	a801      	add	r0, sp, #4
2000066a:	00db      	lsls	r3, r3, #3
2000066c:	8003      	strh	r3, [r0, #0]
2000066e:	2101      	movs	r1, #1
20000670:	f000 fb3e 	bl	20000cf0 <dcd_event_handler>
20000674:	2210      	movs	r2, #16
20000676:	4b5d      	ldr	r3, [pc, #372]	@ (200007ec <dcd_rp2040_irq+0x354>)
20000678:	651a      	str	r2, [r3, #80]	@ 0x50
2000067a:	2380      	movs	r3, #128	@ 0x80
2000067c:	021b      	lsls	r3, r3, #8
2000067e:	421d      	tst	r5, r3
20000680:	d0d2      	beq.n	20000628 <dcd_rp2040_irq+0x190>
20000682:	431e      	orrs	r6, r3
20000684:	23a0      	movs	r3, #160	@ 0xa0
20000686:	a801      	add	r0, sp, #4
20000688:	00db      	lsls	r3, r3, #3
2000068a:	8003      	strh	r3, [r0, #0]
2000068c:	2101      	movs	r1, #1
2000068e:	f000 fb2f 	bl	20000cf0 <dcd_event_handler>
20000692:	2280      	movs	r2, #128	@ 0x80
20000694:	4b55      	ldr	r3, [pc, #340]	@ (200007ec <dcd_rp2040_irq+0x354>)
20000696:	0112      	lsls	r2, r2, #4
20000698:	651a      	str	r2, [r3, #80]	@ 0x50
2000069a:	e7c5      	b.n	20000628 <dcd_rp2040_irq+0x190>
2000069c:	f7ff feac 	bl	200003f8 <hw_handle_buff_status>
200006a0:	0026      	movs	r6, r4
200006a2:	e77e      	b.n	200005a2 <dcd_rp2040_irq+0x10a>
200006a4:	4b54      	ldr	r3, [pc, #336]	@ (200007f8 <dcd_rp2040_irq+0x360>)
200006a6:	4a44      	ldr	r2, [pc, #272]	@ (200007b8 <dcd_rp2040_irq+0x320>)
200006a8:	661c      	str	r4, [r3, #96]	@ 0x60
200006aa:	6e53      	ldr	r3, [r2, #100]	@ 0x64
200006ac:	4023      	ands	r3, r4
200006ae:	42a3      	cmp	r3, r4
200006b0:	d1fb      	bne.n	200006aa <dcd_rp2040_irq+0x212>
200006b2:	e787      	b.n	200005c4 <dcd_rp2040_irq+0x12c>
200006b4:	3338      	adds	r3, #56	@ 0x38
200006b6:	5ce6      	ldrb	r6, [r4, r3]
200006b8:	2e00      	cmp	r6, #0
200006ba:	d100      	bne.n	200006be <dcd_rp2040_irq+0x226>
200006bc:	e705      	b.n	200004ca <dcd_rp2040_irq+0x32>
200006be:	3302      	adds	r3, #2
200006c0:	5ce2      	ldrb	r2, [r4, r3]
200006c2:	2a00      	cmp	r2, #0
200006c4:	d100      	bne.n	200006c8 <dcd_rp2040_irq+0x230>
200006c6:	e700      	b.n	200004ca <dcd_rp2040_irq+0x32>
200006c8:	0020      	movs	r0, r4
200006ca:	2200      	movs	r2, #0
200006cc:	3020      	adds	r0, #32
200006ce:	54e2      	strb	r2, [r4, r3]
200006d0:	f000 fab8 	bl	20000c44 <hw_endpoint_start_next_buffer>
200006d4:	e6f9      	b.n	200004ca <dcd_rp2040_irq+0x32>
200006d6:	33b8      	adds	r3, #184	@ 0xb8
200006d8:	5ce7      	ldrb	r7, [r4, r3]
200006da:	2f00      	cmp	r7, #0
200006dc:	d100      	bne.n	200006e0 <dcd_rp2040_irq+0x248>
200006de:	e6fe      	b.n	200004de <dcd_rp2040_irq+0x46>
200006e0:	3302      	adds	r3, #2
200006e2:	5ce2      	ldrb	r2, [r4, r3]
200006e4:	2a00      	cmp	r2, #0
200006e6:	d000      	beq.n	200006ea <dcd_rp2040_irq+0x252>
200006e8:	e122      	b.n	20000930 <dcd_rp2040_irq+0x498>
200006ea:	003e      	movs	r6, r7
200006ec:	e6f7      	b.n	200004de <dcd_rp2040_irq+0x46>
200006ee:	3378      	adds	r3, #120	@ 0x78
200006f0:	5ce7      	ldrb	r7, [r4, r3]
200006f2:	2f00      	cmp	r7, #0
200006f4:	d100      	bne.n	200006f8 <dcd_rp2040_irq+0x260>
200006f6:	e6ed      	b.n	200004d4 <dcd_rp2040_irq+0x3c>
200006f8:	3302      	adds	r3, #2
200006fa:	5ce2      	ldrb	r2, [r4, r3]
200006fc:	2a00      	cmp	r2, #0
200006fe:	d000      	beq.n	20000702 <dcd_rp2040_irq+0x26a>
20000700:	e10e      	b.n	20000920 <dcd_rp2040_irq+0x488>
20000702:	003e      	movs	r6, r7
20000704:	e6e6      	b.n	200004d4 <dcd_rp2040_irq+0x3c>
20000706:	33b9      	adds	r3, #185	@ 0xb9
20000708:	33ff      	adds	r3, #255	@ 0xff
2000070a:	5ce7      	ldrb	r7, [r4, r3]
2000070c:	2f00      	cmp	r7, #0
2000070e:	d100      	bne.n	20000712 <dcd_rp2040_irq+0x27a>
20000710:	e6fc      	b.n	2000050c <dcd_rp2040_irq+0x74>
20000712:	3302      	adds	r3, #2
20000714:	5ce2      	ldrb	r2, [r4, r3]
20000716:	2a00      	cmp	r2, #0
20000718:	d000      	beq.n	2000071c <dcd_rp2040_irq+0x284>
2000071a:	e0f8      	b.n	2000090e <dcd_rp2040_irq+0x476>
2000071c:	003e      	movs	r6, r7
2000071e:	e6f5      	b.n	2000050c <dcd_rp2040_irq+0x74>
20000720:	3379      	adds	r3, #121	@ 0x79
20000722:	33ff      	adds	r3, #255	@ 0xff
20000724:	5ce7      	ldrb	r7, [r4, r3]
20000726:	2f00      	cmp	r7, #0
20000728:	d100      	bne.n	2000072c <dcd_rp2040_irq+0x294>
2000072a:	e6e9      	b.n	20000500 <dcd_rp2040_irq+0x68>
2000072c:	3302      	adds	r3, #2
2000072e:	5ce2      	ldrb	r2, [r4, r3]
20000730:	2a00      	cmp	r2, #0
20000732:	d000      	beq.n	20000736 <dcd_rp2040_irq+0x29e>
20000734:	e0e2      	b.n	200008fc <dcd_rp2040_irq+0x464>
20000736:	003e      	movs	r6, r7
20000738:	e6e2      	b.n	20000500 <dcd_rp2040_irq+0x68>
2000073a:	3339      	adds	r3, #57	@ 0x39
2000073c:	33ff      	adds	r3, #255	@ 0xff
2000073e:	5ce7      	ldrb	r7, [r4, r3]
20000740:	2f00      	cmp	r7, #0
20000742:	d100      	bne.n	20000746 <dcd_rp2040_irq+0x2ae>
20000744:	e6d6      	b.n	200004f4 <dcd_rp2040_irq+0x5c>
20000746:	3302      	adds	r3, #2
20000748:	5ce2      	ldrb	r2, [r4, r3]
2000074a:	2a00      	cmp	r2, #0
2000074c:	d000      	beq.n	20000750 <dcd_rp2040_irq+0x2b8>
2000074e:	e0cc      	b.n	200008ea <dcd_rp2040_irq+0x452>
20000750:	003e      	movs	r6, r7
20000752:	e6cf      	b.n	200004f4 <dcd_rp2040_irq+0x5c>
20000754:	33f8      	adds	r3, #248	@ 0xf8
20000756:	5ce7      	ldrb	r7, [r4, r3]
20000758:	2f00      	cmp	r7, #0
2000075a:	d100      	bne.n	2000075e <dcd_rp2040_irq+0x2c6>
2000075c:	e6c4      	b.n	200004e8 <dcd_rp2040_irq+0x50>
2000075e:	3302      	adds	r3, #2
20000760:	5ce2      	ldrb	r2, [r4, r3]
20000762:	2a00      	cmp	r2, #0
20000764:	d000      	beq.n	20000768 <dcd_rp2040_irq+0x2d0>
20000766:	e0b8      	b.n	200008da <dcd_rp2040_irq+0x442>
20000768:	003e      	movs	r6, r7
2000076a:	e6bd      	b.n	200004e8 <dcd_rp2040_irq+0x50>
2000076c:	4b23      	ldr	r3, [pc, #140]	@ (200007fc <dcd_rp2040_irq+0x364>)
2000076e:	5ce7      	ldrb	r7, [r4, r3]
20000770:	2f00      	cmp	r7, #0
20000772:	d100      	bne.n	20000776 <dcd_rp2040_irq+0x2de>
20000774:	e6ee      	b.n	20000554 <dcd_rp2040_irq+0xbc>
20000776:	3302      	adds	r3, #2
20000778:	5ce2      	ldrb	r2, [r4, r3]
2000077a:	2a00      	cmp	r2, #0
2000077c:	d000      	beq.n	20000780 <dcd_rp2040_irq+0x2e8>
2000077e:	e110      	b.n	200009a2 <dcd_rp2040_irq+0x50a>
20000780:	4b17      	ldr	r3, [pc, #92]	@ (200007e0 <dcd_rp2040_irq+0x348>)
20000782:	5ce3      	ldrb	r3, [r4, r3]
20000784:	2b02      	cmp	r3, #2
20000786:	d100      	bne.n	2000078a <dcd_rp2040_irq+0x2f2>
20000788:	e08b      	b.n	200008a2 <dcd_rp2040_irq+0x40a>
2000078a:	4b16      	ldr	r3, [pc, #88]	@ (200007e4 <dcd_rp2040_irq+0x34c>)
2000078c:	5ce3      	ldrb	r3, [r4, r3]
2000078e:	2b02      	cmp	r3, #2
20000790:	d000      	beq.n	20000794 <dcd_rp2040_irq+0x2fc>
20000792:	e6f4      	b.n	2000057e <dcd_rp2040_irq+0xe6>
20000794:	4b1a      	ldr	r3, [pc, #104]	@ (20000800 <dcd_rp2040_irq+0x368>)
20000796:	5ce3      	ldrb	r3, [r4, r3]
20000798:	2b00      	cmp	r3, #0
2000079a:	d000      	beq.n	2000079e <dcd_rp2040_irq+0x306>
2000079c:	e090      	b.n	200008c0 <dcd_rp2040_irq+0x428>
2000079e:	e6ee      	b.n	2000057e <dcd_rp2040_irq+0xe6>
200007a0:	4b18      	ldr	r3, [pc, #96]	@ (20000804 <dcd_rp2040_irq+0x36c>)
200007a2:	5ce7      	ldrb	r7, [r4, r3]
200007a4:	2f00      	cmp	r7, #0
200007a6:	d100      	bne.n	200007aa <dcd_rp2040_irq+0x312>
200007a8:	e6cf      	b.n	2000054a <dcd_rp2040_irq+0xb2>
200007aa:	3302      	adds	r3, #2
200007ac:	5ce2      	ldrb	r2, [r4, r3]
200007ae:	2a00      	cmp	r2, #0
200007b0:	d000      	beq.n	200007b4 <dcd_rp2040_irq+0x31c>
200007b2:	e0ee      	b.n	20000992 <dcd_rp2040_irq+0x4fa>
200007b4:	003e      	movs	r6, r7
200007b6:	e6c8      	b.n	2000054a <dcd_rp2040_irq+0xb2>
200007b8:	50110000 	.word	0x50110000
200007bc:	40054000 	.word	0x40054000
200007c0:	20001880 	.word	0x20001880
200007c4:	20001864 	.word	0x20001864
200007c8:	0000023b 	.word	0x0000023b
200007cc:	0000027b 	.word	0x0000027b
200007d0:	000002bb 	.word	0x000002bb
200007d4:	000002fb 	.word	0x000002fb
200007d8:	0000033b 	.word	0x0000033b
200007dc:	0000037b 	.word	0x0000037b
200007e0:	000003bb 	.word	0x000003bb
200007e4:	000003fb 	.word	0x000003fb
200007e8:	20022079 	.word	0x20022079
200007ec:	50113000 	.word	0x50113000
200007f0:	00020010 	.word	0x00020010
200007f4:	50100000 	.word	0x50100000
200007f8:	50112000 	.word	0x50112000
200007fc:	0000037a 	.word	0x0000037a
20000800:	000003fa 	.word	0x000003fa
20000804:	0000033a 	.word	0x0000033a
20000808:	4b6c      	ldr	r3, [pc, #432]	@ (200009bc <dcd_rp2040_irq+0x524>)
2000080a:	5ce7      	ldrb	r7, [r4, r3]
2000080c:	2f00      	cmp	r7, #0
2000080e:	d100      	bne.n	20000812 <dcd_rp2040_irq+0x37a>
20000810:	e696      	b.n	20000540 <dcd_rp2040_irq+0xa8>
20000812:	3302      	adds	r3, #2
20000814:	5ce2      	ldrb	r2, [r4, r3]
20000816:	2a00      	cmp	r2, #0
20000818:	d000      	beq.n	2000081c <dcd_rp2040_irq+0x384>
2000081a:	e0b2      	b.n	20000982 <dcd_rp2040_irq+0x4ea>
2000081c:	003e      	movs	r6, r7
2000081e:	e68f      	b.n	20000540 <dcd_rp2040_irq+0xa8>
20000820:	4b67      	ldr	r3, [pc, #412]	@ (200009c0 <dcd_rp2040_irq+0x528>)
20000822:	5ce7      	ldrb	r7, [r4, r3]
20000824:	2f00      	cmp	r7, #0
20000826:	d100      	bne.n	2000082a <dcd_rp2040_irq+0x392>
20000828:	e685      	b.n	20000536 <dcd_rp2040_irq+0x9e>
2000082a:	3302      	adds	r3, #2
2000082c:	5ce2      	ldrb	r2, [r4, r3]
2000082e:	2a00      	cmp	r2, #0
20000830:	d000      	beq.n	20000834 <dcd_rp2040_irq+0x39c>
20000832:	e09e      	b.n	20000972 <dcd_rp2040_irq+0x4da>
20000834:	003e      	movs	r6, r7
20000836:	e67e      	b.n	20000536 <dcd_rp2040_irq+0x9e>
20000838:	4b62      	ldr	r3, [pc, #392]	@ (200009c4 <dcd_rp2040_irq+0x52c>)
2000083a:	5ce7      	ldrb	r7, [r4, r3]
2000083c:	2f00      	cmp	r7, #0
2000083e:	d100      	bne.n	20000842 <dcd_rp2040_irq+0x3aa>
20000840:	e674      	b.n	2000052c <dcd_rp2040_irq+0x94>
20000842:	3302      	adds	r3, #2
20000844:	5ce2      	ldrb	r2, [r4, r3]
20000846:	2a00      	cmp	r2, #0
20000848:	d000      	beq.n	2000084c <dcd_rp2040_irq+0x3b4>
2000084a:	e08a      	b.n	20000962 <dcd_rp2040_irq+0x4ca>
2000084c:	003e      	movs	r6, r7
2000084e:	e66d      	b.n	2000052c <dcd_rp2040_irq+0x94>
20000850:	4b5d      	ldr	r3, [pc, #372]	@ (200009c8 <dcd_rp2040_irq+0x530>)
20000852:	5ce7      	ldrb	r7, [r4, r3]
20000854:	2f00      	cmp	r7, #0
20000856:	d100      	bne.n	2000085a <dcd_rp2040_irq+0x3c2>
20000858:	e663      	b.n	20000522 <dcd_rp2040_irq+0x8a>
2000085a:	3302      	adds	r3, #2
2000085c:	5ce2      	ldrb	r2, [r4, r3]
2000085e:	2a00      	cmp	r2, #0
20000860:	d177      	bne.n	20000952 <dcd_rp2040_irq+0x4ba>
20000862:	003e      	movs	r6, r7
20000864:	e65d      	b.n	20000522 <dcd_rp2040_irq+0x8a>
20000866:	33f9      	adds	r3, #249	@ 0xf9
20000868:	33ff      	adds	r3, #255	@ 0xff
2000086a:	5ce7      	ldrb	r7, [r4, r3]
2000086c:	2f00      	cmp	r7, #0
2000086e:	d100      	bne.n	20000872 <dcd_rp2040_irq+0x3da>
20000870:	e652      	b.n	20000518 <dcd_rp2040_irq+0x80>
20000872:	3302      	adds	r3, #2
20000874:	5ce2      	ldrb	r2, [r4, r3]
20000876:	2a00      	cmp	r2, #0
20000878:	d162      	bne.n	20000940 <dcd_rp2040_irq+0x4a8>
2000087a:	003e      	movs	r6, r7
2000087c:	e64c      	b.n	20000518 <dcd_rp2040_irq+0x80>
2000087e:	4b53      	ldr	r3, [pc, #332]	@ (200009cc <dcd_rp2040_irq+0x534>)
20000880:	5ce3      	ldrb	r3, [r4, r3]
20000882:	2b00      	cmp	r3, #0
20000884:	d100      	bne.n	20000888 <dcd_rp2040_irq+0x3f0>
20000886:	e66a      	b.n	2000055e <dcd_rp2040_irq+0xc6>
20000888:	23ef      	movs	r3, #239	@ 0xef
2000088a:	009b      	lsls	r3, r3, #2
2000088c:	5ce2      	ldrb	r2, [r4, r3]
2000088e:	2a00      	cmp	r2, #0
20000890:	d100      	bne.n	20000894 <dcd_rp2040_irq+0x3fc>
20000892:	e77a      	b.n	2000078a <dcd_rp2040_irq+0x2f2>
20000894:	2200      	movs	r2, #0
20000896:	54e2      	strb	r2, [r4, r3]
20000898:	3b1c      	subs	r3, #28
2000089a:	18e0      	adds	r0, r4, r3
2000089c:	f000 f9d2 	bl	20000c44 <hw_endpoint_start_next_buffer>
200008a0:	e773      	b.n	2000078a <dcd_rp2040_irq+0x2f2>
200008a2:	4b4a      	ldr	r3, [pc, #296]	@ (200009cc <dcd_rp2040_irq+0x534>)
200008a4:	5ce3      	ldrb	r3, [r4, r3]
200008a6:	2b00      	cmp	r3, #0
200008a8:	d1ee      	bne.n	20000888 <dcd_rp2040_irq+0x3f0>
200008aa:	4b49      	ldr	r3, [pc, #292]	@ (200009d0 <dcd_rp2040_irq+0x538>)
200008ac:	5ce3      	ldrb	r3, [r4, r3]
200008ae:	2b02      	cmp	r3, #2
200008b0:	d000      	beq.n	200008b4 <dcd_rp2040_irq+0x41c>
200008b2:	e664      	b.n	2000057e <dcd_rp2040_irq+0xe6>
200008b4:	003e      	movs	r6, r7
200008b6:	4b47      	ldr	r3, [pc, #284]	@ (200009d4 <dcd_rp2040_irq+0x53c>)
200008b8:	5ce3      	ldrb	r3, [r4, r3]
200008ba:	2b00      	cmp	r3, #0
200008bc:	d100      	bne.n	200008c0 <dcd_rp2040_irq+0x428>
200008be:	e653      	b.n	20000568 <dcd_rp2040_irq+0xd0>
200008c0:	23ff      	movs	r3, #255	@ 0xff
200008c2:	009b      	lsls	r3, r3, #2
200008c4:	5ce2      	ldrb	r2, [r4, r3]
200008c6:	2a00      	cmp	r2, #0
200008c8:	d100      	bne.n	200008cc <dcd_rp2040_irq+0x434>
200008ca:	e658      	b.n	2000057e <dcd_rp2040_irq+0xe6>
200008cc:	2200      	movs	r2, #0
200008ce:	54e2      	strb	r2, [r4, r3]
200008d0:	3b1c      	subs	r3, #28
200008d2:	18e0      	adds	r0, r4, r3
200008d4:	f000 f9b6 	bl	20000c44 <hw_endpoint_start_next_buffer>
200008d8:	e651      	b.n	2000057e <dcd_rp2040_irq+0xe6>
200008da:	0020      	movs	r0, r4
200008dc:	2200      	movs	r2, #0
200008de:	30e0      	adds	r0, #224	@ 0xe0
200008e0:	54e2      	strb	r2, [r4, r3]
200008e2:	003e      	movs	r6, r7
200008e4:	f000 f9ae 	bl	20000c44 <hw_endpoint_start_next_buffer>
200008e8:	e5fe      	b.n	200004e8 <dcd_rp2040_irq+0x50>
200008ea:	0020      	movs	r0, r4
200008ec:	2200      	movs	r2, #0
200008ee:	3021      	adds	r0, #33	@ 0x21
200008f0:	30ff      	adds	r0, #255	@ 0xff
200008f2:	54e2      	strb	r2, [r4, r3]
200008f4:	003e      	movs	r6, r7
200008f6:	f000 f9a5 	bl	20000c44 <hw_endpoint_start_next_buffer>
200008fa:	e5fb      	b.n	200004f4 <dcd_rp2040_irq+0x5c>
200008fc:	0020      	movs	r0, r4
200008fe:	2200      	movs	r2, #0
20000900:	3061      	adds	r0, #97	@ 0x61
20000902:	30ff      	adds	r0, #255	@ 0xff
20000904:	54e2      	strb	r2, [r4, r3]
20000906:	003e      	movs	r6, r7
20000908:	f000 f99c 	bl	20000c44 <hw_endpoint_start_next_buffer>
2000090c:	e5f8      	b.n	20000500 <dcd_rp2040_irq+0x68>
2000090e:	0020      	movs	r0, r4
20000910:	2200      	movs	r2, #0
20000912:	30a1      	adds	r0, #161	@ 0xa1
20000914:	30ff      	adds	r0, #255	@ 0xff
20000916:	54e2      	strb	r2, [r4, r3]
20000918:	003e      	movs	r6, r7
2000091a:	f000 f993 	bl	20000c44 <hw_endpoint_start_next_buffer>
2000091e:	e5f5      	b.n	2000050c <dcd_rp2040_irq+0x74>
20000920:	0020      	movs	r0, r4
20000922:	2200      	movs	r2, #0
20000924:	3060      	adds	r0, #96	@ 0x60
20000926:	54e2      	strb	r2, [r4, r3]
20000928:	003e      	movs	r6, r7
2000092a:	f000 f98b 	bl	20000c44 <hw_endpoint_start_next_buffer>
2000092e:	e5d1      	b.n	200004d4 <dcd_rp2040_irq+0x3c>
20000930:	0020      	movs	r0, r4
20000932:	2200      	movs	r2, #0
20000934:	30a0      	adds	r0, #160	@ 0xa0
20000936:	54e2      	strb	r2, [r4, r3]
20000938:	003e      	movs	r6, r7
2000093a:	f000 f983 	bl	20000c44 <hw_endpoint_start_next_buffer>
2000093e:	e5ce      	b.n	200004de <dcd_rp2040_irq+0x46>
20000940:	0020      	movs	r0, r4
20000942:	2200      	movs	r2, #0
20000944:	30e1      	adds	r0, #225	@ 0xe1
20000946:	30ff      	adds	r0, #255	@ 0xff
20000948:	54e2      	strb	r2, [r4, r3]
2000094a:	003e      	movs	r6, r7
2000094c:	f000 f97a 	bl	20000c44 <hw_endpoint_start_next_buffer>
20000950:	e5e2      	b.n	20000518 <dcd_rp2040_irq+0x80>
20000952:	2200      	movs	r2, #0
20000954:	54e2      	strb	r2, [r4, r3]
20000956:	3b1c      	subs	r3, #28
20000958:	18e0      	adds	r0, r4, r3
2000095a:	f000 f973 	bl	20000c44 <hw_endpoint_start_next_buffer>
2000095e:	003e      	movs	r6, r7
20000960:	e5df      	b.n	20000522 <dcd_rp2040_irq+0x8a>
20000962:	2200      	movs	r2, #0
20000964:	54e2      	strb	r2, [r4, r3]
20000966:	3b1c      	subs	r3, #28
20000968:	18e0      	adds	r0, r4, r3
2000096a:	f000 f96b 	bl	20000c44 <hw_endpoint_start_next_buffer>
2000096e:	003e      	movs	r6, r7
20000970:	e5dc      	b.n	2000052c <dcd_rp2040_irq+0x94>
20000972:	2200      	movs	r2, #0
20000974:	54e2      	strb	r2, [r4, r3]
20000976:	3b1c      	subs	r3, #28
20000978:	18e0      	adds	r0, r4, r3
2000097a:	f000 f963 	bl	20000c44 <hw_endpoint_start_next_buffer>
2000097e:	003e      	movs	r6, r7
20000980:	e5d9      	b.n	20000536 <dcd_rp2040_irq+0x9e>
20000982:	2200      	movs	r2, #0
20000984:	54e2      	strb	r2, [r4, r3]
20000986:	3b1c      	subs	r3, #28
20000988:	18e0      	adds	r0, r4, r3
2000098a:	f000 f95b 	bl	20000c44 <hw_endpoint_start_next_buffer>
2000098e:	003e      	movs	r6, r7
20000990:	e5d6      	b.n	20000540 <dcd_rp2040_irq+0xa8>
20000992:	2200      	movs	r2, #0
20000994:	54e2      	strb	r2, [r4, r3]
20000996:	3b1c      	subs	r3, #28
20000998:	18e0      	adds	r0, r4, r3
2000099a:	f000 f953 	bl	20000c44 <hw_endpoint_start_next_buffer>
2000099e:	003e      	movs	r6, r7
200009a0:	e5d3      	b.n	2000054a <dcd_rp2040_irq+0xb2>
200009a2:	2200      	movs	r2, #0
200009a4:	54e2      	strb	r2, [r4, r3]
200009a6:	3b1c      	subs	r3, #28
200009a8:	18e0      	adds	r0, r4, r3
200009aa:	f000 f94b 	bl	20000c44 <hw_endpoint_start_next_buffer>
200009ae:	e6e7      	b.n	20000780 <dcd_rp2040_irq+0x2e8>
200009b0:	0031      	movs	r1, r6
200009b2:	4809      	ldr	r0, [pc, #36]	@ (200009d8 <dcd_rp2040_irq+0x540>)
200009b4:	4069      	eors	r1, r5
200009b6:	f000 fa9f 	bl	20000ef8 <__panic_veneer>
200009ba:	46c0      	nop			@ (mov r8, r8)
200009bc:	000002fa 	.word	0x000002fa
200009c0:	000002ba 	.word	0x000002ba
200009c4:	0000027a 	.word	0x0000027a
200009c8:	0000023a 	.word	0x0000023a
200009cc:	000003ba 	.word	0x000003ba
200009d0:	000003fb 	.word	0x000003fb
200009d4:	000003fa 	.word	0x000003fa
200009d8:	1000aae8 	.word	0x1000aae8

200009dc <prepare_ep_buffer>:
200009dc:	b5f0      	push	{r4, r5, r6, r7, lr}
200009de:	46d6      	mov	lr, sl
200009e0:	464f      	mov	r7, r9
200009e2:	4646      	mov	r6, r8
200009e4:	b5c0      	push	{r6, r7, lr}
200009e6:	0002      	movs	r2, r0
200009e8:	8a83      	ldrh	r3, [r0, #20]
200009ea:	8b00      	ldrh	r0, [r0, #24]
200009ec:	468a      	mov	sl, r1
200009ee:	1c04      	adds	r4, r0, #0
200009f0:	4298      	cmp	r0, r3
200009f2:	d900      	bls.n	200009f6 <prepare_ep_buffer+0x1a>
200009f4:	1c1c      	adds	r4, r3, #0
200009f6:	78d5      	ldrb	r5, [r2, #3]
200009f8:	2680      	movs	r6, #128	@ 0x80
200009fa:	0028      	movs	r0, r5
200009fc:	1e47      	subs	r7, r0, #1
200009fe:	41b8      	sbcs	r0, r7
20000a00:	b2a4      	uxth	r4, r4
20000a02:	00f6      	lsls	r6, r6, #3
20000a04:	4326      	orrs	r6, r4
20000a06:	0340      	lsls	r0, r0, #13
20000a08:	4330      	orrs	r0, r6
20000a0a:	2601      	movs	r6, #1
20000a0c:	4075      	eors	r5, r6
20000a0e:	1b1b      	subs	r3, r3, r4
20000a10:	70d5      	strb	r5, [r2, #3]
20000a12:	7855      	ldrb	r5, [r2, #1]
20000a14:	b29b      	uxth	r3, r3
20000a16:	8293      	strh	r3, [r2, #20]
20000a18:	2d00      	cmp	r5, #0
20000a1a:	d137      	bne.n	20000a8c <prepare_ep_buffer+0xb0>
20000a1c:	4651      	mov	r1, sl
20000a1e:	68d6      	ldr	r6, [r2, #12]
20000a20:	018d      	lsls	r5, r1, #6
20000a22:	1e61      	subs	r1, r4, #1
20000a24:	1976      	adds	r6, r6, r5
20000a26:	4688      	mov	r8, r1
20000a28:	6915      	ldr	r5, [r2, #16]
20000a2a:	2c00      	cmp	r4, #0
20000a2c:	d029      	beq.n	20000a82 <prepare_ep_buffer+0xa6>
20000a2e:	2906      	cmp	r1, #6
20000a30:	d93a      	bls.n	20000aa8 <prepare_ep_buffer+0xcc>
20000a32:	0033      	movs	r3, r6
20000a34:	432b      	orrs	r3, r5
20000a36:	079b      	lsls	r3, r3, #30
20000a38:	d136      	bne.n	20000aa8 <prepare_ep_buffer+0xcc>
20000a3a:	1c6b      	adds	r3, r5, #1
20000a3c:	1af3      	subs	r3, r6, r3
20000a3e:	2b02      	cmp	r3, #2
20000a40:	d932      	bls.n	20000aa8 <prepare_ep_buffer+0xcc>
20000a42:	1f23      	subs	r3, r4, #4
20000a44:	089b      	lsrs	r3, r3, #2
20000a46:	3301      	adds	r3, #1
20000a48:	469c      	mov	ip, r3
20000a4a:	2700      	movs	r7, #0
20000a4c:	2300      	movs	r3, #0
20000a4e:	58e9      	ldr	r1, [r5, r3]
20000a50:	3701      	adds	r7, #1
20000a52:	50f1      	str	r1, [r6, r3]
20000a54:	3304      	adds	r3, #4
20000a56:	45bc      	cmp	ip, r7
20000a58:	d8f9      	bhi.n	20000a4e <prepare_ep_buffer+0x72>
20000a5a:	4663      	mov	r3, ip
20000a5c:	4641      	mov	r1, r8
20000a5e:	009b      	lsls	r3, r3, #2
20000a60:	18ed      	adds	r5, r5, r3
20000a62:	18f6      	adds	r6, r6, r3
20000a64:	1acf      	subs	r7, r1, r3
20000a66:	429c      	cmp	r4, r3
20000a68:	d009      	beq.n	20000a7e <prepare_ep_buffer+0xa2>
20000a6a:	782b      	ldrb	r3, [r5, #0]
20000a6c:	7033      	strb	r3, [r6, #0]
20000a6e:	2f00      	cmp	r7, #0
20000a70:	d005      	beq.n	20000a7e <prepare_ep_buffer+0xa2>
20000a72:	786b      	ldrb	r3, [r5, #1]
20000a74:	7073      	strb	r3, [r6, #1]
20000a76:	2f01      	cmp	r7, #1
20000a78:	d001      	beq.n	20000a7e <prepare_ep_buffer+0xa2>
20000a7a:	78ab      	ldrb	r3, [r5, #2]
20000a7c:	70b3      	strb	r3, [r6, #2]
20000a7e:	6915      	ldr	r5, [r2, #16]
20000a80:	8a93      	ldrh	r3, [r2, #20]
20000a82:	192d      	adds	r5, r5, r4
20000a84:	6115      	str	r5, [r2, #16]
20000a86:	2280      	movs	r2, #128	@ 0x80
20000a88:	0212      	lsls	r2, r2, #8
20000a8a:	4310      	orrs	r0, r2
20000a8c:	2b00      	cmp	r3, #0
20000a8e:	d102      	bne.n	20000a96 <prepare_ep_buffer+0xba>
20000a90:	2380      	movs	r3, #128	@ 0x80
20000a92:	01db      	lsls	r3, r3, #7
20000a94:	4318      	orrs	r0, r3
20000a96:	4653      	mov	r3, sl
20000a98:	2b00      	cmp	r3, #0
20000a9a:	d000      	beq.n	20000a9e <prepare_ep_buffer+0xc2>
20000a9c:	0400      	lsls	r0, r0, #16
20000a9e:	bce0      	pop	{r5, r6, r7}
20000aa0:	46ba      	mov	sl, r7
20000aa2:	46b1      	mov	r9, r6
20000aa4:	46a8      	mov	r8, r5
20000aa6:	bdf0      	pop	{r4, r5, r6, r7, pc}
20000aa8:	2300      	movs	r3, #0
20000aaa:	5cef      	ldrb	r7, [r5, r3]
20000aac:	54f7      	strb	r7, [r6, r3]
20000aae:	3301      	adds	r3, #1
20000ab0:	429c      	cmp	r4, r3
20000ab2:	d1fa      	bne.n	20000aaa <prepare_ep_buffer+0xce>
20000ab4:	6915      	ldr	r5, [r2, #16]
20000ab6:	8a93      	ldrh	r3, [r2, #20]
20000ab8:	e7e3      	b.n	20000a82 <prepare_ep_buffer+0xa6>
20000aba:	46c0      	nop			@ (mov r8, r8)

20000abc <sync_ep_buffer>:
20000abc:	6883      	ldr	r3, [r0, #8]
20000abe:	b5f0      	push	{r4, r5, r6, r7, lr}
20000ac0:	681b      	ldr	r3, [r3, #0]
20000ac2:	0005      	movs	r5, r0
20000ac4:	2900      	cmp	r1, #0
20000ac6:	d000      	beq.n	20000aca <sync_ep_buffer+0xe>
20000ac8:	0c1b      	lsrs	r3, r3, #16
20000aca:	059b      	lsls	r3, r3, #22
20000acc:	0d98      	lsrs	r0, r3, #22
20000ace:	786b      	ldrb	r3, [r5, #1]
20000ad0:	2b00      	cmp	r3, #0
20000ad2:	d108      	bne.n	20000ae6 <sync_ep_buffer+0x2a>
20000ad4:	8aeb      	ldrh	r3, [r5, #22]
20000ad6:	18c3      	adds	r3, r0, r3
20000ad8:	82eb      	strh	r3, [r5, #22]
20000ada:	8b2b      	ldrh	r3, [r5, #24]
20000adc:	4283      	cmp	r3, r0
20000ade:	d901      	bls.n	20000ae4 <sync_ep_buffer+0x28>
20000ae0:	2300      	movs	r3, #0
20000ae2:	82ab      	strh	r3, [r5, #20]
20000ae4:	bdf0      	pop	{r4, r5, r6, r7, pc}
20000ae6:	68eb      	ldr	r3, [r5, #12]
20000ae8:	0189      	lsls	r1, r1, #6
20000aea:	1e46      	subs	r6, r0, #1
20000aec:	46b4      	mov	ip, r6
20000aee:	692a      	ldr	r2, [r5, #16]
20000af0:	185c      	adds	r4, r3, r1
20000af2:	2800      	cmp	r0, #0
20000af4:	d027      	beq.n	20000b46 <sync_ep_buffer+0x8a>
20000af6:	2e06      	cmp	r6, #6
20000af8:	d92b      	bls.n	20000b52 <sync_ep_buffer+0x96>
20000afa:	3101      	adds	r1, #1
20000afc:	185b      	adds	r3, r3, r1
20000afe:	1ad3      	subs	r3, r2, r3
20000b00:	2b02      	cmp	r3, #2
20000b02:	d926      	bls.n	20000b52 <sync_ep_buffer+0x96>
20000b04:	0013      	movs	r3, r2
20000b06:	4323      	orrs	r3, r4
20000b08:	079b      	lsls	r3, r3, #30
20000b0a:	d122      	bne.n	20000b52 <sync_ep_buffer+0x96>
20000b0c:	2300      	movs	r3, #0
20000b0e:	2100      	movs	r1, #0
20000b10:	1f06      	subs	r6, r0, #4
20000b12:	08b6      	lsrs	r6, r6, #2
20000b14:	3601      	adds	r6, #1
20000b16:	58e7      	ldr	r7, [r4, r3]
20000b18:	3101      	adds	r1, #1
20000b1a:	50d7      	str	r7, [r2, r3]
20000b1c:	3304      	adds	r3, #4
20000b1e:	428e      	cmp	r6, r1
20000b20:	d8f9      	bhi.n	20000b16 <sync_ep_buffer+0x5a>
20000b22:	4663      	mov	r3, ip
20000b24:	00b6      	lsls	r6, r6, #2
20000b26:	19a4      	adds	r4, r4, r6
20000b28:	1992      	adds	r2, r2, r6
20000b2a:	1b9f      	subs	r7, r3, r6
20000b2c:	42b0      	cmp	r0, r6
20000b2e:	d009      	beq.n	20000b44 <sync_ep_buffer+0x88>
20000b30:	7823      	ldrb	r3, [r4, #0]
20000b32:	7013      	strb	r3, [r2, #0]
20000b34:	2f00      	cmp	r7, #0
20000b36:	d005      	beq.n	20000b44 <sync_ep_buffer+0x88>
20000b38:	7863      	ldrb	r3, [r4, #1]
20000b3a:	7053      	strb	r3, [r2, #1]
20000b3c:	2f01      	cmp	r7, #1
20000b3e:	d001      	beq.n	20000b44 <sync_ep_buffer+0x88>
20000b40:	78a3      	ldrb	r3, [r4, #2]
20000b42:	7093      	strb	r3, [r2, #2]
20000b44:	692a      	ldr	r2, [r5, #16]
20000b46:	8aeb      	ldrh	r3, [r5, #22]
20000b48:	1812      	adds	r2, r2, r0
20000b4a:	18c3      	adds	r3, r0, r3
20000b4c:	82eb      	strh	r3, [r5, #22]
20000b4e:	612a      	str	r2, [r5, #16]
20000b50:	e7c3      	b.n	20000ada <sync_ep_buffer+0x1e>
20000b52:	2300      	movs	r3, #0
20000b54:	5ce1      	ldrb	r1, [r4, r3]
20000b56:	54d1      	strb	r1, [r2, r3]
20000b58:	3301      	adds	r3, #1
20000b5a:	4298      	cmp	r0, r3
20000b5c:	d1fa      	bne.n	20000b54 <sync_ep_buffer+0x98>
20000b5e:	692a      	ldr	r2, [r5, #16]
20000b60:	e7f1      	b.n	20000b46 <sync_ep_buffer+0x8a>
20000b62:	46c0      	nop			@ (mov r8, r8)

20000b64 <_hw_endpoint_xfer_sync>:
20000b64:	b510      	push	{r4, lr}
20000b66:	0004      	movs	r4, r0
20000b68:	6883      	ldr	r3, [r0, #8]
20000b6a:	2100      	movs	r1, #0
20000b6c:	681b      	ldr	r3, [r3, #0]
20000b6e:	f7ff ffa5 	bl	20000abc <sync_ep_buffer>
20000b72:	6863      	ldr	r3, [r4, #4]
20000b74:	681b      	ldr	r3, [r3, #0]
20000b76:	005b      	lsls	r3, r3, #1
20000b78:	d502      	bpl.n	20000b80 <_hw_endpoint_xfer_sync+0x1c>
20000b7a:	8b23      	ldrh	r3, [r4, #24]
20000b7c:	4283      	cmp	r3, r0
20000b7e:	d000      	beq.n	20000b82 <_hw_endpoint_xfer_sync+0x1e>
20000b80:	bd10      	pop	{r4, pc}
20000b82:	2101      	movs	r1, #1
20000b84:	0020      	movs	r0, r4
20000b86:	f7ff ff99 	bl	20000abc <sync_ep_buffer>
20000b8a:	e7f9      	b.n	20000b80 <_hw_endpoint_xfer_sync+0x1c>

20000b8c <e15_is_bulkin_ep>:
20000b8c:	4a08      	ldr	r2, [pc, #32]	@ (20000bb0 <e15_is_bulkin_ep+0x24>)
20000b8e:	0003      	movs	r3, r0
20000b90:	6c12      	ldr	r2, [r2, #64]	@ 0x40
20000b92:	2000      	movs	r0, #0
20000b94:	0792      	lsls	r2, r2, #30
20000b96:	d403      	bmi.n	20000ba0 <e15_is_bulkin_ep+0x14>
20000b98:	789a      	ldrb	r2, [r3, #2]
20000b9a:	09d2      	lsrs	r2, r2, #7
20000b9c:	2a01      	cmp	r2, #1
20000b9e:	d000      	beq.n	20000ba2 <e15_is_bulkin_ep+0x16>
20000ba0:	4770      	bx	lr
20000ba2:	7ed8      	ldrb	r0, [r3, #27]
20000ba4:	3802      	subs	r0, #2
20000ba6:	4243      	negs	r3, r0
20000ba8:	4158      	adcs	r0, r3
20000baa:	b2c0      	uxtb	r0, r0
20000bac:	e7f8      	b.n	20000ba0 <e15_is_bulkin_ep+0x14>
20000bae:	46c0      	nop			@ (mov r8, r8)
20000bb0:	50110000 	.word	0x50110000

20000bb4 <e15_is_critical_frame_period>:
20000bb4:	b510      	push	{r4, lr}
20000bb6:	f7ff ffe9 	bl	20000b8c <e15_is_bulkin_ep>
20000bba:	2800      	cmp	r0, #0
20000bbc:	d00c      	beq.n	20000bd8 <e15_is_critical_frame_period+0x24>
20000bbe:	4907      	ldr	r1, [pc, #28]	@ (20000bdc <e15_is_critical_frame_period+0x28>)
20000bc0:	4b07      	ldr	r3, [pc, #28]	@ (20000be0 <e15_is_critical_frame_period+0x2c>)
20000bc2:	468c      	mov	ip, r1
20000bc4:	4a07      	ldr	r2, [pc, #28]	@ (20000be4 <e15_is_critical_frame_period+0x30>)
20000bc6:	6a9b      	ldr	r3, [r3, #40]	@ 0x28
20000bc8:	6812      	ldr	r2, [r2, #0]
20000bca:	4463      	add	r3, ip
20000bcc:	1a9b      	subs	r3, r3, r2
20000bce:	2000      	movs	r0, #0
20000bd0:	22c6      	movs	r2, #198	@ 0xc6
20000bd2:	429a      	cmp	r2, r3
20000bd4:	4140      	adcs	r0, r0
20000bd6:	b2c0      	uxtb	r0, r0
20000bd8:	bd10      	pop	{r4, pc}
20000bda:	46c0      	nop			@ (mov r8, r8)
20000bdc:	fffffce0 	.word	0xfffffce0
20000be0:	40054000 	.word	0x40054000
20000be4:	20001864 	.word	0x20001864

20000be8 <hw_endpoint_reset_transfer>:
20000be8:	2300      	movs	r3, #0
20000bea:	7683      	strb	r3, [r0, #26]
20000bec:	6143      	str	r3, [r0, #20]
20000bee:	6103      	str	r3, [r0, #16]
20000bf0:	4770      	bx	lr
20000bf2:	46c0      	nop			@ (mov r8, r8)

20000bf4 <_hw_endpoint_buffer_control_update32>:
20000bf4:	b510      	push	{r4, lr}
20000bf6:	6883      	ldr	r3, [r0, #8]
20000bf8:	2900      	cmp	r1, #0
20000bfa:	d001      	beq.n	20000c00 <_hw_endpoint_buffer_control_update32+0xc>
20000bfc:	681c      	ldr	r4, [r3, #0]
20000bfe:	4021      	ands	r1, r4
20000c00:	2a00      	cmp	r2, #0
20000c02:	d012      	beq.n	20000c2a <_hw_endpoint_buffer_control_update32+0x36>
20000c04:	2480      	movs	r4, #128	@ 0x80
20000c06:	00e4      	lsls	r4, r4, #3
20000c08:	4311      	orrs	r1, r2
20000c0a:	4222      	tst	r2, r4
20000c0c:	d00d      	beq.n	20000c2a <_hw_endpoint_buffer_control_update32+0x36>
20000c0e:	681a      	ldr	r2, [r3, #0]
20000c10:	4222      	tst	r2, r4
20000c12:	d10c      	bne.n	20000c2e <_hw_endpoint_buffer_control_update32+0x3a>
20000c14:	4a08      	ldr	r2, [pc, #32]	@ (20000c38 <_hw_endpoint_buffer_control_update32+0x44>)
20000c16:	400a      	ands	r2, r1
20000c18:	601a      	str	r2, [r3, #0]
20000c1a:	4a08      	ldr	r2, [pc, #32]	@ (20000c3c <_hw_endpoint_buffer_control_update32+0x48>)
20000c1c:	6c12      	ldr	r2, [r2, #64]	@ 0x40
20000c1e:	0792      	lsls	r2, r2, #30
20000c20:	d403      	bmi.n	20000c2a <_hw_endpoint_buffer_control_update32+0x36>
20000c22:	230c      	movs	r3, #12
20000c24:	3b03      	subs	r3, #3
20000c26:	d2fd      	bcs.n	20000c24 <_hw_endpoint_buffer_control_update32+0x30>
20000c28:	6883      	ldr	r3, [r0, #8]
20000c2a:	6019      	str	r1, [r3, #0]
20000c2c:	bd10      	pop	{r4, pc}
20000c2e:	7881      	ldrb	r1, [r0, #2]
20000c30:	4803      	ldr	r0, [pc, #12]	@ (20000c40 <_hw_endpoint_buffer_control_update32+0x4c>)
20000c32:	f000 f961 	bl	20000ef8 <__panic_veneer>
20000c36:	46c0      	nop			@ (mov r8, r8)
20000c38:	fffffbff 	.word	0xfffffbff
20000c3c:	50110000 	.word	0x50110000
20000c40:	1000aafc 	.word	0x1000aafc

20000c44 <hw_endpoint_start_next_buffer>:
20000c44:	6843      	ldr	r3, [r0, #4]
20000c46:	b570      	push	{r4, r5, r6, lr}
20000c48:	2100      	movs	r1, #0
20000c4a:	2580      	movs	r5, #128	@ 0x80
20000c4c:	681e      	ldr	r6, [r3, #0]
20000c4e:	0004      	movs	r4, r0
20000c50:	f7ff fec4 	bl	200009dc <prepare_ep_buffer>
20000c54:	4b13      	ldr	r3, [pc, #76]	@ (20000ca4 <hw_endpoint_start_next_buffer+0x60>)
20000c56:	016d      	lsls	r5, r5, #5
20000c58:	6c1b      	ldr	r3, [r3, #64]	@ 0x40
20000c5a:	4305      	orrs	r5, r0
20000c5c:	079b      	lsls	r3, r3, #30
20000c5e:	d50f      	bpl.n	20000c80 <hw_endpoint_start_next_buffer+0x3c>
20000c60:	78a3      	ldrb	r3, [r4, #2]
20000c62:	065b      	lsls	r3, r3, #25
20000c64:	d00f      	beq.n	20000c86 <hw_endpoint_start_next_buffer+0x42>
20000c66:	4b10      	ldr	r3, [pc, #64]	@ (20000ca8 <hw_endpoint_start_next_buffer+0x64>)
20000c68:	401e      	ands	r6, r3
20000c6a:	2380      	movs	r3, #128	@ 0x80
20000c6c:	059b      	lsls	r3, r3, #22
20000c6e:	4333      	orrs	r3, r6
20000c70:	6862      	ldr	r2, [r4, #4]
20000c72:	2100      	movs	r1, #0
20000c74:	6013      	str	r3, [r2, #0]
20000c76:	0020      	movs	r0, r4
20000c78:	002a      	movs	r2, r5
20000c7a:	f7ff ffbb 	bl	20000bf4 <_hw_endpoint_buffer_control_update32>
20000c7e:	bd70      	pop	{r4, r5, r6, pc}
20000c80:	78a3      	ldrb	r3, [r4, #2]
20000c82:	09db      	lsrs	r3, r3, #7
20000c84:	d0ef      	beq.n	20000c66 <hw_endpoint_start_next_buffer+0x22>
20000c86:	8aa3      	ldrh	r3, [r4, #20]
20000c88:	2b00      	cmp	r3, #0
20000c8a:	d0ec      	beq.n	20000c66 <hw_endpoint_start_next_buffer+0x22>
20000c8c:	2101      	movs	r1, #1
20000c8e:	0020      	movs	r0, r4
20000c90:	f7ff fea4 	bl	200009dc <prepare_ep_buffer>
20000c94:	23a0      	movs	r3, #160	@ 0xa0
20000c96:	4a05      	ldr	r2, [pc, #20]	@ (20000cac <hw_endpoint_start_next_buffer+0x68>)
20000c98:	05db      	lsls	r3, r3, #23
20000c9a:	4032      	ands	r2, r6
20000c9c:	4305      	orrs	r5, r0
20000c9e:	4313      	orrs	r3, r2
20000ca0:	e7e6      	b.n	20000c70 <hw_endpoint_start_next_buffer+0x2c>
20000ca2:	46c0      	nop			@ (mov r8, r8)
20000ca4:	50110000 	.word	0x50110000
20000ca8:	afffffff 	.word	0xafffffff
20000cac:	dfffffff 	.word	0xdfffffff

20000cb0 <hw_endpoint_xfer_continue>:
20000cb0:	b570      	push	{r4, r5, r6, lr}
20000cb2:	7e85      	ldrb	r5, [r0, #26]
20000cb4:	0004      	movs	r4, r0
20000cb6:	2d00      	cmp	r5, #0
20000cb8:	d014      	beq.n	20000ce4 <hw_endpoint_xfer_continue+0x34>
20000cba:	f7ff ff53 	bl	20000b64 <_hw_endpoint_xfer_sync>
20000cbe:	8aa3      	ldrh	r3, [r4, #20]
20000cc0:	2b00      	cmp	r3, #0
20000cc2:	d101      	bne.n	20000cc8 <hw_endpoint_xfer_continue+0x18>
20000cc4:	0028      	movs	r0, r5
20000cc6:	bd70      	pop	{r4, r5, r6, pc}
20000cc8:	0020      	movs	r0, r4
20000cca:	f7ff ff73 	bl	20000bb4 <e15_is_critical_frame_period>
20000cce:	2800      	cmp	r0, #0
20000cd0:	d003      	beq.n	20000cda <hw_endpoint_xfer_continue+0x2a>
20000cd2:	2301      	movs	r3, #1
20000cd4:	2500      	movs	r5, #0
20000cd6:	7723      	strb	r3, [r4, #28]
20000cd8:	e7f4      	b.n	20000cc4 <hw_endpoint_xfer_continue+0x14>
20000cda:	0020      	movs	r0, r4
20000cdc:	f7ff ffb2 	bl	20000c44 <hw_endpoint_start_next_buffer>
20000ce0:	2500      	movs	r5, #0
20000ce2:	e7ef      	b.n	20000cc4 <hw_endpoint_xfer_continue+0x14>
20000ce4:	7881      	ldrb	r1, [r0, #2]
20000ce6:	4801      	ldr	r0, [pc, #4]	@ (20000cec <hw_endpoint_xfer_continue+0x3c>)
20000ce8:	f000 f906 	bl	20000ef8 <__panic_veneer>
20000cec:	1000ab1c 	.word	0x1000ab1c

20000cf0 <dcd_event_handler>:
20000cf0:	b5f0      	push	{r4, r5, r6, r7, lr}
20000cf2:	46ce      	mov	lr, r9
20000cf4:	4647      	mov	r7, r8
20000cf6:	b580      	push	{r7, lr}
20000cf8:	7843      	ldrb	r3, [r0, #1]
20000cfa:	0005      	movs	r5, r0
20000cfc:	000e      	movs	r6, r1
20000cfe:	b085      	sub	sp, #20
20000d00:	2b06      	cmp	r3, #6
20000d02:	d808      	bhi.n	20000d16 <dcd_event_handler+0x26>
20000d04:	4a6b      	ldr	r2, [pc, #428]	@ (20000eb4 <dcd_event_handler+0x1c4>)
20000d06:	009b      	lsls	r3, r3, #2
20000d08:	58d3      	ldr	r3, [r2, r3]
20000d0a:	469f      	mov	pc, r3
20000d0c:	4a6a      	ldr	r2, [pc, #424]	@ (20000eb8 <dcd_event_handler+0x1c8>)
20000d0e:	7813      	ldrb	r3, [r2, #0]
20000d10:	3301      	adds	r3, #1
20000d12:	b2db      	uxtb	r3, r3
20000d14:	7013      	strb	r3, [r2, #0]
20000d16:	4b69      	ldr	r3, [pc, #420]	@ (20000ebc <dcd_event_handler+0x1cc>)
20000d18:	681c      	ldr	r4, [r3, #0]
20000d1a:	6962      	ldr	r2, [r4, #20]
20000d1c:	f3ef 8110 	mrs	r1, PRIMASK
20000d20:	b672      	cpsid	i
20000d22:	6813      	ldr	r3, [r2, #0]
20000d24:	2b00      	cmp	r3, #0
20000d26:	d0fc      	beq.n	20000d22 <dcd_event_handler+0x32>
20000d28:	f3bf 8f5f 	dmb	sy
20000d2c:	61a1      	str	r1, [r4, #24]
20000d2e:	0020      	movs	r0, r4
20000d30:	0029      	movs	r1, r5
20000d32:	f000 f8e9 	bl	20000f08 <__tu_fifo_write_veneer>
20000d36:	6962      	ldr	r2, [r4, #20]
20000d38:	69a3      	ldr	r3, [r4, #24]
20000d3a:	f3bf 8f5f 	dmb	sy
20000d3e:	2100      	movs	r1, #0
20000d40:	6011      	str	r1, [r2, #0]
20000d42:	f383 8810 	msr	PRIMASK, r3
20000d46:	2800      	cmp	r0, #0
20000d48:	d104      	bne.n	20000d54 <dcd_event_handler+0x64>
20000d4a:	b005      	add	sp, #20
20000d4c:	bcc0      	pop	{r6, r7}
20000d4e:	46b9      	mov	r9, r7
20000d50:	46b0      	mov	r8, r6
20000d52:	bdf0      	pop	{r4, r5, r6, r7, pc}
20000d54:	0032      	movs	r2, r6
20000d56:	7869      	ldrb	r1, [r5, #1]
20000d58:	7828      	ldrb	r0, [r5, #0]
20000d5a:	f000 f8dd 	bl	20000f18 <__tud_event_hook_cb_veneer>
20000d5e:	e7f4      	b.n	20000d4a <dcd_event_handler+0x5a>
20000d60:	2101      	movs	r1, #1
20000d62:	4b57      	ldr	r3, [pc, #348]	@ (20000ec0 <dcd_event_handler+0x1d0>)
20000d64:	781a      	ldrb	r2, [r3, #0]
20000d66:	438a      	bics	r2, r1
20000d68:	701a      	strb	r2, [r3, #0]
20000d6a:	781a      	ldrb	r2, [r3, #0]
20000d6c:	3101      	adds	r1, #1
20000d6e:	438a      	bics	r2, r1
20000d70:	701a      	strb	r2, [r3, #0]
20000d72:	2200      	movs	r2, #0
20000d74:	705a      	strb	r2, [r3, #1]
20000d76:	781a      	ldrb	r2, [r3, #0]
20000d78:	3102      	adds	r1, #2
20000d7a:	438a      	bics	r2, r1
20000d7c:	701a      	strb	r2, [r3, #0]
20000d7e:	e7ca      	b.n	20000d16 <dcd_event_handler+0x26>
20000d80:	4b50      	ldr	r3, [pc, #320]	@ (20000ec4 <dcd_event_handler+0x1d4>)
20000d82:	4f51      	ldr	r7, [pc, #324]	@ (20000ec8 <dcd_event_handler+0x1d8>)
20000d84:	4699      	mov	r9, r3
20000d86:	4b51      	ldr	r3, [pc, #324]	@ (20000ecc <dcd_event_handler+0x1dc>)
20000d88:	2400      	movs	r4, #0
20000d8a:	4698      	mov	r8, r3
20000d8c:	783a      	ldrb	r2, [r7, #0]
20000d8e:	e010      	b.n	20000db2 <dcd_event_handler+0xc2>
20000d90:	4643      	mov	r3, r8
20000d92:	681b      	ldr	r3, [r3, #0]
20000d94:	0161      	lsls	r1, r4, #5
20000d96:	185b      	adds	r3, r3, r1
20000d98:	2b00      	cmp	r3, #0
20000d9a:	d006      	beq.n	20000daa <dcd_event_handler+0xba>
20000d9c:	69db      	ldr	r3, [r3, #28]
20000d9e:	2b00      	cmp	r3, #0
20000da0:	d003      	beq.n	20000daa <dcd_event_handler+0xba>
20000da2:	6869      	ldr	r1, [r5, #4]
20000da4:	7828      	ldrb	r0, [r5, #0]
20000da6:	4798      	blx	r3
20000da8:	783a      	ldrb	r2, [r7, #0]
20000daa:	3401      	adds	r4, #1
20000dac:	b2e4      	uxtb	r4, r4
20000dae:	4294      	cmp	r4, r2
20000db0:	d817      	bhi.n	20000de2 <dcd_event_handler+0xf2>
20000db2:	42a2      	cmp	r2, r4
20000db4:	d8ec      	bhi.n	20000d90 <dcd_event_handler+0xa0>
20000db6:	1aa3      	subs	r3, r4, r2
20000db8:	015b      	lsls	r3, r3, #5
20000dba:	444b      	add	r3, r9
20000dbc:	e7ee      	b.n	20000d9c <dcd_event_handler+0xac>
20000dbe:	4b40      	ldr	r3, [pc, #256]	@ (20000ec0 <dcd_event_handler+0x1d0>)
20000dc0:	781a      	ldrb	r2, [r3, #0]
20000dc2:	07d2      	lsls	r2, r2, #31
20000dc4:	d5c1      	bpl.n	20000d4a <dcd_event_handler+0x5a>
20000dc6:	2104      	movs	r1, #4
20000dc8:	781a      	ldrb	r2, [r3, #0]
20000dca:	430a      	orrs	r2, r1
20000dcc:	701a      	strb	r2, [r3, #0]
20000dce:	e7a2      	b.n	20000d16 <dcd_event_handler+0x26>
20000dd0:	4b3b      	ldr	r3, [pc, #236]	@ (20000ec0 <dcd_event_handler+0x1d0>)
20000dd2:	781a      	ldrb	r2, [r3, #0]
20000dd4:	07d2      	lsls	r2, r2, #31
20000dd6:	d5b8      	bpl.n	20000d4a <dcd_event_handler+0x5a>
20000dd8:	2104      	movs	r1, #4
20000dda:	781a      	ldrb	r2, [r3, #0]
20000ddc:	438a      	bics	r2, r1
20000dde:	701a      	strb	r2, [r3, #0]
20000de0:	e799      	b.n	20000d16 <dcd_event_handler+0x26>
20000de2:	4f37      	ldr	r7, [pc, #220]	@ (20000ec0 <dcd_event_handler+0x1d0>)
20000de4:	783b      	ldrb	r3, [r7, #0]
20000de6:	075b      	lsls	r3, r3, #29
20000de8:	d52b      	bpl.n	20000e42 <dcd_event_handler+0x152>
20000dea:	2204      	movs	r2, #4
20000dec:	783b      	ldrb	r3, [r7, #0]
20000dee:	2100      	movs	r1, #0
20000df0:	4393      	bics	r3, r2
20000df2:	703b      	strb	r3, [r7, #0]
20000df4:	466b      	mov	r3, sp
20000df6:	3206      	adds	r2, #6
20000df8:	1d98      	adds	r0, r3, #6
20000dfa:	f000 f875 	bl	20000ee8 <____wrap_memset_veneer>
20000dfe:	782b      	ldrb	r3, [r5, #0]
20000e00:	ac01      	add	r4, sp, #4
20000e02:	7023      	strb	r3, [r4, #0]
20000e04:	2305      	movs	r3, #5
20000e06:	7063      	strb	r3, [r4, #1]
20000e08:	4b2c      	ldr	r3, [pc, #176]	@ (20000ebc <dcd_event_handler+0x1cc>)
20000e0a:	681b      	ldr	r3, [r3, #0]
20000e0c:	4698      	mov	r8, r3
20000e0e:	695a      	ldr	r2, [r3, #20]
20000e10:	f3ef 8110 	mrs	r1, PRIMASK
20000e14:	b672      	cpsid	i
20000e16:	6813      	ldr	r3, [r2, #0]
20000e18:	2b00      	cmp	r3, #0
20000e1a:	d0fc      	beq.n	20000e16 <dcd_event_handler+0x126>
20000e1c:	f3bf 8f5f 	dmb	sy
20000e20:	4643      	mov	r3, r8
20000e22:	4640      	mov	r0, r8
20000e24:	6199      	str	r1, [r3, #24]
20000e26:	0021      	movs	r1, r4
20000e28:	f000 f86e 	bl	20000f08 <__tu_fifo_write_veneer>
20000e2c:	4643      	mov	r3, r8
20000e2e:	695a      	ldr	r2, [r3, #20]
20000e30:	699b      	ldr	r3, [r3, #24]
20000e32:	f3bf 8f5f 	dmb	sy
20000e36:	2100      	movs	r1, #0
20000e38:	6011      	str	r1, [r2, #0]
20000e3a:	f383 8810 	msr	PRIMASK, r3
20000e3e:	2800      	cmp	r0, #0
20000e40:	d131      	bne.n	20000ea6 <dcd_event_handler+0x1b6>
20000e42:	78fb      	ldrb	r3, [r7, #3]
20000e44:	07db      	lsls	r3, r3, #31
20000e46:	d400      	bmi.n	20000e4a <dcd_event_handler+0x15a>
20000e48:	e77f      	b.n	20000d4a <dcd_event_handler+0x5a>
20000e4a:	466b      	mov	r3, sp
20000e4c:	220a      	movs	r2, #10
20000e4e:	2100      	movs	r1, #0
20000e50:	1d98      	adds	r0, r3, #6
20000e52:	f000 f849 	bl	20000ee8 <____wrap_memset_veneer>
20000e56:	782b      	ldrb	r3, [r5, #0]
20000e58:	ac01      	add	r4, sp, #4
20000e5a:	7023      	strb	r3, [r4, #0]
20000e5c:	2303      	movs	r3, #3
20000e5e:	7063      	strb	r3, [r4, #1]
20000e60:	686b      	ldr	r3, [r5, #4]
20000e62:	6063      	str	r3, [r4, #4]
20000e64:	4b15      	ldr	r3, [pc, #84]	@ (20000ebc <dcd_event_handler+0x1cc>)
20000e66:	681d      	ldr	r5, [r3, #0]
20000e68:	696a      	ldr	r2, [r5, #20]
20000e6a:	f3ef 8110 	mrs	r1, PRIMASK
20000e6e:	b672      	cpsid	i
20000e70:	6813      	ldr	r3, [r2, #0]
20000e72:	2b00      	cmp	r3, #0
20000e74:	d0fc      	beq.n	20000e70 <dcd_event_handler+0x180>
20000e76:	f3bf 8f5f 	dmb	sy
20000e7a:	61a9      	str	r1, [r5, #24]
20000e7c:	0028      	movs	r0, r5
20000e7e:	0021      	movs	r1, r4
20000e80:	f000 f842 	bl	20000f08 <__tu_fifo_write_veneer>
20000e84:	696a      	ldr	r2, [r5, #20]
20000e86:	69ab      	ldr	r3, [r5, #24]
20000e88:	f3bf 8f5f 	dmb	sy
20000e8c:	2100      	movs	r1, #0
20000e8e:	6011      	str	r1, [r2, #0]
20000e90:	f383 8810 	msr	PRIMASK, r3
20000e94:	2800      	cmp	r0, #0
20000e96:	d100      	bne.n	20000e9a <dcd_event_handler+0x1aa>
20000e98:	e757      	b.n	20000d4a <dcd_event_handler+0x5a>
20000e9a:	0032      	movs	r2, r6
20000e9c:	7861      	ldrb	r1, [r4, #1]
20000e9e:	7820      	ldrb	r0, [r4, #0]
20000ea0:	f000 f83a 	bl	20000f18 <__tud_event_hook_cb_veneer>
20000ea4:	e751      	b.n	20000d4a <dcd_event_handler+0x5a>
20000ea6:	0032      	movs	r2, r6
20000ea8:	7861      	ldrb	r1, [r4, #1]
20000eaa:	7820      	ldrb	r0, [r4, #0]
20000eac:	f000 f834 	bl	20000f18 <__tud_event_hook_cb_veneer>
20000eb0:	e7c7      	b.n	20000e42 <dcd_event_handler+0x152>
20000eb2:	46c0      	nop			@ (mov r8, r8)
20000eb4:	1000afa0 	.word	0x1000afa0
20000eb8:	2002207a 	.word	0x2002207a
20000ebc:	20001638 	.word	0x20001638
20000ec0:	200015e0 	.word	0x200015e0
20000ec4:	1000afbc 	.word	0x1000afbc
20000ec8:	20022078 	.word	0x20022078
20000ecc:	20001430 	.word	0x20001430

20000ed0 <__aeabi_idiv0>:
20000ed0:	4770      	bx	lr
20000ed2:	46c0      	nop			@ (mov r8, r8)
20000ed4:	0000      	movs	r0, r0
	...

20000ed8 <__time_us_64_veneer>:
20000ed8:	b401      	push	{r0}
20000eda:	4802      	ldr	r0, [pc, #8]	@ (20000ee4 <__time_us_64_veneer+0xc>)
20000edc:	4684      	mov	ip, r0
20000ede:	bc01      	pop	{r0}
20000ee0:	4760      	bx	ip
20000ee2:	bf00      	nop
20000ee4:	10001e5d 	.word	0x10001e5d

20000ee8 <____wrap_memset_veneer>:
20000ee8:	b401      	push	{r0}
20000eea:	4802      	ldr	r0, [pc, #8]	@ (20000ef4 <____wrap_memset_veneer+0xc>)
20000eec:	4684      	mov	ip, r0
20000eee:	bc01      	pop	{r0}
20000ef0:	4760      	bx	ip
20000ef2:	bf00      	nop
20000ef4:	10003335 	.word	0x10003335

20000ef8 <__panic_veneer>:
20000ef8:	b401      	push	{r0}
20000efa:	4802      	ldr	r0, [pc, #8]	@ (20000f04 <__panic_veneer+0xc>)
20000efc:	4684      	mov	ip, r0
20000efe:	bc01      	pop	{r0}
20000f00:	4760      	bx	ip
20000f02:	bf00      	nop
20000f04:	10000fc5 	.word	0x10000fc5

20000f08 <__tu_fifo_write_veneer>:
20000f08:	b401      	push	{r0}
20000f0a:	4802      	ldr	r0, [pc, #8]	@ (20000f14 <__tu_fifo_write_veneer+0xc>)
20000f0c:	4684      	mov	ip, r0
20000f0e:	bc01      	pop	{r0}
20000f10:	4760      	bx	ip
20000f12:	bf00      	nop
20000f14:	10006f81 	.word	0x10006f81

20000f18 <__tud_event_hook_cb_veneer>:
20000f18:	b401      	push	{r0}
20000f1a:	4802      	ldr	r0, [pc, #8]	@ (20000f24 <__tud_event_hook_cb_veneer+0xc>)
20000f1c:	4684      	mov	ip, r0
20000f1e:	bc01      	pop	{r0}
20000f20:	4760      	bx	ip
20000f22:	bf00      	nop
20000f24:	100059a9 	.word	0x100059a9

20000f28 <__rp2040_chip_version_veneer>:
20000f28:	b401      	push	{r0}
20000f2a:	4802      	ldr	r0, [pc, #8]	@ (20000f34 <__rp2040_chip_version_veneer+0xc>)
20000f2c:	4684      	mov	ip, r0
20000f2e:	bc01      	pop	{r0}
20000f30:	4760      	bx	ip
20000f32:	bf00      	nop
20000f34:	10000fb9 	.word	0x10000fb9

20000f38 <__best_effort_wfe_or_timeout_veneer>:
20000f38:	b401      	push	{r0}
20000f3a:	4802      	ldr	r0, [pc, #8]	@ (20000f44 <__best_effort_wfe_or_timeout_veneer+0xc>)
20000f3c:	4684      	mov	ip, r0
20000f3e:	bc01      	pop	{r0}
20000f40:	4760      	bx	ip
20000f42:	bf00      	nop
20000f44:	10001d21 	.word	0x10001d21

20000f48 <____wrap___aeabi_lmul_veneer>:
20000f48:	b401      	push	{r0}
20000f4a:	4802      	ldr	r0, [pc, #8]	@ (20000f54 <____wrap___aeabi_lmul_veneer+0xc>)
20000f4c:	4684      	mov	ip, r0
20000f4e:	bc01      	pop	{r0}
20000f50:	4760      	bx	ip
20000f52:	bf00      	nop
20000f54:	10003185 	.word	0x10003185

20000f58 <striped_spin_lock_num>:
20000f58:	00000010                                ....

20000f5c <irq_handler_chain_slots>:
20000f5c:	00000000 	.word	0x00000000
20000f60:	00010000 	.word	0x00010000
	...
20000f6c:	00020000 	.word	0x00020000
	...
20000f78:	00030000 	.word	0x00030000
	...
20000f84:	00040000 	.word	0x00040000
	...
20000f90:	00050000 	.word	0x00050000
	...
20000f9c:	00ff0000 	.word	0x00ff0000
20000fa0:	00000000 	.word	0x00000000

20000fa4 <irq_handler_chain_first_slot>:
20000fa4:	b501      	push	{r0, lr}
20000fa6:	6848      	ldr	r0, [r1, #4]
20000fa8:	3101      	adds	r1, #1
20000faa:	468e      	mov	lr, r1
20000fac:	4700      	bx	r0

20000fae <irq_handler_chain_remove_tail>:
20000fae:	4670      	mov	r0, lr
20000fb0:	3809      	subs	r0, #9
20000fb2:	4901      	ldr	r1, [pc, #4]	@ (20000fb8 <irq_handler_chain_remove_tail+0xa>)
20000fb4:	4788      	blx	r1
20000fb6:	bd01      	pop	{r0, pc}
20000fb8:	10001439 	.word	0x10001439
20000fbc:	00000000 	.word	0x00000000

20000fc0 <last_added.0>:
20000fc0:	ffffffff 7fffffff                       ........

20000fc8 <default_alarm_pool>:
	...
20000fdc:	20001060                                `.. 

20000fe0 <aeabi_bits_funcs>:
20000fe0:	00003350 	.word	0x00003350
20000fe4:	0000334c 	.word	0x0000334c
20000fe8:	00003354 	.word	0x00003354
20000fec:	00003352 	.word	0x00003352

20000ff0 <aeabi_bits_funcs_end>:
20000ff0:	0000534d 	.word	0x0000534d
20000ff4:	0000434d 	.word	0x0000434d
20000ff8:	00003453 	.word	0x00003453
20000ffc:	00003443 	.word	0x00003443

20001000 <stdio_usb>:
20001000:	10005071 10005021 10004f91 10004f09     qP..!P...O...O..
20001010:	00000000 00000100                       ........

20001018 <_usbd_qdef>:
20001018:	2000163c 000c0010 00000000 00000000     <.. ............
	...

20001034 <_usbd_rhport>:
20001034:	000000ff                                ....

20001038 <i2c1_inst>:
20001038:	40048000 00000000                       ...@....

20001040 <i2c0_inst>:
20001040:	40044000 00000000                       .@.@....

20001048 <ucPrimaryCoreNum>:
20001048:	000000ff                                ....

2000104c <malloc_mutex>:
	...

20001054 <print_mutex>:
	...
